﻿<?xml version="1.0" encoding="utf-8" standalone="no" ?>
<vehicle type="car_dynamicMountAttacher">
    <annotation>Copyright (C) GIANTS Software GmbH, All Rights Reserved.</annotation>

	<!-- MR MODIFICATIONS inspired from Ford F150 6th gen and engine from toyota hilux -->
	<!-- restLoad, forcePointRatio, suspTravel, spring, damper, frictionscale -->
	<!-- ackermannSteering -->
	<!-- differentials = only RWD -->
	<!-- motor, center of mass -->
	
	<!-- 
	
	canTurnOnImplement="false"
	
	-->
	
	<moreRealistic useMrTransmission="true" useCarPhysics="true">		
		<dragArea value="1.3" />
		<engine rotInertiaFx="0.5" transmissionEfficiency="0.94" engineBrakeRpm="3700" accPedalRegulateTorque="true" idleEngineRpm="720" fuelUsageFactor="1.25" minSpeed="6" engineBrakeForceFx="0.5" transmissionReactivity="2" />		
	</moreRealistic>
	
	
    <storeData>
        <name>Pickup Rodeo</name>
        <specs>
            <power>70</power>
            <maxSpeed>120</maxSpeed>
        </specs>
        <functions>
            <function>$l10n_function_car</function>
        </functions>
        <image>data/store/store_lizardPickupRodeo.png</image>
        <price>14000</price>
        <dailyUpkeep>20</dailyUpkeep>
        <lifetime>600</lifetime>
        <rotation>0</rotation>
        <brand>LIZARD</brand>
        <category>cars</category>
        <vertexBufferMemoryUsage>700976</vertexBufferMemoryUsage>
        <indexBufferMemoryUsage>130434</indexBufferMemoryUsage>
        <textureMemoryUsage>21321312</textureMemoryUsage>
        <instanceVertexBufferMemoryUsage>0</instanceVertexBufferMemoryUsage>
        <instanceIndexBufferMemoryUsage>0</instanceIndexBufferMemoryUsage>
    </storeData>

    <typeDesc>$l10n_typeDesc_car</typeDesc>
    <filename>data/vehicles/steerable/lizard/lizardPickupRodeo.i3d</filename>

    <size width="2.5" length="6"/>

    <wheelConfigurations>
        <wheelConfiguration name="$l10n_configuration_valueDefault" price="0">
            <wheels autoRotateBackSpeed="1.7">
                <wheel rotSpeed="1" restLoad="0.4" repr="0>0|0" driveNode="0>0|0|0" linkNode="0>0|0|0|0" forcePointRatio="1" filename="$data/vehicles/wheels/lizard/280_55R16.xml" configIndex="car1" isLeft="true"  initialCompression="29" suspTravel="0.28" spring="4.4" damper="2.8" hasTireTracks="true" hasParticles="true" tireType="offRoad" />
                <wheel rotSpeed="1" restLoad="0.4" repr="0>0|1" driveNode="0>0|1|0" linkNode="0>0|1|0|0" forcePointRatio="1" filename="$data/vehicles/wheels/lizard/280_55R16.xml" configIndex="car1" isLeft="false" initialCompression="29" suspTravel="0.28" spring="4.4" damper="2.8" hasTireTracks="true" hasParticles="true" tireType="offRoad" />
                <wheel rotSpeed="0" restLoad="0.2" repr="0>0|2" driveNode="0>0|2|0" linkNode="0>0|2|0|0" forcePointRatio="1" filename="$data/vehicles/wheels/lizard/280_55R16.xml" configIndex="car1" isLeft="true"  initialCompression="17" suspTravel="0.25" spring="4.8" damper="2.90" hasTireTracks="true" hasParticles="true" tireType="offRoad" />
                <wheel rotSpeed="0" restLoad="0.2" repr="0>0|3" driveNode="0>0|3|0" linkNode="0>0|3|0|0" forcePointRatio="1" filename="$data/vehicles/wheels/lizard/280_55R16.xml" configIndex="car1" isLeft="false" initialCompression="17" suspTravel="0.25" spring="4.8" damper="2.90" hasTireTracks="true" hasParticles="true" tireType="offRoad" />
            </wheels>
        </wheelConfiguration>
        <wheelConfiguration name="$l10n_configuration_valueDesign02" price="300">
            <wheels autoRotateBackSpeed="1.7">
                <wheel rotSpeed="1" restLoad="0.4" repr="0>0|0" driveNode="0>0|0|0" linkNode="0>0|0|0|0" forcePointRatio="1" filename="$data/vehicles/wheels/lizard/280_55R16.xml" configIndex="car2" isLeft="true"  initialCompression="29" suspTravel="0.28" spring="4.4" damper="2.8" hasTireTracks="true" hasParticles="true" tireType="offRoad" />
                <wheel rotSpeed="1" restLoad="0.4" repr="0>0|1" driveNode="0>0|1|0" linkNode="0>0|1|0|0" forcePointRatio="1" filename="$data/vehicles/wheels/lizard/280_55R16.xml" configIndex="car2" isLeft="false" initialCompression="29" suspTravel="0.28" spring="4.4" damper="2.8" hasTireTracks="true" hasParticles="true" tireType="offRoad" />
                <wheel rotSpeed="0" restLoad="0.2" repr="0>0|2" driveNode="0>0|2|0" linkNode="0>0|2|0|0" forcePointRatio="1" filename="$data/vehicles/wheels/lizard/280_55R16.xml" configIndex="car2" isLeft="true"  initialCompression="17" suspTravel="0.25" spring="4.8" damper="2.90" hasTireTracks="true" hasParticles="true" tireType="offRoad" />
                <wheel rotSpeed="0" restLoad="0.2" repr="0>0|3" driveNode="0>0|3|0" linkNode="0>0|3|0|0" forcePointRatio="1" filename="$data/vehicles/wheels/lizard/280_55R16.xml" configIndex="car2" isLeft="false" initialCompression="17" suspTravel="0.25" spring="4.8" damper="2.90" hasTireTracks="true" hasParticles="true" tireType="offRoad" />
            </wheels>
        </wheelConfiguration>
        <wheelConfiguration name="$l10n_configuration_valueDesign03" price="300">
            <wheels autoRotateBackSpeed="1.7">
                <wheel rotSpeed="1" restLoad="0.4" repr="0>0|0" driveNode="0>0|0|0" linkNode="0>0|0|0|0" forcePointRatio="1" filename="$data/vehicles/wheels/lizard/280_55R16.xml" configIndex="car3" isLeft="true"  initialCompression="29" suspTravel="0.28" spring="4.4" damper="2.8" hasTireTracks="true" hasParticles="true" tireType="offRoad" />
                <wheel rotSpeed="1" restLoad="0.4" repr="0>0|1" driveNode="0>0|1|0" linkNode="0>0|1|0|0" forcePointRatio="1" filename="$data/vehicles/wheels/lizard/280_55R16.xml" configIndex="car3" isLeft="false" initialCompression="29" suspTravel="0.28" spring="4.4" damper="2.8" hasTireTracks="true" hasParticles="true" tireType="offRoad" />
                <wheel rotSpeed="0" restLoad="0.2" repr="0>0|2" driveNode="0>0|2|0" linkNode="0>0|2|0|0" forcePointRatio="1" filename="$data/vehicles/wheels/lizard/280_55R16.xml" configIndex="car3" isLeft="true"  initialCompression="17" suspTravel="0.25" spring="4.8" damper="2.90" hasTireTracks="true" hasParticles="true" tireType="offRoad" />
                <wheel rotSpeed="0" restLoad="0.2" repr="0>0|3" driveNode="0>0|3|0" linkNode="0>0|3|0|0" forcePointRatio="1" filename="$data/vehicles/wheels/lizard/280_55R16.xml" configIndex="car3" isLeft="false" initialCompression="17" suspTravel="0.25" spring="4.8" damper="2.90" hasTireTracks="true" hasParticles="true" tireType="offRoad" />
            </wheels>
        </wheelConfiguration>
        <wheelConfiguration name="$l10n_configuration_valueDesign04" price="300">
            <wheels autoRotateBackSpeed="1.7">
                <wheel rotSpeed="1" restLoad="0.4" repr="0>0|0" driveNode="0>0|0|0" linkNode="0>0|0|0|0" forcePointRatio="1" filename="$data/vehicles/wheels/lizard/280_55R16.xml" configIndex="car4" isLeft="true"  initialCompression="29" suspTravel="0.28" spring="4.4" damper="2.8" hasTireTracks="true" hasParticles="true" tireType="offRoad" />
                <wheel rotSpeed="1" restLoad="0.4" repr="0>0|1" driveNode="0>0|1|0" linkNode="0>0|1|0|0" forcePointRatio="1" filename="$data/vehicles/wheels/lizard/280_55R16.xml" configIndex="car4" isLeft="false" initialCompression="29" suspTravel="0.28" spring="4.4" damper="2.8" hasTireTracks="true" hasParticles="true" tireType="offRoad" />
                <wheel rotSpeed="0" restLoad="0.2" repr="0>0|2" driveNode="0>0|2|0" linkNode="0>0|2|0|0" forcePointRatio="1" filename="$data/vehicles/wheels/lizard/280_55R16.xml" configIndex="car4" isLeft="true"  initialCompression="17" suspTravel="0.25" spring="4.8" damper="2.90" hasTireTracks="true" hasParticles="true" tireType="offRoad" />
                <wheel rotSpeed="0" restLoad="0.2" repr="0>0|3" driveNode="0>0|3|0" linkNode="0>0|3|0|0" forcePointRatio="1" filename="$data/vehicles/wheels/lizard/280_55R16.xml" configIndex="car4" isLeft="false" initialCompression="17" suspTravel="0.25" spring="4.8" damper="2.90" hasTireTracks="true" hasParticles="true" tireType="offRoad" />
            </wheels>
        </wheelConfiguration>
        <wheelConfiguration name="$l10n_configuration_valueDesign05" price="500">
            <wheels autoRotateBackSpeed="1.7">
                <wheel rotSpeed="1" restLoad="0.4" repr="0>0|0" driveNode="0>0|0|0" linkNode="0>0|0|0|0" forcePointRatio="1" filename="$data/vehicles/wheels/lizard/280_55R16.xml" configIndex="car5" isLeft="true"  initialCompression="29" suspTravel="0.28" spring="4.4" damper="2.8" hasTireTracks="true" hasParticles="true" tireType="offRoad" />
                <wheel rotSpeed="1" restLoad="0.4" repr="0>0|1" driveNode="0>0|1|0" linkNode="0>0|1|0|0" forcePointRatio="1" filename="$data/vehicles/wheels/lizard/280_55R16.xml" configIndex="car5" isLeft="false" initialCompression="29" suspTravel="0.28" spring="4.4" damper="2.8" hasTireTracks="true" hasParticles="true" tireType="offRoad" />
                <wheel rotSpeed="0" restLoad="0.2" repr="0>0|2" driveNode="0>0|2|0" linkNode="0>0|2|0|0" forcePointRatio="1" filename="$data/vehicles/wheels/lizard/280_55R16.xml" configIndex="car5" isLeft="true"  initialCompression="17" suspTravel="0.25" spring="4.8" damper="2.90" hasTireTracks="true" hasParticles="true" tireType="offRoad" />
                <wheel rotSpeed="0" restLoad="0.2" repr="0>0|3" driveNode="0>0|3|0" linkNode="0>0|3|0|0" forcePointRatio="1" filename="$data/vehicles/wheels/lizard/280_55R16.xml" configIndex="car5" isLeft="false" initialCompression="17" suspTravel="0.25" spring="4.8" damper="2.90" hasTireTracks="true" hasParticles="true" tireType="offRoad" />
            </wheels>
            <objectChange node="0>0|0|0|0" translationActive="0.05 0 0" />
            <objectChange node="0>0|1|0|0" translationActive="-0.05 0 0" />
            <objectChange node="0>0|2|0|0" translationActive="0.05 0 0" />
            <objectChange node="0>0|3|0|0" translationActive="-0.05 0 0" />
        </wheelConfiguration>
        <wheelConfiguration name="$l10n_configuration_valueDesign06" price="500">
            <wheels autoRotateBackSpeed="1.7">
                <wheel rotSpeed="1" restLoad="0.4" repr="0>0|0" driveNode="0>0|0|0" linkNode="0>0|0|0|0" forcePointRatio="1" filename="$data/vehicles/wheels/lizard/280_55R16.xml" configIndex="car6" isLeft="true"  initialCompression="29" suspTravel="0.28" spring="4.4" damper="2.8" hasTireTracks="true" hasParticles="true" tireType="offRoad" />
                <wheel rotSpeed="1" restLoad="0.4" repr="0>0|1" driveNode="0>0|1|0" linkNode="0>0|1|0|0" forcePointRatio="1" filename="$data/vehicles/wheels/lizard/280_55R16.xml" configIndex="car6" isLeft="false" initialCompression="29" suspTravel="0.28" spring="4.4" damper="2.8" hasTireTracks="true" hasParticles="true" tireType="offRoad" />
                <wheel rotSpeed="0" restLoad="0.2" repr="0>0|2" driveNode="0>0|2|0" linkNode="0>0|2|0|0" forcePointRatio="1" filename="$data/vehicles/wheels/lizard/280_55R16.xml" configIndex="car6" isLeft="true"  initialCompression="17" suspTravel="0.25" spring="4.8" damper="2.90" hasTireTracks="true" hasParticles="true" tireType="offRoad" />
                <wheel rotSpeed="0" restLoad="0.2" repr="0>0|3" driveNode="0>0|3|0" linkNode="0>0|3|0|0" forcePointRatio="1" filename="$data/vehicles/wheels/lizard/280_55R16.xml" configIndex="car6" isLeft="false" initialCompression="17" suspTravel="0.25" spring="4.8" damper="2.90" hasTireTracks="true" hasParticles="true" tireType="offRoad" />
            </wheels>
        </wheelConfiguration>
        <wheelConfiguration name="$l10n_configuration_valueDesign07" price="500">
            <wheels autoRotateBackSpeed="1.7">
                <wheel rotSpeed="1" restLoad="0.4" repr="0>0|0" driveNode="0>0|0|0" linkNode="0>0|0|0|0" forcePointRatio="1" filename="$data/vehicles/wheels/lizard/280_55R16.xml" configIndex="car7" isLeft="true"  initialCompression="29" suspTravel="0.28" spring="4.4" damper="2.8" hasTireTracks="true" hasParticles="true" tireType="offRoad" />
                <wheel rotSpeed="1" restLoad="0.4" repr="0>0|1" driveNode="0>0|1|0" linkNode="0>0|1|0|0" forcePointRatio="1" filename="$data/vehicles/wheels/lizard/280_55R16.xml" configIndex="car7" isLeft="false" initialCompression="29" suspTravel="0.28" spring="4.4" damper="2.8" hasTireTracks="true" hasParticles="true" tireType="offRoad" />
                <wheel rotSpeed="0" restLoad="0.2" repr="0>0|2" driveNode="0>0|2|0" linkNode="0>0|2|0|0" forcePointRatio="1" filename="$data/vehicles/wheels/lizard/280_55R16.xml" configIndex="car7" isLeft="true"  initialCompression="17" suspTravel="0.25" spring="4.8" damper="2.90" hasTireTracks="true" hasParticles="true" tireType="offRoad" />
                <wheel rotSpeed="0" restLoad="0.2" repr="0>0|3" driveNode="0>0|3|0" linkNode="0>0|3|0|0" forcePointRatio="1" filename="$data/vehicles/wheels/lizard/280_55R16.xml" configIndex="car7" isLeft="false" initialCompression="17" suspTravel="0.25" spring="4.8" damper="2.90" hasTireTracks="true" hasParticles="true" tireType="offRoad" />
            </wheels>
        </wheelConfiguration>
        <wheelConfiguration name="$l10n_configuration_valueDesign08" price="400">
            <wheels autoRotateBackSpeed="1.7">
                <wheel rotSpeed="1" restLoad="0.4" repr="0>0|0" driveNode="0>0|0|0" linkNode="0>0|0|0|0" forcePointRatio="1" filename="$data/vehicles/wheels/lizard/280_55R16.xml" configIndex="car8" isLeft="true"  initialCompression="29" suspTravel="0.28" spring="4.4" damper="2.8" hasTireTracks="true" hasParticles="true" tireType="offRoad" />
                <wheel rotSpeed="1" restLoad="0.4" repr="0>0|1" driveNode="0>0|1|0" linkNode="0>0|1|0|0" forcePointRatio="1" filename="$data/vehicles/wheels/lizard/280_55R16.xml" configIndex="car8" isLeft="false" initialCompression="29" suspTravel="0.28" spring="4.4" damper="2.8" hasTireTracks="true" hasParticles="true" tireType="offRoad" />
                <wheel rotSpeed="0" restLoad="0.2" repr="0>0|2" driveNode="0>0|2|0" linkNode="0>0|2|0|0" forcePointRatio="1" filename="$data/vehicles/wheels/lizard/280_55R16.xml" configIndex="car8" isLeft="true"  initialCompression="17" suspTravel="0.25" spring="4.8" damper="2.90" hasTireTracks="true" hasParticles="true" tireType="offRoad" />
                <wheel rotSpeed="0" restLoad="0.2" repr="0>0|3" driveNode="0>0|3|0" linkNode="0>0|3|0|0" forcePointRatio="1" filename="$data/vehicles/wheels/lizard/280_55R16.xml" configIndex="car8" isLeft="false" initialCompression="17" suspTravel="0.25" spring="4.8" damper="2.90" hasTireTracks="true" hasParticles="true" tireType="offRoad" />
            </wheels>
            <objectChange node="0>0|0|0|0" translationActive="0.05 0 0" />
            <objectChange node="0>0|1|0|0" translationActive="-0.05 0 0" />
            <objectChange node="0>0|2|0|0" translationActive="0.05 0 0" />
            <objectChange node="0>0|3|0|0" translationActive="-0.05 0 0" />
        </wheelConfiguration>
    </wheelConfigurations>

    <rimColorConfigurations useDefaultColors="true" price="100" icon="$dataS2/menu/hud/configurations/config_rimColor.png">
        <rimColorConfiguration color="0.294 0.294 0.294 1" />
        <colorNode node="0>0" />
    </rimColorConfigurations>

    <ackermannSteeringConfigurations>
        <ackermannSteering rotSpeed="60" rotMax="44" rotCenterWheel1="2" rotCenterWheel2="3" />
    </ackermannSteeringConfigurations>

    <differentialConfigurations>
        <differentials>            
            <differential1 torqueRatio="0.5" maxSpeedRatio="1.8" wheelIndex1="0" wheelIndex2="1" /> <!-- front left-right -->
            <differential torqueRatio="0.5" maxSpeedRatio="1.3" wheelIndex1="2" wheelIndex2="3" /> <!-- back left-right -->
            <differential1 torqueRatio="0.1" maxSpeedRatio="2" differentialIndex1="0" differentialIndex2="1" /> <!-- front-back -->
        </differentials>
    </differentialConfigurations>

    <motorConfigurations>
        <motorConfiguration name="Pickup Rodeo 70" hp="70" price="0">
            <motor torqueScale="0.200" minRpm="700" maxForwardSpeed="122" maxRpm="4300" maxBackwardSpeed="35.5" brakeForce="1.2" lowBrakeForceScale="0" lowBrakeForceSpeedLimit="6" rotInertia="0.0005" minForwardGearRatio="13" maxForwardGearRatio="48" minBackwardGearRatio="45" maxBackwardGearRatio="45">
               	<torque normRpm="0.163"  torque="0.5"/>
				<torque normRpm="0.232"  torque="0.6"/>
                <torque normRpm="0.419"  torque="1"/>
                <torque normRpm="0.628"  torque="0.86"/>
                <torque normRpm="0.93"   torque="0.61"/>                
                <torque normRpm="1"      torque="0"/>
            </motor>
        </motorConfiguration>
        <motorConfiguration name="Pickup Rodeo 100" hp="100" price="4000">
            <motor torqueScale="0.285" />
        </motorConfiguration>
        <motorConfiguration name="Pickup Rodeo 140" hp="140" price="8000">
            <motor torqueScale="0.400" />
        </motorConfiguration>
    </motorConfigurations>

    <fuelCapacity>60</fuelCapacity>

    <cameras count="2">
        <camera1 index="0>1|0|0" rotatable="true" rotateNode="0>1|0" limit="true" useWorldXZRotation="true" rotMinX="-1.4" rotMaxX="1" transMin="4" transMax="25" >
            <raycastNode index="0>1|2"/>
            <raycastNode index="0>1|3"/>
            <raycastNode index="0>1|4"/>
            <raycastNode index="0>1|5"/>
        </camera1>
        <camera2 index="0>1|1" rotatable="true" limit="true" rotMinX="-1.1" rotMaxX="0.4" transMin="0" transMax="0" useMirror="true" isInside="true" />
    </cameras>

    <lights>
        <low>
            <light                        decoration="0>2|0|0"   lightTypes="0 3" /> <!--Decoration for FrontLights and Highbeams-->
            <light realLight="0>2|0|1"                           lightTypes="0" excludedLightTypes="3" /> <!--FrontLights-->
            <light                        decoration="0>2|2|0"   lightTypes="0 3"/> <!--BackLights-->
            <light realLight="0>2|0|2"                           lightTypes="3" /> <!--HighBeam-->
        </low>
        <high>
            <light                        decoration="0>2|0|0"   lightTypes="0 3" /> <!--Decoration for FrontLights and Highbeams-->
            <light realLight="0>2|0|3"                           lightTypes="0" excludedLightTypes="3" /> <!--FrontLights-->
            <light realLight="0>2|2|1"    decoration="0>2|2|0"   lightTypes="0 3" /> <!--BackLights-->
            <light realLight="0>2|0|4"                           lightTypes="3" /> <!--HighBeam-->
        </high>
        <states>
            <state lightTypes="0" />
        </states>
    </lights>

    <brakeLights>
        <brakeLight realLight="0>2|2|1" decoration="0>2|4|0" />
    </brakeLights>

    <turnLights>
        <turnLightLeft realLight="0>2|3|0|1" decoration="0>2|3|0|0" />
        <turnLightLeft realLight="0>2|3|0|2" />
        <turnLightRight realLight="0>2|3|1|1" decoration="0>2|3|1|0" />
        <turnLightRight realLight="0>2|3|1|2" />
    </turnLights>

    <reverseLights>
        <reverseLight realLight="0>2|6|1" decoration="0>2|6|0" />
    </reverseLights>

    <mirrors>
        <mirror index="0>11|0" prio="1" />
        <mirror index="0>11|1" prio="1" />
        <mirror index="0>11|2" prio="1" />
    </mirrors>

    <indoorHud>
        <speed animName="speedDisplay" minValueAnim="5" maxValueAnim="85" />
        <fuel animName="fuelDisplay" />
    </indoorHud>

    <enterReferenceNode index="0>"/>
    <exitPoint index="0>3"/>

    <attacherJoints>
        <!-- trailer attacher -->
        <attacherJoint index="0>5|0|0" jointType="trailer"    lowerRotLimit="20 89 50" upperRotationOffset="0" allowsJointLimitMovement="false" canTurnOnImplement="false" >
            <schema position="1 0" rotation="0" invertX="false" />
        </attacherJoint>
        <attacherJoint index="0>5|0|1" jointType="trailerLow" lowerRotLimit="20 89 50" upperRotationOffset="0" allowsJointLimitMovement="false" canTurnOnImplement="false" >
            <schema position="1 0" rotation="0" invertX="false" />
        </attacherJoint>
    </attacherJoints>
	
	<tensionBelts linkNode="0>5|1" jointNode="0>" width="0.075" maxEdgeLength="0.1" geometryBias="0.01" ratchetPosition="0.2" defaultOffset="0.1" defaultOffsetSide="0.1" defaultHeight="5" >
        <tensionBelt startNode="0>5|1|0" endNode="0>5|1|0|0" />
        <tensionBelt startNode="0>5|1|1" endNode="0>5|1|1|0" />
        <tensionBelt startNode="0>5|1|2" endNode="0>5|1|2|0" />
    </tensionBelts>

    <movingTools>
        <!-- physics -->
        <movingTool index="0>9|0">
            <controls axis="AXIS_DOOR" invertAxis="true" mouseSpeedFactor="0.3" iconFilename="$dataS2/menu/moveControls/topDoor.png" />
            <rotation rotSpeed="60" rotAcceleration="150" rotMax="0" rotMin="-90" />
        </movingTool>
    </movingTools>

    <movingParts>
    </movingParts>

    <animations>
        <animation name="speedDisplay">
            <part node="0>10|0|0" startTime="0.000" endTime="0.375" startRot="0 0 0"   endRot="0 0 90" />
            <part node="0>10|0|0" startTime="0.375" endTime="0.625" startRot="0 0 90"  endRot="0 0 180" />
            <part node="0>10|0|0" startTime="0.625" endTime="1.000" startRot="0 0 180" endRot="0 0 270" />
        </animation>
        <animation name="fuelDisplay">
            <part node="0>10|1|0" startTime="0" endTime="1" startRot="0 0 -50" endRot="0 0 50" />
        </animation>
    </animations>

    <steering index="0>4|0" indoorRotation="540" outdoorRotation="60" />

    <characterNode index="0>6|0" cameraMinDistance="1.5" filename="$dataS2/character/player/player.xml" spineRotation="180 0 100" >
        <target ikChain="rightFoot" targetNode="0>6|1" />
        <target ikChain="leftFoot"  targetNode="0>6|2" />
        <target ikChain="rightArm"  targetNode="0>4|0|0" setDirty="true"/>
        <target ikChain="leftArm"   targetNode="0>4|0|1" setDirty="true" />
    </characterNode>

    <exhaustEffects>
        <exhaustEffect index="0>8|0" filename="$data/particleSystems/shared/exhaust.i3d" minRpmColor="0.3 0.3 0.3 5" maxRpmColor="0.0 0.0 0.0 5" minRpmScale="0.05" maxRpmScale="0.4" xzRotationsOffset="0 180" xzRotationsForward="-45 0" xzRotationsBackward="90 0" xzRotationsLeft="90 0" xzRotationsRight="-90 0" />
        <exhaustEffect index="0>8|1" filename="$data/particleSystems/shared/exhaust.i3d" minRpmColor="0.3 0.3 0.3 5" maxRpmColor="0.0 0.0 0.0 5" minRpmScale="0.05" maxRpmScale="0.4" xzRotationsOffset="0 -180" xzRotationsForward="-45 0" xzRotationsBackward="90 0" xzRotationsLeft="-90 0" xzRotationsRight="90 0" />
    </exhaustEffects>

    <motorStartDuration>1500</motorStartDuration>

    <motorStartSound file="$data/vehicles/steerable/lizard/lizardPickupRodeo_start.wav"    volume="1.10"   pitchOffset="0.88"                   indoorVolumeFactor="0.60" indoorLowpassGain="0.75" />
    <motorSound      file="$data/vehicles/steerable/lizard/lizardPickupRodeo_idle.wav"     volume="1.10"   pitchOffset="0.88"  pitchMax="1.40"  indoorVolumeFactor="0.60" indoorLowpassGain="0.75" volumeMin="0.25" volumeMinSpeed="50" />
    <motorSoundRun   file="$data/vehicles/steerable/lizard/lizardPickupRodeo_run.wav"      volume="1.10"   pitchOffset="0.45"  pitchMax="1.22"  indoorVolumeFactor="0.60" indoorLowpassGain="0.75" />
    <retarderSound file="$data/sounds/transmission/transmissionOmega.wav"                  volume="0.05"   pitchOffset="0.85"  pitchMax="2.00"  indoorVolumeFactor="0.65" indoorLowpassGain="0.75"  volumeMax="0.10"  minSpeed="2" />
    <motorStopSound  file="$data/vehicles/steerable/lizard/lizardPickupRodeo_stop.wav"     volume="1.00"   pitchOffset="0.90"                   indoorVolumeFactor="0.65" indoorLowpassGain="0.75" />
    <honkSound       file="$data/sounds/hornCar.wav"                                       volume="1.00"                                        indoorVolumeFactor="0.65" indoorLowpassGain="0.75" radius="70" innerRadius="10" />
    <attachSound file="$data/sounds/attach.wav"                                            volume="1.00"    pitchOffset="1" />

    <ai>
        <trafficCollisionTrigger index="0>7|0" />
    </ai>

    <baseColorConfigurations useDefaultColors="true" price="400" defaultColorIndex="1" icon="$dataS2/menu/hud/configurations/config_color.png">
        <colorNode node="0>13|5" />
    </baseColorConfigurations>

    <washable dirtDuration="50" washDuration="1" workMultiplier="4" />

    <components count="1">
        <component1 centerOfMass="0 0.65 0.57" solverIterationCount="10" mrSetMass="1.4" />
    </components>

    <schemaOverlay file="$dataS2/menu/schemas/vehicleSchema.png" fileSelected="$dataS2/menu/schemas/vehicleSchemaSelected.png" width="0.5" height="0.5" attacherJointPosition="0.5 0" />

</vehicle>
