﻿<?xml version="1.0" encoding="utf-8" standalone="no" ?>
<vehicle type="shovel_dynamicMountAttacher">
    <annotation>Copyright (C) GIANTS Software GmbH, All Rights Reserved.</annotation>

	<!-- MR 
	
		capacity
		
		mass / center of mass
		
	-->
	
    <storeData>
        <name>$l10n_shopItem_wheelLoaderSilageFork</name>
        <specs>
            <combination>L538, 435s</combination>
        </specs>
        <image>data/store/store_lizardSilageFork.png</image>
        <price>4100</price>
        <dailyUpkeep>5</dailyUpkeep>
        <lifetime>600</lifetime>
        <rotation>0</rotation>
        <brand>LIZARD</brand>
        <category>wheelLoaders</category>
        <vertexBufferMemoryUsage>120400</vertexBufferMemoryUsage>
        <indexBufferMemoryUsage>18300</indexBufferMemoryUsage>
        <textureMemoryUsage>1048696</textureMemoryUsage>
        <instanceVertexBufferMemoryUsage>0</instanceVertexBufferMemoryUsage>
        <instanceIndexBufferMemoryUsage>0</instanceIndexBufferMemoryUsage>
    </storeData>

    <typeDesc>$l10n_typeDesc_wheelLoaderTool</typeDesc>
    <filename>data/vehicles/tools/lizard/lizardSilageFork.i3d</filename>

    <size width="4.5" length="2"/>

    <inputAttacherJoints>
        <inputAttacherJoint index="0>0" jointType="wheelLoader" />
    </inputAttacherJoints>

    <fillUnits>
        <fillUnit unit="$l10n_unit_literShort" fillTypeCategories="fork" capacity="5000" />
    </fillUnits>

    <fillVolumes>
        <volumes>
            <volume index="0>1|0|0" maxAllowedHeapAngle="10"/>
        </volumes>
        <dischargeInfos>
            <dischargeInfo fillVolumeIndex="1" >
                <node index="0>1|0|1" width="2.2" length="0.3" />
            </dischargeInfo>
        </dischargeInfos>
        <loadInfos>
            <loadInfo fillVolumeIndex="1" >
                <node index="0>1|0|2" width="2.2" length="0.2" />
            </loadInfo>
        </loadInfos>
        <unloadInfos>
            <unloadInfo fillVolumeIndex="1" >
                <node index="0>1|0|3" width="2.2" length="0.2" />
            </unloadInfo>
        </unloadInfos>
    </fillVolumes>

    <shovelTipTrigger index="0>2" />

    <shovel tipReferenceNode="0>1|2" emptyStartAngle="105" emptyFullAngle="140" pickUpNode="0>1|1" pickUpWidth="2.1" pickUpLength="0.2" pickUpYOffset="-0.05"/>

    <dynamicMountAttacher index="0>">
        <mountCollisionMask index="0>1|4|0|2" collisionMask="134225920" />
        <mountCollisionMask index="0>1|4|1|2" collisionMask="134225920" />
        <mountCollisionMask index="0>3" collisionMask="134225920" />
    </dynamicMountAttacher>

    <emptyParticleSystems>
        <emitterShape node="0>1|3" />
    </emptyParticleSystems>

    <movingTools>
        <movingTool index="0>1|4|0">
            <dependentPart index="0>1|4|2" />
        </movingTool>
        <movingTool index="0>1|4|1">
            <dependentPart index="0>1|4|3" />
        </movingTool>
    </movingTools>

    <movingParts>
        <movingPart index="0>1|4|2" referencePoint="0>1|4|0|0" referenceFrame="0>" playSound="true">
            <translatingPart index="0>1|4|2|0" />
        </movingPart>
        <movingPart index="0>1|4|3" referencePoint="0>1|4|1|0" referenceFrame="0>" playSound="true">
            <translatingPart index="0>1|4|3|0" />
        </movingPart>
    </movingParts>

    <foldingParts startMoveDirection="0" onlyFoldOnEmpty="true">
        <foldingPart animationName="folding" speedScale="1" />
    </foldingParts>

    <animations>
        <animation name="folding">
            <part node="0>1|4|0" startTime="0.0" endTime="2.0" startRot="0 0 0" endRot="0 0 90" />
            <part node="0>1|4|1" startTime="0.0" endTime="2.0" startRot="0 0 0" endRot="0 0 -90" />
        </animation>
    </animations>

    <washable dirtDuration="30" washDuration="1" workMultiplier="20" />

    <components count="1">
        <component1 centerOfMass="0 0.2 -0.2" solverIterationCount="10" mrSetMass="1.35" />
    </components>

    <schemaOverlay file="$dataS2/menu/schemas/implementSchema.png" fileSelected="$dataS2/menu/schemas/implementSchemaSelected.png" width="0.5" height="0.5" attacherJointPosition="0 0"/>

</vehicle>
