﻿<?xml version="1.0" encoding="utf-8" standalone="no" ?>
<vehicle type="combine_animated_crawler">
    <annotation>Copyright (C) GIANTS Software GmbH, All Rights Reserved.</annotation>

	<moreRealistic useMrTransmission="true">		
		<dragArea value="9" />
		<engine transmissionEfficiency="0.8" fuelUsageFactor="1" minSpeed="2" engineBrakeRpm="2100" engineBrakeForceFx="1.5" />
		<combine turnedOnPtoPower="70" areaDependantPtoPower="33" chopperPtoPower="35" unloadingAugerPtoPower="16" basePerf="884" strawFactor="0.6" />
		<lateralForces useSingleComponent="false" />
	</moreRealistic>
	
	<!--
		center of mass
		
		autorotatebackspeed = 1.7
		remove raycastoffset
		change wheels (front 900/60r32, rear = 600/70r28)
		
		differentials
		ackermannSteering
		
		no brakes on the rear wheels
		
		add fillmassnode
		
		overloading
		
		lowerTransLimit / rotLimitSpring / rotLimitDamping
		
		attacherJoint
		
		pipe angle
		
		pipe end 140 instead of 90
		
		remove the track speed limit (20kph)
		
		
	-->
	
    <storeData>
        <name>Axial-Flow 9230</name>
        <specs>
            <power>571</power>
            <maxSpeed>30</maxSpeed>
            <combination>Case 3162, HS16</combination>
        </specs>
        <functions>
            <function>$l10n_function_combine</function>
            <function>$l10n_function_combineNeedsCutter</function>
        </functions>
        <image>$data/store/store_caseIH230Series.png</image>
        <price>377000</price>
        <dailyUpkeep>1540</dailyUpkeep>
        <lifetime>600</lifetime>
        <rotation>0</rotation>
        <brand>CASEIH</brand>
        <category>harvesters</category>
        <vertexBufferMemoryUsage>1516500</vertexBufferMemoryUsage>
        <indexBufferMemoryUsage>256374</indexBufferMemoryUsage>
        <textureMemoryUsage>27263512</textureMemoryUsage>
        <instanceVertexBufferMemoryUsage>0</instanceVertexBufferMemoryUsage>
        <instanceIndexBufferMemoryUsage>0</instanceIndexBufferMemoryUsage>
    </storeData>

    <typeDesc>$l10n_typeDesc_combine</typeDesc>
    <filename>data/vehicles/steerable/caseIH/caseIH230Series.i3d</filename>

    <size width="5.5" length="12" lengthOffset="-1.5"/>

    <wheelConfigurations>
        <wheelConfiguration name="$l10n_configuration_valueDefault" price="0">
            <wheels autoRotateBackSpeed="1.7" differentialIndex="1" ackermannSteeringIndex="1">
                <wheel rotSpeed="1" restLoad="5.5" repr="1>0|0" driveNode="1>0|0|0" filename="$MR/data/wheels/TM900_600_70R28.xml"  configIndex="n10v7" isLeft="true"  initialCompression="21" suspTravel="0.2" spring="80" damper="12" hasTireTracks="true" hasParticles="true" brakeFactor="0" mrPressureFx="1.1" />
                <wheel rotSpeed="1" restLoad="5.5" repr="1>0|1" driveNode="1>0|1|0" filename="$MR/data/wheels/TM900_600_70R28.xml"  configIndex="n10v7" isLeft="false" initialCompression="21" suspTravel="0.2" spring="80" damper="12" hasTireTracks="true" hasParticles="true" brakeFactor="0" mrPressureFx="1.1" />
                <wheel rotSpeed="0" restLoad="3.7" repr="0>0|1|0"                   filename="$MR/data/wheels/TM2000_900_60R32.xml" configIndex="n10v7" isLeft="true"  initialCompression="17" suspTravel="0.2" spring="165" damper="30" hasTireTracks="true" hasParticles="true" mrPressureFx="1.1" />
                <wheel rotSpeed="0" restLoad="3.7" repr="0>0|1|1"                   filename="$MR/data/wheels/TM2000_900_60R32.xml" configIndex="n10v7" isLeft="false" initialCompression="17" suspTravel="0.2" spring="165" damper="30" hasTireTracks="true" hasParticles="true" mrPressureFx="1.1" />
            </wheels>
            <objectChange node="0>0|1|2" visibilityActive="true" />
        </wheelConfiguration>
        <wheelConfiguration name="$l10n_configuration_valueCrawler" price="22000" icon="$dataS2/menu/hud/configurations/config_wheel_track.png" >
            <wheels autoRotateBackSpeed="1.7" differentialIndex="2" ackermannSteeringIndex="2">
                <wheel rotSpeed="1" restLoad="5.4" repr="1>0|0"     driveNode="1>0|0|0" filename="$MR/data/wheels/TM900_600_70R28.xml" configIndex="n10v7" isLeft="true"  initialCompression="21" suspTravel="0.2"  spring="80" damper="12" hasTireTracks="true" hasParticles="true" brakeFactor="0" mrPressureFx="1.1" />
                <wheel rotSpeed="1" restLoad="5.4" repr="1>0|1"     driveNode="1>0|1|0" filename="$MR/data/wheels/TM900_600_70R28.xml" configIndex="n10v7" isLeft="false" initialCompression="21" suspTravel="0.2"  spring="80" damper="12" hasTireTracks="true" hasParticles="true" brakeFactor="0" mrPressureFx="1.1" />
                <wheel rotSpeed="1" restLoad="2.0" repr="0>0|2|0|0" driveNode="0>0|2|0|0|0" radius="0.485"             initialCompression="23" suspTravel="0.2" spring="90" damper="18" mass="0.2" frictionScale="2" tireType="crawler" brakeFactor="0.5" />
                <wheel rotSpeed="1" restLoad="2.0" repr="0>0|2|0|1"                         radius="0.485" width="0.9" initialCompression="35" suspTravel="0.2" spring="90" damper="18" mass="0.2" frictionScale="2" tireType="crawler" hasTireTracks="true" tireTrackAtlasIndex="6" hasParticles="true" brakeFactor="0.5" />
                <wheel rotSpeed="1" restLoad="2.0" repr="0>0|2|1|0" driveNode="0>0|2|1|0|0" radius="0.485"             initialCompression="23" suspTravel="0.2" spring="90" damper="18" mass="0.2" frictionScale="2" tireType="crawler" brakeFactor="0.5" />
                <wheel rotSpeed="1" restLoad="2.0" repr="0>0|2|1|1"                         radius="0.485" width="0.9" initialCompression="35" suspTravel="0.2" spring="90" damper="18" mass="0.2" frictionScale="2" tireType="crawler" hasTireTracks="true" tireTrackAtlasIndex="6" hasParticles="true" brakeFactor="0.5" />
            </wheels>
            <crawlers>
                <crawler index="0" speedRefWheel="3" scrollSpeed="0.162" scrollLength="6.16" shaderParameterName="offsetUV" shaderParameterComponent="1" length="1" filename="$data/vehicles/wheels/lizard/crawler.i3d" linkIndex="0>0|2|0|0" crawlerIndex="1|0">
                    <rotatingPart index="1" radius="0.447" />
                    <rotatingPart index="2" radius="0.338" />
                    <rotatingPart index="3" radius="0.338" />
                    <rotatingPart index="4" radius="0.17" />
                    <rotatingPart index="5" radius="0.17" />
                    <rotatingPart index="6" radius="0.17" />
                </crawler>
                <crawler index="0" speedRefWheel="5" scrollSpeed="0.162" scrollLength="6.16" shaderParameterName="offsetUV" shaderParameterComponent="1" length="1" filename="$data/vehicles/wheels/lizard/crawler.i3d" linkIndex="0>0|2|1|0" crawlerIndex="1|1">
                    <rotatingPart index="1" radius="0.447" />
                    <rotatingPart index="2" radius="0.338" />
                    <rotatingPart index="3" radius="0.338" />
                    <rotatingPart index="4" radius="0.17" />
                    <rotatingPart index="5" radius="0.17" />
                    <rotatingPart index="6" radius="0.17" />
                </crawler>
            </crawlers>
            <objectChange node="0>0|2|2" visibilityActive="false" />
        </wheelConfiguration>
        <wheelConfiguration name="$l10n_configuration_valueTwinWheelsFront" price="8000" icon="$dataS2/menu/hud/configurations/config_wheel_thinTwin.png" >
            <wheels autoRotateBackSpeed="1.7" differentialIndex="1">
                <wheel rotSpeed="1" restLoad="5.5" repr="1>0|0" driveNode="1>0|0|0" filename="$MR/data/wheels/TM900_600_70R28.xml" configIndex="n10v7" isLeft="true"  initialCompression="21" suspTravel="0.2" spring="80" damper="12" hasTireTracks="true" hasParticles="true" brakeFactor="0" mrPressureFx="1.1" />
                <wheel rotSpeed="1" restLoad="5.5" repr="1>0|1" driveNode="1>0|1|0" filename="$MR/data/wheels/TM900_600_70R28.xml" configIndex="n10v7" isLeft="false" initialCompression="21" suspTravel="0.2" spring="80" damper="12" hasTireTracks="true" hasParticles="true" brakeFactor="0" mrPressureFx="1.1" />
                <wheel rotSpeed="0" restLoad="3.9" repr="0>0|1|0"                   filename="$MR/data/wheels/TM600_520_85R42.xml"                    isLeft="true"  deltaY="0.19" suspTravel="0.2" spring="165" damper="30" hasTireTracks="true" hasParticles="true" mrForcePointOffsetX="0.9">
                    <additionalWheel filename="$MR/data/wheels/TM600_520_85R42.xml" configIndex="dual" isLeft="true"  offset="0.3" addRaycast="true" hasTireTracks="true" hasParticles="true" >
                        <connector filename="$data/vehicles/wheels/rims/dual002.i3d" index="0|0|0" useWidthAndDiam="true" width="30" diameter="44" />
                        <hub filename="$data/vehicles/wheels/hubs/hubs.i3d" index="1|6|0" scale="0.28 0.28 0.28" offset="-0.35" />
                    </additionalWheel>
                </wheel>
                <wheel rotSpeed="0" restLoad="3.9" repr="0>0|1|1"                   filename="$MR/data/wheels/TM600_520_85R42.xml"                    isLeft="false" deltaY="0.19" suspTravel="0.2" spring="165" damper="30" hasTireTracks="true" hasParticles="true" mrForcePointOffsetX="0.9">
                    <additionalWheel filename="$MR/data/wheels/TM600_520_85R42.xml" configIndex="dual" isLeft="false" offset="0.3" addRaycast="true" hasTireTracks="true" hasParticles="true" >
                        <connector filename="$data/vehicles/wheels/rims/dual002.i3d" index="0|0|0" useWidthAndDiam="true" width="30" diameter="44" />
                        <hub filename="$data/vehicles/wheels/hubs/hubs.i3d" index="1|6|1" scale="0.28 0.28 0.28" offset="-0.35" />
                    </additionalWheel>
                </wheel>
            </wheels>
            <objectChange node="0>0|1|2" visibilityActive="true" />
        </wheelConfiguration>
    </wheelConfigurations>

    <ackermannSteeringConfigurations>
        <ackermannSteering rotSpeed="60" rotMax="42" rotCenterWheel1="2" rotCenterWheel2="3" />
        <ackermannSteering rotSpeed="60" rotMax="42" rotCenter="0 1.544" />
    </ackermannSteeringConfigurations>

    <differentialConfigurations>
        <differentials>
            <differential torqueRatio="0.5" maxSpeedRatio="1" wheelIndex1="0" wheelIndex2="1" /> <!-- back left-right -->
            <differential torqueRatio="0.5" maxSpeedRatio="1" wheelIndex1="2" wheelIndex2="3" /> <!-- front left-right -->
            <differential torqueRatio="0.2" maxSpeedRatio="1" differentialIndex1="0" differentialIndex2="1" /> <!-- back-front -->
        </differentials>
        <differentials>
            <differential torqueRatio="0.5" maxSpeedRatio="1" wheelIndex1="0" wheelIndex2="1" /> <!-- back left-right -->
            <differential torqueRatio="0.5" maxSpeedRatio="1" wheelIndex1="2" wheelIndex2="3" />
            <differential torqueRatio="0.5" maxSpeedRatio="1" wheelIndex1="4" wheelIndex2="5" />
            <differential torqueRatio="0.5" maxSpeedRatio="1" differentialIndex1="1" differentialIndex2="2" /> <!-- front left-right -->
            <differential torqueRatio="0.2" maxSpeedRatio="1" differentialIndex1="0" differentialIndex2="3" /> <!-- back-crawler -->
        </differentials>
    </differentialConfigurations>

    <motorConfigurations>
        <motorConfiguration name="Axial-Flow 9230" hp="571" price="0">
            <motor torqueScale="2.308" minRpm="968" maxRpm="2250" maxForwardSpeed="31" maxBackwardSpeed="13" brakeForce="23" lowBrakeForceScale="0.22" lowBrakeForceSpeedLimit="1" rotInertia="0.002" minForwardGearRatio="26.75" maxForwardGearRatio="200" minBackwardGearRatio="63.8" maxBackwardGearRatio="200" ptoMotorRpmRatio="3.91">
                <torque normRpm="0.4" torque="0.69"/>
                <torque normRpm="0.444" torque="0.756"/>
                <torque normRpm="0.622" torque="1"/>
                <torque normRpm="0.711" torque="1"/>
                <torque normRpm="0.8" torque="0.948"/>
				<torque normRpm="0.888" torque="0.87"/>
				<torque normRpm="0.933" torque="0.807"/>
                <torque normRpm="1" torque="0"/>
            </motor>
        </motorConfiguration>
    </motorConfigurations>

    <fuelCapacity>1000</fuelCapacity>

    <cameras count="2">
        <camera1 index="0>1|0|0" rotatable="true" rotateNode="0>1|0" limit="true" useWorldXZRotation="true" rotMinX="-1.4" rotMaxX="1" transMin="7" transMax="25" >
            <raycastNode index="0>1|2"/>
            <raycastNode index="0>1|3"/>
        </camera1>
        <camera2 index="0>1|1" rotatable="true" limit="true" rotMinX="-1.1" rotMaxX="0.4" transMin="0" transMax="0" useMirror="true" isInside="true" />
    </cameras>


    <lights>
        <low>
            <light                        decoration="0>2|0|0"   lightTypes="0 3" /> <!--Decoration for FrontLights and Highbeams-->
            <light realLight="0>2|0|1"                           lightTypes="0" excludedLightTypes="3" /> <!--FrontLights-->
            <light                        decoration="0>2|2|0"   lightTypes="0 1"/> <!--BackLights-->
            <light realLight="0>2|1|0|1"  decoration="0>2|1|0|0" lightTypes="1"/> <!--WorklightBack-->
            <light                        decoration="0>2|1|1|0" lightTypes="2"/> <!--WorklightFront-->
			<light realLight="0>2|0|2"                           lightTypes="3" /> <!--HighBeam-->																					  
        </low>
        <high>
            <light                        decoration="0>2|0|0"   lightTypes="0 3" /> <!--Decoration for FrontLights and Highbeams-->
            <light realLight="0>2|0|3"                           lightTypes="0" excludedLightTypes="2 3" /> <!--FrontLights-->
            <light realLight="0>2|2|1"    decoration="0>2|2|0"   lightTypes="0 3" /> <!--BackLights-->
            <light realLight="0>2|1|0|2"  decoration="0>2|1|0|0" lightTypes="1" /> <!--WorklightBack  -->
            <light realLight="0>2|1|1|1"  decoration="0>2|1|1|0" lightTypes="2"  /> <!--WorklightFront -->
            <light realLight="0>2|0|4"                           lightTypes="3" excludedLightTypes="2" /> <!--HighBeam-->
        </high>
        <states>
            <state lightTypes="0" />
            <state lightTypes="0 1" />
            <state lightTypes="0 1 2" />
        </states>
    </lights>

    <brakeLights>
        <brakeLight realLight="0>2|2|1" decoration="0>2|4|0" />
    </brakeLights>

    <beaconLights>
        <beaconLight index="0>2|5|0" speed="0.015" filename="$data/shared/beaconLights/beaconLight02.i3d"/>
        <beaconLight index="0>2|5|1" speed="0.015" filename="$data/shared/beaconLights/beaconLight02.i3d"/>
        <beaconLight index="0>2|5|2" speed="0.015" filename="$data/shared/beaconLights/beaconLight02.i3d"/>
    </beaconLights>

    <turnLights>
        <turnLightLeft  realLight="0>2|3|0|1"  decoration="0>2|3|0|0" />
        <turnLightLeft  realLight="0>20|0|0|1" decoration="0>20|0|0|0" />
        <turnLightRight realLight="0>2|3|1|1"  decoration="0>2|3|1|0" />
        <turnLightRight realLight="0>20|1|0|1" decoration="0>20|1|0|0"/>
    </turnLights>

    <mirrors>
        <mirror index="0>21|0|0" prio="2" />
        <mirror index="0>21|0|1" prio="1" />
        <mirror index="0>21|0|2" prio="2" />
        <mirror index="0>21|0|3" prio="1" />
    </mirrors>

    <indoorHud>
        <speed numbers="0>21|1|0" precision="1" />
        <rpm numbers="0>21|1|1" precision="0" />
    </indoorHud>

    <attacherJoints>
        <attacherJoint jointType="cutter" index="0>7|0|0|0|0" jointPositionOffset="0 0 -2.186" rotationNode="0>7|0|0|0" startRot="8 0 0" upperRotation="-16 0 0" lowerRotation="20 0 0" lowerTransLimit="0 0.2 0" lowerRotLimit="0 0 15" lockDownRotLimit="true" upperDistanceToGround="2.26" lowerDistanceToGround="0.911" moveTime="5" rotLimitSpring="500 0 0" rotLimitDamping="200 0 0" lowerRotationOffset="-5" upperRotationOffset="-5"  ptoOutputNode="0>7|0|0|1|3" ptoFilename="$data/shared/vehicleParts/powerTakeoffBlack.i3d" pto2OutputNode="0>7|0|0|1|6" pto2Filename="$data/shared/vehicleParts/powerTakeoffBlack.i3d" comboTime="0">
            <bottomArm rotationNode="0>7|0|0|1" referenceNode="0>7|0|0|1|4" />
            <schema position="0 0" rotation="0" invertX="true" />
        </attacherJoint>
        <!-- trailer attacher -->
        <attacherJoint index="1>0|4" jointType="trailer" allowsJointLimitMovement="false" allowsLowering="false" lowerRotLimit="20 80 50" lowerTransLimit="0 0 0" canTurnOnImplement="false" comboTime="1" >
            <schema position="1 0" rotation="0" invertX="false" />
        </attacherJoint>
        <attacherJoint index="1>0|4" jointType="trailerLow" allowsJointLimitMovement="false" allowsLowering="false" lowerRotLimit="20 80 50" lowerTransLimit="0 0 0" canTurnOnImplement="false" comboTime="1" >
            <schema position="1 0" rotation="0" invertX="false" />
        </attacherJoint>
    </attacherJoints>

    <enterReferenceNode index="0>" />
    <exitPoint index="0>3" />

    <motorStartDuration>2900</motorStartDuration>
    <motorStartSound file="$data/vehicles/steerable/caseIH/caseIH230Series_start.wav"             pitchOffset="0.90" volume="1.00" indoorVolumeFactor="0.50" indoorLowpassGain="0.75" />
    <motorSound file="$data/vehicles/steerable/caseIH/caseIH230Series_idle.wav"                   pitchOffset="0.90" volume="1.00" indoorVolumeFactor="0.50" indoorLowpassGain="0.75" pitchMax="1.30" />
    <motorStopSound file="$data/vehicles/steerable/caseIH/caseIH230Series_stop.wav"               pitchOffset="1.00" volume="1.00" indoorVolumeFactor="0.50" indoorLowpassGain="0.75" />
    <motorSoundRun file="$data/sounds/engine/runHP380.wav"                                        pitchOffset="0.55" volume="0.50" indoorVolumeFactor="0.35" indoorLowpassGain="0.85" pitchMax="1.15" />

    <threshingStartSound file="$data/vehicles/steerable/caseIH/caseIH230Series_startwork.wav"     pitchOffset="1.30" volume="1.00" indoorVolumeFactor="0.45" indoorLowpassGain="0.75" />
    <threshingSound file="$data/vehicles/steerable/caseIH/caseIH230Series_work.wav"               pitchOffset="1.30" volume="1.00" indoorVolumeFactor="0.45" indoorLowpassGain="0.75" cuttingPitchOffset="1.10" />
    <threshingStopSound file="$data/vehicles/steerable/caseIH/caseIH230Series_stopwork.wav"       pitchOffset="1.30" volume="1.00" indoorVolumeFactor="0.45" indoorLowpassGain="0.75" />

    <gearboxSound         file="$data/sounds/transmission/transmissionOmega.wav"                  pitchOffset="0.70" volume="0.45" indoorVolumeFactor="0.55" indoorLowpassGain="0.75" reverseVolumeMax="0.25" volumeMax="0.65" pitchMax="1.47" />
    <retarderSound        file="$data/sounds/transmission/retarderET2015.wav"                     pitchOffset="0.67" volume="0.14" indoorVolumeFactor="0.67" indoorLowpassGain="0.45" pitchMax="1.50" volumeMax="0.26" minSpeed="0.01" />
    <reverseDriveSound    file="$data/sounds/reverseDrivingBeep_3.wav"                            pitchOffset="1.00" volume="1.00" indoorVolumeFactor="0.25" indoorLowpassGain="0.75" />

    <brakeCompressor capacity="10000" fillSpeed="500" />
    <maximalAirConsumptionPerFullStop value="4000" />
    <brakeCompressorStartSound    file="$data/sounds/technicalAccessories/brakeSmall.wav"         pitchOffset="1.70" volume="0.70" indoorVolumeFactor="0.85" indoorLowpassGain="0.90" />
    <brakeCompressorRunSound      file="$data/sounds/technicalAccessories/compressor_idle.wav"    pitchOffset="1.15" volume="0.17" indoorVolumeFactor="0.00" indoorLowpassGain="0.90" pitchMax="1.15" />
    <brakeCompressorStopSound     file="$data/sounds/technicalAccessories/pressure_regulator.wav" pitchOffset="1.77" volume="0.35" indoorVolumeFactor="0.75" indoorLowpassGain="0.90" />
    <airReleaseValveSound         file="$data/sounds/technicalAccessories/regulator_valve.wav"    pitchOffset="1.00" volume="1.00" indoorVolumeFactor="1.00" indoorLowpassGain="0.95"/>

    <attachSound                 file="$data/sounds/header_attach.wav"                            pitchOffset="1.00" volume="1.00" indoorVolumeFactor="0.75" />
    <honkSound                   file="$data/sounds/hornBig.wav"                                  pitchOffset="1.00" volume="1.00" indoorVolumeFactor="0.55" indoorLowpassGain="0.75" radius="70" innerRadius="10" />
    <hydraulicSound              file="$data/sounds/cultivatorHydraulic.wav"                      pitchOffset="0.66" volume="1.20" indoorVolumeFactor="0.85" indoorLowpassGain="0.75" />
    <cylinderedHydraulicSound    file="$data/sounds/hydraulicUp.wav"                              pitchOffset="0.80" volume="1.10" indoorVolumeFactor="0.85" indoorLowpassGain="0.75" />
    <fillSound                   file="$data/maps/sounds/siloFillSound.wav"                       pitchOffset="1.00" volume="0.70" indoorVolumeFactor="0.55" indoorLowpassGain="0.75"/>

    <pipe numStates="2" unloadingStates="2" raycastNodeIndex="0>4|0|0|0|1|0|1" raycastDistance="6" foldMinState="0" foldMaxState="2" foldMinLimit="0" foldMaxLimit="0" delay="0.5" effectExtraDistanceOnTrailer="-1">
        <node index="0>4|0" rotationSpeeds="0 15 0">
            <state1 rotation="0 0 0"/>
            <state2 rotation="0 -105 0"/>
        </node>
    </pipe>

    <overloading capacity="318">
        <trailerTriggers>
            <trailerTrigger index="0>9|1" />
        </trailerTriggers>
    </overloading>

    <allowFillFromAir value="false" />

    <turnedOnRotationNodes>
        <turnedOnRotationNode index="0>13|0"      type="motor"   rotSpeed="300"  rotAxis="1" turnOnFadeTime="4" turnOffFadeTime="3" />
        <turnedOnRotationNode index="0>7|0|0|1|0" type="combine" rotSpeed="300"  rotAxis="1" turnOnFadeTime="2" turnOffFadeTime="2" />
        <turnedOnRotationNode index="0>14|1|0|0"  type="combine" rotSpeed="-550" rotAxis="1" turnOnFadeTime="4" turnOffFadeTime="3" />
        <turnedOnRotationNode index="0>15|0|0|0"  type="combine" rotSpeed="800"  rotAxis="1" turnOnFadeTime="4" turnOffFadeTime="3" />
        <turnedOnRotationNode index="0>15|0|1|0"  type="combine" rotSpeed="-800" rotAxis="1" turnOnFadeTime="4" turnOffFadeTime="3" />
    </turnedOnRotationNodes>

    <foldingParts startMoveDirection="1" turnOnFoldMinLimit="0" turnOnFoldMaxLimit="0.02" >
        <foldingPart animationName="foldGrainTank" speedScale="1.1" />
    </foldingParts>

    <animations>
        <animation name="enterAnimation">
            <!-- ladder -->
            <part node="0>16|0" startTime="0" endTime="1" startRot="0 0 0" endRot="0 -90 0"/>
        </animation>
        <animation name="foldGrainTank">
            <part node="0>20|0" startTime="0" endTime="2" startRot="0 90 0" endRot="0 0 0"/>
            <part node="0>20|1" startTime="0" endTime="2" startRot="0 -85 0" endRot="0 0 0"/>

            <part node="0>15|0" startTime="0" endTime="3" startRot="0 0 0" endRot="20 0 0"/>
            <part node="0>14|1" startTime="0" endTime="5" startRot="0 0 0" endRot="0 0 -31"/>
            <part node="0>14|0" startTime="0" endTime="5" startRot="0 0 0" endRot="0 0 -73"/>
            <part node="0>14|5" startTime="0" endTime="5" startRot="0 0 0" endRot="-138 0 0"/>
            <part node="0>14|4" startTime="0" endTime="5" startRot="0 0 0" endRot="138 0 0"/>
            <part node="0>14|3" startTime="1.5" endTime="5" startRot="0 0 0" endRot="0 0 -138"/>
            <part node="0>14|2" startTime="1.5" endTime="5" startRot="0 0 0" endRot="0 0 138"/>
            <!-- skinned rubber flaps -->

            <!-- rubber flaps front left -->
            <part node="0>18|0|0" startTime="1.5" duration="1.166" startTrans="0.524 0.419 -0.409" endTrans="0.053 0.673 -0.409"/>
            <part node="0>18|0|0" startTime="2.666" duration="1.166" startTrans="0.053 0.673 -0.409" endTrans="-0.563 0.396 -0.409"/>
            <part node="0>18|0|0" startTime="3.832" duration="1.168" startTrans="-0.563 0.396 -0.409" endTrans="-0.694 0.032 -0.409"/>

            <part node="0>18|0|1" startTime="0" duration="1" startTrans="-0.416 0.422 0.536" endTrans="-0.416 0.613 0.275"/>
            <part node="0>18|0|1" startTime="1" duration="1" startTrans="-0.416 0.613 0.275" endTrans="-0.416 0.666 -0.057"/>
            <part node="0>18|0|1" startTime="2" duration="1" startTrans="-0.416 0.666 -0.057" endTrans="-0.416 0.558 -0.376"/>
            <part node="0>18|0|1" startTime="3" duration="1" startTrans="-0.416 0.558 -0.376" endTrans="-0.416 0.313 -0.607"/>
            <part node="0>18|0|1" startTime="4" duration="1" startTrans="-0.416 0.313 -0.607" endTrans="-0.416 -0.012 -0.698"/>

            <part node="0>18|0|2" startTime="0" duration="1.666" startTrans="0.257 0.428 0.263" endTrans="-0.032 0.493 -0.045"/>
            <part node="0>18|0|2" startTime="1.666" duration="1.666" startTrans="-0.032 0.493 -0.045" endTrans="-0.428 0.179 -0.492"/>
            <part node="0>18|0|2" startTime="3.332" duration="1.668" startTrans="-0.428 0.179 -0.492" endTrans="-0.709 -0.103 -0.696"/>

            <!-- rubber flaps front right -->
            <part node="0>18|1|0" startTime="1.5" duration="1.166" startTrans="-0.511 0.422 -0.384" endTrans="-0.039 0.673 -0.384"/>
            <part node="0>18|1|0" startTime="2.666" duration="1.166" startTrans="-0.039 0.673 -0.384" endTrans="0.575 0.392 -0.384"/>
            <part node="0>18|1|0" startTime="3.832" duration="1.168" startTrans="0.575 0.392 -0.384" endTrans="0.704 0.027 -0.384"/>

            <part node="0>18|1|1" startTime="0" duration="1" startTrans="0.422 0.422 0.549" endTrans="0.422 0.613 0.289"/>
            <part node="0>18|1|1" startTime="1" duration="1" startTrans="0.422 0.613 0.289" endTrans="0.422 0.666 -0.044"/>
            <part node="0>18|1|1" startTime="2" duration="1" startTrans="0.422 0.666 -0.044" endTrans="0.422 0.558 -0.363"/>
            <part node="0>18|1|1" startTime="3" duration="1" startTrans="0.422 0.558 -0.363" endTrans="0.422 0.313 -0.594"/>
            <part node="0>18|1|1" startTime="4" duration="1" startTrans="0.422 0.313 -0.594" endTrans="0.422 -0.012 -0.685"/>

            <part node="0>18|1|2" startTime="0" duration="1.666" startTrans="-0.249 0.428 0.274" endTrans="-0.235 0.442 -0.016"/>
            <part node="0>18|1|2" startTime="1.666" duration="1.666" startTrans="-0.235 0.442 -0.016" endTrans="0.443 0.395 -0.439"/>
            <part node="0>18|1|2" startTime="3.332" duration="1.668" startTrans="0.443 0.395 -0.439" endTrans="0.535 -0.103 -0.683"/>

            <!-- rubber flaps back left -->
            <part node="0>18|2|0" startTime="1.5" duration="1.166" startTrans="0.536 0.419 0.439" endTrans="0.065 0.675 0.439"/>
            <part node="0>18|2|0" startTime="2.666" duration="1.166" startTrans="0.065 0.675 0.439" endTrans="-0.446 0.513 0.439"/>
            <part node="0>18|2|0" startTime="3.832" duration="1.168" startTrans="-0.446 0.513 0.439" endTrans="-0.685 0.033 0.439"/>

            <part node="0>18|2|1" startTime="0" duration="1" startTrans="-0.403 0.419 -0.523" endTrans="-0.403 0.612 -0.263"/>
            <part node="0>18|2|1" startTime="1" duration="1" startTrans="-0.403 0.612 -0.263" endTrans="-0.403 0.667 0.069"/>
            <part node="0>18|2|1" startTime="2" duration="1" startTrans="-0.403 0.667 0.069" endTrans="-0.403 0.56 0.389"/>
            <part node="0>18|2|1" startTime="3" duration="1" startTrans="-0.403 0.56 0.389" endTrans="-0.403 0.317 0.622"/>
            <part node="0>18|2|1" startTime="4" duration="1" startTrans="-0.403 0.317 0.622" endTrans="-0.403 -0.007 0.714"/>

            <part node="0>18|2|2" startTime="0" duration="1.666" startTrans="0.273 0.427 -0.252" endTrans="0.261 0.514 -0.055"/>
            <part node="0>18|2|2" startTime="1.666" duration="1.666" startTrans="0.261 0.514 -0.055" endTrans="-0.418 0.318 0.526"/>
            <part node="0>18|2|2" startTime="3.332" duration="1.668" startTrans="-0.418 0.318 0.526" endTrans="-0.486 -0.103 0.501"/>

            <!-- rubber flaps back right -->
            <part node="0>18|3|0" startTime="1.5" duration="1.166" startTrans="-0.503 0.427 0.415" endTrans="-0.028 0.674 0.415"/>
            <part node="0>18|3|0" startTime="2.666" duration="1.166" startTrans="-0.028 0.674 0.415" endTrans="0.479 0.505 0.415"/>
            <part node="0>18|3|0" startTime="3.832" duration="1.168" startTrans="0.479 0.505 0.415" endTrans="0.71 0.022 0.415"/>

            <part node="0>18|3|1" startTime="0" duration="1" startTrans="0.435 0.418 -0.526" endTrans="0.435 0.612 -0.267"/>
            <part node="0>18|3|1" startTime="1" duration="1" startTrans="0.435 0.612 -0.267" endTrans="0.435 0.669 0.066"/>
            <part node="0>18|3|1" startTime="2" duration="1" startTrans="0.435 0.669 0.066" endTrans="0.435 0.564 0.387"/>
            <part node="0>18|3|1" startTime="3" duration="1" startTrans="0.435 0.564 0.387" endTrans="0.435 0.321 0.622"/>
            <part node="0>18|3|1" startTime="4" duration="1" startTrans="0.435 0.321 0.622" endTrans="0.435 -0.004 0.716"/>

            <part node="0>18|3|2" startTime="0" duration="1.666" startTrans="-0.245 0.428 -0.255" endTrans="-0.235 0.514 -0.054"/>
            <part node="0>18|3|2" startTime="1.666" duration="1.666" startTrans="-0.235 0.514 -0.054" endTrans="0.403 0.318 0.526"/>
            <part node="0>18|3|2" startTime="3.332" duration="1.668" startTrans="0.403 0.318 0.526" endTrans="0.58 -0.103 0.501"/>

            <!-- pipe end -->
            <part node="0>4|0|0|0" startTime="0" duration="4" startRot="0 0 0" endRot="0 140 0"/>
            <part node="0>4|0|1|0" startTime="0" duration="4" startRot="0 140 0" endRot="0 0 0"/>
        </animation>

        <animation name="toggleChopper">
            <part node="0>15|1" startTime="0" duration="1.5" startRot="30 0 0" endRot="0 0 0"/>
        </animation>
    </animations>

    <movingTools>
        <movingTool index="0>4|0|0|0|1|0" playSound="true">
            <controls axis="AXIS_PIPE" invertAxis="true" mouseSpeedFactor="0.7" iconFilename="$dataS2/menu/moveControls/pipe_end.png" />
            <rotation rotSpeed="20" rotAcceleration="300" rotMax="22" rotMin="3" rotationAxis="3" startRot="22"/>
            <dependentPart index="0>4|0|0|0|1|1" />
        </movingTool>

        <!-- pipe -->
        <movingTool index="0>4|0" playSound="true">
            <dependentPart index="0>12|0" />
        </movingTool>
        <!-- pipePart -->
        <movingTool index="0>4|0|0|0" playSound="true">
            <dependentPart index="0>4|0|3" />
            <dependentPart index="0>4|0|1|0|0" />
        </movingTool>

        <movingTool index="0>7|0|0|1">
            <dependentPart index="0>12|1" />
        </movingTool>

        <movingTool index="0>16|0" playSound="true">
            <dependentPart index="0>16|1|0" />
            <dependentPart index="0>16|1|1" />
            <dependentPart index="0>16|1|2" />
            <dependentPart index="0>16|1|3" />
        </movingTool>

        <movingTool index="0>14|1" playSound="true">
            <dependentPart index="0>14|0|0" />
            <dependentPart index="0>14|0|1" />
            <dependentPart index="0>14|0|2" />
        </movingTool>
    </movingTools>

    <movingParts>
        <movingPart index="0>4|0|1|0|0" referencePoint="0>4|0|0|0|0" referenceFrame="0>4|0|0|0|0" scaleZ="true"/>
        <movingPart index="0>4|0|3" referencePoint="0>4|0|1|0|1" referenceFrame="0>4|0|1">
            <translatingPart index="0>4|0|3|0" />
        </movingPart>
        <movingPart index="0>12|0" referencePoint="0>4|0|2" referenceFrame="0>">
            <translatingPart index="0>12|0|0" />
        </movingPart>
        <movingPart index="0>12|1" referencePoint="0>7|0|0|1|1" referenceFrame="0>" >
            <translatingPart index="0>12|1|0" />
        </movingPart>

        <movingPart index="0>4|0|0|0|1|1" referencePoint="0>4|0|0|0|1|0|0" referenceFrame="0>">
            <translatingPart index="0>4|0|0|0|1|1|0" />
        </movingPart>

        <movingPart index="1>0|1|1" referencePoint="1>0|0|1" referenceFrame="1>0|0|1" scaleZ="true" isActiveDirty="true"/>
        <movingPart index="1>0|2" referencePoint="1>0|0|2" referenceFrame="1>" isActiveDirty="true">
            <translatingPart index="1>0|2|0" />
        </movingPart>
        <movingPart index="1>0|3" referencePoint="1>0|1|2" referenceFrame="1>" isActiveDirty="true">
            <translatingPart index="1>0|3|0" />
        </movingPart>

        <movingPart index="0>16|1|0" referencePoint="0>16|0|0" referenceFrame="0>" scaleZ="true"/>
        <movingPart index="0>16|1|1" referencePoint="0>16|0|1" referenceFrame="0>" scaleZ="true"/>
        <movingPart index="0>16|1|2" referencePoint="0>16|0|2" referenceFrame="0>" scaleZ="true"/>
        <movingPart index="0>16|1|3" referencePoint="0>16|0|3" referenceFrame="0>" scaleZ="true"/>

        <movingPart index="0>14|0|2" referencePoint="0>14|1|2" referenceFrame="0>14|1|2" scaleZ="true" />
        <movingPart index="0>14|0|1" referencePoint="0>14|5|0" referenceFrame="0>14|0|3" scaleZ="true" />
        <movingPart index="0>14|0|0" referencePoint="0>14|4|0" referenceFrame="0>14|0|4" scaleZ="true" />

        <movingPart index="0>0|2|0|0" referencePoint="0>0|2|0|1" referenceFrame="0>" isActiveDirty="true" />
        <movingPart index="0>0|2|1|0" referencePoint="0>0|2|1|1" referenceFrame="0>" isActiveDirty="true" />
    </movingParts>

    <pipeEffect>
        <effectNode effectClass="PipeEffect" effectNode="0>4|0|0|0|1|0|2|0" materialType="pipe"  materialTypeId="1" delay="0"   maxBending="1"  positionUpdateNodes="0>4|0|0|0|1|0|2|1"/>
        <effectNode                          effectNode="0>4|0|0|0|1|0|2|1" materialType="smoke" materialTypeId="1" delay="0.1" alignToWorldY="true"/>
    </pipeEffect>

    <combine toggleTime="3500">
        <chopperSwitch available="true" />
        <chopperEffect>
            <effectNode effectNode="0>10|2|0" materialType="chopper" materialTypeId="1" delay="0" />
        </chopperEffect>
        <strawEffect>
            <effectNode effectNode="0>10|1|0" materialType="straw" materialTypeId="1" delay="0" />
        </strawEffect>
        <fillEffect>
            <effectNode effectNode="0>14|1|1|0" materialType="unloading" materialTypeId="3" delay="0" />
            <effectNode effectNode="0>14|1|1|1" materialType="smoke"     materialTypeId="1" delay="0.1" />
        </fillEffect>
        <chopperParticleSystems>
            <emitterShape node="0>10|2|1" particleType="chopper" worldSpace="false"/>
            <emitterShape node="0>10|2|2" particleType="smoke" />
        </chopperParticleSystems>
        <strawParticleSystems>
            <emitterShape node="0>10|1|1" particleType="smoke" />
        </strawParticleSystems>
    </combine>

    <exhaustEffects>
        <exhaustEffect index="0>10|0|0" filename="$data/particleSystems/shared/exhaust.i3d" minRpmColor="0.9 0.9 0.9 0.1" maxRpmColor="0.9 0.9 0.9 0.4" minRpmScale="0.1" maxRpmScale="0.55" xzRotationsOffset="0 0" xzRotationsForward="-180 0" xzRotationsBackward="180 0" xzRotationsLeft="0 -150" xzRotationsRight="0 150" />
    </exhaustEffects>

    <exhaustFlap index="0>10|0|1" maxRot="90" />

    <fillUnits>
        <fillUnit unit="$l10n_unit_literShort" fillTypeCategories="combine" capacity="12330" />
    </fillUnits>
	<fillMassNode index="0>" mrCOMtransWithMass="0 0.04 -0.02" />

    <fillVolumes>
        <volumes>
            <volume index="0>6|0" maxAllowedHeapAngle="20" maxDelta="0.5" />
        </volumes>

        <unloadInfos>
            <unloadInfo>
                <node index="0>6|1" width="0.4" length="0.4" />
            </unloadInfo>
        </unloadInfos>

        <loadInfos>
            <loadInfo>
                <node index="0>6|2" width="0.4" length="0.4" />
            </loadInfo>
        </loadInfos>

        <dischargeInfos>
            <dischargeInfo>
                <node index="0>4|0|0|0|1|0|3" width="0.4" length="0.4" />
            </dischargeInfo>
        </dischargeInfos>
    </fillVolumes>

    <steering index="0>5|0" indoorRotation="540" outdoorRotation="50" />

    <characterNode index="0>8|0" cameraMinDistance="1.5" filename="$dataS2/character/player/player.xml" spineRotation="180 0 108" >
        <target ikChain="rightFoot" targetNode="0>8|1" />
        <target ikChain="leftFoot"  targetNode="0>8|2" />
        <target ikChain="rightArm"  targetNode="0>5|1"   setDirty="true"/>
        <target ikChain="leftArm"   targetNode="0>5|0|0" setDirty="true" />
    </characterNode>

    <workAreas>
        <workArea startIndex="0>11|0|0" widthIndex="0>11|0|1" heightIndex="0>11|0|2" type="combine" />
    </workAreas>

    <ai>
        <trafficCollisionTrigger index="0>9|0" />
    </ai>

    <enterAnimation name="enterAnimation" />

    <washable dirtDuration="300" washDuration="1" workMultiplier="2" />

    <components count="2">
        <component1 centerOfMass="0 1.20 0.6" solverIterationCount="10" mrSetMass="15" />
        <component2 centerOfMass="0 0 0" solverIterationCount="10" mrSetMass="3" />
        <joint component1="0" component2="1" index="0>17" rotLimit="0 0 10" transLimit="0 0 0" maxRotDriveForce="0 0 0" rotDriveRotation="- - 0" rotDriveSpring="0 0 0" rotDriveDamping="0 0 0" breakable="false"/>
    </components>

    <schemaOverlay file="$dataS2/menu/schemas/vehicleSchema.png" fileSelected="$dataS2/menu/schemas/vehicleSchemaSelected.png" fileTurnedOn="$dataS2/menu/schemas/vehicleSchemaTurnedOn.png" fileSelectedTurnedOn="$dataS2/menu/schemas/vehicleSchemaSelectedTurnedOn.png" width="0.5" height="0.5" attacherJointPosition="0.5 0" />

</vehicle>
