﻿<?xml version="1.0" encoding="utf-8" standalone="no" ?>
<vehicle type="tractor_crawler">
    <annotation>Copyright (C) GIANTS Software GmbH, All Rights Reserved.</annotation>

	<!-- mr
	
		Case IH Magnum 340 and 380CVX
		
		ECE R120 power :
		340 = 275KW / 301KW boost
		380 = 307KW / 320KW boost		
		
		data comes from profi test 2016/08 + nebraska test 2126
		
		pto power : 
		340 = 249KW / 272KW boost
		380 = 277.9KW / 289.7KW boost		
		
		change front wheels
		set greater tyre weight
		increase dual config weight
		
	-->
	<moreRealistic useMrTransmission="true">		
		<dragArea value="5.7" />
		<engine rotInertiaFx="1" transmissionEfficiency="0.89" minSpeed="3" engineBrakeForceFx="1.2" fuelUsageFactor="0.94" engineBrakeRpm="2370" />
		<lateralForces useSingleComponent="false" />
	</moreRealistic>
	
    <storeData>
        <name>Magnum CVX</name>
        <specs>
            <power>409</power>
            <maxSpeed>50</maxSpeed>
        </specs>
        <functions>
            <function>$l10n_function_tractor</function>
        </functions>
        <image>data/store/store_caseIHMagnum380.png</image>
        <price>332000</price>
        <dailyUpkeep>480</dailyUpkeep>
        <lifetime>600</lifetime>
        <rotation>0</rotation>
        <brand>CASEIH</brand>
        <category>tractors</category>
        <fieldJob sizeCategory="3" typeCategory="tractor" hasFrontAndBackHydraulics="true" />
        <vertexBufferMemoryUsage>2408612</vertexBufferMemoryUsage>
        <indexBufferMemoryUsage>411144</indexBufferMemoryUsage>
        <textureMemoryUsage>35433648</textureMemoryUsage>
        <instanceVertexBufferMemoryUsage>0</instanceVertexBufferMemoryUsage>
        <instanceIndexBufferMemoryUsage>0</instanceIndexBufferMemoryUsage>
    </storeData>

    <typeDesc>$l10n_typeDesc_tractor</typeDesc>
    <filename>data/vehicles/steerable/caseIH/caseIHMagnum380.i3d</filename>

    <size width="3.8" length="7.5"/>

    <wheelConfigurations>
        <wheelConfiguration name="$l10n_configuration_valueCrawler" price="20000" icon="$dataS2/menu/hud/configurations/config_wheel_track.png">
            <wheels autoRotateBackSpeed="1.7" ackermannSteeringIndex="2" maxForwardSpeed="40">
                <wheel rotSpeed="1" restLoad="3.6" repr="1>0|0|0" driveNode="1>0|0|0|0" forcePointRatio="0.2" filename="$data/vehicles/wheels/trelleborg/TM1000_650_60R34.xml" isLeft="true"                    initialCompression="-10" suspTravel="0.2" spring="68" damper="17" hasTireTracks="true" hasParticles="true" fenderNode="1>0|0|0|1" fenderRotMax="23" />
                <wheel rotSpeed="1" restLoad="3.6" repr="1>0|1|0" driveNode="1>0|1|0|0" forcePointRatio="0.2" filename="$data/vehicles/wheels/trelleborg/TM1000_650_60R34.xml" isLeft="false"                   initialCompression="-10" suspTravel="0.2" spring="68" damper="17" hasTireTracks="true" hasParticles="true" fenderNode="1>0|1|0|1" fenderRotMin="-23" />
                <wheel rotSpeed="0" restLoad="3.3" repr="0>0|0"   driveNode="0>0|0|0"   forcePointRatio="0.3" radius="1.0" width="0.71" frictionScale="2" mass="2.7" tireType="crawler" tireTrackAtlasIndex="7" initialCompression="10" suspTravel="0.2" spring="130" damper="22" hasTireTracks="true" hasParticles="true" />
                <wheel rotSpeed="0" restLoad="3.3" repr="0>0|1"   driveNode="0>0|1|0"   forcePointRatio="0.3" radius="1.0" width="0.71" frictionScale="2" mass="2.7" tireType="crawler" tireTrackAtlasIndex="7" initialCompression="10" suspTravel="0.2" spring="130" damper="22" hasTireTracks="true" hasParticles="true" />
            </wheels>
            <crawlers>
                <crawler index="0" speedRefWheel="3" scrollSpeed="0.148" scrollLength="6.76" shaderParameterName="offsetUV" shaderParameterComponent="1" length="1" filename="$data/vehicles/wheels/lizard/crawler.i3d" linkIndex="0>0|0" offset="-0.15 0 0" crawlerIndex="0|1">
                    <rotatingPart index="1" radius="0.578" />
                    <rotatingPart index="2" radius="0.331" />
                    <rotatingPart index="3" radius="0.331" />
                    <rotatingPart index="4" radius="0.171" />
                    <rotatingPart index="5" radius="0.171" />
                    <rotatingPart index="6" radius="0.171" />
                </crawler>
                <crawler index="0" speedRefWheel="4" scrollSpeed="0.148" scrollLength="6.76" shaderParameterName="offsetUV" shaderParameterComponent="1" length="1" filename="$data/vehicles/wheels/lizard/crawler.i3d" linkIndex="0>0|1" offset="0.15 0 0" crawlerIndex="0|0" >
                    <rotatingPart index="1" radius="0.578" />
                    <rotatingPart index="2" radius="0.331" />
                    <rotatingPart index="3" radius="0.331" />
                    <rotatingPart index="4" radius="0.171" />
                    <rotatingPart index="5" radius="0.171" />
                    <rotatingPart index="6" radius="0.171" />
                </crawler>
            </crawlers>
            <objectChange node="0>12|2|0" visibilityActive="false" visibilityInactive="true"/>
            <objectChange node="0>12|2|1" visibilityActive="true" visibilityInactive="false"/>
        </wheelConfiguration>
        <wheelConfiguration name="$l10n_configuration_valueDefault" price="0" >
            <wheels autoRotateBackSpeed="1.7">
                <wheel rotSpeed="1" restLoad="3.6" repr="1>0|0|0" driveNode="1>0|0|0|0" forcePointRatio="0.2" filename="$data/vehicles/wheels/trelleborg/TM1000_600_70R30.xml"                     isLeft="true"  initialCompression="0" suspTravel="0.2" spring="68" damper="17" hasTireTracks="true" hasParticles="true" fenderNode="1>0|0|0|1" fenderRotMax="23" />
                <wheel rotSpeed="1" restLoad="3.6" repr="1>0|1|0" driveNode="1>0|1|0|0" forcePointRatio="0.2" filename="$data/vehicles/wheels/trelleborg/TM1000_600_70R30.xml"                     isLeft="false" initialCompression="0" suspTravel="0.2" spring="68" damper="17" hasTireTracks="true" hasParticles="true" fenderNode="1>0|1|0|1" fenderRotMin="-23" />
                <wheel rotSpeed="0" restLoad="3.2" repr="0>0|0"                         forcePointRatio="0.3" filename="$data/vehicles/wheels/trelleborg/TM1000_710_70R42.xml" configIndex="n10v9" isLeft="true"  initialCompression="0" suspTravel="0.2" spring="130" damper="22" hasTireTracks="true" hasParticles="true" />
                <wheel rotSpeed="0" restLoad="3.2" repr="0>0|1"                         forcePointRatio="0.3" filename="$data/vehicles/wheels/trelleborg/TM1000_710_70R42.xml" configIndex="n10v9" isLeft="false" initialCompression="0" suspTravel="0.2" spring="130" damper="22" hasTireTracks="true" hasParticles="true" />
            </wheels>
        </wheelConfiguration>
        <wheelConfiguration name="$l10n_configuration_valueWheelWeights" price="1800" icon="$dataS2/menu/hud/configurations/config_wheel_weight.png" >
            <wheels autoRotateBackSpeed="1.7" ackermannSteeringIndex="2">
                <wheel rotSpeed="1" restLoad="3.6" repr="1>0|0|0" driveNode="1>0|0|0|0" forcePointRatio="0.2" filename="$data/vehicles/wheels/trelleborg/TM1000_650_60R34.xml"                      isLeft="true"  initialCompression="-10" suspTravel="0.2" spring="68" damper="18" hasTireTracks="true" hasParticles="true" fenderNode="1>0|0|0|1" fenderRotMax="23" />
                <wheel rotSpeed="1" restLoad="3.6" repr="1>0|1|0" driveNode="1>0|1|0|0" forcePointRatio="0.2" filename="$data/vehicles/wheels/trelleborg/TM1000_650_60R34.xml"                      isLeft="false" initialCompression="-10" suspTravel="0.2" spring="68" damper="18" hasTireTracks="true" hasParticles="true" fenderNode="1>0|1|0|1" fenderRotMin="-23" />
                <wheel rotSpeed="0" restLoad="3.8" repr="0>0|0"                         forcePointRatio="0.3" filename="$data/vehicles/wheels/trelleborg/TM900_710_75R42.xml" configIndex="n10v9w3" isLeft="true"  initialCompression="-13" suspTravel="0.2" spring="130" damper="22" hasTireTracks="true" hasParticles="true" mass="1.37" />
                <wheel rotSpeed="0" restLoad="3.8" repr="0>0|1"                         forcePointRatio="0.3" filename="$data/vehicles/wheels/trelleborg/TM900_710_75R42.xml" configIndex="n10v9w3" isLeft="false" initialCompression="-13" suspTravel="0.2" spring="130" damper="22" hasTireTracks="true" hasParticles="true" mass="1.37" />
            </wheels>
        </wheelConfiguration>
        <wheelConfiguration name="$l10n_configuration_valueWheelBroad" price="1800" icon="$dataS2/menu/hud/configurations/config_wheel_broad.png">
            <wheels autoRotateBackSpeed="1.7" ackermannSteeringIndex="2">
                <wheel rotSpeed="1" restLoad="3.6" repr="1>0|0|0" driveNode="1>0|0|0|0" forcePointRatio="0.2" filename="$data/vehicles/wheels/trelleborg/TM1000_650_60R34.xml"                     isLeft="true"  initialCompression="-10" suspTravel="0.2" spring="68" damper="18" hasTireTracks="true" hasParticles="true" fenderNode="1>0|0|0|1" fenderRotMax="23" />
                <wheel rotSpeed="1" restLoad="3.6" repr="1>0|1|0" driveNode="1>0|1|0|0" forcePointRatio="0.2" filename="$data/vehicles/wheels/trelleborg/TM1000_650_60R34.xml"                     isLeft="false" initialCompression="-10" suspTravel="0.2" spring="68" damper="18" hasTireTracks="true" hasParticles="true" fenderNode="1>0|1|0|1" fenderRotMin="-23" />
                <wheel rotSpeed="0" restLoad="3.3" repr="0>0|0"                         forcePointRatio="0.3" filename="$data/vehicles/wheels/trelleborg/TM1000_900_60R42.xml" configIndex="n10v9" isLeft="true"  initialCompression="-15" suspTravel="0.2" spring="130" damper="24" hasTireTracks="true" hasParticles="true" />
                <wheel rotSpeed="0" restLoad="3.3" repr="0>0|1"                         forcePointRatio="0.3" filename="$data/vehicles/wheels/trelleborg/TM1000_900_60R42.xml" configIndex="n10v9" isLeft="false" initialCompression="-15" suspTravel="0.2" spring="130" damper="24" hasTireTracks="true" hasParticles="true" />
            </wheels>
            <objectChange node="0>0|0" translationActive="0.95 1.057 -1.707" />
            <objectChange node="0>0|1" translationActive="-0.95 1.057 -1.707" />
            <objectChange node="1>0|0|0|0" translationActive="0.2 0 0" />
            <objectChange node="1>0|1|0|0" translationActive="-0.2 0 0" />
        </wheelConfiguration>
        <wheelConfiguration name="$l10n_configuration_valueTwinWheelsNarrow" price="4000" icon="$dataS2/menu/hud/configurations/config_wheel_thinTwin.png" >
            <wheels autoRotateBackSpeed="1.7" ackermannSteeringIndex="3">
                <wheel rotSpeed="1" restLoad="3.6" repr="1>0|0|0" driveNode="1>0|0|0|0" forcePointRatio="0.2" filename="$data/vehicles/wheels/trelleborg/TM600_420_85R34.xml" isLeft="true"  initialCompression="0" suspTravel="0.34" spring="68" damper="18" hasTireTracks="true" hasParticles="true" fenderNode="1>0|0|0|1" fenderRotMax="23" mass="0.3" mrForcePointOffsetX="0.6" >
                    <additionalWheel filename="$data/vehicles/wheels/trelleborg/TM600_420_85R34.xml" configIndex="dual" isLeft="true" offset="0.2" hasTireTracks="true" hasParticles="true" addRaycast="true" >
                        <connector filename="$data/vehicles/wheels/rims/dual002.i3d" index="0|1|0" useWidthAndDiam="true" width="28" />
                        <hub filename="$data/vehicles/wheels/hubs/hubs.i3d" index="2|2|0" scale="0.35 0.35 0.35" offset="-0.48" />
                    </additionalWheel>
                </wheel>
                <wheel rotSpeed="1" restLoad="3.6" repr="1>0|1|0" driveNode="1>0|1|0|0" forcePointRatio="0.2" filename="$data/vehicles/wheels/trelleborg/TM600_420_85R34.xml" isLeft="false" initialCompression="0" suspTravel="0.34" spring="68" damper="18" hasTireTracks="true" hasParticles="true" fenderNode="1>0|1|0|1" fenderRotMin="-23" mass="0.3" mrForcePointOffsetX="0.6" >
                    <additionalWheel filename="$data/vehicles/wheels/trelleborg/TM600_420_85R34.xml" configIndex="dual" isLeft="false" offset="0.2" hasTireTracks="true" hasParticles="true" addRaycast="true" >
                        <connector filename="$data/vehicles/wheels/rims/dual002.i3d" index="0|1|0" useWidthAndDiam="true" width="28"/>
                        <hub filename="$data/vehicles/wheels/hubs/hubs.i3d" index="2|2|1" scale="0.35 0.35 0.35" offset="-0.48" />
                    </additionalWheel>
                </wheel>
                <wheel rotSpeed="0" restLoad="3.3" repr="0>0|0"                         forcePointRatio="0.3" filename="$data/vehicles/wheels/trelleborg/TM600_480_80R50.xml" isLeft="true"  initialCompression="0" suspTravel="0.34" spring="130" damper="22" hasTireTracks="true" hasParticles="true" mass="0.7" mrForcePointOffsetX="0.7" >
                    <additionalWheel filename="$data/vehicles/wheels/trelleborg/TM600_480_80R50.xml" configIndex="dual" isLeft="true" offset="0.2" hasTireTracks="true" hasParticles="true" addRaycast="true" >
                        <connector filename="$data/vehicles/wheels/rims/dual002.i3d" index="0|0|0" useWidthAndDiam="true" />
                        <hub filename="$data/vehicles/wheels/hubs/hubs.i3d" index="1|8|0" scale="0.25 0.25 0.25" offset="-0.31" />
                    </additionalWheel>
                </wheel>
                <wheel rotSpeed="0" restLoad="3.3" repr="0>0|1"                         forcePointRatio="0.3" filename="$data/vehicles/wheels/trelleborg/TM600_480_80R50.xml" isLeft="false" initialCompression="0" suspTravel="0.34" spring="130" damper="22" hasTireTracks="true" hasParticles="true" mass="0.7" mrForcePointOffsetX="0.7" >
                    <additionalWheel filename="$data/vehicles/wheels/trelleborg/TM600_480_80R50.xml" configIndex="dual" isLeft="false" offset="0.2" hasTireTracks="true" hasParticles="true" addRaycast="true" >
                        <connector filename="$data/vehicles/wheels/rims/dual002.i3d" index="0|0|0" useWidthAndDiam="true" />
                        <hub filename="$data/vehicles/wheels/hubs/hubs.i3d" index="1|8|1" scale="0.25 0.25 0.25" offset="-0.31" />
                    </additionalWheel>
                </wheel>
            </wheels>
            <objectChange node="0>14|2" translationActive="-1.31 1.219 -1.593" translationInactive="-0.838 1.219 -1.593" />
            <objectChange node="0>14|3" translationActive="1.25 1.219 -1.593"  translationInactive="0.838 1.219 -1.593" />
            <objectChange node="1>3|2"  translationActive="-1.4 0.913 1.481"   translationInactive="-0.889 0.913 1.481" />
            <objectChange node="1>3|3"  translationActive="1.35 0.913 1.481"    translationInactive="0.889 0.913 1.481" />
            <size width="4.5" />
        </wheelConfiguration>
		<wheelConfiguration name="$l10n_configuration_valueTwinWheelsBack" price="4000" icon="$dataS2/menu/hud/configurations/config_wheel_twin.png" >
            <wheels autoRotateBackSpeed="1.6" >
                <wheel rotSpeed="1" restLoad="3.6" repr="1>0|0|0" driveNode="1>0|0|0|0" forcePointRatio="0.2" filename="$data/vehicles/wheels/trelleborg/TM1000_600_70R30.xml"                     isLeft="true"  initialCompression="0" suspTravel="0.2" spring="68" damper="17" hasTireTracks="true" hasParticles="true" fenderNode="1>0|0|0|1" fenderRotMax="23" />
                <wheel rotSpeed="1" restLoad="3.6" repr="1>0|1|0" driveNode="1>0|1|0|0" forcePointRatio="0.2" filename="$data/vehicles/wheels/trelleborg/TM1000_600_70R30.xml"                     isLeft="false" initialCompression="0" suspTravel="0.2" spring="68" damper="17" hasTireTracks="true" hasParticles="true" fenderNode="1>0|1|0|1" fenderRotMin="-23" />
                <wheel rotSpeed="0" restLoad="3.6" repr="0>0|0"                         forcePointRatio="0.3" filename="$data/vehicles/wheels/trelleborg/TM1000_710_70R42.xml" configIndex="n10v9" isLeft="true"  initialCompression="0" suspTravel="0.2" spring="130" damper="25" hasTireTracks="true" hasParticles="true" mass="0.8" mrForcePointOffsetX="1.1" mrPressureFx="0.7" >
                    <additionalWheel filename="$data/vehicles/wheels/trelleborg/TM900_710_70R42.xml" configIndex="dual" isLeft="true" offset="0.2" addRaycast="true" hasTireTracks="true" hasParticles="true" >
                        <connector filename="$data/vehicles/wheels/rims/dual001.i3d" index="1|0" />
                    </additionalWheel>
                </wheel>
                <wheel rotSpeed="0" restLoad="3.6" repr="0>0|1"                         forcePointRatio="0.3" filename="$data/vehicles/wheels/trelleborg/TM1000_710_70R42.xml" configIndex="n10v9" isLeft="false" initialCompression="0" suspTravel="0.2" spring="130" damper="25" hasTireTracks="true" hasParticles="true" mass="0.8" mrForcePointOffsetX="1.1" mrPressureFx="0.7" >
                    <additionalWheel filename="$data/vehicles/wheels/trelleborg/TM900_710_70R42.xml" configIndex="dual" isLeft="false" offset="0.2" addRaycast="true" hasTireTracks="true" hasParticles="true" >
                        <connector filename="$data/vehicles/wheels/rims/dual001.i3d" index="1|1" />
                    </additionalWheel>
                </wheel>
            </wheels>
            <objectChange node="0>14|2" translationActive="-1.61 1.219 -1.593" translationInactive="-0.838 1.219 -1.593" />
            <objectChange node="0>14|3" translationActive="1.61 1.219 -1.593"  translationInactive="0.838 1.219 -1.593" />
            <size width="5" />
        </wheelConfiguration>
        <wheelConfiguration name="$l10n_configuration_valueTwinWheelsAll" price="6000" icon="$dataS2/menu/hud/configurations/config_wheel_twin.png" >
            <wheels autoRotateBackSpeed="1.6" ackermannSteeringIndex="4">
                <wheel rotSpeed="1" restLoad="3.8" repr="1>0|0|0" driveNode="1>0|0|0|0" forcePointRatio="0.2" filename="$data/vehicles/wheels/trelleborg/TM1000_600_70R30.xml"                     isLeft="true"  initialCompression="0" suspTravel="0.2" spring="68" damper="20" hasTireTracks="true" hasParticles="true" fenderNode="1>0|0|0|1" fenderRotMax="23" mass="0.5" mrForcePointOffsetX="0.9" mrPressureFx="0.7" >
                    <additionalWheel filename="$data/vehicles/wheels/trelleborg/TM1000_600_70R30.xml" configIndex="dual" isLeft="true" offset="0.15" addRaycast="true" hasTireTracks="true" hasParticles="true" >
                        <connector filename="$data/vehicles/wheels/rims/dual001.i3d" index="1|0" />
                    </additionalWheel>
                </wheel>
                <wheel rotSpeed="1" restLoad="3.8" repr="1>0|1|0" driveNode="1>0|1|0|0" forcePointRatio="0.2" filename="$data/vehicles/wheels/trelleborg/TM1000_600_70R30.xml"                     isLeft="false" initialCompression="0" suspTravel="0.2" spring="68" damper="20" hasTireTracks="true" hasParticles="true" fenderNode="1>0|1|0|1" fenderRotMin="-23" mass="0.5" mrForcePointOffsetX="0.9" mrPressureFx="0.7" >
                    <additionalWheel filename="$data/vehicles/wheels/trelleborg/TM1000_600_70R30.xml" configIndex="dual" isLeft="false" offset="0.15" addRaycast="true" hasTireTracks="true" hasParticles="true" >
                        <connector filename="$data/vehicles/wheels/rims/dual001.i3d" index="1|1" />
                    </additionalWheel>
                </wheel>
                <wheel rotSpeed="0" restLoad="3.6" repr="0>0|0"                         forcePointRatio="0.3" filename="$data/vehicles/wheels/trelleborg/TM1000_710_70R42.xml" configIndex="n10v9" isLeft="true"  initialCompression="0" suspTravel="0.2" spring="130" damper="25" hasTireTracks="true" hasParticles="true" mass="0.8" mrForcePointOffsetX="1.1" mrPressureFx="0.7" >
                    <additionalWheel filename="$data/vehicles/wheels/trelleborg/TM900_710_70R42.xml" configIndex="dual" isLeft="true" offset="0.2" addRaycast="true" hasTireTracks="true" hasParticles="true" >
                        <connector filename="$data/vehicles/wheels/rims/dual001.i3d" index="1|0" />
                    </additionalWheel>
                </wheel>
                <wheel rotSpeed="0" restLoad="3.6" repr="0>0|1"                         forcePointRatio="0.3" filename="$data/vehicles/wheels/trelleborg/TM1000_710_70R42.xml" configIndex="n10v9" isLeft="false" initialCompression="0" suspTravel="0.2" spring="130" damper="25" hasTireTracks="true" hasParticles="true" mass="0.8" mrForcePointOffsetX="1.1" mrPressureFx="0.7" >
                    <additionalWheel filename="$data/vehicles/wheels/trelleborg/TM900_710_70R42.xml" configIndex="dual" isLeft="false" offset="0.2" addRaycast="true" hasTireTracks="true" hasParticles="true" >
                        <connector filename="$data/vehicles/wheels/rims/dual001.i3d" index="1|1" />
                    </additionalWheel>
                </wheel>
            </wheels>
            <objectChange node="0>14|2" translationActive="-1.63 1.219 -1.593" translationInactive="-0.838 1.219 -1.593" />
            <objectChange node="0>14|3" translationActive="1.58 1.219 -1.593"  translationInactive="0.838 1.219 -1.593" />
            <objectChange node="1>3|2"  translationActive="-1.55 0.913 1.481"  translationInactive="-0.889 0.913 1.481" />
            <objectChange node="1>3|3"  translationActive="1.5 0.913 1.481"    translationInactive="0.889 0.913 1.481" />
            <size width="5" />
        </wheelConfiguration>
    </wheelConfigurations>

    <ackermannSteeringConfigurations>
        <ackermannSteering rotSpeed="60" rotMax="44" rotCenterWheel1="2" rotCenterWheel2="3" />
		<ackermannSteering rotSpeed="60" rotMax="42" rotCenterWheel1="2" rotCenterWheel2="3" />
        <ackermannSteering rotSpeed="60" rotMax="42" rotCenterWheel1="2" rotCenterWheel2="3" />
		<ackermannSteering rotSpeed="60" rotMax="38" rotCenterWheel1="2" rotCenterWheel2="3" />
    </ackermannSteeringConfigurations>

    <differentials>
        <differential torqueRatio="0.5" maxSpeedRatio="1" wheelIndex1="0" wheelIndex2="1" /> <!-- front left-right -->
        <differential torqueRatio="0.5" maxSpeedRatio="1"  wheelIndex1="2" wheelIndex2="3" /> <!-- back left-right -->
        <differential torqueRatio="0.5" maxSpeedRatio="1" differentialIndex1="0" differentialIndex2="1" /> <!-- front-back -->
    </differentials>

    <motorConfigurations>
        <motorConfiguration name="340 CVX" hp="409" price="0">
            <motor torqueScale="1.490" minRpm="900" maxRpm="2230" maxForwardSpeed="50" maxBackwardSpeed="25" brakeForce="8.8" lowBrakeForceScale="0.22" lowBrakeForceSpeedLimit="1" rotInertia="0.002" minForwardGearRatio="10.556" maxForwardGearRatio="150" minBackwardGearRatio="30.16" maxBackwardGearRatio="150" ptoMotorRpmRatio="3.3389">
                <torque normRpm="0.404" torque="0.83"/>
                <torque normRpm="0.448" torque="0.892"/>
                <torque normRpm="0.493" torque="0.961"/>
                <torque normRpm="0.583" torque="1"/>
                <torque normRpm="0.717" torque="0.984"/>
				<torque normRpm="0.812" torque="0.886"/>
				<torque normRpm="0.897" torque="0.700"/>
				<torque normRpm="0.942" torque="0.580"/>
                <torque normRpm="1" torque="0"/>
            </motor>
            <objectChange node="0>12|0" visibilityActive="true"/>
            <objectChange node="0>12|1" visibilityActive="false"/>
			<mrBoost ptoBoostTorqueRatio="1.095" speedBoostTorqueRatio="1.095" speedBoostStartKph="15" speedBoostFullKph="22" maxBoostRatio="1.095" />
        </motorConfiguration>
        <motorConfiguration name="380 CVX" hp="435" price="13000" dailyUpkeep="26" icon="$dataS2/menu/hud/configurations/config_engine.png">
            <motor torqueScale="1.664" />
            <objectChange node="0>12|0" visibilityActive="false"/>
            <objectChange node="0>12|1" visibilityActive="true"/>
			<mrBoost ptoBoostTorqueRatio="1.042" speedBoostTorqueRatio="1.042" speedBoostStartKph="15" speedBoostFullKph="22" maxBoostRatio="1.042" />
        </motorConfiguration>
    </motorConfigurations>

    <fuelCapacity>617</fuelCapacity>

    <cameras count="2">
        <camera1 index="0>1|0|0" rotatable="true" rotateNode="0>1|0" limit="true" useWorldXZRotation="true" rotMinX="-1.4" rotMaxX="1" transMin="4" transMax="40" >
            <raycastNode index="0>1|2"/>
            <raycastNode index="0>1|3"/>
        </camera1>
        <camera2 index="0>1|1" rotatable="true" limit="true" rotMinX="-1.1" rotMaxX="0.4" transMin="0" transMax="0" useMirror="true" isInside="true" />
    </cameras>

    <lights>
        <low>
            <light                       decoration="0>2|0|0"   lightTypes="0 3" />
            <light realLight="0>2|0|1"                          lightTypes="0" excludedLightTypes="3" /> <!--FrontLights-->
            <light                       decoration="0>2|2|0"   lightTypes="0 1"/> <!--BackLights-->
            <light realLight="0>2|1|0|1" decoration="0>2|1|0|0" lightTypes="1"/> <!--WorklightBack-->
            <light                       decoration="0>2|1|1|0" lightTypes="2"/> <!--WorklightFront-->
            <light realLight="0>2|0|2"                          lightTypes="3"/> <!--HighBeam -->
        </low>
        <high>
            <light                       decoration="0>2|0|0"   lightTypes="0 3" />
            <light realLight="0>2|0|3"                          lightTypes="0" excludedLightTypes="2 3" /> <!--FrontLights-->
            <light realLight="0>2|2|1"   decoration="0>2|2|0"   lightTypes="0 3" /> <!--BackLights-->
            <light realLight="0>2|1|0|2" decoration="0>2|1|0|0" lightTypes="1" /> <!--WorklightBack  -->
            <light realLight="0>2|1|1|1" decoration="0>2|1|1|0" lightTypes="2"  /> <!--WorklightFront -->
            <light realLight="0>2|0|4"                          lightTypes="3" excludedLightTypes="2" /> <!--HighBeam-->
        </high>
        <states>
            <state lightTypes="0" />
            <state lightTypes="0 1" />
            <state lightTypes="0 1 2" />
        </states>
    </lights>

    <brakeLights>
        <brakeLight realLight="0>2|2|1" decoration="0>2|4|0" />
    </brakeLights>

    <beaconLights>
        <beaconLight index="0>2|5|0" speed="0.015" filename="$data/shared/beaconLights/beaconLight02.i3d" />
        <beaconLight index="0>2|5|1" speed="0.015" filename="$data/shared/beaconLights/beaconLight02.i3d" />
    </beaconLights>

    <turnLights>
        <turnLightLeft realLight="0>2|3|0|1" decoration="0>2|3|0|0" />
        <turnLightLeft realLight="0>2|3|0|2" />
        <turnLightRight realLight="0>2|3|1|1" decoration="0>2|3|1|0" />
        <turnLightRight realLight="0>2|3|1|2" />
    </turnLights>

    <mirrors>
        <mirror index="0>11|0" prio="1" />
        <mirror index="0>11|1" prio="2" />
        <mirror index="0>11|2" prio="1" />
        <mirror index="0>11|3" prio="2" />
        <mirror index="0>11|4" prio="2" />
    </mirrors>

    <indoorHud>
        <fuel animName="fuelDisplay" />
        <cruiseControl numbers="0>10|1" precision="1" />
        <speed numbers="0>10|2" precision="1" />
        <speed numbers="0>10|3" precision="2" />
        <rpm numbers="0>10|4" precision="0" />
        <rpm numbers="0>10|5" precision="0" />
        <time numbers="0>10|6" precision="2" />
        <operatingTime numbers="0>10|7" precision="1" />
        <fuelUsage numbers="0>10|8" precision="1" />
    </indoorHud>

    <enterReferenceNode index="0>"/>
    <exitPoint index="0>3"/>

    <attacherJoints comboDuration="2">
        <attacherJoint index="0>5|0|0|0|0" rotationNode="0>5|0|0" rotationNode2="0>5|0|0|0" upperRotation="18 0 0" lowerRotation="-13 0 0" upperDistanceToGround="0.95" lowerDistanceToGround="0.34" upperRotationOffset="0.38" moveTime="2.5" ptoOutputNode="0>5|2|0" comboTime="1">
            <bottomArm rotationNode="0>5|0|1" translationNode="0>5|0|1|0" referenceNode="0>5|0|1|0|0" zScale="-1" startRotation="-17 0 0" />
            <topArm baseNode="0>5|0|2" filename="$data/shared/vehicleParts/upperLink.i3d" zScale="-1" />
            <schema position="1 0" rotation="0" invertX="false" />
            <objectChange node="0>5|1|0" visibilityActive="false" visibilityInactive="true" />
        </attacherJoint>
        <attacherJoint index="0>5|0|3|0|0" rotationNode="0>5|0|3" rotationNode2="0>5|0|3|0" upperRotation="-26 0 0" lowerRotation="28 0 0" upperDistanceToGround="1.01" lowerDistanceToGround="0.28" upperRotationOffset="-0.38" moveTime="3" ptoOutputNode="0>5|2|1" comboTime="0">
            <bottomArm rotationNode="0>5|0|4" translationNode="0>5|0|4|0" referenceNode="0>5|0|4|0|0" zScale="1" startRotation="-28 0 0"/>
            <topArm baseNode="0>5|0|5" filename="$data/shared/vehicleParts/upperLink.i3d" zScale="1" toggleVisibility="true" />
            <schema position="0 0" rotation="0" invertX="true" />
            <objectChange node="0>5|0|4|0|2|0" rotationActive="0 0 0" />
            <objectChange node="0>5|0|4|0|3|0" rotationActive="0 0 0" />
        </attacherJoint>
        <!-- trailer attacher -->
        <attacherJoint index="0>5|1|0|0" transNode="0>5|1|0" transNodeMinY="0.462" transNodeMaxY="1.091" mrOffsetY="-0.06" jointType="trailer" lowerRotLimit="20 87 50" upperRotRotationOffset="0" allowsJointLimitMovement="false" ptoOutputNode="0>5|2|0" comboTime="1">
            <schema position="1 0" rotation="0" invertX="false" />
            <objectChange node="0>5|1|1" visibilityActive="false"  visibilityInactive="true" />
        </attacherJoint>
        <attacherJoint index="0>5|1|1|0" transNode="0>5|1|1" transNodeMinY="0.4" transNodeMaxY="0.7" mrOffsetY="-0.06" jointType="trailerLow" lowerRotLimit="20 82 50" upperRotRotationOffset="0" allowsJointLimitMovement="false" ptoOutputNode="0>5|2|0" comboTime="1">
            <schema position="1 0" rotation="0" invertX="false" />
            <objectChange node="0>5|0|1" rotationActive="35 0 0"  rotationInactive="-17 0 0" />
            <objectChange node="0>5|1|0" visibilityActive="false"  visibilityInactive="true" />
            <steeringBars leftNode="0>5|1|1|1" rightNode="0>5|1|1|2" />
        </attacherJoint>
        <attacherJoint index="0>5|1|2" jointType="trailer" lowerRotLimit="20 85 50" upperRotRotationOffset="0" allowsJointLimitMovement="false" ptoOutputNode="0>5|2|1" comboTime="0">
            <schema position="0 0" rotation="0" invertX="true" />
            <objectChange node="0>5|0|4|0|2|0" visibilityActive="false" visibilityInactive="true" />
            <objectChange node="0>5|0|4|0|3|0" visibilityActive="false" visibilityInactive="true" />
        </attacherJoint>
    </attacherJoints>

    <movingTools>
        <!-- attacher joint back bottom-->
        <movingTool index="0>5|0|1">
            <dependentPart index="0>9|1" />
        </movingTool>
        <!-- attacher joint front bottom-->
        <movingTool index="0>5|0|4">
            <!-- cylinder -->
            <dependentPart index="0>9|0" />
        </movingTool>
    </movingTools>

    <movingParts>
        <!-- front -->
        <movingPart index="0>9|0" referencePoint="0>5|0|4|0|1" referenceFrame="0>9|3" >
            <translatingPart index="0>9|0|0" />
        </movingPart>

        <!-- back -->
        <movingPart index="0>9|1" referencePoint="0>5|0|1|0|1" localReferencePoint="0>9|1|0" referenceFrame="0>5|0|1|0" >
            <dependentPart index="0>9|1|0" />
        </movingPart>
        <movingPart index="0>9|1|0" referencePoint="0>5|0|1|0|1" referenceFrame="0>9|3" >
            <dependentPart index="0>9|2" />
            <dependentPart index="0>9|6" />
            <dependentPart index="0>9|7" />
        </movingPart>
        <movingPart index="0>9|2" referencePoint="0>9|1|1" referenceFrame="0>9|3" >
            <translatingPart index="0>9|2|0" />
            <dependentPart index="0>9|2|1" />
            <dependentPart index="0>9|2|2" />
        </movingPart>
        <movingPart index="0>9|2|1" referencePoint="0>9|4" referenceFrame="0>9|4" />
        <movingPart index="0>9|2|2" referencePoint="0>9|5" referenceFrame="0>9|5" />

        <!-- steering -->
        <movingPart index="1>0|0|0|2" referencePoint="1>0|1|0|2" referenceFrame="1>0|1|0|2" isActiveDirty="true" scaleZ="true" />
        <movingPart index="1>1|0" referencePoint="1>0|0|0|3" referenceFrame="1>0|0|0|3" isActiveDirty="true" >
            <translatingPart index="1>1|0|0" />
        </movingPart>
        <movingPart index="1>1|1" referencePoint="1>0|1|0|3" referenceFrame="1>0|1|0|3" isActiveDirty="true" >
            <translatingPart index="1>1|1|0" />
        </movingPart>

        <movingPart index="0>9|6" referencePoint="1>1|2" referenceFrame="1>1|2" isActiveDirty="true" >
            <translatingPart index="0>9|6|0" />
        </movingPart>
        <movingPart index="0>9|7" referencePoint="1>1|3" referenceFrame="1>1|3" isActiveDirty="true" >
            <translatingPart index="0>9|7|0" />
        </movingPart>
    </movingParts>

    <animations>
        <animation name="fuelDisplay">
            <part node="0>10|0" startTime="0" endTime="1" startRot="0 0 0" endRot="-94 0 0" />
        </animation>
    </animations>

    <steering index="0>4|0" indoorRotation="540" outdoorRotation="50" />

    <characterNode index="0>6|0" cameraMinDistance="1.5" filename="$dataS2/character/player/player.xml" spineRotation="180 0 100" >
        <target ikChain="rightFoot" targetNode="0>6|1" />
        <target ikChain="leftFoot"  targetNode="0>6|2" />
        <target ikChain="rightArm"  targetNode="0>4|0|0" setDirty="true"/>
        <target ikChain="leftArm"   targetNode="0>4|0|1" setDirty="true" />
    </characterNode>

    <ai>
        <trafficCollisionTrigger index="0>7|0" />
    </ai>

    <exhaustEffects>
        <exhaustEffect index="0>8|0" filename="$data/particleSystems/shared/exhaust.i3d" minRpmColor="0.9 0.9 0.9 0.1" maxRpmColor="0.9 0.9 0.9 0.4" minRpmScale="0.05" maxRpmScale="0.5" xzRotationsOffset="100 0" xzRotationsForward="100 0" xzRotationsBackward="-100 0" xzRotationsLeft="-40 -150" xzRotationsRight="-40 150" />
    </exhaustEffects>

    <motorStartDuration>2500</motorStartDuration>
    <motorStartSound file="$data/vehicles/steerable/americanTruck/usaEngine_start.wav"   pitchOffset="0.70" volume="1.00" indoorVolumeFactor="0.40"  indoorLowpassGain="0.95"/>
    <motorSound file="$data/vehicles/steerable/americanTruck/usaEngine_idle.wav"         pitchOffset="0.70" volume="1.10" indoorVolumeFactor="0.50"  indoorLowpassGain="0.95" pitchMax="1.10" pitchScale="0.04" volumeMin="0.75" volumeMinSpeed="14" />
    <motorStopSound file="$data/vehicles/steerable/newHolland/newHollandT8320_stop.wav"  pitchOffset="0.96" volume="1.00" indoorVolumeFactor="0.48"  indoorLowpassGain="0.75" />

    <motorSoundRun  file="$data/vehicles/steerable/caseIH/cnhNef23_run.wav"              pitchOffset="0.70" volume="0.80" indoorVolumeFactor="0.70" indoorLowpassGain="0.75" pitchMax="1.00"    />
    <motorSoundLoad file="$data/sounds/engine/loadHP300.wav"                             pitchOffset="0.50" volume="1.00" indoorVolumeFactor="0.44" indoorLowpassGain="0.95" pitchMax="0.90" minimalVolumeFactor="0.03"/>

    <gearboxSound file="$data/sounds/transmission/transmissionCVT.wav"                   pitchOffset="0.67" volume="0.09" indoorVolumeFactor="0.85" indoorLowpassGain="0.80" pitchMax="1.00" volumeMax="0.50"  reverseVolumeMax="0.025"  />
    <retarderSound file="$data/sounds/transmission/hs115LE.wav"                          pitchOffset="0.80" volume="0.08" indoorVolumeFactor="0.85" indoorLowpassGain="0.60" pitchMax="1.99" volumeMax="0.30" minSpeed="12"/>

    <brakeCompressor capacity="10000" fillSpeed="850" />
    <maximalAirConsumptionPerFullStop value="500" />
    <brakeCompressorStartSound file="$data/sounds/technicalAccessories/compressor_controller.wav" pitchOffset="1.00" volume="0.85" indoorVolumeFactor="0.60" indoorLowpassGain="0.70" />
    <brakeCompressorRunSound file="$data/sounds/technicalAccessories/compressor_idle.wav"         pitchOffset="1.10" volume="0.18" indoorVolumeFactor="0.40" indoorLowpassGain="0.70" pitchMax="1.18" />
    <brakeCompressorStopSound file="$data/sounds/technicalAccessories/brakeSmall.wav"             pitchOffset="1.00" volume="0.95" indoorVolumeFactor="0.65" indoorLowpassGain="0.70" />
    <compressedAirSound file="$data/sounds/technicalAccessories/brakeSmall.wav"                   pitchOffset="1.00" volume="0.65" indoorVolumeFactor="0.45" indoorLowpassGain="0.70" />
    <airReleaseValveSound file="$data/sounds/technicalAccessories/pressure_regulator.wav"         pitchOffset="1.10" volume="0.90" indoorVolumeFactor="0.75" indoorLowpassGain="0.70" />

    <hydraulicSound file="$data/sounds/hydraulicUp.wav"                                           pitchOffset="0.90" volume="0.65" indoorVolumeFactor="0.45" indoorLowpassGain="0.75"/>
    <attachSound file="$data/sounds/attach.wav"                                                   pitchOffset="1.00" volume="1.00"  indoorVolumeFactor="0.35" indoorLowpassGain="0.75"/>
    <honkSound file="$data/sounds/hornBig.wav"                                                    pitchOffset="1.00" volume="1.50"  indoorVolumeFactor="0.30" indoorLowpassGain="0.75" radius="70" innerRadius="10" />

    <washable dirtDuration="50" washDuration="1" workMultiplier="4" />

    <components count="2">
        <component1 centerOfMass="0 1.13 -0.59" solverIterationCount="10" mrSetMass="10.96" />
        <component2 centerOfMass="0 0 0" solverIterationCount="20" mrSetMass="1.5" />
        <joint component1="0" component2="1" index="0>0|2" rotLimit="0 0 10" transLimit="0 0 0" maxRotDriveForce="0 0 0" rotDriveRotation="- - 0" rotDriveSpring="0 0 30" rotDriveDamping="0 0 0" breakable="false"/>
    </components>

    <schemaOverlay file="$dataS2/menu/schemas/vehicleSchema.png" fileSelected="$dataS2/menu/schemas/vehicleSchemaSelected.png" width="0.5" height="0.5" attacherJointPosition="0.5 0" />

</vehicle>
