﻿<?xml version="1.0" encoding="utf-8" standalone="no" ?>
<vehicle type="plough">
    <annotation>Copyright (C) GIANTS Software GmbH, All Rights Reserved.</annotation>
	
	<!--MR
	
		Gregoire Besson SPSL9 plough 12+8 furrows
	
		only one component for both "plough" in the i3d file (this tool is really NOT suitable for "bumpy" fields)
	
		no brakes
		neededPower
		speedLimit
		
		main wheels are overloaded => it seems these are not the correct wheels on this plough
		
		wheels (add "wheelConfigurations" tag to be FS17 compliant)
		add dummywheels to withstand the main body
		
		powerConsumer
		
		workArea chargeValue
		
		components mass/center of mass/springLimit  (total mass about 12-13T ?)
		
		<mrDebug>	
		<drawPoint node="1>" translation="0 -0.7 -3" />	
		<drawPoint centerOfMass="0>" />	
		<drawPoint1 centerOfMass="1>" />	
		<drawPoint1 centerOfMass="2>" />	
		<drawPoint1 centerOfMass="3>" />
	</mrDebug>
	
	-->
	
	

    <storeData>
        <name>SPSL 9</name>
        <specs>
            <neededPower>600</neededPower>
            <workingWidth>10.5</workingWidth>
        </specs>
        <functions>
            <function>$l10n_function_plough</function>
        </functions>
        <image>store_gregoireBessonSPSL9.png</image>
        <price>130000</price>
        <dailyUpkeep>80</dailyUpkeep>
        <lifetime>600</lifetime>
        <rotation>-90</rotation>
        <brand>GREGOIREBESSON</brand>
        <category>plows</category>
        <fieldJob sizeCategory="3" typeCategory="plough" />
        <vertexBufferMemoryUsage>5445816</vertexBufferMemoryUsage>
        <indexBufferMemoryUsage>784284</indexBufferMemoryUsage>
        <textureMemoryUsage>19639488</textureMemoryUsage>
        <instanceVertexBufferMemoryUsage>0</instanceVertexBufferMemoryUsage>
        <instanceIndexBufferMemoryUsage>0</instanceIndexBufferMemoryUsage>
    </storeData>

    <typeDesc>$l10n_typeDesc_plough</typeDesc>
    <filename>vehicles/tools/gregoireBesson/gregoireBessonSPSL9.i3d</filename>

    <size width="3.5" length="21" lengthOffset="1"/>

    <speedLimit value="13" />

	<wheelConfigurations>
        <wheelConfiguration name="$l10n_configuration_valueDefault" price="0">
			<wheels>
				<wheel restLoad="6.3" repr="3>0" linkNode="3>0|0" forcePointRatio="0.3" filename="$data/vehicles/wheels/trelleborg/TH400_400_70R20.xml" isLeft="false" initialCompression="0" suspTravel="0.15" spring="100" damper="15" hasTireTracks="true" hasParticles="true" frictionScale="3" mrPressureFx="2" />
				<wheel restLoad="6.3" repr="3>1" linkNode="3>1|0" forcePointRatio="0.3" filename="$data/vehicles/wheels/trelleborg/TH400_400_70R20.xml" isLeft="true"  initialCompression="0" suspTravel="0.15" spring="100" damper="15" hasTireTracks="true" hasParticles="true" frictionScale="3" mrPressureFx="2" />
				
				<wheel repr="0" mrPositionX="0" mrPositionY="2.45" mrPositionZ="9.9" mrDummyWheelAxleDirectionX="0" mrDummyWheelAxleDirectionY="0.8735" mrDummyWheelAxleDirectionZ="0.4869" mrDummyWheelDirectionX="-1" mrDummyWheelDirectionY="0" mrDummyWheelDirectionZ="0" radius="0.35" deltaY="0" suspTravel="0.5" spring="20" damper="10" frictionScale="0.1" mrDummyWheel="true" />	
				<wheel repr="0" mrPositionX="0" mrPositionY="2.45" mrPositionZ="9.9" mrDummyWheelAxleDirectionX="0" mrDummyWheelAxleDirectionY="0.8735" mrDummyWheelAxleDirectionZ="0.4869" mrDummyWheelDirectionX="1" mrDummyWheelDirectionY="0" mrDummyWheelDirectionZ="0" radius="0.35" deltaY="0" suspTravel="0.5" spring="20" damper="10" frictionScale="0.1" mrDummyWheel="true" />

				<wheel repr="0" mrPositionX="0" mrPositionY="0.6" mrPositionZ="-8.8" mrDummyWheelAxleDirectionX="0" mrDummyWheelAxleDirectionY="0.8735" mrDummyWheelAxleDirectionZ="0.4869" mrDummyWheelDirectionX="-1" mrDummyWheelDirectionY="0" mrDummyWheelDirectionZ="0" radius="0.35" deltaY="0" suspTravel="0.5" spring="20" damper="10" frictionScale="0.1" mrDummyWheel="true" />
				<wheel repr="0" mrPositionX="0" mrPositionY="0.6" mrPositionZ="-8.8" mrDummyWheelAxleDirectionX="0" mrDummyWheelAxleDirectionY="0.8735" mrDummyWheelAxleDirectionZ="0.4869" mrDummyWheelDirectionX="1" mrDummyWheelDirectionY="0" mrDummyWheelDirectionZ="0" radius="0.35" deltaY="0" suspTravel="0.5" spring="20" damper="10" frictionScale="0.1" mrDummyWheel="true" />
			</wheels>
		</wheelConfiguration>
    </wheelConfigurations>

    <brakeForce>0</brakeForce>

    <rimColor>0.0161 0.0134 0.0120 1</rimColor>
    <axisColor>0.8355 0.0161 0.0111 1</axisColor>

    <dynamicallyLoadedWheels>
        <dynamicallyLoadedWheel linkNode="0>0|0|0|4|0|0" filename="$data/vehicles/wheels/trelleborg/AW305_10_80R12.xml" isLeft="false"/>
        <dynamicallyLoadedWheel linkNode="0>0|0|0|4|1|0" filename="$data/vehicles/wheels/trelleborg/AW305_10_80R12.xml" isLeft="false"/>

        <dynamicallyLoadedWheel linkNode="0>0|0|0|4|2|0|0" filename="$data/vehicles/wheels/trelleborg/AW305_215_75R17_5.xml" isLeft="true"/>
        <dynamicallyLoadedWheel linkNode="0>0|0|2|0|0|0" filename="$data/vehicles/wheels/trelleborg/AW305_10_80R12.xml" isLeft="false"/>
    </dynamicallyLoadedWheels>

    <lights>
        <low>
            <light realLight="0>0|0|1|0|3|0|1" decoration="0>0|0|1|0|3|0|0" lightTypes="1"/> <!-- worklight back -->
        </low>
        <high>
            <light realLight="0>0|0|1|0|3|0|2" decoration="0>0|0|1|0|3|0|0" lightTypes="1" /> <!-- worklight back -->
        </high>
        <states>
            <state lightTypes="1" />
        </states>
    </lights>

    <beaconLights>
        <beaconLight index="0>0|0|1|0|3|1" speed="0.014" filename="$data/shared/beaconLights/beaconLight02.i3d" />
    </beaconLights>

    <speedRotatingParts>
        <speedRotatingPart index="0>0|0|0|4|0|0" refNodeIndex="2" radius="-0.5"/>
        <speedRotatingPart index="0>0|0|0|4|1|0" refNodeIndex="3" radius="-0.5"/>

        <speedRotatingPart index="0>0|0|0|4|2|0|0" refNodeIndex="0" radius="0.384"/>
        <speedRotatingPart index="0>0|0|2|0|0|0" refNodeIndex="1" radius="0.358"/>
    </speedRotatingParts>

    <workAreas>
        <workArea startIndex="0>0|1|0" widthIndex="0>0|1|1" heightIndex="0>0|1|2" refNodeIndex="0" type="plough" chargeValue="0.6"/>
        <workArea startIndex="0>0|0|0|6|0"   widthIndex="0>0|0|0|6|1"   heightIndex="0>0|0|0|6|2"   refNodeIndex="1" type="plough" chargeValue="0.4"/>
    </workAreas>

    <groundReferenceNodes>
        <groundReferenceNode index="0>0|1|3" threshold="0.9" />
        <groundReferenceNode index="0>0|0|0|6|3" threshold="0.9" />

        <!-- front fx-->
        <groundReferenceNode index="0>0|0|0|7|1" threshold="0.05" depthNode="0>0|0|0|7|1" maxDepth="-0.02"/>
        <groundReferenceNode index="0>0|0|0|7|2" threshold="0.05" depthNode="0>0|0|0|7|2" maxDepth="-0.02"/>

        <!-- back fx-->
        <groundReferenceNode index="0>0|3|1" threshold="0.05" depthNode="0>0|3|1" maxDepth="-0.02"/>
        <groundReferenceNode index="0>0|3|2" threshold="0.05" depthNode="0>0|3|2" maxDepth="-0.02"/>
    </groundReferenceNodes>

    <ploughDirectionNode index="0>0" />

    <powerConsumer neededPtoPower="0" forceNode="1>" forceNodeCOM="0 -0.7 -3" maxForce="90" />

    <ploughTurnSound file="$data/sounds/ploughTurnSound.wav"      pitchOffset="0.75" volume="1.00" indoorVolumeFactor="0.95" />
    <ploughSound file="$data/sounds/ploughSound.wav"              pitchOffset="1.00" volume="0.85" indoorVolumeFactor="0.45"/>
    <cylinderedHydraulicSound file="$data/sounds/hydraulicUp.wav" pitchOffset="0.85" volume="0.55" indoorVolumeFactor="0.20" indoorLowpassGain="0.65" />

    <groundParticleAnimations>
        <groundParticleAnimation>
            <node index="0>0|0|0|7|0|0" materialType="SOIL" refNodeIndex="2"/>
            <node index="0>0|0|0|7|0|4" materialType="SOIL" refNodeIndex="3"/>
            <node index="0>0|3|0|0" materialType="SOIL" refNodeIndex="4"/>
            <node index="0>0|3|0|4" materialType="SOIL" refNodeIndex="5"/>
        </groundParticleAnimation>

        <groundParticle>
            <node index="0>0|0|0|7|0|1" particleType="SOIL_SMOKE"  refNodeIndex="2" emitCountScale="0.3"/>
            <node index="0>0|0|0|7|0|2" particleType="SOIL"        refNodeIndex="2" emitCountScale="0.1"/>
            <node index="0>0|0|0|7|0|3" particleType="SOIL_CHUNKS" refNodeIndex="2" worldSpace="false" emitCountScale="0.5" lifespan="0.2"/>

            <node index="0>0|0|0|7|0|5" particleType="SOIL_SMOKE"  refNodeIndex="3" emitCountScale="0.3"/>
            <node index="0>0|0|0|7|0|6" particleType="SOIL"        refNodeIndex="3" emitCountScale="0.1"/>
            <node index="0>0|0|0|7|0|7" particleType="SOIL_CHUNKS" refNodeIndex="3" worldSpace="false" emitCountScale="0.5" lifespan="0.2"/>

            <node index="0>0|3|0|1" particleType="SOIL_SMOKE"  refNodeIndex="4" emitCountScale="0.3"/>
            <node index="0>0|3|0|2" particleType="SOIL"        refNodeIndex="4" emitCountScale="0.1"/>
            <node index="0>0|3|0|3" particleType="SOIL_CHUNKS" refNodeIndex="4" worldSpace="false" emitCountScale="0.5" lifespan="0.2"/>

            <node index="0>0|3|0|5" particleType="SOIL_SMOKE"  refNodeIndex="5" emitCountScale="0.3"/>
            <node index="0>0|3|0|6" particleType="SOIL"        refNodeIndex="5" emitCountScale="0.1"/>
            <node index="0>0|3|0|7" particleType="SOIL_CHUNKS" refNodeIndex="5" worldSpace="false" emitCountScale="0.5" lifespan="0.2"/>
        </groundParticle>
    </groundParticleAnimations>

    <rotateLeftToMax value="true"/>

    <inputAttacherJoints>
        <inputAttacherJoint index="2>0" rootNode="2>" jointType="implement" topReferenceNode="2>1|0" lowerDistanceToGround="0.55" upperDistanceToGround="1" lowerTransLimitScale="0 1 0" lowerRotLimitScale="0 0 1" upperRotLimitScale="0 0 1"/>
    </inputAttacherJoints>

    <foldingParts startMoveDirection="1" turnOnFoldDirection="-1"  >
        <foldingPart animationName="foldPlough" speedScale="1" />
    </foldingParts>

    <animations>
        <!-- move wheel down/up -->
        <animation name="rotatePlough">
            <part node="0>0|0|1|0"                 startTime="2" endTime="8" startRot="0 0 -90"   endRot="0 0 90" />
            <part node="0>0|0|0|1|0|0"                 startTime="2" endTime="8" startRot="0 0 -90"   endRot="0 0 90" />

            <part node="0>0|0|0|0|0"                 startTime="0" endTime="2" startRot="0 28 -90"   endRot="0 0 -90" />
            <part node="0>0|0|0|0|0"                 startTime="2" endTime="8" startRot="0 0 -90"   endRot="0 0 90" />
            <part node="0>0|0|0|0|0"                 startTime="8" endTime="10" startRot="0 0 90"   endRot="0 -28 90" />

            <!-- back wheel -->
            <part node="0>0|0|2|0"       startTime="2" endTime="8" startRot="-158.44 0.341 89.455"   endRot="-200 0.341 89.455" />
            <part node="0>0|0|2|0|0"     startTime="2" endTime="8" startRot="-158.916 0.191 179.349"   endRot="-158.916 0.191 179.349" />
            <part node="0>0|0|2|1"       startTime="1.5" endTime="2.5" startRot="0 202 0"   endRot="0 156 0" />
            <part node="0>0|0|2|2"       startTime="7.5" endTime="8.5" startRot="-180 -34.5 180"   endRot="-180 33 180" />

            <!-- ai collision trigger -->
            <part node="0>0|0|1|0|2|0"           startTime="0" endTime="10" startTrans="-1.5 0.705 9.777"   endTrans="1.5 0.705 9.777" />

            <!-- wheels -->
            <part node="0>0|0|0|4|2"       startTime="1.5" endTime="8.5" startRot="-80 0 -90"   endRot="80 0 -90" />
        </animation>

        <animation name="foldPlough">
            <part node="0>0|0|1|0|0|0|0" startTime="1" endTime="3" startRot="0 0 0"   endRot="-30 0 0" />
            <part node="0>0|0|1|0"       startTime="2" endTime="8" startRot="0 0 -90"   endRot="0 0 0" />
            <part node="0>0|0|0|1|0|0"   startTime="2" endTime="8" startRot="0 0 -90"   endRot="0 0 0" />
            <part node="0>0|0|0|0|0"     startTime="2" endTime="8" startRot="0 0 -90"   endRot="0 0 0" />
            <part node="0>0|0|0|0|0"     startTime="0" endTime="2" startRot="0 28 -90"  endRot="0 0 -90" />

            <!-- wheels -->
            <part node="0>0|0|2|0"   startTime="2" endTime="8" startRot="-158.44 0.341 89.455"    endRot="-180.652 0.341 89.455" />
            <part node="0>0|0|2|1"   startTime="2" endTime="8" startRot="0 202 0"   endRot="0 156 0" />
            <part node="0>0|0|0|4|2" startTime="2" endTime="8" startRot="-80 0 -90" endRot="0 0 -90" />
        </animation>

        <animation name="lowerAnimation">
            <!-- axis -->
            <part node="0>0|0|1|0|0"           startTime="1" endTime="3" startRot="-30 0 0"   endRot="-82 0 0" />
            <part node="0>0|0|1|0|0|0"         startTime="1" endTime="3" startRot="30 0 0"   endRot="82 0 0" />

            <!-- collisions -->
            <part node="0>0|0|0|8|0" startTime="0" endTime="2" startTrans="0.642 3.046 4.293" endTrans="0 3.046 4.293" />
            <part node="0>0|0|0|8|1" startTime="0" endTime="2" startTrans="-0.641 3.046 4.293" endTrans="0 3.046 4.293" />

            <part node="0>0|4|0" startTime="0" endTime="2" startTrans="0.641 -1.215 -3.063" endTrans="0 -1.215 -3.063" />
            <part node="0>0|4|1" startTime="0" endTime="2" startTrans="-0.642 -1.215 -3.063" endTrans="0 -1.215 -3.063" />
        </animation>

        <!-- move support wheel down/up -->
        <animation name="moveSupport">
            <part node="0>0|0|0|1|0|0|0|0" startTime="0" endTime="0.5" startRot="0 0 130" endRot="0 0 0" />
            <part node="0>0|0|0|1|0|0|0|1" startTime="0" endTime="0.5" startRot="0 0 -130" endRot="0 0 0" />

            <part node="0>0|0|0|1|0|0|0|2" startTime="0" endTime="0.01" visibility="true"/>
            <part node="0>0|0|0|1|0|0|0|2" startTime="0.01" endTime="0.49" visibility="false"/>
            <part node="0>0|0|0|1|0|0|0|2" startTime="0.49" endTime="0.5" visibility="true"/>

            <part node="0>0|0|0|1|0|0|0|2|0" startTime="0" endTime="0.5" startTrans="0.273 0.73 9.782" endTrans="0.293 0.618 9.782" />
            <part node="0>0|0|0|1|0|0|0|2|1" startTime="0" endTime="0.5" startTrans="-0.273 0.73 9.782" endTrans="-0.293 0.618 9.782" />

            <part node="1>2" startTime="0" endTime="0.5" startTrans="0 0.295 1.931" endTrans="0 -0.53 1.931" />

            <part componentJointIndex="1" startTime="0" endTime="0.5" startRotLimit="0 90 0" endRotLimit="0 0 0" />
        </animation>
    </animations>

    <movingTools>
        <!-- front part -->
        <movingTool index="0>0|0|0" playSound="true">
           <componentJoint index="0" />
        </movingTool>

        <movingTool index="0>0|0|0|0|0" playSound="true">
            <componentJoint index="0" />
            <dependentPart index="0>0|0|0|1|1" />
        </movingTool>

        <!-- back wheel -->
        <movingTool index="0>0|0|2|0" playSound="true"/>

        <!-- axis -->
        <movingTool index="0>0|0|1|0" playSound="true">
            <componentJoint index="2" />
        </movingTool>

        <movingTool index="0>0|0|1|0|0" playSound="true" wheelIndices="1 2">
           <dependentPart index="0>0|0|1|0|1" />
           <componentJoint index="2" />
        </movingTool>

        <movingTool index="0>0|0|1|0|0|0">
           <componentJoint index="2" />
        </movingTool>

        <movingTool index="0>0|0|1|0|0|0|0">
           <componentJoint index="2" />
        </movingTool>

        <movingTool index="0>0|0|2|0" playSound="true" >
           <dependentPart index="0>0|0|2|3" />
        </movingTool>
    </movingTools>

    <movingParts isActiveDirtyTimeOffset="2">
        <!-- drawbar -->
        <movingPart index="2>1" referencePoint="0>0|0|0|1|0|0|1" referenceFrame="0>0|0|0|1|0|0|1" limitedAxis="1" isActiveDirty="true"/>
        <movingPart index="2>1|1" referencePoint="0>0|0|0|1|0|0|1" referenceFrame="0>0|0|0|1|0|0|1" limitedAxis="2" isActiveDirty="true"/>

        <!-- rotationArmZRot -->
        <movingPart index="0>0|0|0|1" referencePoint="1>1" referenceFrame="0>0|0|0" limitedAxis="1" isActiveDirty="true"/>

        <!-- back wheel -->
        <movingPart index="0>0|0|2|3" referencePoint="0>0|0|2|0|1" referenceFrame="0>0|0|2|0|1">
            <translatingPart index="0>0|0|2|3|0" />
        </movingPart>

        <!-- folding arms -->
        <movingPart index="0>0|0|0|1|1" localReferencePoint="0>0|0|0|1|1|0" referencePoint="0>0|0|0|9" referenceFrame="0>0|0|0|1|3" isActiveDirty="true">
            <dependentPart index="0>0|0|0|1|1|0" />
            <dependentPart index="0>0|0|0|1|2" />
        </movingPart>
        <movingPart index="0>0|0|0|1|1|0" referencePoint="0>0|0|0|9" referenceFrame="0>0|0|0|9" />
        <movingPart index="0>0|0|0|1|2" referencePoint="0>0|0|0|1|1|1" referenceFrame="0>0|0|0|1|1|1" >
            <translatingPart index="0>0|0|0|1|2|0" />
        </movingPart>

        <!-- axis hydraulics -->
        <movingPart index="0>0|0|1|0|1" referencePoint="0>0|0|1|0|0|1" referenceFrame="0>0|0|1|0|0|1" >
            <translatingPart index="0>0|0|1|0|1|0" />
        </movingPart>
    </movingParts>

    <support animationName="moveSupport" />
    <lowerAnimation name="lowerAnimation" directionOnDetach="-1"/>

    <designConfigurations>
        <designConfiguration name="$l10n_configuration_universalShares" price="0" icon="$dataS2/menu/hud/configurations/config_edition.png"/>
        <designConfiguration name="$l10n_configuration_fingerBodyShares" price="2000" icon="$dataS2/menu/hud/configurations/config_edition.png">
            <objectChange node="0>0|0|0|5|0" visibilityActive="false" />
            <objectChange node="0>0|5|0|0" visibilityActive="false" />

            <objectChange node="0>0|0|0|5|1" visibilityActive="true" />
            <objectChange node="0>0|5|0|1" visibilityActive="true" />
        </designConfiguration>
    </designConfigurations>

    <rotationPart turnAnimationName="rotatePlough" limitFoldRotationMax="true" foldRotationMinLimit="0" foldRotationMaxLimit="0" rotationFoldMinLimit="0" rotationFoldMaxLimit="0" foldMinLimit="0" foldMaxLimit="0.1" rotationAllowedIfLowered="false"/>
    <washable dirtDuration="30" washDuration="1" workMultiplier="20" />

    <aiPlough rotateEarly="false" />
    <ai>
        <needsLowering value="true" />
        <areaMarkers leftIndex="0>0|2|0|0" rightIndex="0>0|2|0|1" backIndex="0>0|2|0|2" />
        <trafficCollisionTrigger index="0>0|0|1|0|2|0" />
        <forceTurnNoBackward value="true"/>
        <turningRadiusLimitation rotationJointNode="1>0" wheelIndices="0 1" />
    </ai>

    <components count="4">
        <component1 centerOfMass="0 0.5 0" solverIterationCount="10" mrSetMass="9" /> <!-- main body -->
        <component2 solverIterationCount="10" mrSetMass="1" centerOfMass="0 0 0.8" /> <!-- traction line drawbar -->
        <component3 solverIterationCount="10" mrSetMass="1" /> <!-- attacher frame -->
        <component4 solverIterationCount="10" mrSetMass="1" /> <!-- axle -->
        <joint component1="0" component2="1" index="0>0|0|0|0|0" rotLimit="0 0 0" transLimit="0 0 0"/>
        <joint component1="1" component2="2" index="1>0" rotLimit="0 100 0" transLimit="0 0 0"  />
        <joint component1="0" component2="3" index="0>0|0|1|0|0|0|0" rotLimit="0 0 0" transLimit="0 0 0" rotLimitSpring="0 0 1000" rotLimitDamping="0 0 100"  />
        <collisionPair component1="0" component2="2" enabled="false" />
    </components>

    <schemaOverlay file="$dataS2/menu/schemas/implementSchema.png" fileSelected="$dataS2/menu/schemas/implementSchemaSelected.png" width="0.5" height="0.5" attacherJointPosition="0 0"/>
</vehicle>