<?xml version="1.0" encoding="utf-8" standalone="no" ?>
<vehicle type="tractor_articulatedAxis">
    <annotation>Copyright (C) GIANTS Software GmbH, All Rights Reserved.</annotation>
	
	<!-- mr
	
		Challenger M955E M965E M975E
		
		97/68/EC power :
		955 = 394KW
		965 = 435KW
		975 = 476KW
		
		data comes from ?
		based on MT800E engine and gearbox
		frame characteristic = nebraska test 1931A
		
		guessed equivalent "pto" power : 
		955 = 346KW
		965 = 389KW
		975 = 419KW
		
		increase central shaft rotation speed
		
		more realistic ballast weight
		
	-->
	<moreRealistic useMrTransmission="true">		
		<dragArea value="7.4" />
		<engine rotInertiaFx="1" transmissionEfficiency="0.93" minSpeed="3" engineBrakeRpm="2400" engineBrakeForceFx="1.6" />		
	</moreRealistic>

    <storeData>
        <name>MT900E</name>
        <specs>
            <power>536</power>
            <maxSpeed>40</maxSpeed>
        </specs>
        <functions>
            <function>$l10n_function_tractor</function>
        </functions>
        <image>data/store/store_challengerMT900E.png</image>
        <price>425000</price>
        <dailyUpkeep>640</dailyUpkeep>
        <lifetime>600</lifetime>
        <rotation>0</rotation>
        <brand>CHALLENGER</brand>
        <category>tractors</category>
        <fieldJob sizeCategory="3" typeCategory="tractor" hasFrontAndBackHydraulics="false" />
        <vertexBufferMemoryUsage>2056892</vertexBufferMemoryUsage>
        <indexBufferMemoryUsage>347286</indexBufferMemoryUsage>
        <textureMemoryUsage>27831408</textureMemoryUsage>
        <instanceVertexBufferMemoryUsage>0</instanceVertexBufferMemoryUsage>
        <instanceIndexBufferMemoryUsage>0</instanceIndexBufferMemoryUsage>
    </storeData>

    <typeDesc>$l10n_typeDesc_tractor</typeDesc>
    <filename>data/vehicles/steerable/challenger/challengerMT900E.i3d</filename>

    <size width="4" length="9"/>

    <wheelConfigurations>
        <wheelConfiguration name="$l10n_configuration_valueTwinWheelsAll" price="0" icon="$dataS2/menu/hud/configurations/config_wheel_twin.png">
            <wheels autoRotateBackSpeed="1.3">
                <!-- let the wheels rotate a little bit => better curve behavior and ackermann steering fix -->
                <wheel rotSpeed="1" showSteeringAngle="false" restLoad="7.0" repr="0>0|0" forcePointRatio="0.2" filename="$data/vehicles/wheels/trelleborg/TM900_710_70R42.xml" configIndex="axisHub" isLeft="true" initialCompression="0" suspTravel="0.2" spring="150" damper="25" hasTireTracks="true" hasParticles="true" mrPressureFx="0.6" mrForcePointOffsetX="1" mass="0.5" >
                    <additionalWheel filename="$data/vehicles/wheels/trelleborg/TM900_710_70R42.xml" configIndex="hole" isLeft="true" offset="0.35" hasTireTracks="true" addRaycast="true" hasParticles="true" >
                        <connector filename="$data/vehicles/wheels/hubs/dual001.i3d" index="1|0" usePosAndScale="true" startPos="15" endPos="36.4" uniformScale="0.3" />
                    </additionalWheel>
                </wheel>
                <wheel rotSpeed="1" showSteeringAngle="false" restLoad="7.0" repr="0>0|1" forcePointRatio="0.2" filename="$data/vehicles/wheels/trelleborg/TM900_710_70R42.xml" configIndex="axisHub" isLeft="false"  initialCompression="0" suspTravel="0.2" spring="150" damper="25" hasTireTracks="true" hasParticles="true" mrPressureFx="0.6" mrForcePointOffsetX="1" mass="0.5" >
                    <additionalWheel filename="$data/vehicles/wheels/trelleborg/TM900_710_70R42.xml" configIndex="hole" isLeft="false" offset="0.35" hasTireTracks="true" addRaycast="true" hasParticles="true" >
                        <connector filename="$data/vehicles/wheels/hubs/dual001.i3d" index="1|1" usePosAndScale="true" startPos="15" endPos="36.4" uniformScale="0.3" />
                    </additionalWheel>
                </wheel>
                <wheel rotSpeed="1" showSteeringAngle="false" restLoad="5.1" repr="1>0|0" forcePointRatio="0.3" filename="$data/vehicles/wheels/trelleborg/TM900_710_70R42.xml" configIndex="axisHub" isLeft="true" initialCompression="0" suspTravel="0.2" spring="150"  damper="25" hasTireTracks="true" hasParticles="true" mrPressureFx="0.6" mrForcePointOffsetX="1" mass="0.5" >
                    <additionalWheel filename="$data/vehicles/wheels/trelleborg/TM900_710_70R42.xml" configIndex="hole" isLeft="true" offset="0.35" hasTireTracks="true" addRaycast="true" hasParticles="true" >
                        <connector filename="$data/vehicles/wheels/hubs/dual001.i3d" index="1|0" usePosAndScale="true" startPos="15" endPos="36.4" uniformScale="0.3" />
                    </additionalWheel>
                </wheel>
                <wheel rotSpeed="1" showSteeringAngle="false" restLoad="5.1" repr="1>0|1" forcePointRatio="0.3" filename="$data/vehicles/wheels/trelleborg/TM900_710_70R42.xml" configIndex="axisHub" isLeft="false" initialCompression="0" suspTravel="0.2" spring="150"  damper="25" hasTireTracks="true" hasParticles="true" mrPressureFx="0.6" mrForcePointOffsetX="1" mass="0.5" >
                    <additionalWheel filename="$data/vehicles/wheels/trelleborg/TM900_710_70R42.xml" configIndex="hole" isLeft="false" offset="0.35" hasTireTracks="true" hasParticles="true" addRaycast="true" >
                        <connector filename="$data/vehicles/wheels/hubs/dual001.i3d" index="1|1" usePosAndScale="true" startPos="15" endPos="36.4" uniformScale="0.3" />
                    </additionalWheel>
                </wheel>
            </wheels>
            <objectChange node="0>14|1" translationActive="0 0 0" />
            <objectChange node="0>14|2" translationActive="0 0 0" />

            <objectChange node="1>7|0" translationActive="0 0 0" />
            <objectChange node="1>7|1" translationActive="0 0 0" />

            <size width="5.5" />
        </wheelConfiguration>
        <wheelConfiguration name="$l10n_configuration_valueDefault" price="0" icon="$dataS2/menu/hud/configurations/config_wheel_default.png">
            <wheels autoRotateBackSpeed="1.3">
                <wheel rotSpeed="1" showSteeringAngle="false" restLoad="6.6" repr="0>0|0" forcePointRatio="0.2" filename="$data/vehicles/wheels/trelleborg/TM900_710_70R42.xml" configIndex="axisHub" isLeft="true"  initialCompression="0" suspTravel="0.2" spring="150" damper="25" hasTireTracks="true" hasParticles="true" />
                <wheel rotSpeed="1" showSteeringAngle="false" restLoad="6.6" repr="0>0|1" forcePointRatio="0.2" filename="$data/vehicles/wheels/trelleborg/TM900_710_70R42.xml" configIndex="axisHub" isLeft="false" initialCompression="0" suspTravel="0.2" spring="150" damper="25" hasTireTracks="true" hasParticles="true" />
                <wheel rotSpeed="1" showSteeringAngle="false" restLoad="4.8" repr="1>0|0" forcePointRatio="0.3" filename="$data/vehicles/wheels/trelleborg/TM900_710_70R42.xml" configIndex="axisHub" isLeft="true"  initialCompression="0" suspTravel="0.2" spring="150"  damper="25" hasTireTracks="true" hasParticles="true" />
                <wheel rotSpeed="1" showSteeringAngle="false" restLoad="4.8" repr="1>0|1" forcePointRatio="0.3" filename="$data/vehicles/wheels/trelleborg/TM900_710_70R42.xml" configIndex="axisHub" isLeft="false" initialCompression="0" suspTravel="0.2" spring="150"  damper="25" hasTireTracks="true" hasParticles="true" />
            </wheels>
            <objectChange node="0>14|1" translationActive="-1 0 0" />
            <objectChange node="0>14|2" translationActive="1 0 0" />

            <objectChange node="1>7|0"  translationActive="1 0 0" />
            <objectChange node="1>7|1"  translationActive="-1 0 0" />

            <objectChange node="1>0|2" rotationActive="0 -90 0" />
            <objectChange node="1>0|3" rotationActive="0 90 0" />
            <objectChange node="1>0|2|0" visibilityActive="false" />
            <objectChange node="1>0|3|0" visibilityActive="false" />
        </wheelConfiguration>
        <wheelConfiguration name="$l10n_configuration_valueWheelWeights" price="1800" icon="$dataS2/menu/hud/configurations/config_wheel_weight.png" >
            <wheels autoRotateBackSpeed="1.3">
                <wheel rotSpeed="1" showSteeringAngle="false" restLoad="7.2" repr="0>0|0" forcePointRatio="0.2" filename="$data/vehicles/wheels/trelleborg/TM900_710_70R42.xml" configIndex="axisHubw3" isLeft="true"  initialCompression="0" suspTravel="0.2" spring="150" damper="25" hasTireTracks="true" hasParticles="true" mass="1.34" />
                <wheel rotSpeed="1" showSteeringAngle="false" restLoad="7.2" repr="0>0|1" forcePointRatio="0.2" filename="$data/vehicles/wheels/trelleborg/TM900_710_70R42.xml" configIndex="axisHubw3" isLeft="false" initialCompression="0" suspTravel="0.2" spring="150" damper="25" hasTireTracks="true" hasParticles="true" mass="1.34" />
                <wheel rotSpeed="1" showSteeringAngle="false" restLoad="5.4" repr="1>0|0" forcePointRatio="0.3" filename="$data/vehicles/wheels/trelleborg/TM900_710_70R42.xml" configIndex="axisHubw3" isLeft="true"  initialCompression="0" suspTravel="0.2" spring="150"  damper="25" hasTireTracks="true" hasParticles="true" mass="1.34" />
                <wheel rotSpeed="1" showSteeringAngle="false" restLoad="5.4" repr="1>0|1" forcePointRatio="0.3" filename="$data/vehicles/wheels/trelleborg/TM900_710_70R42.xml" configIndex="axisHubw3" isLeft="false" initialCompression="0" suspTravel="0.2" spring="150"  damper="25" hasTireTracks="true" hasParticles="true" mass="1.34" />
            </wheels>
            <objectChange node="0>14|1" translationActive="-1 0 0" />
            <objectChange node="0>14|2" translationActive="1 0 0" />

            <objectChange node="1>7|0"  translationActive="1 0 0" />
            <objectChange node="1>7|1"  translationActive="-1 0 0" />

            <objectChange node="1>0|2" rotationActive="0 -90 0" />
            <objectChange node="1>0|3" rotationActive="0 90 0" />
            <objectChange node="1>0|2|0" visibilityActive="false" />
            <objectChange node="1>0|3|0" visibilityActive="false" />
        </wheelConfiguration>
        <wheelConfiguration name="$l10n_configuration_valueTripleWheelsAll" price="24000" icon="$dataS2/menu/hud/configurations/config_wheel_triple.png" >
            <wheels autoRotateBackSpeed="1.3">
                <wheel rotSpeed="1" showSteeringAngle="false" restLoad="7.1" repr="0>0|0" forcePointRatio="0.2" filename="$data/vehicles/wheels/trelleborg/TM600_520_85R46.xml" configIndex="axisHub" isLeft="true" initialCompression="2" suspTravel="0.2" spring="150" damper="25" hasTireTracks="true" hasParticles="true" mrPressureFx="0.6" mrForcePointOffsetX="1.2" mass="0.4" >
                    <additionalWheel filename="$data/vehicles/wheels/trelleborg/TM600_520_85R46.xml" configIndex="hole" isLeft="true" offset="0.62" hasTireTracks="true" hasParticles="true"  addRaycast="true" />
                    <additionalWheel filename="$data/vehicles/wheels/trelleborg/TM600_520_85R46.xml" configIndex="hole" isLeft="true" offset="0.22" hasTireTracks="true" hasParticles="true"  addRaycast="true" >
                        <connector filename="$data/vehicles/wheels/hubs/dual001.i3d" index="1|0" usePosAndScale="true" startPos="-8" endPos="22.5" uniformScale="0.3" />
                    </additionalWheel>
                </wheel>
                <wheel rotSpeed="1" showSteeringAngle="false" restLoad="7.1" repr="0>0|1" forcePointRatio="0.2" filename="$data/vehicles/wheels/trelleborg/TM600_520_85R46.xml" configIndex="axisHub" isLeft="false"  initialCompression="2" suspTravel="0.2" spring="150" damper="25" hasTireTracks="true" hasParticles="true" mrPressureFx="0.6" mrForcePointOffsetX="1.2" mass="0.4" >
                    <additionalWheel filename="$data/vehicles/wheels/trelleborg/TM600_520_85R46.xml" configIndex="hole" isLeft="false" offset="0.62" hasTireTracks="true" hasParticles="true" addRaycast="true" />
                    <additionalWheel filename="$data/vehicles/wheels/trelleborg/TM600_520_85R46.xml" configIndex="hole" isLeft="false" offset="0.22" hasTireTracks="true" hasParticles="true" addRaycast="true" >
                        <connector filename="$data/vehicles/wheels/hubs/dual001.i3d" index="1|1" usePosAndScale="true" startPos="-8" endPos="22.5" uniformScale="0.3" />
                    </additionalWheel>
                </wheel>
                <wheel rotSpeed="1" showSteeringAngle="false" restLoad="5.3" repr="1>0|0" forcePointRatio="0.3" filename="$data/vehicles/wheels/trelleborg/TM600_520_85R46.xml" configIndex="axisHub" isLeft="true" initialCompression="2" suspTravel="0.2" spring="150"  damper="25" hasTireTracks="true" hasParticles="true" mrPressureFx="0.6" mrForcePointOffsetX="1.2" mass="0.4" >
                    <additionalWheel filename="$data/vehicles/wheels/trelleborg/TM600_520_85R46.xml" configIndex="hole" isLeft="true" offset="0.62" hasTireTracks="true" hasParticles="true" addRaycast="true" />
                    <additionalWheel filename="$data/vehicles/wheels/trelleborg/TM600_520_85R46.xml" configIndex="hole" isLeft="true" offset="0.22" hasTireTracks="true" hasParticles="true" addRaycast="true" >
                        <connector filename="$data/vehicles/wheels/hubs/dual001.i3d" index="1|0" usePosAndScale="true" startPos="-8" endPos="22.5" uniformScale="0.3" />
                    </additionalWheel>
                </wheel>
                <wheel rotSpeed="1" showSteeringAngle="false" restLoad="5.3" repr="1>0|1" forcePointRatio="0.3" filename="$data/vehicles/wheels/trelleborg/TM600_520_85R46.xml" configIndex="axisHub" isLeft="false" initialCompression="2" suspTravel="0.2" spring="150"  damper="25" hasTireTracks="true" hasParticles="true" mrPressureFx="0.6" mrForcePointOffsetX="1.2" mass="0.4" >
                    <additionalWheel filename="$data/vehicles/wheels/trelleborg/TM600_520_85R46.xml" configIndex="hole" isLeft="false" offset="0.62" hasTireTracks="true" hasParticles="true" addRaycast="true" />
                    <additionalWheel filename="$data/vehicles/wheels/trelleborg/TM600_520_85R46.xml" configIndex="hole" isLeft="false" offset="0.22" hasTireTracks="true" hasParticles="true" addRaycast="true" >
                        <connector filename="$data/vehicles/wheels/hubs/dual001.i3d" index="1|1" usePosAndScale="true" startPos="-8" endPos="22.5" uniformScale="0.3" />
                    </additionalWheel>
                </wheel>
            </wheels>
            <objectChange node="0>14|1" translationActive="0.3 0 0" />
            <objectChange node="0>14|2" translationActive="-0.2 0 0"  />

            <objectChange node="1>7|0" translationActive="-0.2 0 0"  />
            <objectChange node="1>7|1" translationActive="0.3 0 0"  />
            <size width="6" />
        </wheelConfiguration>
    </wheelConfigurations>

    <ackermannSteeringConfigurations>
        <ackermannSteering rotSpeed="5" rotMax="5" rotCenter="0 -0.598" />
    </ackermannSteeringConfigurations>

    <articulatedAxis componentJointIndex="0" anchorActor="0" rotSpeed="-33" rotMax="38" rotMin="-38" aiRevereserNode="1>8" />

    <differentialConfigurations>
        <differentials>
            <differential torqueRatio="0.5" maxSpeedRatio="1" wheelIndex1="0" wheelIndex2="1" /> <!-- front left-right -->
            <differential torqueRatio="0.5" maxSpeedRatio="1" wheelIndex1="2" wheelIndex2="3" /> <!-- back left-right -->
            <differential torqueRatio="0.5"  maxSpeedRatio="1" differentialIndex1="0" differentialIndex2="1" /><!-- front-back -->
        </differentials>
    </differentialConfigurations>

    <motorConfigurations>
        <motorConfiguration name="MT955E" hp="536" price="0" >
            <motor torqueScale="2.149" minRpm="890" maxRpm="2350" maxForwardSpeed="39.3" maxBackwardSpeed="14.2" brakeForce="15" lowBrakeForceScale="0.22" lowBrakeForceSpeedLimit="1" rotInertia="0.002" minForwardGearRatio="21.89" maxForwardGearRatio="100" minBackwardGearRatio="56.19" maxBackwardGearRatio="100" ptoMotorRpmRatio="3.666667">
                <torque normRpm="0.3829" torque="0.77"/>
				<torque normRpm="0.4255" torque="0.9"/>
				<torque normRpm="0.46" torque="0.985"/>
				<torque normRpm="0.544" torque="1"/>
                <torque normRpm="0.6383"  torque="0.98"/>
                <torque normRpm="0.81" torque="0.809"/>
                <torque normRpm="0.8936" torque="0.658"/>
                <torque normRpm="0.9787" torque="0.3"/>
                <torque normRpm="1"    torque="0"/>
            </motor>
            <objectChange node="0>11|0" visibilityActive="true"/>
            <objectChange node="0>11|1" visibilityActive="false"/>
            <objectChange node="0>11|2" visibilityActive="false"/>
        </motorConfiguration>
        <motorConfiguration name="MT965E" hp="591" price="27000" dailyUpkeep="55" icon="$dataS2/menu/hud/configurations/config_engine.png">
            <motor torqueScale="2.422" />
            <objectChange node="0>11|0" visibilityActive="false"/>
            <objectChange node="0>11|1" visibilityActive="true"/>
            <objectChange node="0>11|2" visibilityActive="false"/>
        </motorConfiguration>
        <motorConfiguration name="MT975E" hp="646" price="55000" dailyUpkeep="110" icon="$dataS2/menu/hud/configurations/config_engine.png">
            <motor torqueScale="2.602" />
            <objectChange node="0>11|0" visibilityActive="false"/>
            <objectChange node="0>11|1" visibilityActive="false"/>
            <objectChange node="0>11|2" visibilityActive="true"/>
        </motorConfiguration>
    </motorConfigurations>

    <fuelCapacity>1514</fuelCapacity>

    <cameras count="2">
        <camera1 index="0>1|0|0" rotatable="true" rotateNode="0>1|0" limit="true" useWorldXZRotation="true" rotMinX="-1.4" rotMaxX="1" transMin="5" transMax="40" >
            <raycastNode index="0>1|2"/>
            <raycastNode index="0>1|3"/>
            <raycastNode index="1>1"/>
        </camera1>
        <camera2 index="0>1|1" rotatable="true" limit="true" rotMinX="-1.1" rotMaxX="0.4" transMin="0" transMax="0" useMirror="true" isInside="true" />
    </cameras>

    <lights>
        <low>
            <light                       decoration="0>2|0|0"   lightTypes="0 3" /> <!--Decoration for FrontLights and Highbeams-->
            <light realLight="0>2|0|1"                          lightTypes="0" excludedLightTypes="3" /> <!--FrontLights-->
            <light                       decoration="1>2|1|0"   lightTypes="0 1"/> <!--BackLights-->
            <light realLight="0>2|1|0|1" decoration="0>2|1|0|0" lightTypes="1"/> <!--WorklightBack-->
            <light                       decoration="1>2|0|0|0" lightTypes="1"/> <!--WorklightBack-->
            <light                       decoration="0>2|1|1|0" lightTypes="2"/> <!--WorklightFront-->
            <light realLight="0>2|0|2"                          lightTypes="3" /> <!--HighBeam-->

        </low>
        <high>
            <light                       decoration="0>2|0|0"   lightTypes="0 3" /> <!--Decoration for FrontLights and Highbeams-->
            <light realLight="0>2|0|3"                          lightTypes="0" excludedLightTypes="2 3" /> <!--FrontLights-->
            <light realLight="1>2|1|1"   decoration="1>2|1|0"   lightTypes="0 3" /> <!--BackLights-->
            <light realLight="0>2|1|0|2" decoration="0>2|1|0|0" lightTypes="1" /> <!--WorklightBack  -->
            <light                       decoration="1>2|0|0|0" lightTypes="1"/> <!--WorklightBack-->
            <light realLight="0>2|1|1|1" decoration="0>2|1|1|0" lightTypes="2"  /> <!--WorklightFront -->
            <light realLight="0>2|0|4"                          lightTypes="3" excludedLightTypes="2" /> <!--HighBeam-->            

        </high>
        <states>
            <state lightTypes="0" />
            <state lightTypes="0 1" />
            <state lightTypes="0 1 2" />
        </states>
    </lights>

    <brakeLights>
        <brakeLight realLight="1>2|1|1" decoration="1>2|3|0" />
    </brakeLights>

    <beaconLights>
        <beaconLight index="0>2|3|0" speed="0.015" filename="$data/shared/beaconLights/beaconLight02.i3d" />
        <beaconLight index="0>2|3|1" speed="0.015" filename="$data/shared/beaconLights/beaconLight02.i3d" />
    </beaconLights>

    <turnLights>
        <turnLightLeft realLight="0>2|2|0|1" decoration="0>2|2|0|0" />
        <turnLightLeft realLight="1>2|2|0|1" decoration="1>2|2|0|0" />
        <turnLightLeft                       decoration="1>0|3|0|0" />
        <turnLightRight realLight="0>2|2|1|1" decoration="0>2|2|1|0" />
        <turnLightRight realLight="1>2|2|1|1" decoration="1>2|2|1|0" />
        <turnLightRight                       decoration="1>0|2|0|0" />
    </turnLights>

    <reverseLights>
        <reverseLight realLight="1>2|4|1" decoration="1>2|4|0" />
    </reverseLights>

    <mirrors>
        <mirror index="0>10|0" prio="1" />
        <mirror index="0>10|1" prio="1" />
        <mirror index="0>10|2" prio="2" />
    </mirrors>

    <indoorHud>
        <speed numbers="0>9|1" precision="1" />
        <rpm animName="rpmDisplay" minValueAnim="0" maxValueAnim="2500" />
    </indoorHud>

    <enterReferenceNode index="0>"/>
    <exitPoint index="0>3"/>

    <attacherJoints>
        <attacherJoint rootNode="1>" index="1>3|0|0|0|0" rotationNode="1>3|0|0" rotationNode2="1>3|0|0|0" upperRotation="24 0 0" lowerRotation="-19 0 0" upperDistanceToGround="1.1267" upperRotationOffset="0.33" lowerDistanceToGround="0.338" ptoOutputNode="1>3|2" moveTime="3.2" >
            <bottomArm rotationNode="1>3|0|1" translationNode="1>3|0|1|0" referenceNode="1>3|0|1|0|0" zScale="-1" startRotation="24 0 0" />
            <schema position="1 0" rotation="0" invertX="false" />
        </attacherJoint>
        <!-- trailer attacher -->
        <attacherJoint rootNode="1>" index="1>3|1|0" jointType="trailerLow" lowerRotLimit="20 84 50" upperRotRotationOffset="0" allowsJointLimitMovement="false" ptoOutputNode="1>3|2">
            <schema position="1 0" rotation="0" invertX="false" />
        </attacherJoint>
    </attacherJoints>

    <movingTools>
        <!-- attacher joint back bottom-->
        <movingTool index="1>3|0|1">
            <dependentPart index="1>4|1" />
        </movingTool>
    </movingTools>

    <movingParts>
        <movingPart index="1>4|1" referencePoint="1>3|0|1|0|0" localReferencePoint="1>4|1|0" referenceFrame="1>4|11" >
            <dependentPart index="1>4|1|0" />
            <dependentPart index="1>4|2" />
            <dependentPart index="1>4|3" />
        </movingPart>
        <movingPart index="1>4|1|0" referencePoint="1>3|0|1|0|0" referenceFrame="1>4|10"/>
        <movingPart index="1>4|2" referencePoint="1>4|1|0|0" referenceFrame="1>4|1|0|0"/>
        <movingPart index="1>4|3" referencePoint="1>4|2|0" localReferencePoint="1>4|3|0" referenceFrame="1>4|11">
            <dependentPart index="1>4|3|0" />
            <dependentPart index="1>4|3|0|0" />
            <dependentPart index="1>4|3|0|1" />
            <dependentPart index="1>4|4" />
        </movingPart>
        <movingPart index="1>4|3|0" referencePoint="1>4|2|0" referenceFrame="1>4|2|0"/>
        <movingPart index="1>4|3|0|0" referencePoint="1>4|2|0|0" referenceFrame="1>4|2|0|0">
            <translatingPart index="1>4|3|0|0|0" />
        </movingPart>
        <movingPart index="1>4|3|0|1" referencePoint="1>4|2|0|1" referenceFrame="1>4|2|0|1">
            <translatingPart index="1>4|3|0|1|0" />
        </movingPart>
        <movingPart index="1>4|4" referencePoint="1>4|3|1" referenceFrame="1>4|10">
            <translatingPart index="1>4|4|0" />
        </movingPart>

        <!-- steering -->
        <movingPart index="0>8|0" referencePoint="1>4|8" referenceFrame="0>" isActiveDirty="true" >
            <translatingPart index="0>8|0|0" />
        </movingPart>
        <movingPart index="0>8|1" referencePoint="1>4|9" referenceFrame="0>" isActiveDirty="true" >
            <translatingPart index="0>8|1|0" />
        </movingPart>
        <movingPart index="1>4|5" referencePoint="0>8|3" referenceFrame="0>8|3" isActiveDirty="true" />
        <movingPart index="1>4|6" referencePoint="0>8|4" referenceFrame="0>8|4" isActiveDirty="true" />
        <movingPart index="1>4|7" referencePoint="0>8|5" referenceFrame="0>8|5" isActiveDirty="true" />
        <movingPart index="1>4|0|0|0" referencePoint="1>4|0|1|0|0|0" referenceFrame="1>4|0|0" isActiveDirty="true" limitedAxis="2" />

        <movingPart index="1>4|0|1" referencePoint="0>8|2" referenceFrame="1>4|0" isActiveDirty="true" />
    </movingParts>

    <animations>
        <animation name="rpmDisplay">
            <part node="0>9|0|0" startTime="0" duration="1" startRot="0 0 -110" endRot="0 0 110" />
        </animation>
    </animations>

    <steering index="0>4|0" indoorRotation="540" outdoorRotation="50" />

    <characterNode index="0>5|0" cameraMinDistance="1.5" filename="$dataS2/character/player/player.xml" spineRotation="180 0 92" >
        <target ikChain="rightFoot" targetNode="0>5|1" />
        <target ikChain="leftFoot"  targetNode="0>5|2" />
        <target ikChain="rightArm"  targetNode="0>4|0|0" setDirty="true"/>
        <target ikChain="leftArm"   targetNode="0>4|0|1" setDirty="true" />
    </characterNode>

    <ai>
        <trafficCollisionTrigger index="0>6|0" />
        <minTurningRadius value="7" />
    </ai>

    <exhaustEffects>
        <exhaustEffect index="0>7|0" filename="$data/particleSystems/shared/exhaust.i3d" minRpmColor="0.9 0.9 0.9 0.1" maxRpmColor="0.9 0.9 0.9 0.4" minRpmScale="0.05" maxRpmScale="0.5" xzRotationsOffset="100 0" xzRotationsForward="40 0" xzRotationsBackward="-80 0" xzRotationsLeft="0 -100" xzRotationsRight="0 100" />
    </exhaustEffects>


    <motorStartDuration>3000</motorStartDuration>
    <motorStartSound file="$data/vehicles/steerable/challenger/AGCOChallengerEngineXL_start.wav"  pitchOffset="0.90" volume="1.00"  indoorVolumeFactor="0.50" indoorLowpassGain="0.85" />
    <motorSound file="$data/vehicles/steerable/challenger/AGCOChallengerEngineXL_idle.wav"        pitchOffset="0.90" volume="1.00"  indoorVolumeFactor="0.50" indoorLowpassGain="0.85"  volumeMin="0.65" volumeMinSpeed="12"  pitchMax="1.55" radius="50" innerRadius="20" />
    <motorStopSound file="$data/vehicles/steerable/newHolland/newHollandT8320_stop.wav"           pitchOffset="0.90" volume="1.00"  indoorVolumeFactor="0.50" indoorLowpassGain="0.85" />

    <motorSoundRun file="$data/vehicles/steerable/challenger/AGCOChallengerEngine_run.wav"        pitchOffset="0.65" volume="1.00" indoorVolumeFactor="0.70" indoorLowpassGain="0.85" pitchMax="1.16" />
    <motorSoundLoad file="$data/vehicles/steerable/challenger/AGCOChallengerEngine_load.wav"      pitchOffset="0.60" volume="1.06" indoorVolumeFactor="0.50" indoorLowpassGain="0.95" pitchMax="1.10" minimalVolumeFactor="0.10"/>

    <gearboxSound file="$data/sounds/transmission/transmissionCVT_X.wav"                          pitchOffset="0.54" volume="0.20" indoorVolumeFactor="0.85" indoorLowpassGain="0.65" volumeMax="0.60" pitchMax="1.40" reverseVolumeMax="0.50" />
    <retarderSound file="$data/sounds/transmission/retarderET1116.wav"                            pitchOffset="0.55" volume="0.25" indoorVolumeFactor="0.60" indoorLowpassGain="0.75" volumeMax="0.40" pitchMax="1.65"  minSpeed="8" />

    <brakeCompressor capacity="10000" fillSpeed="650" />
    <maximalAirConsumptionPerFullStop value="550" />
    <brakeCompressorStartSound file="$data/sounds/technicalAccessories/compressor_controller.wav" pitchOffset="1.00" volume="0.85" indoorVolumeFactor="0.80" indoorLowpassGain="0.95" />
    <brakeCompressorRunSound file="$data/sounds/technicalAccessories/compressor_idle.wav"         pitchOffset="1.00" volume="0.18" indoorVolumeFactor="0.40" indoorLowpassGain="0.95"  pitchMax="1.15" />
    <brakeCompressorStopSound file="$data/vehicles/steerable/jcb/jcb_module.wav"                  pitchOffset="1.10" volume="1.00" indoorVolumeFactor="0.95" indoorLowpassGain="0.95" />
    <compressedAirSound file="$data/sounds/technicalAccessories/brakeSmall.wav"                   pitchOffset="1.00" volume="0.65" indoorVolumeFactor="0.60" indoorLowpassGain="0.95" />
    <airReleaseValveSound file="$data/sounds/technicalAccessories/regulator_valve.wav"            pitchOffset="1.00" volume="0.85" indoorVolumeFactor="0.85" indoorLowpassGain="0.75" />

    <reverseDriveSound file="$data/sounds/reverseDrivingBeep.wav"                                 pitchOffset="0.95" volume="1.40" indoorVolumeFactor="0.55" indoorLowpassGain="0.75" />
    <honkSound file="$data/sounds/hornBig.wav"                                                    pitchOffset="1.00" volume="1.50" indoorVolumeFactor="0.25" indoorLowpassGain="0.95" radius="70" innerRadius="10" />
    <attachSound file="$data/sounds/header_attach.wav"                                            pitchOffset="1.00" volume="1.00" indoorVolumeFactor="0.50" indoorLowpassGain="0.95" />
    <hydraulicSound file="$data/sounds/hydraulicUp.wav"                                           pitchOffset="0.80" volume="1.00" indoorVolumeFactor="0.40" indoorLowpassGain="0.95" />

    <speedRotatingParts>
        <speedRotatingPart index="1>4|0|0"     wheelIndex="0" wheelScale="5" />
        <speedRotatingPart index="1>4|0|1|0|0" wheelIndex="0" wheelScale="5" />
        <speedRotatingPart index="0>8|2|0"     wheelIndex="0" wheelScale="5" />
    </speedRotatingParts>

    <washable dirtDuration="50" washDuration="1" workMultiplier="4" />

    <components count="2">
        <component1 centerOfMass="0 1 1.65" solverIterationCount="10" mrSetMass="13.1" />
        <component2 centerOfMass="0 0.8 -2.2" solverIterationCount="10" mrSetMass="9.65" />
        <joint component1="0" component2="1" index="0>12" rotLimit="0 0 13" transLimit="0 0 0" breakable="false"/>
    </components>

    <schemaOverlay file="$dataS2/menu/schemas/vehicleSchema.png" fileSelected="$dataS2/menu/schemas/vehicleSchemaSelected.png" width="0.5" height="0.5" attacherJointPosition="0.5 0" />

</vehicle>