﻿<?xml version="1.0" encoding="utf-8" standalone="no" ?>
<vehicle type="tractor_crawler">
    <annotation>Copyright (C) GIANTS Software GmbH, All Rights Reserved.</annotation>

	<!-- mr
	
	challenger MT700E
	front end iron ballast = 1472kgs
	front idlers ballast = 1064kgs
	total operating weight (fuel tank full) = 17.7T
	
	PTO power = 	
	755 = 243.2KW
	765 = 266.3KW
	775 = 279.2KW
	
	
	scx
	
	engine
	gearbox ratio
	
	autoRotateBackSpeed
	
	differentials
	ackermannSteering
	
	mass
	center of mass
	
	wheels
	
	attacherJoint
	
	replace speedRefNode by speedRefWheel
	
	-->
	
	<moreRealistic useMrTransmission="true">		
		<dragArea value="6" />
		<engine rotInertiaFx="1" dampingRateFx="1" transmissionEfficiency="0.93" minSpeed="3" engineBrakeRpm="2400" engineBrakeForceFx="1.4" />		
	</moreRealistic>
	
    <storeData>
        <name>MT700E</name>
        <specs>
            <power>384</power>
            <maxSpeed>40</maxSpeed>
        </specs>
        <functions>
            <function>$l10n_function_tractor</function>
        </functions>
        <image>data/store/store_challengerMT700E.png</image>
        <price>314000</price>
        <dailyUpkeep>470</dailyUpkeep>
        <lifetime>600</lifetime>
        <rotation>0</rotation>
        <brand>CHALLENGER</brand>
        <category>tractors</category>
        <fieldJob sizeCategory="3" typeCategory="tractor" hasFrontAndBackHydraulics="false" />
        <vertexBufferMemoryUsage>2251676</vertexBufferMemoryUsage>
        <indexBufferMemoryUsage>385512</indexBufferMemoryUsage>
        <textureMemoryUsage>36176480</textureMemoryUsage>
        <instanceVertexBufferMemoryUsage>0</instanceVertexBufferMemoryUsage>
        <instanceIndexBufferMemoryUsage>0</instanceIndexBufferMemoryUsage>
    </storeData>

    <typeDesc>$l10n_typeDesc_tractor</typeDesc>
    <filename>data/vehicles/steerable/challenger/challengerMT700E.i3d</filename>

    <size width="3.5" length="6.5"/>

    <wheelConfigurations>
        <wheelConfiguration name="$l10n_configuration_valueDefault" price="0">
            <wheels autoRotateBackSpeed="1.7">
                <wheel rotSpeed="1" restLoad="3.4" repr="0>0|0|0" driveNode="0>0|0|0" radius="0.92" tireType="crawler" forcePointRatio="0.2" initialCompression="12" suspTravel="0.2" spring="135" damper="18" frictionScale="2" mass="0.5" isSynchronized="true" width="0.95" hasTireTracks="true" tireTrackAtlasIndex="6" hasParticles="true" />
                <wheel rotSpeed="1" restLoad="3.4" repr="0>0|1|0" driveNode="0>0|1|0" radius="0.92" tireType="crawler" forcePointRatio="0.2" initialCompression="12" suspTravel="0.2" spring="135" damper="18" frictionScale="2" mass="0.5" isSynchronized="true" width="0.95" hasTireTracks="true" tireTrackAtlasIndex="6" hasParticles="true" />
                <wheel rotSpeed="1" restLoad="4.4" repr="0>0|2"                       radius="0.59" tireType="crawler" forcePointRatio="0.3" initialCompression="22" suspTravel="0.2" spring="105" damper="13" frictionScale="2" mass="0.5" isSynchronized="false" />
                <wheel rotSpeed="1" restLoad="4.4" repr="0>0|3"                       radius="0.59" tireType="crawler" forcePointRatio="0.3" initialCompression="22" suspTravel="0.2" spring="105" damper="13" frictionScale="2" mass="0.5" isSynchronized="false" />
            </wheels>
            <crawlers>
                <crawler index="0>0|0|1" scrollSpeed="-0.1" shaderParameterName="offsetUV" shaderParameterComponent="1" scrollLength="8.9" speedRefWheel="1" >
                    <rotatingPart index="0>0|0|1|0" radius="0.476" />
                    <rotatingPart index="0>0|0|1|1" radius="0.178" />
                    <rotatingPart index="0>0|0|1|2" radius="0.178" />
                    <rotatingPart index="0>0|0|1|3" radius="0.178" />
                    <rotatingPart index="0>0|0|1|4" radius="0.78" />
                </crawler>
                <crawler index="0>0|1|1" scrollSpeed="-0.1" shaderParameterName="offsetUV" shaderParameterComponent="1" scrollLength="8.9" speedRefWheel="2" >
                    <rotatingPart index="0>0|1|1|0" radius="0.476" />
                    <rotatingPart index="0>0|1|1|1" radius="0.178" />
                    <rotatingPart index="0>0|1|1|2" radius="0.178" />
                    <rotatingPart index="0>0|1|1|3" radius="0.178" />
                    <rotatingPart index="0>0|1|1|4" radius="0.78" />
                </crawler>
            </crawlers>
        </wheelConfiguration>
    </wheelConfigurations>

    <ackermannSteeringConfigurations>
        <ackermannSteering rotSpeed="40" rotMax="60" rotCenter="0 -0.6658" />
    </ackermannSteeringConfigurations>

    <differentialConfigurations>
        <differentials>
            <differential torqueRatio="0.5" maxSpeedRatio="1" wheelIndex1="0" wheelIndex2="1" /> <!-- front left-right -->
            <differential torqueRatio="0.5" maxSpeedRatio="1" wheelIndex1="2" wheelIndex2="3" /> <!-- back left-right -->
            <differential torqueRatio="0.5" maxSpeedRatio="1" differentialIndex1="0" differentialIndex2="1" /> <!-- front-back -->
        </differentials>
    </differentialConfigurations>

    <motorConfigurations>
        <motorConfiguration name="MT755E" hp="384" price="0"  >
            <motor torqueScale="1.564" minRpm="890" maxRpm="2350" maxForwardSpeed="39.75" maxBackwardSpeed="15.6" brakeForce="11" lowBrakeForceScale="0.22" lowBrakeForceSpeedLimit="1" rotInertia="0.002" minForwardGearRatio="21.87" maxForwardGearRatio="150" minBackwardGearRatio="56.15" maxBackwardGearRatio="150" ptoMotorRpmRatio="3.7037">
                <torque normRpm="0.3829" torque="0.7"/>
				<torque normRpm="0.4255" torque="0.8068"/>
				<torque normRpm="0.5106" torque="1"/> <!-- 1200 = max torque -->
                <torque normRpm="0.6383" torque="0.966"/> 
				<torque normRpm="0.723"  torque="0.865"/> <!-- 1700 = constant max power -->
				<torque normRpm="0.774"  torque="0.817"/> <!-- 1820 = constant max power -->
				<torque normRpm="0.808"  torque="0.779"/> <!-- 1900 = constant max power -->
                <torque normRpm="0.8425" torque="0.728"/>
                <torque normRpm="0.8936" torque="0.6317"/>
                <torque normRpm="0.9787" torque="0.3"/>
                <torque normRpm="1"    torque="0"/>
            </motor>
            <objectChange node="0>12|0" visibilityActive="true"/>
            <objectChange node="0>12|1" visibilityActive="false"/>
            <objectChange node="0>12|2" visibilityActive="false"/>
        </motorConfiguration>
        <motorConfiguration name="MT765E" hp="411" price="13500" dailyUpkeep="27" icon="$dataS2/menu/hud/configurations/config_engine.png">
            <motor torqueScale="1.718" />
            <objectChange node="0>12|0" visibilityActive="false"/>
            <objectChange node="0>12|1" visibilityActive="true"/>
            <objectChange node="0>12|2" visibilityActive="false"/>
        </motorConfiguration>
        <motorConfiguration name="MT775E" hp="438" price="27000" dailyUpkeep="54" icon="$dataS2/menu/hud/configurations/config_engine.png">
            <motor torqueScale="1.797" />
            <objectChange node="0>12|0" visibilityActive="false"/>
            <objectChange node="0>12|1" visibilityActive="false"/>
            <objectChange node="0>12|2" visibilityActive="true"/>
        </motorConfiguration>
    </motorConfigurations>

    <fuelCapacity>659</fuelCapacity>

    <cameras count="2">
        <camera1 index="0>1|0|0" rotatable="true" rotateNode="0>1|0" limit="true" useWorldXZRotation="true" rotMinX="-1.4" rotMaxX="1" transMin="4" transMax="40" >
            <raycastNode index="0>1|2"/>
            <raycastNode index="0>1|3"/>
        </camera1>
        <camera2 index="0>1|1" rotatable="true" limit="true" rotMinX="-1.1" rotMaxX="0.4" transMin="0" transMax="0" useMirror="true" isInside="true" />
    </cameras>

    <lights>
        <low>
            <light realLight="0>2|0|1"   decoration="0>2|0|0"    lightTypes="0" excludedLightTypes="3" /> <!--FrontLights-->
            <light                       decoration="0>2|2|0"    lightTypes="0" excludedLightTypes="3" /> <!--BackLights-->
            <light realLight="0>2|1|0|1" decoration="0>2|1|0|0"  lightTypes="1"/> <!--WorklightBack-->
            <light                       decoration="0>2|1|1|0"  lightTypes="2"/> <!--WorklightFront-->
            <light realLight="0>2|0|2"                           lightTypes="3"/> <!--HighBeam -->
        </low>
        <high>
            <light realLight="0>2|0|3"   decoration="0>2|0|0"    lightTypes="0" excludedLightTypes="2 3" /> <!--FrontLights-->
            <light realLight="0>2|2|1"   decoration="0>2|2|0"    lightTypes="0" excludedLightTypes="3" /> <!--BackLights-->
            <light realLight="0>2|1|0|2" decoration="0>2|1|0|0"  lightTypes="1" /> <!--WorklightBack  -->
            <light realLight="0>2|1|1|1" decoration="0>2|1|1|0"  lightTypes="2"  /> <!--WorklightFront -->
            <light realLight="0>2|0|4"                           lightTypes="3" excludedLightTypes="2" /> <!--HighBeam-->
        </high>
        <states>
            <state lightTypes="0" />
            <state lightTypes="0 1" />
            <state lightTypes="0 1 2" />
        </states>
    </lights>

    <brakeLights>
        <brakeLight realLight="0>2|2|1" decoration="0>2|4|0" />
    </brakeLights>

    <turnLights>
        <turnLightLeft   realLight="0>2|3|0|1" decoration="0>2|3|0|0" />
        <turnLightLeft   realLight="0>2|3|0|2"  />
        <turnLightRight  realLight="0>2|3|1|1" decoration="0>2|3|1|0" />
        <turnLightRight  realLight="0>2|3|1|2"  />
    </turnLights>

    <reverseLights>
        <reverseLight realLight="0>2|6|1" decoration="0>2|6|0" />
    </reverseLights>

    <beaconLights>
        <beaconLight index="0>2|5|0" speed="0.015" filename="$data/shared/beaconLights/beaconLight02.i3d" />
        <beaconLight index="0>2|5|1" speed="0.015" filename="$data/shared/beaconLights/beaconLight02.i3d" />
    </beaconLights>

    <mirrors>
        <mirror index="0>11|0" prio="1" />
        <mirror index="0>11|1" prio="2" />
        <mirror index="0>11|2" prio="1" />
    </mirrors>

    <indoorHud>
        <speed numbers="0>10|1" precision="1" />
        <rpm animName="rpmDisplay" minValueAnim="0" maxValueAnim="2500" />
    </indoorHud>

    <enterReferenceNode index="0>"/>
    <exitPoint index="0>3"/>

    <attacherJoints comboDuration="2">
        <attacherJoint index="0>5|0|0|0|0" rotationNode="0>5|0|0" rotationNode2="0>5|0|0|0" upperRotation="32 0 0" lowerRotation="-14 0 0" upperDistanceToGround="1.17" upperRotationOffset="0.95" lowerDistanceToGround="0.4" lowerRotationOffset="0.95" moveTime="3" ptoOutputNode="0>5|2|0" comboTime="1">
            <bottomArm rotationNode="0>5|0|1" translationNode="0>5|0|1|0" referenceNode="0>5|0|1|0|0" zScale="-1" startRotation="-17.5 0 0" />
            <topArm baseNode="0>5|0|2" filename="$data/shared/vehicleParts/upperLink.i3d" zScale="-1" />
            <schema position="1 0" rotation="0" invertX="false" />
            <objectChange node="0>5|1|0|0" visibilityActive="false" visibilityInactive="true" />
        </attacherJoint>
        <attacherJoint index="0>5|1|0|0" jointType="trailerLow" lowerRotLimit="20 84 50" upperRotationOffset="0" allowsJointLimitMovement="false" ptoOutputNode="0>5|2|0" comboTime="1">
            <schema position="1 0" rotation="0" invertX="false" />
            <objectChange node="0>5|0|1" rotationActive="35 0 0"  rotationInactive="-17 0 0" />
        </attacherJoint>
        <attacherJoint index="0>5|1|1"   jointType="trailer"    lowerRotLimit="20 65 50" upperRotationOffset="0" allowsJointLimitMovement="false" comboTime="0" >
            <schema position="0 0" rotation="0" invertX="true" />
        </attacherJoint>
    </attacherJoints>

    <movingTools>
        <movingTool index="0>5|0|1">
            <dependentPart index="0>9|0" />
        </movingTool>
        <movingTool index="0>9|2">
            <dependentPart index="0>9|3" />
        </movingTool>
    </movingTools>

    <movingParts>
        <movingPart index="0>9|0" referencePoint="0>5|0|1|0|1" localReferencePoint="0>9|0|0" referenceFrame="0>5|0|0">
            <dependentPart index="0>9|0|0" />
        </movingPart>
        <movingPart index="0>9|0|0" referencePoint="0>5|0|1|0|1" referenceFrame="0>9|4">
            <dependentPart index="0>9|0|0|0" />
            <dependentPart index="0>9|0|0|1" />
            <dependentPart index="0>9|1" />
        </movingPart>
        <movingPart index="0>9|0|0|0" referencePoint="0>5|0|1|0|1|0" referenceFrame="0>5|0|1|0|1|0">
            <translatingPart index="0>9|0|0|0|0" />
        </movingPart>
        <movingPart index="0>9|0|0|1" referencePoint="0>5|0|1|0|1|1" referenceFrame="0>5|0|1|0|1|1">
            <translatingPart index="0>9|0|0|1|0" />
        </movingPart>
        <movingPart index="0>9|1" referencePoint="0>9|0|1" referenceFrame="0>9|0|1">
            <translatingPart index="0>9|1|0" />
        </movingPart>
        <movingPart index="0>9|3" referencePoint="0>9|2|0" referenceFrame="0>" >
            <translatingPart index="0>9|3|0" />
        </movingPart>

        <movingPart index="0>0|0|1" referencePoint="0>0|2" referenceFrame="0>" isActiveDirty="true" />
        <movingPart index="0>0|1|1" referencePoint="0>0|3" referenceFrame="0>" isActiveDirty="true" />
    </movingParts>

    <animations>
        <animation name="enterAnimation">
            <part node="0>9|2" startTime="0" duration="1" startRot="0 0 0" endRot="-85 0 0" />
        </animation>
        <animation name="rpmDisplay">
            <part node="0>10|0|0" startTime="0" duration="1" startRot="0 0 -110" endRot="0 0 110" />
        </animation>
    </animations>

    <enterAnimation name="enterAnimation" />

    <steering index="0>4|0" indoorRotation="540" outdoorRotation="60" />

    <characterNode index="0>6|0" cameraMinDistance="1.5" filename="$dataS2/character/player/player.xml" spineRotation="180 0 100" >
        <target ikChain="rightFoot" targetNode="0>6|1" />
        <target ikChain="leftFoot"  targetNode="0>6|2" />
        <target ikChain="rightArm"  targetNode="0>6|3"   setDirty="true"/>
        <target ikChain="leftArm"   targetNode="0>4|0|0" setDirty="true" />
    </characterNode>

    <ai>
        <trafficCollisionTrigger index="0>7|0" />
    </ai>

    <exhaustEffects>
        <exhaustEffect index="0>8|0" filename="$data/particleSystems/shared/exhaust.i3d" minRpmColor="0.9 0.9 0.9 0.1" maxRpmColor="0.9 0.9 0.9 0.4" minRpmScale="0.05" maxRpmScale="0.5" xzRotationsOffset="100 0" xzRotationsForward="50 0" xzRotationsBackward="-100 0" xzRotationsLeft="-20 -150" xzRotationsRight="-20 150" />
    </exhaustEffects>

    <motorStartDuration>3500</motorStartDuration>
    <motorStartSound file="$data/vehicles/steerable/challenger/AGCOChallengerEngine_start.wav" pitchOffset="0.85" volume="0.85" indoorVolumeFactor="0.35" indoorLowpassGain="0.95" />
    <motorSound file="$data/vehicles/steerable/challenger/AGCOChallengerEngine_idle.wav"       pitchOffset="0.85" volume="0.85" indoorVolumeFactor="0.35" indoorLowpassGain="0.95" pitchScale="0.025" pitchMax="1.25" volumeMin="0.33" volumeMinSpeed="15" radius="50" innerRadius="20" />
    <motorStopSound file="$data/vehicles/steerable/newHolland/newHollandT8320_stop.wav"        pitchOffset="0.85" volume="0.85" indoorVolumeFactor="0.35" indoorLowpassGain="0.95" />

    <motorSoundRun file="$data/vehicles/steerable/challenger/AGCOChallengerEngine_run.wav"     pitchOffset="0.65" volume="0.95" indoorVolumeFactor="0.25" indoorLowpassGain="0.95" pitchMax="1"  />
    <motorSoundLoad file="$data/vehicles/steerable/challenger/AGCOChallengerEngine_load.wav"   pitchOffset="0.55" volume="0.90" indoorVolumeFactor="0.40" indoorLowpassGain="0.95"  minimalVolumeFactor="0.00"  pitchMax="1.10"/>
    <gearboxSound file="$data/sounds/transmission/transmissionTinged_engine.wav"               pitchOffset="0.85" volume="0.08" indoorVolumeFactor="0.75" indoorLowpassGain="0.95"  pitchMax="1.60" volumeMax="0.465" reverseVolumeMax="0.35"  />
    <retarderSound file="$data/sounds/transmission/transmission22S.wav"                        pitchOffset="0.65" volume="0.15" indoorVolumeFactor="0.85" indoorLowpassGain="0.75"  pitchMax="2.20" volumeMax="0.15"  minSpeed="3.1" />

    <attachSound file="$data/sounds/attach.wav"                                                pitchOffset="1.00" volume="0.85" indoorVolumeFactor="0.35" indoorLowpassGain="0.95" />
    <hydraulicSound file="$data/sounds/hydraulicUp.wav"                                        pitchOffset="0.80" volume="0.85" indoorVolumeFactor="0.40" indoorLowpassGain="0.95" />
    <honkSound file="$data/sounds/hornBig.wav"                                                 pitchOffset="1.00" volume="0.85" indoorVolumeFactor="0.40" indoorLowpassGain="0.95" radius="70" innerRadius="10" />

    <washable dirtDuration="50" washDuration="1" workMultiplier="4" />

    <components count="1">
        <component1 centerOfMass="0 1.1 -0.45" solverIterationCount="10" mrSetMass="15.7" />
    </components>

    <schemaOverlay file="$dataS2/menu/schemas/vehicleSchema.png" fileSelected="$dataS2/menu/schemas/vehicleSchemaSelected.png" width="0.5" height="0.5" attacherJointPosition="0.5 0" />

</vehicle>
