﻿<?xml version="1.0" encoding="utf-8" standalone="no" ?>
<vehicle type="tractor_crawler">
    <annotation>Copyright (C) GIANTS Software GmbH, All Rights Reserved.</annotation>
	
	<moreRealistic useMrTransmission="true">		
		<dragArea value="7" />
		<engine rotInertiaFx="1" dampingRateFx="1" transmissionEfficiency="0.93" minSpeed="3" engineBrakeRpm="2400" engineBrakeForceFx="1.6" />		
	</moreRealistic>

    <storeData>
        <name>MT800E (3m)</name>
        <specs>
            <power>492</power>
            <maxSpeed>40</maxSpeed>
        </specs>
        <functions>
            <function>$l10n_function_tractor</function>
        </functions>
        <image>store_challengerMT800E.png</image>
        <price>396000</price>
        <dailyUpkeep>500</dailyUpkeep>
        <lifetime>600</lifetime>
        <rotation>0</rotation>
        <brand>CHALLENGER</brand>
        <category>tractors</category>
        <fieldJob sizeCategory="3" typeCategory="tractor" hasFrontAndBackHydraulics="false" />
        <vertexBufferMemoryUsage>2407076</vertexBufferMemoryUsage>
        <indexBufferMemoryUsage>411384</indexBufferMemoryUsage>
        <textureMemoryUsage>38972760</textureMemoryUsage>
        <instanceVertexBufferMemoryUsage>0</instanceVertexBufferMemoryUsage>
        <instanceIndexBufferMemoryUsage>0</instanceIndexBufferMemoryUsage>
    </storeData>

    <typeDesc>$l10n_typeDesc_tractor</typeDesc>
    <filename>$data/vehicles/steerable/challenger/challengerMT800E.i3d</filename>

    <size width="4.5" length="7"/>

    <wheelConfigurations>
        <wheelConfiguration name="$l10n_configuration_valueDefault">
            <wheels autoRotateBackSpeed="10.0">
                <wheel rotSpeed="1" restLoad="4.1" repr="0>0|0|0" driveNode="0>0|0|0" radius="0.88" tireType="crawler" forcePointRatio="0.2" initialCompression="14" suspTravel="0.2" spring="150" damper="20" frictionScale="2" mass="0.5" isSynchronized="true" width="0.95" hasTireTracks="true" tireTrackAtlasIndex="6" hasParticles="true" />
                <wheel rotSpeed="1" restLoad="4.1" repr="0>0|1|0" driveNode="0>0|1|0" radius="0.88" tireType="crawler" forcePointRatio="0.2" initialCompression="14" suspTravel="0.2" spring="150" damper="20" frictionScale="2" mass="0.5" isSynchronized="true" width="0.95" hasTireTracks="true" tireTrackAtlasIndex="6" hasParticles="true" />
                <wheel rotSpeed="1" restLoad="6.6" repr="0>0|2"                       radius="0.59" tireType="crawler" forcePointRatio="0.3" initialCompression="26" suspTravel="0.2" spring="120" damper="16" frictionScale="2" mass="0.5" isSynchronized="false" />
                <wheel rotSpeed="1" restLoad="6.6" repr="0>0|3"                       radius="0.59" tireType="crawler" forcePointRatio="0.3" initialCompression="26" suspTravel="0.2" spring="120" damper="16" frictionScale="2" mass="0.5" isSynchronized="false" />
            </wheels>
            <crawlers>
                <crawler index="0>0|0|1" scrollSpeed="-0.1" shaderParameterName="offsetUV" shaderParameterComponent="1" scrollLength="8.9" speedRefWheel="1" >
                    <rotatingPart index="0>0|0|1|0" radius="0.476" />
                    <rotatingPart index="0>0|0|1|1" radius="0.178" />
                    <rotatingPart index="0>0|0|1|2" radius="0.178" />
                    <rotatingPart index="0>0|0|1|3" radius="0.178" />
                    <rotatingPart index="0>0|0|1|4" radius="0.178" />
                    <rotatingPart index="0>0|0|1|5" radius="0.78" />
                </crawler>
                <crawler index="0>0|1|1" scrollSpeed="-0.1" shaderParameterName="offsetUV" shaderParameterComponent="1" scrollLength="8.9" speedRefWheel="2" >
                    <rotatingPart index="0>0|1|1|0" radius="0.476" />
                    <rotatingPart index="0>0|1|1|1" radius="0.178" />
                    <rotatingPart index="0>0|1|1|2" radius="0.178" />
                    <rotatingPart index="0>0|1|1|3" radius="0.178" />
                    <rotatingPart index="0>0|1|1|4" radius="0.178" />
                    <rotatingPart index="0>0|1|1|5" radius="0.78" />
                </crawler>
            </crawlers>
            <objectChange node="0>0|0" translationActive="1.5 0.871 -1.895" />
            <objectChange node="0>0|1" translationActive="-0.190 0 0" />
            <objectChange node="0>0|2" translationActive="1.5 0.583 1.109" />
            <objectChange node="0>0|3" translationActive="-1.5 0.583 1.109" />
        </wheelConfiguration>
    </wheelConfigurations>

    <dynamicallyLoadedParts>
        <dynamicallyLoadedPart node="1" linkNode="0>13" filename="vehicles/steerable/challenger/challengerParts.i3d" />
    </dynamicallyLoadedParts>

    <ackermannSteeringConfigurations>
        <ackermannSteering rotSpeed="40" rotMax="60" rotCenter="0 -0.6658" />
    </ackermannSteeringConfigurations>

    <differentialConfigurations>
        <differentials>
            <differential torqueRatio="0.5" maxSpeedRatio="1" wheelIndex1="0" wheelIndex2="1" /> <!-- front left-right -->
            <differential torqueRatio="0.5" maxSpeedRatio="1" wheelIndex1="2" wheelIndex2="3" /> <!-- back left-right -->
            <differential torqueRatio="0.5" maxSpeedRatio="1" differentialIndex1="0" differentialIndex2="1" /> <!-- front-back -->
        </differentials>
    </differentialConfigurations>

    <motorConfigurations>
        <motorConfiguration name="MT845E" hp="492" price="0" >
            <motor torqueScale="1.953" minRpm="886" maxRpm="2350" maxForwardSpeed="40" maxBackwardSpeed="15.6" brakeForce="14" lowBrakeForceScale="0.22" lowBrakeForceSpeedLimit="1" rotInertia="0.002" minForwardGearRatio="21.39" maxForwardGearRatio="100" minBackwardGearRatio="56.15" maxBackwardGearRatio="100" ptoMotorRpmRatio="3.666667">
                <torque normRpm="0.3829" torque="0.77"/>
				<torque normRpm="0.4255" torque="0.9"/>
				<torque normRpm="0.46" torque="0.985"/>
				<torque normRpm="0.544" torque="1"/>
                <torque normRpm="0.6383"  torque="0.98"/>
                <torque normRpm="0.81" torque="0.809"/>
                <torque normRpm="0.8936" torque="0.658"/>
                <torque normRpm="0.9787" torque="0.3"/>
                <torque normRpm="1"    torque="0"/>
            </motor>
            <objectChange node="0>12|0" visibilityActive="true"/>
            <objectChange node="0>12|1" visibilityActive="false"/>
            <objectChange node="0>12|2" visibilityActive="false"/>
        </motorConfiguration>
        <motorConfiguration name="MT865E" hp="592" price="50000" dailyUpkeep="100" icon="$dataS2/menu/hud/configurations/config_engine.png">
            <motor torqueScale="2.422" />
            <objectChange node="0>12|0" visibilityActive="false"/>
            <objectChange node="0>12|1" visibilityActive="true"/>
            <objectChange node="0>12|2" visibilityActive="false"/>
            <fuelCapacity>1206</fuelCapacity>
        </motorConfiguration>
        <motorConfiguration name="MT875E" hp="646" price="77000" dailyUpkeep="154" icon="$dataS2/menu/hud/configurations/config_engine.png">
            <motor torqueScale="2.602" />
            <objectChange node="0>12|0" visibilityActive="false"/>
            <objectChange node="0>12|1" visibilityActive="false"/>
            <objectChange node="0>12|2" visibilityActive="true"/>
            <fuelCapacity>1206</fuelCapacity>
        </motorConfiguration>
    </motorConfigurations>

    <fuelCapacity>1002</fuelCapacity>

    <cameras count="2">
        <camera1 index="0>1|0|0" rotatable="true" rotateNode="0>1|0" limit="true" useWorldXZRotation="true" rotMinX="-1.4" rotMaxX="1" transMin="4" transMax="40" >
            <raycastNode index="0>1|2"/>
            <raycastNode index="0>1|3"/>
        </camera1>
        <camera2 index="0>1|1" rotatable="true" limit="true" rotMinX="-1.1" rotMaxX="0.4" transMin="0" transMax="0" useMirror="true" isInside="true" />
    </cameras>

    <lights>
        <low>
            <light realLight="0>2|0|1"   decoration="0>2|0|0"    lightTypes="0 3" excludedLightTypes="3" /> <!--FrontLights-->
            <light                       decoration="0>2|2|0"    lightTypes="0 3" excludedLightTypes="3" /> <!--BackLights-->
            <light realLight="0>2|1|0|1" decoration="0>2|1|0|0"  lightTypes="1"/> <!--WorklightBack-->
            <light                       decoration="0>2|1|1|0"  lightTypes="2"/> <!--WorklightFront-->
            <light realLight="0>2|0|2"                           lightTypes="3"/> <!--HighBeam -->
        </low>
        <high>
            <light realLight="0>2|0|3"   decoration="0>2|0|0"    lightTypes="0 3" excludedLightTypes="2 3" /> <!--FrontLights-->
            <light realLight="0>2|2|1"   decoration="0>2|2|0"    lightTypes="0 3" excludedLightTypes="3" /> <!--BackLights-->
            <light realLight="0>2|1|0|2" decoration="0>2|1|0|0"  lightTypes="1" /> <!--WorklightBack  -->
            <light realLight="0>2|1|1|1" decoration="0>2|1|1|0"  lightTypes="2"  /> <!--WorklightFront -->
            <light realLight="0>2|0|4"                           lightTypes="3" excludedLightTypes="2" /> <!--HighBeam-->
        </high>
        <states>
            <state lightTypes="0" />
            <state lightTypes="0 1" />
            <state lightTypes="0 1 2" />
        </states>
    </lights>

    <brakeLights>
        <brakeLight realLight="0>2|2|1" decoration="0>2|4|0" />
    </brakeLights>

    <turnLights>
        <turnLightLeft   realLight="0>2|3|0|1" decoration="0>2|3|0|0" />
        <turnLightLeft   realLight="0>2|3|0|2"  />
        <turnLightRight  realLight="0>2|3|1|1" decoration="0>2|3|1|0" />
        <turnLightRight  realLight="0>2|3|1|2"  />
    </turnLights>

    <reverseLights>
        <reverseLight realLight="0>2|6|1" decoration="0>2|6|0" />
    </reverseLights>

    <beaconLights>
        <beaconLight index="0>2|5|0" speed="0.015" filename="$data/shared/beaconLights/beaconLight02.i3d" />
        <beaconLight index="0>2|5|1" speed="0.015" filename="$data/shared/beaconLights/beaconLight02.i3d" />
    </beaconLights>

    <mirrors>
        <mirror index="0>11|0" prio="2" />
        <mirror index="0>11|1" prio="1" />
        <mirror index="0>11|2" prio="1" />
    </mirrors>

    <indoorHud>
        <speed numbers="0>10|1" precision="1" />
        <rpm animName="rpmDisplay" minValueAnim="0" maxValueAnim="2500" />
    </indoorHud>

    <enterReferenceNode index="0>"/>
    <exitPoint index="0>3"/>

    <attacherJoints comboDuration="2">
        <attacherJoint index="0>5|0|0|0|0" rotationNode="0>5|0|0" rotationNode2="0>5|0|0|0" upperRotation="31 0 0" lowerRotation="-16 0 0" upperDistanceToGround="1.136" upperRotationOffset="0.07" lowerDistanceToGround="0.288" lowerRotationOffset="0.07" moveTime="3.4" ptoOutputNode="0>5|2" comboTime="1">
            <bottomArm rotationNode="0>5|0|1" translationNode="0>5|0|1|0" referenceNode="0>5|0|1|0|0" zScale="-1" startRotation="31 0 0" />
            <schema position="1 0" rotation="0" invertX="false" />
        </attacherJoint>
        <attacherJoint index="0>5|1|0" jointType="trailerLow" lowerRotLimit="20 84 50" upperRotationOffset="0" allowsJointLimitMovement="false" comboTime="1" ptoOutputNode="0>5|2">
            <schema position="1 0" rotation="0" invertX="false" />
        </attacherJoint>
        <attacherJoint index="0>5|1|1" jointType="trailer"    lowerRotLimit="20 80 50" upperRotationOffset="0" allowsJointLimitMovement="false" comboTime="0" >
            <schema position="0 0" rotation="0" invertX="true" />
        </attacherJoint>
    </attacherJoints>

    <movingTools>
        <movingTool index="0>5|0|1">
            <dependentPart index="0>9|0" />
        </movingTool>
        <movingTool index="0>9|4">
            <dependentPart index="0>9|5" />
        </movingTool>
    </movingTools>

    <movingParts>
        <movingPart index="0>9|0" referencePoint="0>5|0|1|0|1" localReferencePoint="0>9|0|0" referenceFrame="0>9|7">
            <dependentPart index="0>9|0|0" />
        </movingPart>
        <movingPart index="0>9|0|0" referencePoint="0>5|0|1|0|1" referenceFrame="0>5|0|1|0|1">
            <dependentPart index="0>9|1" />
            <dependentPart index="0>9|2" />
        </movingPart>
        <movingPart index="0>9|1" referencePoint="0>9|0|0|0" referenceFrame="0>9|0|0|0" scaleZ="true" />
        <movingPart index="0>9|2" referencePoint="0>9|1|0" localReferencePoint="0>9|2|0" referenceFrame="0>5|0|1|0">
            <dependentPart index="0>9|2|0" />
        </movingPart>
        <movingPart index="0>9|2|0" referencePoint="0>9|1|0" referenceFrame="0>9|6">
            <dependentPart index="0>9|2|0|0" />
            <dependentPart index="0>9|2|0|1" />
            <dependentPart index="0>9|3" />
        </movingPart>
        <movingPart index="0>9|2|0|0" referencePoint="0>9|1|0|0" referenceFrame="0>9|1|0|0">
            <translatingPart index="0>9|2|0|0|0" />
        </movingPart>
        <movingPart index="0>9|2|0|1" referencePoint="0>9|1|0|1" referenceFrame="0>9|1|0|1">
            <translatingPart index="0>9|2|0|1|0" />
        </movingPart>
        <movingPart index="0>9|3" referencePoint="0>9|2|1" referenceFrame="0>9|6">
            <translatingPart index="0>9|3|0" />
        </movingPart>

        <movingPart index="0>9|5" referencePoint="0>9|4|0" referenceFrame="0>">
            <translatingPart index="0>9|5|0" />
        </movingPart>


        <movingPart index="0>0|0|1" referencePoint="0>0|2" referenceFrame="0>" isActiveDirty="true" />
        <movingPart index="0>0|1|1" referencePoint="0>0|3" referenceFrame="0>" isActiveDirty="true" />
    </movingParts>

    <animations>
        <animation name="enterAnimation">
            <part node="0>9|4" startTime="0" duration="1" startRot="0 0 0" endRot="-85 0 0" />
        </animation>
        <animation name="rpmDisplay">
            <part node="0>10|0|0" startTime="0" duration="1" startRot="0 0 -110" endRot="0 0 110" />
        </animation>
    </animations>

    <enterAnimation name="enterAnimation" />

    <steering index="0>4|0" indoorRotation="540" outdoorRotation="60" />

    <characterNode index="0>6|0" cameraMinDistance="1.5" filename="$dataS2/character/player/player.xml" spineRotation="180 0 100" >
        <target ikChain="rightFoot" targetNode="0>6|1" />
        <target ikChain="leftFoot"  targetNode="0>6|2" />
        <target ikChain="rightArm"  targetNode="0>6|3"   setDirty="true"/>
        <target ikChain="leftArm"   targetNode="0>4|0|0" setDirty="true" />
    </characterNode>

    <ai>
        <trafficCollisionTrigger index="0>7|0" />
    </ai>

    <exhaustEffects>
        <exhaustEffect index="0>8|0" filename="$data/particleSystems/shared/exhaust.i3d" minRpmColor="0.9 0.9 0.9 0.1" maxRpmColor="0.9 0.9 0.9 0.4" minRpmScale="0.05" maxRpmScale="0.5" xzRotationsOffset="100 0" xzRotationsForward="50 0" xzRotationsBackward="-100 0" xzRotationsLeft="-20 -150" xzRotationsRight="-20 150" />
    </exhaustEffects>

    <motorStartDuration>3500</motorStartDuration>
    <motorStartSound file="$data/vehicles/steerable/challenger/AGCOChallengerEngine_start.wav" pitchOffset="0.85" volume="0.85" indoorVolumeFactor="0.35" indoorLowpassGain="0.95" />
    <motorSound file="$data/vehicles/steerable/challenger/AGCOChallengerEngine_idle.wav"       pitchOffset="0.85" volume="0.85" indoorVolumeFactor="0.35" indoorLowpassGain="0.95" pitchScale="0.025" pitchMax="1.25" volumeMin="0.32" volumeMinSpeed="15" radius="50" innerRadius="20" />
    <motorStopSound file="$data/vehicles/steerable/newHolland/newHollandT8320_stop.wav"        pitchOffset="0.85" volume="0.85" indoorVolumeFactor="0.35" indoorLowpassGain="0.95" />

    <motorSoundRun file="$data/vehicles/steerable/challenger/AGCOChallengerEngine_run.wav"     pitchOffset="0.65" volume="0.85" indoorVolumeFactor="0.25" indoorLowpassGain="0.95" pitchMax="1"  />
    <motorSoundLoad file="$data/vehicles/steerable/challenger/AGCOChallengerEngine_load.wav"   pitchOffset="0.55" volume="0.95" indoorVolumeFactor="0.45" indoorLowpassGain="0.95"  minimalVolumeFactor="0.05"  pitchMax="1.10"/>
    <gearboxSound file="$data/sounds/transmission/transmissionTinged_engine.wav"               pitchOffset="0.85" volume="0.15" indoorVolumeFactor="0.85" indoorLowpassGain="0.95"  pitchMax="1.6" volumeMax="0.465" reverseVolumeMax="0.35"  />
    <retarderSound file="$data/sounds/transmission/module1.wav"                                pitchOffset="0.85" volume="0.05" indoorVolumeFactor="0.80" indoorLowpassGain="0.75"  pitchMax="2" volumeMax="0.20"  minSpeed="4.2" />

    <attachSound file="$data/sounds/attach.wav"                                                pitchOffset="1.00" volume="0.85" indoorVolumeFactor="0.35" indoorLowpassGain="0.95" />
    <hydraulicSound file="$data/sounds/hydraulicUp.wav"                                        pitchOffset="0.80" volume="0.85" indoorVolumeFactor="0.40" indoorLowpassGain="0.95" />
    <honkSound file="$data/sounds/hornBig.wav"                                                 pitchOffset="1.00" volume="0.85" indoorVolumeFactor="0.40" indoorLowpassGain="0.95" radius="70" innerRadius="10" />

    <brakeCompressor capacity="10000" fillSpeed="1000" />
    <maximalAirConsumptionPerFullStop value="4000" />
    <brakeCompressorStartSound file="$data/sounds/technicalAccessories/brakeSmall.wav"         pitchOffset="1.20" volume="0.15" indoorVolumeFactor="0.45" indoorLowpassGain="0.90" />
    <brakeCompressorRunSound   file="$data/sounds/technicalAccessories/compressor_idle.wav"    pitchOffset="1.05" volume="0.05" indoorVolumeFactor="0.15" indoorLowpassGain="0.90" pitchMax="1.15" />
    <brakeCompressorStopSound  file="$data/sounds/technicalAccessories/pressure_regulator.wav" pitchOffset="0.67" volume="0.40" indoorVolumeFactor="0.54" indoorLowpassGain="0.90" />
    <airReleaseValveSound      file="$data/sounds/technicalAccessories/regulator_valve.wav"    pitchOffset="1.00" volume="0.95" indoorVolumeFactor="0.85" indoorLowpassGain="0.95"/>


    <washable dirtDuration="50" washDuration="1" workMultiplier="4" />

    <components count="1">
        <component1 centerOfMass="0 1.1 -0.1" solverIterationCount="10" mrSetMass="22.4" />
    </components>

    <schemaOverlay file="$dataS2/menu/schemas/vehicleSchema.png" fileSelected="$dataS2/menu/schemas/vehicleSchemaSelected.png" width="0.5" height="0.5" attacherJointPosition="0.5 0" />

</vehicle>
