<?xml version="1.0" encoding="utf-8" standalone="no" ?>
<modDesc descVersion="31">
    <author>GIANTS Software</author>
    <version>1.0.0.0</version>
    <title>
        <en>Lizard Road Rage</en>
        <de>Lizard Road Rage</de>
        <fr>Lizard Road Rage</fr>
    </title>
    <description>
        <en>
<![CDATA[Price: 89000 €
Max. power: 306 hp
Max. speed: 155 kph
Maintenance: 70 € / day
]]>
        </en>
        <de>
<![CDATA[Preis: 89000 €
Max. Leistung: 306 PS
Höchstgeschwindigkeit: 155 km/h
Unterhaltskosten: 70 € / Tag
]]>
        </de>
        <fr>
<![CDATA[Prix: 89000 €
Puissance max. : 306 ch
Vitesse maximale : 155 km/h
Entretien : 70 € / jour
]]>
        </fr>
    </description>  
    <iconFilename>icon_lizardRoadRage.png</iconFilename>
    <multiplayer supported="true" />
    <storeItems>
        <storeItem xmlFilename="roadRage.xml"/>
    </storeItems>
</modDesc>
