﻿<?xml version="1.0" encoding="utf-8" standalone="no" ?>
<vehicle type="car">
    <annotation>Copyright (C) GIANTS Software GmbH, All Rights Reserved.</annotation>

    <storeData>
        <name>Road Rage</name>
        <specs>
            <power>306</power>
            <maxSpeed>160</maxSpeed>
        </specs>
        <functions>
            <function>$l10n_function_car</function>
        </functions>
        <image>store_lizardRoadRage.png</image>
        <price>89000</price>
        <dailyUpkeep>70</dailyUpkeep>
        <lifetime>600</lifetime>
        <rotation>0</rotation>
        <brand>LIZARD</brand>
        <category>cars</category>
        <vertexBufferMemoryUsage>659384</vertexBufferMemoryUsage>
        <indexBufferMemoryUsage>174432</indexBufferMemoryUsage>
        <textureMemoryUsage>23573144</textureMemoryUsage>
        <instanceVertexBufferMemoryUsage>0</instanceVertexBufferMemoryUsage>
        <instanceIndexBufferMemoryUsage>0</instanceIndexBufferMemoryUsage>
    </storeData>

    <typeDesc>$l10n_typeDesc_car</typeDesc>
    <filename>roadRage.i3d</filename>

    <size width="3" length="6.5"/>

    <wheelConfigurations>
        <wheelConfiguration name="$l10n_configuration_valueDefault" price="0">
            <wheels autoRotateBackSpeed="2.5">
                <wheel rotSpeed="1" restLoad="0.5" repr="0>0" driveNode="0>0|0" forcePointRatio="0.2" initialCompression="50" suspTravel="0.2" spring="10" damper="3" hasTireTracks="true" hasParticles="true" filename="wheels/wheels.xml" isLeft="true" />
                <wheel rotSpeed="1" restLoad="0.5" repr="0>1" driveNode="0>1|0" forcePointRatio="0.2" initialCompression="50" suspTravel="0.2" spring="10" damper="3" hasTireTracks="true" hasParticles="true" filename="wheels/wheels.xml" isLeft="false" />
                <wheel rotSpeed="0" restLoad="0.5" repr="0>2" driveNode="0>2|0" forcePointRatio="0.2" initialCompression="50" suspTravel="0.2" spring="10" damper="3" hasTireTracks="true" hasParticles="true" filename="wheels/wheels.xml" isLeft="true" />
                <wheel rotSpeed="0" restLoad="0.5" repr="0>3" driveNode="0>3|0" forcePointRatio="0.2" initialCompression="50" suspTravel="0.2" spring="10" damper="3" hasTireTracks="true" hasParticles="true" filename="wheels/wheels.xml" isLeft="false" />
            </wheels>
        </wheelConfiguration>
    </wheelConfigurations>

    <rimColorConfigurations useDefaultColors="true" price="100" defaultColorIndex="1" icon="$dataS2/menu/hud/configurations/config_rimColor.png"/>

    <ackermannSteeringConfigurations>
        <ackermannSteering rotSpeed="65" rotMax="42" rotCenterWheel1="2" rotCenterWheel2="3" />
    </ackermannSteeringConfigurations>

    <differentialConfigurations>
        <differentials>
            <differential torqueRatio="0.5" maxSpeedRatio="1.3" wheelIndex1="0" wheelIndex2="1" /> <!-- front left-right -->
            <differential torqueRatio="0.5" maxSpeedRatio="1.2" wheelIndex1="2" wheelIndex2="3" /> <!-- back left-right -->
            <differential torqueRatio="0.5" maxSpeedRatio="1.6" differentialIndex1="0" differentialIndex2="1" /> <!-- front-back -->
        </differentials>
    </differentialConfigurations>

    <motorConfigurations>
        <motorConfiguration name="$l10n_configuration_valueDefault" hp="306" price="0">
            <motor torqueScale="1.296" minRpm="1000" maxRpm="2200" maxForwardSpeed="163" maxBackwardSpeed="50" brakeForce="1.5" lowBrakeForceScale="0.22" lowBrakeForceSpeedLimit="0.1" rotInertia="0.001" minForwardGearRatio="5" maxForwardGearRatio="250" minBackwardGearRatio="16" maxBackwardGearRatio="250">
                <torque normRpm="0.45" torque="0.9"/>
                <torque normRpm="0.5" torque="0.97"/>
                <torque normRpm="0.59" torque="1"/>
                <torque normRpm="0.72" torque="1"/>
                <torque normRpm="0.86" torque="0.88"/>
                <torque normRpm="1" torque="0.72"/>
            </motor>
        </motorConfiguration>
    </motorConfigurations>

    <fuelCapacity>50</fuelCapacity>

    <cameras count="2">
        <camera1 index="0>9|0|0" rotatable="true" rotateNode="0>9|0" limit="true" useWorldXZRotation="true" rotMinX="-1.4" rotMaxX="1" transMin="4" transMax="25" >
            <raycastNode index="0>4|1"/>
            <raycastNode index="0>4|0"/>
        </camera1>
        <camera2 index="0>9|1" rotatable="true" limit="true" rotMinX="-1.1" rotMaxX="0.4" transMin="0" transMax="0" useMirror="true" isInside="true" />
    </cameras>

    <lights>
        <low>
            <light                        decoration="0>17|1|0"   lightTypes="0 1" /> <!--Decoration for FrontLights and Highbeams-->
            <light realLight="0>17|1|1"                           lightTypes="0" /> <!--FrontLights-->
            <light realLight="0>17|1|2"                           lightTypes="1" /> <!--FrontLights-->
            <light                        decoration="0>17|1|0"   lightTypes="0 1"/> <!--BackLights-->
        </low>
        <high>
            <light                        decoration="0>17|1|0"   lightTypes="0 1" /> <!--Decoration for FrontLights and Highbeams-->
            <light realLight="0>17|1|3"                           lightTypes="0" /> <!--FrontLights-->
            <light realLight="0>17|1|4"                           lightTypes="1" /> <!--HighBeam-->
            <light realLight="0>17|0|1"    decoration="0>17|0|0"   lightTypes="0 1" /> <!--BackLights-->
        </high>
        <states>
            <state lightTypes="0" />
            <state lightTypes="0 1" />
        </states>
    </lights>

    <brakeLights>
        <brakeLight realLight="0>17|3|1" decoration="0>17|3|0" />
    </brakeLights>

    <turnLights>
        <turnLightLeft realLight="0>17|2|0|1" decoration="0>17|2|0|0" />
        <turnLightRight realLight="0>17|2|1|1" decoration="0>17|2|1|0" />
        <turnLightRight realLight="0>17|2|1|2" />
    </turnLights>

    <reverseLights>
        <reverseLight realLight="0>17|4|1" decoration="0>17|4|0" />
    </reverseLights>

    <mirrors>
        <mirror index="0>15|0" prio="1" />
        <mirror index="0>11|3" prio="1" />
        <mirror index="0>12|3" prio="1" />
    </mirrors>

    <indoorHud>
        <speed animName="speedDisplay" minValueAnim="0" maxValueAnim="240" />
        <rpm animName="rpmDisplay" minValueAnim="0" maxValueAnim="2200"/>
    </indoorHud>

    <enterReferenceNode index="0>"/>
    <exitPoint index="0>10"/>

    <attacherJoints>
    </attacherJoints>

    <movingTools>
    </movingTools>

    <movingParts>
    </movingParts>

    <animations>
        <animation name="rpmDisplay">
            <part node="0>18|0" startTime="0" endTime="0.5" startRot="0 0 0" endRot="0 22 0" />
            <part node="0>18|0" startTime="0.5" endTime="1" startRot="0 22 0" endRot="0 180 0" />
        </animation>
        <animation name="speedDisplay">
            <part node="0>19|0" startTime="0" endTime="1" startRot="0 0 0" endRot="0 180 0"/>
        </animation>
    </animations>

    <steering index="0>8|0" indoorRotation="540" outdoorRotation="60" />

    <characterNode index="0>20|0" cameraMinDistance="1.5" filename="$dataS2/character/player/player.xml" spineRotation="180 0 80" >
        <target ikChain="rightFoot" targetNode="0>20|2" />
        <target ikChain="leftFoot"  targetNode="0>20|1" />
        <target ikChain="rightArm"  targetNode="0>8|0|1" setDirty="true"/>
        <target ikChain="leftArm"   targetNode="0>8|0|0" setDirty="true" />
    </characterNode>

    <exhaustEffects>
        <exhaustEffect index="0>5" filename="$data/particleSystems/shared/exhaust.i3d" minRpmColor="0.9 0.9 0.9 0.1" maxRpmColor="0.9 0.9 0.9 0.4" minRpmScale="0.02" maxRpmScale="0.25" />
        <exhaustEffect index="0>6" filename="$data/particleSystems/shared/exhaust.i3d" minRpmColor="0.9 0.9 0.9 0.1" maxRpmColor="0.9 0.9 0.9 0.4" minRpmScale="0.02" maxRpmScale="0.25" />
    </exhaustEffects>

    <motorStartDuration>2200</motorStartDuration>

    <motorStartSound file="$data/vehicles/steerable/lizard/lizardPickupTT_start.wav"   volume="1.00"   pitchOffset="1.00"                   indoorVolumeFactor="0.50" indoorLowpassGain="0.90" />
    <motorSound      file="$data/vehicles/steerable/lizard/lizardPickupTT_idle.wav"    volume="1.00"   pitchOffset="1.00"  pitchMax="1.60"  indoorVolumeFactor="0.50" indoorLowpassGain="0.90" volumeMin="0.25" volumeMinSpeed="90" />
    <motorStopSound  file="$data/vehicles/steerable/lizard/lizardPickupTT_stop.wav"    volume="1.00"   pitchOffset="1.00"                   indoorVolumeFactor="0.65" indoorLowpassGain="0.9" />

    <motorSoundRun   file="$data/vehicles/steerable/lizard/lizardPickupRodeo_run.wav"  volume="1.00"   pitchOffset="0.55"  pitchMax="1.15"  indoorVolumeFactor="0.55" indoorLowpassGain="0.90" />
    <gearboxSound file="$data/sounds/transmission/transmissionOld.wav"                 volume="0.20"   pitchOffset="0.55"  pitchMax="1.00"  indoorVolumeFactor="0.65" indoorLowpassGain="0.9"  volumeMax="0.20"  reverseVolumeMax="0.30" />
    <retarderSound file="$data/sounds/transmission/transmissionOmega.wav"              volume="0.10"   pitchOffset="0.85"  pitchMax="2.00"  indoorVolumeFactor="0.65" indoorLowpassGain="0.9"  volumeMax="0.17"  minSpeed="6" />
    <honkSound       file="$data/sounds/hornCar.wav"                                   volume="1.00"                                        indoorVolumeFactor="0.65" indoorLowpassGain="0.9"                                                                                    radius="70" innerRadius="10" />
    <attachSound file="$data/sounds/attach.wav"                                        volume="1.00"    pitchOffset="1" />

    <ai>
        <trafficCollisionTrigger index="0>7" />
    </ai>

    <baseColorConfigurations useDefaultColors="true" price="500" defaultColorIndex="1" icon="$dataS2/menu/hud/configurations/config_color.png">
        <colorNode node="0>14" />
    </baseColorConfigurations>

    <designConfigurations>
        <designConfiguration name="$l10n_configuration_valueDefault" price="0" />
        <designConfiguration name="$l10n_configuration_valueGT1" price="500" icon="$dataS2/menu/hud/configurations/config_edition.png">
            <objectChange node="0>21|0" visibilityActive="true" visibilityInactive="false"/>
        </designConfiguration>
        <designConfiguration name="$l10n_configuration_valueGT2" price="500" icon="$dataS2/menu/hud/configurations/config_edition.png">
            <objectChange node="0>21|1" visibilityActive="true" visibilityInactive="false"/>
        </designConfiguration>
    </designConfigurations>

    <designColorConfigurations useDefaultColors="true" price="200" defaultColorIndex="1" icon="$dataS2/menu/hud/configurations/config_color.png">
        <colorNode node="0>21|0" recursive="true"/>
        <colorNode node="0>21|1" recursive="true"/>
    </designColorConfigurations>

    <washable dirtDuration="50" washDuration="1" workMultiplier="4" />

    <components count="1">
        <component1 centerOfMass="0 0.5 0.15" solverIterationCount="10" />
    </components>

    <schemaOverlay file="$dataS2/menu/schemas/vehicleSchema.png" fileSelected="$dataS2/menu/schemas/vehicleSchemaSelected.png" width="0.5" height="0.5" attacherJointPosition="0.5 0" />

</vehicle>
