﻿<?xml version="1.0" encoding="utf-8" standalone="no" ?>
<vehicle type="baler">
    <annotation>Copyright (C) GIANTS Software GmbH, All Rights Reserved.</annotation>
	
	<!-- mr
	
		kuhn LSB 1290 D omnicut
		
		mass / center of mass
		
		wheels
		brake
	
		inputAttacherJoint
		
		steeringAxleAngleScale
		
		baleAnimation + dummyWheel for the unloading of the bale
		
		pitchOffset of the baler sound set to 1 / sound duration = 5.080s, number of strokes = 4 => exactely 47.244094 strokes per minute - manufacturer data = 46
	
	-->	
		
	<moreRealistic>				
		<baler pickingDependantPtoPower="70" maxLitersPerSecond="240" strokesByMinute="47.244094" strokeDependantPtoPower="30" litersPerFlake="100" strokeSoundTimeOffset="200" /> 
		<dragArea value="5.9" />
	</moreRealistic>

    <storeData>
        <name>LSB 1290 D</name>
        <specs>
            <neededPower>185</neededPower>
        </specs>
        <functions>
            <function>$l10n_function_baler</function>
        </functions>
        <image>store_kuhnLSB1290D.png</image>
        <price>105000</price>
        <dailyUpkeep>140</dailyUpkeep>
        <lifetime>600</lifetime>
        <rotation>0</rotation>
        <brand>KUHN</brand>
        <category>baling</category>
        <vertexBufferMemoryUsage>3853916</vertexBufferMemoryUsage>
        <indexBufferMemoryUsage>1095000</indexBufferMemoryUsage>
        <textureMemoryUsage>19836136</textureMemoryUsage>
        <instanceVertexBufferMemoryUsage>0</instanceVertexBufferMemoryUsage>
        <instanceIndexBufferMemoryUsage>0</instanceIndexBufferMemoryUsage>
    </storeData>

    <typeDesc>$l10n_typeDesc_baler</typeDesc>
    <filename>vehicles/trailers/kuhn/kuhnLSB1290D.i3d</filename>

    <size width="3.8" length="9" lengthOffset="0.6" />
    <speedLimit value="25" />
    <powerConsumer ptoRpm="540" neededPtoPower="20"/>

    <wheelConfigurations>
        <wheelConfiguration name="$l10n_configuration_valueDefault" price="0">
            <wheels>
                <wheel tipOcclusionAreaGroupId="1" restLoad="2.5" repr="0>0|0|0"                           filename="$data/vehicles/wheels/trelleborg/T404_600_50R22_5.xml" isLeft="true"  color="0.294 0.294 0.294 1" initialCompression="30" suspTravel="0.2" spring="30" damper="7" />
                <wheel tipOcclusionAreaGroupId="2" restLoad="2.5" repr="0>0|0|1"                           filename="$data/vehicles/wheels/trelleborg/T404_600_50R22_5.xml" isLeft="false" color="0.294 0.294 0.294 1" initialCompression="30" suspTravel="0.2" spring="30" damper="7" />
                <wheel tipOcclusionAreaGroupId="1" restLoad="2.4" repr="0>0|0|2|0" driveNode="0>0|0|2|0|0" filename="$data/vehicles/wheels/trelleborg/T404_600_50R22_5.xml" isLeft="true"  color="0.294 0.294 0.294 1" initialCompression="30" suspTravel="0.2" spring="30" damper="7" hasTireTracks="true" hasParticles="true" steeringAxleScale="-0.32" steeringAxleRotMax="20" steeringAxleRotMin="-20" />
                <wheel tipOcclusionAreaGroupId="2" restLoad="2.4" repr="0>0|0|2|1" driveNode="0>0|0|2|1|0" filename="$data/vehicles/wheels/trelleborg/T404_600_50R22_5.xml" isLeft="false" color="0.294 0.294 0.294 1" initialCompression="30" suspTravel="0.2" spring="30" damper="7" hasTireTracks="true" hasParticles="true" steeringAxleScale="-0.32" steeringAxleRotMax="20" steeringAxleRotMin="-20" />
                <wheel rotMin="-15" rotMax="15" tipOcclusionAreaGroupId="3" restLoad="0.1" repr="1>0" driveNode="1>0|0" forcePointRatio="0.3" radius="0.173" mass="0.01" initialCompression="60" suspTravel="0.03" spring="7" damper="1" brakeFactor="0" versatileYRot="true" />
                <wheel rotMin="-15" rotMax="15" tipOcclusionAreaGroupId="3" restLoad="0.1" repr="1>1" driveNode="1>1|0" forcePointRatio="0.3" radius="0.173" mass="0.01" initialCompression="60" suspTravel="0.03" spring="7" damper="1" brakeFactor="0" versatileYRot="true" />
				
				<!-- work with "movingTool" "whellIndices"  -->
				<wheel repr="0" driveNode="0>0|5|0" mrPositionX="0.4"  mrPositionY="-0.31" mrPositionZ="-1.4" radius="0.1" deltaY="0" suspTravel="0.1" spring="10" damper="1" mrLateralStiffnessScale="10" frictionScale="100"  mrDummyWheel="true" mrDummyWheelDirectionY="1"  /> <!-- bottom left side of the droping bale -->
				<wheel repr="0" driveNode="0>0|5|0" mrPositionX="-0.4" mrPositionY="-0.31" mrPositionZ="-1.4" radius="0.1" deltaY="0" suspTravel="0.1" spring="10" damper="1" mrLateralStiffnessScale="10" frictionScale="100"  mrDummyWheel="true" mrDummyWheelDirectionY="1"  /> <!-- bottom right side of the droping bale -->
						
				
            </wheels>
        </wheelConfiguration>
    </wheelConfigurations>

    <brakeForce>1</brakeForce>
    <steeringAxleAngleScale startSpeed="80" endSpeed="100" />

    <dynamicallyLoadedWheels>
        <dynamicallyLoadedWheel linkNode="0>0|6|1|0|0|0" filename="$data/vehicles/wheels/trelleborg/T510_15x6_00R6.xml" color="0.294 0.294 0.294 1" axisColor="0.294 0.294 0.294 1" isLeft="true"/>
        <dynamicallyLoadedWheel linkNode="0>0|6|1|0|1|0" filename="$data/vehicles/wheels/trelleborg/T510_15x6_00R6.xml" color="0.294 0.294 0.294 1" axisColor="0.294 0.294 0.294 1" isLeft="false" />
    </dynamicallyLoadedWheels>

    <dynamicallyLoadedParts>
        <dynamicallyLoadedPart node="0" linkNode="0>0|0|2|1|2" filename="$data/shared/vehicleParts/wheelChock01.i3d" />
        <dynamicallyLoadedPart node="0" linkNode="0>0|11" filename="$data/shared/vehicleParts/wheelChock01.i3d" />
    </dynamicallyLoadedParts>

    <lights>
        <low>
            <light                       decoration="0>0|3|0|0"   lightTypes="0 3" />
        </low>
        <high>
            <light realLight="0>0|3|0|1"   decoration="0>0|3|0|0"   lightTypes="0 3" />
        </high>
    </lights>

    <brakeLights>
        <brakeLight realLight="0>0|3|0|1" decoration="0>0|3|2|0" />
    </brakeLights>

    <turnLights>
        <turnLightLeft  realLight="0>0|3|1|0|1" decoration="0>0|3|1|0|0" />
        <turnLightRight realLight="0>0|3|1|1|1" decoration="0>0|3|1|1|0" />
    </turnLights>

    <beaconLights>
        <beaconLight index="0>0|3|3|0" speed="0.015" filename="$data/shared/beaconLights/beaconLight01.i3d" />
    </beaconLights>

    <inputAttacherJoints>
        <inputAttacherJoint index="0>0|1" jointType="trailerLow" attacherHeight="0.6" ptoInputNode="0>0|2" lowerRotLimitScale="1 0.88 1" />
    </inputAttacherJoints>

    <fillUnits>
        <fillUnit unit="$l10n_unit_literShort" fillTypeCategories="windrow" capacity="6000" /> <!-- 4000L with mrGameplay -->
    </fillUnits>

    <workAreas>
        <workArea startIndex="0>0|9|0" widthIndex="0>0|9|1" heightIndex="0>0|9|2" type="baler" />
    </workAreas>

    <groundReferenceNodes>
        <groundReferenceNode index="0>0|6|1|1" threshold="0.5" />
    </groundReferenceNodes>

    <baler fillScale="1">
		<!-- replaced 
        <baleAnimation node="0>0|8|1" firstBaleMarker="0.6524" scaleNode="0>0|8|0" baleNode="0>0|8|0|0" >
            <key time="0"      pos="0 0 0"      rot="0 0 0"/>
            <key time="0.6524" pos="0 0 -2.388" rot="0 0 0" />
            <key time="1"      pos="0 0 -3.66"  rot="0 0 0"/>
        </baleAnimation> -->
		<baleAnimation node="0>0|8|1" firstBaleMarker="0.7088" scaleNode="0>0|8|0" baleNode="0>0|8|0|0" >
            <key time="0"      pos="0 0 0"      rot="0 0 0"/>                      
			<key time="1"      pos="0 0 -3.4"  rot="0 0 0"/> <!-- 2.4 = 1 bale, 3.4 = 1.4 bales  since we don't want bale to spawn on each other, we use a length of 2.41m for the firstBaleMarker -->
        </baleAnimation>
        <baleTypes>
            <baleType isRoundBale="false" width="1.2" height="0.9" length="2.4" />
        </baleTypes>
        <balerSound file="$data/sounds/baler1290Sound.wav"                pitchOffset="1.00" volume="1.00" indoorVolumeFactor="0.46" indoorLowpassGain="0.85" />
        <balerKnotCleaning file="$data/sounds/baler1290KnotCleaning.wav"  pitchOffset="1.00" volume="1.50" indoorVolumeFactor="0.30" indoorLowpassGain="0.75" />
        <baleUnloading time="4" allowed="true" foldThreshold="0.1" />
        <knotingAnimation name="knoting" speed="1" />
        <fillEffect>
            <effectNode effectClass="MorphPositionEffect" effectNode="0>0|13|1" materialType="pickup" materialTypeId="1" delay="0" fadeTime="0.5" speed="0.9" scrollLength="1.5" scrollSpeed="2"/>
        </fillEffect>
        <fillParticleSystems>
            <emitterShape node="0>0|6|1|5|0" particleType="PICKUP"          emitCountScale="6" worldSpace="false" />
            <emitterShape node="0>0|6|1|5|1" particleType="SMOKE"           emitCountScale="0.4"/>
            <!--emitterShape node="0>0|6|1|5|2" particleType="PICKUP_FALLING"  emitCountScale="2" worldSpace="false" /-->
        </fillParticleSystems>
    </baler>

    <cylinderedHydraulicSound file="$data/sounds/hydraulicUp.wav"     pitchOffset="1.00" volume="1.00" />

    <foldingParts startMoveDirection="1" turnOnFoldMinLimit="0.0" turnOnFoldMaxLimit="0.02" >
        <foldingPart animationName="foldBackDoor" speedScale="1" />
    </foldingParts>

    <animations>
        <!-- move support wheel down/up -->
        <animation name="moveSupport">
            <part node="0>0|4|0"     startTime="0"    endTime="0.2" startRot="90 0 0" endRot="0 0 0" />
            <part node="0>0|4|0|0"   startTime="0.2"  endTime="0.5" startTrans="0 0.312 0" endTrans="0 0 0" />
            <part node="0>0|4|1"     startTime="0"    endTime="0.5" startTrans="0 0.6 0" endTrans="0 0 0" />
            <part node="0>0|0|2|1|2" startTime="0"    endTime="0.05" visibility="false" />
            <part node="0>0|11"      startTime="0"    endTime="0.05" visibility="true" />
            <part node="0>0|0|2|1|2" startTime="0.05" endTime="0.1" visibility="true" />
            <part node="0>0|11"      startTime="0.05" endTime="0.1" visibility="false" />
        </animation>

        <!-- rotate pickup down/up -->
        <animation name="rotatePickup">
            <part node="0>0|6|0" startTime="0" endTime="1"   startTrans="0 1.1 2.023" endTrans="0 0.6 2.023" />
            <part                startTime="0" endTime="0.8" componentJointIndex="0" startTransLimit="0 0 0" endTransLimit="0 0.05 0"/>
            <part                startTime="0.8" endTime="1" componentJointIndex="0" startTransLimit="0 0.05 0" endTransLimit="0 0.3 0"/>
        </animation>

        <animation name="knoting">
            <part node="0>0|7|4" startTime="0" endTime="0.5" startRot="0 0 0" endRot="-70 0 0" />
            <part node="0>0|7|4" startTime="0.5" endTime="1" startRot="-70 0 0" endRot="0 0 0" />
        </animation>

        <animation name="foldBackDoor">
            <part node="0>0|5|0" startTime="0" endTime="2.571" startRot="0 0 0" endRot="77.7 0 0" />

            <!-- j_Right_chain01 -->
            <part node="0>0|12|0" startTime="0.0" endTime="0.8" startRot="0.000 -0.000 0.000" endRot="-18.145 -0.833 -0.682" />
            <part node="0>0|12|0" startTime="0.8" endTime="1.5" startRot="-18.145 -0.833 -0.682" endRot="-27.217 -1.119 -1.172" />
            <part node="0>0|12|0" startTime="1.5" endTime="2.3" startRot="-27.217 -1.119 -1.172" endRot="-31.733 -1.185 -1.536" />
            <part node="0>0|12|0" startTime="2.3" endTime="2.4" startRot="-32.086 -1.188 -1.567" endRot="-32.426 -1.190 -1.599" />
            <part node="0>0|12|0" startTime="2.4" endTime="2.5" startRot="-32.426 -1.190 -1.599" endRot="-32.752 -1.192 -1.632" />
            <part node="0>0|12|0" startTime="2.5" endTime="2.6" startRot="-32.752 -1.192 -1.632" endRot="-33.067 -1.195 -1.665" />
            <part node="0>0|12|0" startTime="2.6" endTime="2.6" startRot="-33.067 -1.195 -1.665" endRot="-33.085 -1.158 -1.720" />
            <part node="0>0|12|0" startTime="2.6" endTime="2.7" startRot="-33.085 -1.158 -1.720" endRot="-33.013 -1.108 -1.780" />
            <part node="0>0|12|0" startTime="2.7" endTime="2.8" startRot="-33.013 -1.108 -1.780" endRot="-32.968 -1.063 -1.838" />
            <part node="0>0|12|0" startTime="2.8" endTime="2.9" startRot="-32.968 -1.063 -1.838" endRot="-32.944 -1.024 -1.889" />
            <part node="0>0|12|0" startTime="2.9" endTime="2.9" startRot="-32.944 -1.024 -1.889" endRot="-32.942 -0.990 -1.938" />
            <part node="0>0|12|0" startTime="2.9" endTime="3.0" startRot="-32.942 -0.990 -1.938" endRot="-32.952 -0.958 -1.982" />

            <!-- j_Right_chain02 -->
            <part node="0>0|12|0|0" startTime="0.0" endTime="0.8" startRot="0.000 -0.000 0.000" endRot="-11.431 -1.610 0.597" />
            <part node="0>0|12|0|0" startTime="0.8" endTime="1.5" startRot="-11.431 -1.610 0.597" endRot="-20.512 -2.533 1.009" />
            <part node="0>0|12|0|0" startTime="1.5" endTime="2.3" startRot="-20.512 -2.533 1.009" endRot="-29.117 -3.354 1.558" />
            <part node="0>0|12|0|0" startTime="2.3" endTime="2.4" startRot="-29.936 -3.414 1.597" endRot="-30.720 -3.466 1.631" />
            <part node="0>0|12|0|0" startTime="2.4" endTime="2.5" startRot="-30.720 -3.466 1.631" endRot="-31.465 -3.512 1.657" />
            <part node="0>0|12|0|0" startTime="2.5" endTime="2.6" startRot="-31.465 -3.512 1.657" endRot="-32.163 -3.553 1.680" />
            <part node="0>0|12|0|0" startTime="2.6" endTime="2.6" startRot="-32.163 -3.553 1.680" endRot="-32.671 -3.629 1.761" />
            <part node="0>0|12|0|0" startTime="2.6" endTime="2.7" startRot="-32.671 -3.629 1.761" endRot="-32.978 -3.700 1.847" />
            <part node="0>0|12|0|0" startTime="2.7" endTime="2.8" startRot="-32.978 -3.700 1.847" endRot="-33.045 -3.737 1.900" />
            <part node="0>0|12|0|0" startTime="2.8" endTime="2.9" startRot="-33.045 -3.737 1.900" endRot="-32.717 -3.726 1.896" />
            <part node="0>0|12|0|0" startTime="2.9" endTime="2.9" startRot="-32.717 -3.726 1.896" endRot="-31.688 -3.628 1.804" />
            <part node="0>0|12|0|0" startTime="2.9" endTime="3.0" startRot="-31.688 -3.628 1.804" endRot="-29.619 -3.400 1.590" />

            <!-- j_Right_chain03 -->
            <part node="0>0|12|0|0|0" startTime="0.0" endTime="0.8" startRot="0.000 -0.000 0.000" endRot="13.474 1.125 0.254" />
            <part node="0>0|12|0|0|0" startTime="0.8" endTime="1.5" startRot="13.474 1.125 0.254" endRot="27.125 1.621 1.021" />
            <part node="0>0|12|0|0|0" startTime="1.5" endTime="2.3" startRot="27.125 1.621 1.021" endRot="33.663 1.481 1.542" />
            <part node="0>0|12|0|0|0" startTime="2.3" endTime="2.4" startRot="32.755 1.399 1.513" endRot="31.695 1.308 1.477" />
            <part node="0>0|12|0|0|0" startTime="2.4" endTime="2.5" startRot="31.695 1.308 1.477" endRot="30.468 1.205 1.436" />
            <part node="0>0|12|0|0|0" startTime="2.5" endTime="2.6" startRot="30.468 1.205 1.436" endRot="29.083 1.093 1.393" />
            <part node="0>0|12|0|0|0" startTime="2.6" endTime="2.6" startRot="29.083 1.093 1.393" endRot="51.404 -0.787 3.193" />
            <part node="0>0|12|0|0|0" startTime="2.6" endTime="2.7" startRot="51.404 -0.787 3.193" endRot="84.341 -5.802 4.160" />
            <part node="0>0|12|0|0|0" startTime="2.7" endTime="2.8" startRot="84.341 -5.802 4.160" endRot="103.767 -11.153 2.745" />
            <part node="0>0|12|0|0|0" startTime="2.8" endTime="2.9" startRot="103.767 -11.153 2.745" endRot="121.239 -17.902 -1.131" />
            <part node="0>0|12|0|0|0" startTime="2.9" endTime="2.9" startRot="121.239 -17.902 -1.131" endRot="-136.641 2.382 30.227" />
            <part node="0>0|12|0|0|0" startTime="2.9" endTime="3.0" startRot="-136.641 2.382 30.227" endRot="-131.335 -0.727 23.156" />

            <!-- j_Right_chain04 -->
            <part node="0>0|12|0|0|0|0" startTime="0.0" endTime="0.8" startRot="0.000 -0.000 0.000" endRot="21.193 2.018 0.369" />
            <part node="0>0|12|0|0|0|0" startTime="0.8" endTime="1.5" startRot="21.193 2.018 0.369" endRot="41.962 1.985 1.945" />
            <part node="0>0|12|0|0|0|0" startTime="1.5" endTime="2.3" startRot="41.962 1.985 1.945" endRot="61.984 0.372 3.488" />
            <part node="0>0|12|0|0|0|0" startTime="2.3" endTime="2.4" startRot="65.791 -0.023 3.716" endRot="69.842 -0.484 3.932" />
            <part node="0>0|12|0|0|0|0" startTime="2.4" endTime="2.5" startRot="69.842 -0.484 3.932" endRot="74.114 -1.021 4.121" />
            <part node="0>0|12|0|0|0|0" startTime="2.5" endTime="2.6" startRot="74.114 -1.021 4.121" endRot="78.543 -1.634 4.277" />
            <part node="0>0|12|0|0|0|0" startTime="2.6" endTime="2.6" startRot="78.543 -1.634 4.277" endRot="66.549 -1.981 3.913" />
            <part node="0>0|12|0|0|0|0" startTime="2.6" endTime="2.7" startRot="66.549 -1.981 3.913" endRot="22.582 1.785 0.599" />
            <part node="0>0|12|0|0|0|0" startTime="2.7" endTime="2.8" startRot="22.582 1.785 0.599" endRot="-2.848 4.691 -4.047" />
            <part node="0>0|12|0|0|0|0" startTime="2.8" endTime="2.9" startRot="-2.848 4.691 -4.047" endRot="-35.844 8.204 -15.615" />
            <part node="0>0|12|0|0|0|0" startTime="2.9" endTime="2.9" startRot="-35.844 8.204 -15.615" endRot="-106.262 -4.288 56.266" />
            <part node="0>0|12|0|0|0|0" startTime="2.9" endTime="3.0" startRot="-106.262 -4.288 56.266" endRot="-61.454 -11.854 20.895" />

            <!-- j_Right_chain05 -->
            <part node="0>0|12|0|0|0|0|0" startTime="0.0" endTime="0.8" startRot="0.000 -0.000 0.000" endRot="13.703 -0.267 1.111" />
            <part node="0>0|12|0|0|0|0|0" startTime="0.8" endTime="1.5" startRot="13.703 -0.267 1.111" endRot="28.196 -0.436 2.007" />
            <part node="0>0|12|0|0|0|0|0" startTime="1.5" endTime="2.3" startRot="28.196 -0.436 2.007" endRot="48.180 -4.260 3.916" />
            <part node="0>0|12|0|0|0|0|0" startTime="2.3" endTime="2.4" startRot="49.767 -4.674 4.029" endRot="51.073 -5.110 4.135" />
            <part node="0>0|12|0|0|0|0|0" startTime="2.4" endTime="2.5" startRot="51.073 -5.110 4.135" endRot="52.120 -5.572 4.236" />
            <part node="0>0|12|0|0|0|0|0" startTime="2.5" endTime="2.6" startRot="52.120 -5.572 4.236" endRot="52.968 -6.069 4.335" />
            <part node="0>0|12|0|0|0|0|0" startTime="2.6" endTime="2.6" startRot="52.968 -6.069 4.335" endRot="11.664 -2.596 2.446" />
            <part node="0>0|12|0|0|0|0|0" startTime="2.6" endTime="2.7" startRot="11.664 -2.596 2.446" endRot="14.100 -2.353 2.381" />
            <part node="0>0|12|0|0|0|0|0" startTime="2.7" endTime="2.8" startRot="14.100 -2.353 2.381" endRot="18.393 -3.449 3.135" />
            <part node="0>0|12|0|0|0|0|0" startTime="2.8" endTime="2.9" startRot="18.393 -3.449 3.135" endRot="26.346 -7.378 5.125" />
            <part node="0>0|12|0|0|0|0|0" startTime="2.9" endTime="2.9" startRot="26.346 -7.378 5.125" endRot="-25.416 -13.260 13.927" />
            <part node="0>0|12|0|0|0|0|0" startTime="2.9" endTime="3.0" startRot="-25.416 -13.260 13.927" endRot="-98.616 -7.293 43.490" />

            <!-- j_Right_chain06 -->
            <part node="0>0|12|0|0|0|0|0|0" startTime="0.0" endTime="0.8" startRot="0.000 -0.000 0.000" endRot="13.482 -0.986 1.532" />
            <part node="0>0|12|0|0|0|0|0|0" startTime="0.8" endTime="1.5" startRot="13.482 -0.986 1.532" endRot="19.142 -1.722 2.217" />
            <part node="0>0|12|0|0|0|0|0|0" startTime="1.5" endTime="2.3" startRot="19.142 -1.722 2.217" endRot="24.216 -2.934 3.008" />
            <part node="0>0|12|0|0|0|0|0|0" startTime="2.3" endTime="2.4" startRot="23.488 -3.041 3.041" endRot="22.808 -3.152 3.080" />
            <part node="0>0|12|0|0|0|0|0|0" startTime="2.4" endTime="2.5" startRot="22.808 -3.152 3.080" endRot="22.179 -3.268 3.124" />
            <part node="0>0|12|0|0|0|0|0|0" startTime="2.5" endTime="2.6" startRot="22.179 -3.268 3.124" endRot="21.596 -3.395 3.177" />
            <part node="0>0|12|0|0|0|0|0|0" startTime="2.6" endTime="2.6" startRot="21.596 -3.395 3.177" endRot="46.391 -6.735 4.555" />
            <part node="0>0|12|0|0|0|0|0|0" startTime="2.6" endTime="2.7" startRot="46.391 -6.735 4.555" endRot="50.365 -9.734 5.192" />
            <part node="0>0|12|0|0|0|0|0|0" startTime="2.7" endTime="2.8" startRot="50.365 -9.734 5.192" endRot="40.683 -9.936 5.658" />
            <part node="0>0|12|0|0|0|0|0|0" startTime="2.8" endTime="2.9" startRot="40.683 -9.936 5.658" endRot="50.153 -16.773 6.849" />
            <part node="0>0|12|0|0|0|0|0|0" startTime="2.9" endTime="2.9" startRot="50.153 -16.773 6.849" endRot="48.832 38.426 -6.530" />
            <part node="0>0|12|0|0|0|0|0|0" startTime="2.9" endTime="3.0" startRot="48.832 38.426 -6.530" endRot="40.681 19.199 -3.604" />

            <!-- j_Right_chain07 -->
            <part node="0>0|12|0|0|0|0|0|0|0" startTime="0.0" endTime="0.8" startRot="0.000 -0.000 0.000" endRot="20.879 0.729 1.013" />
            <part node="0>0|12|0|0|0|0|0|0|0" startTime="0.8" endTime="1.5" startRot="20.879 0.729 1.013" endRot="15.267 -1.374 1.849" />
            <part node="0>0|12|0|0|0|0|0|0|0" startTime="1.5" endTime="2.3" startRot="15.267 -1.374 1.849" endRot="-0.582 0.930 -0.774" />
            <part node="0>0|12|0|0|0|0|0|0|0" startTime="2.3" endTime="2.4" startRot="-1.710 1.062 -0.980" endRot="-2.740 1.182 -1.176" />
            <part node="0>0|12|0|0|0|0|0|0|0" startTime="2.4" endTime="2.5" startRot="-2.740 1.182 -1.176" endRot="-3.663 1.293 -1.355" />
            <part node="0>0|12|0|0|0|0|0|0|0" startTime="2.5" endTime="2.6" startRot="-3.663 1.293 -1.355" endRot="-4.485 1.395 -1.525" />
            <part node="0>0|12|0|0|0|0|0|0|0" startTime="2.6" endTime="2.6" startRot="-4.485 1.395 -1.525" endRot="18.868 -1.686 2.186" />
            <part node="0>0|12|0|0|0|0|0|0|0" startTime="2.6" endTime="2.7" startRot="18.868 -1.686 2.186" endRot="35.193 -6.374 4.567" />
            <part node="0>0|12|0|0|0|0|0|0|0" startTime="2.7" endTime="2.8" startRot="35.193 -6.374 4.567" endRot="51.069 -13.271 5.958" />
            <part node="0>0|12|0|0|0|0|0|0|0" startTime="2.8" endTime="2.9" startRot="51.069 -13.271 5.958" endRot="42.409 -14.025 6.836" />
            <part node="0>0|12|0|0|0|0|0|0|0" startTime="2.9" endTime="2.9" startRot="42.409 -14.025 6.836" endRot="19.067 13.675 -6.076" />
            <part node="0>0|12|0|0|0|0|0|0|0" startTime="2.9" endTime="3.0" startRot="19.067 13.675 -6.076" endRot="44.635 23.101 -3.789" />

            <!-- j_Left_chain01 -->
            <part node="0>0|12|1" startTime="0.0" endTime="0.8" startRot="-0.000 -0.010 0.010" endRot="-18.145 0.827 0.697" />
            <part node="0>0|12|1" startTime="0.8" endTime="1.5" startRot="-18.145 0.827 0.697" endRot="-27.217 1.115 1.187" />
            <part node="0>0|12|1" startTime="1.5" endTime="2.3" startRot="-27.217 1.115 1.187" endRot="-31.731 1.186 1.550" />
            <part node="0>0|12|1" startTime="2.3" endTime="2.4" startRot="-32.086 1.188 1.582" endRot="-32.426 1.191 1.617" />
            <part node="0>0|12|1" startTime="2.4" endTime="2.5" startRot="-32.426 1.191 1.617" endRot="-32.752 1.193 1.646" />
            <part node="0>0|12|1" startTime="2.5" endTime="2.6" startRot="-32.752 1.193 1.646" endRot="-33.067 1.195 1.679" />
            <part node="0>0|12|1" startTime="2.6" endTime="2.6" startRot="-33.067 1.195 1.679" endRot="-33.085 1.155 1.736" />
            <part node="0>0|12|1" startTime="2.6" endTime="2.7" startRot="-33.085 1.155 1.736" endRot="-33.009 1.105 1.796" />
            <part node="0>0|12|1" startTime="2.7" endTime="2.8" startRot="-33.009 1.105 1.796" endRot="-32.967 1.063 1.853" />
            <part node="0>0|12|1" startTime="2.8" endTime="2.9" startRot="-32.967 1.063 1.853" endRot="-32.944 1.023 1.904" />
            <part node="0>0|12|1" startTime="2.9" endTime="2.9" startRot="-32.944 1.023 1.904" endRot="-32.942 0.987 1.953" />
            <part node="0>0|12|1" startTime="2.9" endTime="3.0" startRot="-32.942 0.987 1.953" endRot="-32.952 0.955 1.997" />

            <!-- j_Left_chain02 -->
            <part node="0>0|12|1|0" startTime="0.0" endTime="0.8" startRot="0.000 -0.000 0.000" endRot="-11.431 1.613 -0.596" />
            <part node="0>0|12|1|0" startTime="0.8" endTime="1.5" startRot="-11.431 1.613 -0.596" endRot="-20.512 2.537 -1.007" />
            <part node="0>0|12|1|0" startTime="1.5" endTime="2.3" startRot="-20.512 2.537 -1.007" endRot="-29.117 3.362 -1.555" />
            <part node="0>0|12|1|0" startTime="2.3" endTime="2.4" startRot="-29.936 3.418 -1.594" endRot="-30.720 3.475 -1.626" />
            <part node="0>0|12|1|0" startTime="2.4" endTime="2.5" startRot="-30.720 3.475 -1.626" endRot="-31.465 3.520 -1.655" />
            <part node="0>0|12|1|0" startTime="2.5" endTime="2.6" startRot="-31.465 3.520 -1.655" endRot="-32.163 3.561 -1.679" />
            <part node="0>0|12|1|0" startTime="2.6" endTime="2.6" startRot="-32.163 3.561 -1.679" endRot="-32.671 3.637 -1.760" />
            <part node="0>0|12|1|0" startTime="2.6" endTime="2.7" startRot="-32.671 3.637 -1.760" endRot="-32.978 3.708 -1.846" />
            <part node="0>0|12|1|0" startTime="2.7" endTime="2.8" startRot="-32.978 3.708 -1.846" endRot="-33.045 3.746 -1.895" />
            <part node="0>0|12|1|0" startTime="2.8" endTime="2.9" startRot="-33.045 3.746 -1.895" endRot="-32.719 3.735 -1.895" />
            <part node="0>0|12|1|0" startTime="2.9" endTime="2.9" startRot="-32.719 3.735 -1.895" endRot="-31.688 3.636 -1.802" />
            <part node="0>0|12|1|0" startTime="2.9" endTime="3.0" startRot="-31.688 3.636 -1.802" endRot="-29.623 3.408 -1.589" />

            <!-- j_Left_chain03 -->
            <part node="0>0|12|1|0|0" startTime="0.0" endTime="0.8" startRot="0.000 -0.000 0.000" endRot="13.476 -1.126 -0.258" />
            <part node="0>0|12|1|0|0" startTime="0.8" endTime="1.5" startRot="13.476 -1.126 -0.258" endRot="27.128 -1.627 -1.026" />
            <part node="0>0|12|1|0|0" startTime="1.5" endTime="2.3" startRot="27.128 -1.627 -1.026" endRot="33.668 -1.486 -1.550" />
            <part node="0>0|12|1|0|0" startTime="2.3" endTime="2.4" startRot="32.759 -1.404 -1.519" endRot="31.699 -1.313 -1.485" />
            <part node="0>0|12|1|0|0" startTime="2.4" endTime="2.5" startRot="31.699 -1.313 -1.485" endRot="30.471 -1.210 -1.442" />
            <part node="0>0|12|1|0|0" startTime="2.5" endTime="2.6" startRot="30.471 -1.210 -1.442" endRot="29.087 -1.096 -1.397" />
            <part node="0>0|12|1|0|0" startTime="2.6" endTime="2.6" startRot="29.087 -1.096 -1.397" endRot="51.407 0.780 -3.205" />
            <part node="0>0|12|1|0|0" startTime="2.6" endTime="2.7" startRot="51.407 0.780 -3.205" endRot="84.343 5.797 -4.180" />
            <part node="0>0|12|1|0|0" startTime="2.7" endTime="2.8" startRot="84.343 5.797 -4.180" endRot="103.767 11.151 -2.769" />
            <part node="0>0|12|1|0|0" startTime="2.8" endTime="2.9" startRot="103.767 11.151 -2.769" endRot="121.240 17.907 1.104" />
            <part node="0>0|12|1|0|0" startTime="2.9" endTime="2.9" startRot="121.240 17.907 1.104" endRot="-136.648 -2.361 -30.242" />
            <part node="0>0|12|1|0|0" startTime="2.9" endTime="3.0" startRot="-136.648 -2.361 -30.242" endRot="-131.339 0.752 -23.168" />

            <!-- j_Left_chain04 -->
            <part node="0>0|12|1|0|0|0" startTime="0.0" endTime="0.8" startRot="0.000 -0.000 0.000" endRot="21.193 -2.020 -0.374" />
            <part node="0>0|12|1|0|0|0" startTime="0.8" endTime="1.5" startRot="21.193 -2.020 -0.374" endRot="41.962 -1.992 -1.955" />
            <part node="0>0|12|1|0|0|0" startTime="1.5" endTime="2.3" startRot="41.962 -1.992 -1.955" endRot="61.981 -0.378 -3.504" />
            <part node="0>0|12|1|0|0|0" startTime="2.3" endTime="2.4" startRot="65.792 0.017 -3.732" endRot="69.843 0.479 -3.949" />
            <part node="0>0|12|1|0|0|0" startTime="2.4" endTime="2.5" startRot="69.843 0.479 -3.949" endRot="74.114 1.017 -4.138" />
            <part node="0>0|12|1|0|0|0" startTime="2.5" endTime="2.6" startRot="74.114 1.017 -4.138" endRot="78.545 1.631 -4.296" />
            <part node="0>0|12|1|0|0|0" startTime="2.6" endTime="2.6" startRot="78.545 1.631 -4.296" endRot="66.546 1.976 -3.928" />
            <part node="0>0|12|1|0|0|0" startTime="2.6" endTime="2.7" startRot="66.546 1.976 -3.928" endRot="22.582 -1.788 -0.603" />
            <part node="0>0|12|1|0|0|0" startTime="2.7" endTime="2.8" startRot="22.582 -1.788 -0.603" endRot="-2.850 -4.688 4.046" />
            <part node="0>0|12|1|0|0|0" startTime="2.8" endTime="2.9" startRot="-2.850 -4.688 4.046" endRot="-35.849 -8.196 15.621" />
            <part node="0>0|12|1|0|0|0" startTime="2.9" endTime="2.9" startRot="-35.849 -8.196 15.621" endRot="-106.267 4.309 -56.273" />
            <part node="0>0|12|1|0|0|0" startTime="2.9" endTime="3.0" startRot="-106.267 4.309 -56.273" endRot="-61.462 11.872 -20.899" />

            <!-- j_Left_chain05 -->
            <part node="0>0|12|1|0|0|0|0" startTime="0.0" endTime="0.8" startRot="0.000 -0.000 0.000" endRot="13.703 0.266 -1.113" />
            <part node="0>0|12|1|0|0|0|0" startTime="0.8" endTime="1.5" startRot="13.703 0.266 -1.113" endRot="28.196 0.433 -2.012" />
            <part node="0>0|12|1|0|0|0|0" startTime="1.5" endTime="2.3" startRot="28.196 0.433 -2.012" endRot="48.178 4.253 -3.926" />
            <part node="0>0|12|1|0|0|0|0" startTime="2.3" endTime="2.4" startRot="49.766 4.668 -4.042" endRot="51.073 5.104 -4.146" />
            <part node="0>0|12|1|0|0|0|0" startTime="2.4" endTime="2.5" startRot="51.073 5.104 -4.146" endRot="52.117 5.566 -4.247" />
            <part node="0>0|12|1|0|0|0|0" startTime="2.5" endTime="2.6" startRot="52.117 5.566 -4.247" endRot="52.963 6.063 -4.347" />
            <part node="0>0|12|1|0|0|0|0" startTime="2.6" endTime="2.6" startRot="52.963 6.063 -4.347" endRot="11.667 2.593 -2.447" />
            <part node="0>0|12|1|0|0|0|0" startTime="2.6" endTime="2.7" startRot="11.667 2.593 -2.447" endRot="14.100 2.350 -2.385" />
            <part node="0>0|12|1|0|0|0|0" startTime="2.7" endTime="2.8" startRot="14.100 2.350 -2.385" endRot="18.394 3.446 -3.139" />
            <part node="0>0|12|1|0|0|0|0" startTime="2.8" endTime="2.9" startRot="18.394 3.446 -3.139" endRot="26.347 7.374 -5.132" />
            <part node="0>0|12|1|0|0|0|0" startTime="2.9" endTime="2.9" startRot="26.347 7.374 -5.132" endRot="-25.408 13.262 -13.920" />
            <part node="0>0|12|1|0|0|0|0" startTime="2.9" endTime="3.0" startRot="-25.408 13.262 -13.920" endRot="-98.618 7.317 -43.495" />

            <!-- j_Left_chain06 -->
            <part node="0>0|12|1|0|0|0|0|0" startTime="0.0" endTime="0.8" startRot="0.000 -0.000 0.000" endRot="13.482 0.984 -1.534" />
            <part node="0>0|12|1|0|0|0|0|0" startTime="0.8" endTime="1.5" startRot="13.482 0.984 -1.534" endRot="19.142 1.719 -2.222" />
            <part node="0>0|12|1|0|0|0|0|0" startTime="1.5" endTime="2.3" startRot="19.142 1.719 -2.222" endRot="24.216 2.930 -3.014" />
            <part node="0>0|12|1|0|0|0|0|0" startTime="2.3" endTime="2.4" startRot="23.485 3.035 -3.046" endRot="22.805 3.146 -3.085" />
            <part node="0>0|12|1|0|0|0|0|0" startTime="2.4" endTime="2.5" startRot="22.805 3.146 -3.085" endRot="22.179 3.265 -3.128" />
            <part node="0>0|12|1|0|0|0|0|0" startTime="2.5" endTime="2.6" startRot="22.179 3.265 -3.128" endRot="21.594 3.390 -3.181" />
            <part node="0>0|12|1|0|0|0|0|0" startTime="2.6" endTime="2.6" startRot="21.594 3.390 -3.181" endRot="46.394 6.729 -4.565" />
            <part node="0>0|12|1|0|0|0|0|0" startTime="2.6" endTime="2.7" startRot="46.394 6.729 -4.565" endRot="50.369 9.732 -5.204" />
            <part node="0>0|12|1|0|0|0|0|0" startTime="2.7" endTime="2.8" startRot="50.369 9.732 -5.204" endRot="40.686 9.931 -5.667" />
            <part node="0>0|12|1|0|0|0|0|0" startTime="2.8" endTime="2.9" startRot="40.686 9.931 -5.667" endRot="50.149 16.768 -6.861" />
            <part node="0>0|12|1|0|0|0|0|0" startTime="2.9" endTime="2.9" startRot="50.149 16.768 -6.861" endRot="48.832 -38.430 6.519" />
            <part node="0>0|12|1|0|0|0|0|0" startTime="2.9" endTime="3.0" startRot="48.832 -38.430 6.519" endRot="40.698 -19.216 3.595" />

            <!-- j_Left_chain07 -->
            <part node="0>0|12|1|0|0|0|0|0|0" startTime="0.0" endTime="0.8" startRot="0.000 -0.000 0.000" endRot="20.879 -0.732 -1.017" />
            <part node="0>0|12|1|0|0|0|0|0|0" startTime="0.8" endTime="1.5" startRot="20.879 -0.732 -1.017" endRot="15.264 1.370 -1.853" />
            <part node="0>0|12|1|0|0|0|0|0|0" startTime="1.5" endTime="2.3" startRot="15.264 1.370 -1.853" endRot="-0.585 -0.930 0.774" />
            <part node="0>0|12|1|0|0|0|0|0|0" startTime="2.3" endTime="2.4" startRot="-1.711 -1.062 0.983" endRot="-2.740 -1.182 1.176" />
            <part node="0>0|12|1|0|0|0|0|0|0" startTime="2.4" endTime="2.5" startRot="-2.740 -1.182 1.176" endRot="-3.664 -1.293 1.358" />
            <part node="0>0|12|1|0|0|0|0|0|0" startTime="2.5" endTime="2.6" startRot="-3.664 -1.293 1.358" endRot="-4.486 -1.395 1.525" />
            <part node="0>0|12|1|0|0|0|0|0|0" startTime="2.6" endTime="2.6" startRot="-4.486 -1.395 1.525" endRot="18.865 1.682 -2.187" />
            <part node="0>0|12|1|0|0|0|0|0|0" startTime="2.6" endTime="2.7" startRot="18.865 1.682 -2.187" endRot="35.190 6.369 -4.573" />
            <part node="0>0|12|1|0|0|0|0|0|0" startTime="2.7" endTime="2.8" startRot="35.190 6.369 -4.573" endRot="51.068 13.264 -5.969" />
            <part node="0>0|12|1|0|0|0|0|0|0" startTime="2.8" endTime="2.9" startRot="51.068 13.264 -5.969" endRot="42.410 14.021 -6.845" />
            <part node="0>0|12|1|0|0|0|0|0|0" startTime="2.9" endTime="2.9" startRot="42.410 14.021 -6.845" endRot="19.067 -13.681 6.072" />
            <part node="0>0|12|1|0|0|0|0|0|0" startTime="2.9" endTime="3.0" startRot="19.067 -13.681 6.072" endRot="44.621 -23.099 3.781" />
        </animation>

        <animation name="balingAnimation" looping="true">
            <part node="0>0|7|2|0" startTime="0"     endTime="0.999" startRot="0 0 0" endRot="359.5 0 0" />
            <part node="0>0|7|2|0" startTime="0.999" endTime="1.000" startRot="359.5 0 0" endRot="0 0 0" />
            <part node="0>0|7|2|2" startTime="0"     endTime="0.999" startRot="0 0 0" endRot="359.5 0 0" />
            <part node="0>0|7|2|2" startTime="0.999" endTime="1.000" startRot="359.5 0 0" endRot="0 0 0" />
            <part node="0>0|7|3|1" startTime="0"     endTime="0.999" startRot="0 0 0" endRot="721.5 0 0" />
            <part node="0>0|7|3|0" startTime="0.235" endTime="0.445" startRot="0 0 0" endRot="73 0 0" />
            <part node="0>0|7|3|0" startTime="0.525" endTime="0.755" startRot="73 0 0" endRot="0 0 0" />
            <part node="0>0|7|3|1" startTime="0.999" endTime="1.000" startRot="721.5 0 0" endRot="0 0 0" />
        </animation>
    </animations>

    <movingTools>
        <!-- backDoor -->
        <movingTool index="0>0|5|0" playSound="true" wheelIndices="7 8">
            <dependentPart index="0>0|5|1" />
            <dependentPart index="0>0|5|0|1" />
            <dependentPart index="0>0|5|0|2" />
        </movingTool>
        <movingTool index="0>0|12|0|0|0|0|0|0|0" >
            <dependentPart index="0>0|5|0|1" />
            <dependentPart index="0>0|5|0|2" />
        </movingTool>

        <movingTool index="0>0|7|2|0">
            <dependentPart index="0>0|7|2|1" />
        </movingTool>
        <movingTool index="0>0|7|3|1">
            <dependentPart index="0>0|7|3|1|0" />
        </movingTool>

        <movingTool index="0>0|6|0" playSound="true">
            <componentJoint index="0" />
        </movingTool>
    </movingTools>

    <movingParts>
        <!-- steering -->
        <movingPart index="0>0|0|2|0|1" referencePoint="0>0|0|2|1|1" referenceFrame="0>" isActiveDirty="true" />

        <!-- baling -->
        <movingPart index="0>0|7|2|1" referencePoint="0>0|7|2|0|0" referenceFrame="0>0|7|2" limitedAxis="2" >
            <translatingPart index="0>0|7|2|1|0" />
            <dependentPart index="0>0|7|2|2|0" />
        </movingPart>
        <movingPart index="0>0|7|2|2|0" referencePoint="0>0|7|2|1|0|0" referenceFrame="0>0|7|2|1|0|0" />

        <movingPart index="0>0|7|3|1|0" localReferencePoint="0>0|7|3|1|0|0" referencePoint="0>0|7|3|0|0" referenceFrame="0>0|7|3|2" >
            <dependentPart index="0>0|7|3|1|0|0" />
        </movingPart>
        <movingPart index="0>0|7|3|1|0|0" referencePoint="0>0|7|3|0|0" referenceFrame="0>" />

        <!-- pickup -->
        <movingPart index="0>0|6|1" referencePoint="1>2" referenceFrame="0>" isActiveDirty="true" limitedAxis="1">
            <dependentPart index="0>0|6|4" />
            <dependentPart index="0>0|6|1|0|0" />
            <dependentPart index="0>0|6|1|0|1" />
            <dependentPart index="0>0|6|5" />
            <dependentPart index="0>0|6|6" />
        </movingPart>
        <movingPart index="0>0|6|1|0|0" referenceFrame="1>0" limitedAxis="2" />
        <movingPart index="0>0|6|1|0|1" referenceFrame="1>1" limitedAxis="2" />
        <movingPart index="0>0|6|4" referencePoint="0>0|6|1|2" referenceFrame="0>0|6|1|2" />
        <movingPart index="0>0|6|5" referencePoint="0>0|6|1|3" referenceFrame="0>0|6|1|3">
            <translatingPart index="0>0|6|5|0" />
        </movingPart>
        <movingPart index="0>0|6|6" referencePoint="0>0|6|1|4" referenceFrame="0>0|6|1|4">
            <dependentPart index="0>0|6|6|0" />
        </movingPart>

        <!-- folding -->
        <movingPart index="0>0|5|1" referencePoint="0>0|5|0|0" referenceFrame="0>">
            <translatingPart index="0>0|5|1|0" />
        </movingPart>

        <!-- chain end -->
        <movingPart index="0>0|5|0|1" referencePoint="0>0|12|0|0|0|0|0|0|0" referenceFrame="0>0|5|0|3" />
        <movingPart index="0>0|5|0|2" referencePoint="0>0|12|1|0|0|0|0|0|0" referenceFrame="0>0|5|0|3" />
    </movingParts>

    <turnOnVehicle>
        <turnedOnAnimation name="balingAnimation" speedScale="0.75" />
    </turnOnVehicle>

    <turnedOnRotationNodes>
        <turnedOnRotationNode index="0>0|7|0|0" type="baler" rotSpeed="600"  rotAxis="1" turnOnFadeTime="1" turnOffFadeTime="3" />
        <turnedOnRotationNode index="0>0|7|0|1" type="baler" rotSpeed="600"  rotAxis="1" turnOnFadeTime="1" turnOffFadeTime="3" />
        <turnedOnRotationNode index="0>0|7|1|0" type="baler" rotSpeed="600"  rotAxis="1" turnOnFadeTime="1" turnOffFadeTime="3" />
        <turnedOnRotationNode index="0>0|6|1|1" type="baler" rotSpeed="-700" rotAxis="1" turnOnFadeTime="1" turnOffFadeTime="3" />
        <turnedOnRotationNode index="0>0|6|2"   type="baler" rotSpeed="700"  rotAxis="1" turnOnFadeTime="1" turnOffFadeTime="3" />
        <turnedOnRotationNode index="0>0|6|3"   type="baler" rotSpeed="700"  rotAxis="1" turnOnFadeTime="1" turnOffFadeTime="3" />
    </turnedOnRotationNodes>

    <speedRotatingParts>
        <speedRotatingPart index="0>0|6|1|0|0|0" wheelIndex="4" />
        <speedRotatingPart index="0>0|6|1|0|1|0" wheelIndex="5" />
        <speedRotatingPart index="0>0|6|4|0" radius="0.3" refNodeIndex="0" turnOnFadeTime="1" turnOffFadeTime="3" onlyActiveWhenLowered="true" rotateOnlyIfFillLevelIncreased="true" />
    </speedRotatingParts>

    <support animationName="moveSupport" />

    <pickupAnimation name="rotatePickup" lowerSpeed="2" liftSpeed="-1" />
    <allowFillFromAir value="false" />
    <allowTipDischarge value="false" />

    <washable dirtDuration="90" washDuration="1" workMultiplier="4" />

    <tipOcclusionAreas>
        <tipOcclusionArea start="0>0|10|0" width="0>0|10|1" height="0>0|10|2" />
    </tipOcclusionAreas>

    <components count="2">
        <component1 centerOfMass="0 1 0.6" solverIterationCount="10" mrSetMass="9.7" />
        <component2 centerOfMass="0 0 0" solverIterationCount="10" mrSetMass="0.2" />
        <joint component1="0" component2="1" index="0>0|6|0" rotLimit="0 0 0" transLimit="0 0 0" />
    </components>

    <schemaOverlay file="$dataS2/menu/schemas/implementSchema.png" fileSelected="$dataS2/menu/schemas/implementSchemaSelected.png" fileTurnedOn="$dataS2/menu/schemas/implementSchemaTurnedOn.png" fileSelectedTurnedOn="$dataS2/menu/schemas/implementSchemaSelectedTurnedOn.png" width="0.5" height="0.5" attacherJointPosition="0 0"/>

</vehicle>
