﻿<?xml version="1.0" encoding="utf-8" standalone="no" ?>
<vehicle type="shovel_animated">
    <annotation>Copyright (C) GIANTS Software GmbH, All Rights Reserved.</annotation>
	
	<!-- MR
	
		cheap version of the DobleTT Colosus
		Shorter frame, smaller "basket"
		
		6200kgs				
		100Hp required
		
		
		---------------------------
		power requirement, price
		
		wheels
		
		brakeForce (no brake)
		inputAttacherJoint
		attacherJoint
		
		emptySpeed
		
		movingTools
		
		mrCOMtransWithMass
		
		<mrDebug>			
			<drawPoint centerOfMass="0>" />	
			<drawPoint centerOfMass="1>" />	
		</mrDebug>
	
		
	
	-->

    <storeData>
        <name>Cana Trans 600</name>
		<specs>            
            <neededPower>100</neededPower>            
        </specs>
        <functions>
            <function>$l10n_function_sugarCaneTrailer</function>
        </functions>
        <image>store_lizardCanaTrans600.png</image>
        <price>21000</price>
        <dailyUpkeep>15</dailyUpkeep>
        <lifetime>600</lifetime>
        <rotation>0</rotation>
        <brand>LIZARD</brand>
        <category>sugarCaneHarvesting</category>
        <vertexBufferMemoryUsage>493328</vertexBufferMemoryUsage>
        <indexBufferMemoryUsage>87480</indexBufferMemoryUsage>
        <textureMemoryUsage>11731544</textureMemoryUsage>
        <instanceVertexBufferMemoryUsage>0</instanceVertexBufferMemoryUsage>
        <instanceIndexBufferMemoryUsage>0</instanceIndexBufferMemoryUsage>
    </storeData>

    <typeDesc>$l10n_typeDesc_tipper</typeDesc>
    <filename>vehicles/trailer/lizard/canaTrans600.i3d</filename>

    <size width="4" length="7" lengthOffset="0.8"/>

    <wheelConfigurations>
        <wheelConfiguration name="$l10n_configuration_valueDefault" price="0">
            <wheels>
                <wheel restLoad="1.6" repr="1>0|0" filename="$data/vehicles/wheels/trelleborg/TwinRadial_500_60R22_5.xml" isLeft="true"  forcePointRatio="0.3" initialCompression="-10" suspTravel="0.2" spring="50" damper="8" hasParticles="true" />
                <wheel restLoad="1.6" repr="1>0|1" filename="$data/vehicles/wheels/trelleborg/TwinRadial_500_60R22_5.xml" isLeft="false" forcePointRatio="0.3" initialCompression="-10" suspTravel="0.2" spring="50" damper="8" hasParticles="true" />
                <wheel restLoad="1.6" repr="1>0|2" filename="$data/vehicles/wheels/trelleborg/TwinRadial_500_60R22_5.xml" isLeft="true"  forcePointRatio="0.3" initialCompression="-10" suspTravel="0.2" spring="50" damper="8" hasTireTracks="true" />
                <wheel restLoad="1.6" repr="1>0|3" filename="$data/vehicles/wheels/trelleborg/TwinRadial_500_60R22_5.xml" isLeft="false" forcePointRatio="0.3" initialCompression="-10" suspTravel="0.2" spring="50" damper="8" hasTireTracks="true" />
            </wheels>
        </wheelConfiguration>
    </wheelConfigurations>

    <axisColor useBaseColor="true" />

    <rimColorConfigurations useDefaultColors="true" price="100" icon="$dataS2/menu/hud/configurations/config_rimColor.png" />

    <brakeForce>0</brakeForce>

    <inputAttacherJoints>
        <inputAttacherJoint index="0>0" jointType="trailerLow" attacherHeight="0.55" lowerRotLimitScale="1 0.97 1" />
    </inputAttacherJoints>

    <attacherJoints>
        <attacherJoint index="0>1" jointType="trailerLow" lowerRotLimit="25 80 25" upperRotationOffset="0" allowsJointLimitMovement="false" canTurnOnImplement="false" >
            <schema position="0.5 0" rotation="0" invertX="false" />
        </attacherJoint>
    </attacherJoints>

    <lights>
        <low>
            <light                     decoration="0>4|2|0" lightTypes="0 3" />
        </low>
        <high>
            <light realLight="0>4|2|1" decoration="0>4|2|0" lightTypes="0 3" />
        </high>
    </lights>

    <brakeLights>
        <brakeLight realLight="0>4|4|1" decoration="0>4|4|0" />
    </brakeLights>

    <turnLights>
        <turnLightLeft  realLight="0>4|3|0|1" decoration="0>4|3|0|0" />
        <turnLightRight realLight="0>4|3|1|1" decoration="0>4|3|1|0" />
    </turnLights>

    <fillUnits>
        <fillUnit unit="$l10n_unit_literShort" fillTypeCategories="silageTrailer" capacity="12000" />
    </fillUnits>

    <fillVolumes>
        <volumes>
            <volume index="0>3|1|0|0|0|1|0" allSidePlanes="true" maxAllowedHeapAngle="60" />
        </volumes>
        <dischargeInfos>
            <dischargeInfo>
                <node index="0>3|1|0|0|0|1|2|0|0" width="1.3" length="1.0" />
            </dischargeInfo>
        </dischargeInfos>
        <!--loadInfos>
            <loadInfo>
                <node index="0>3|1|0|0|0|1|2" width="1.6" length="0.1" />
            </loadInfo>
        </loadInfos-->
        <unloadInfos>
            <unloadInfo>
                <node index="0>3|1|0|0|0|1|1" width="1.3" length="0.6" />
            </unloadInfo>
        </unloadInfos>
    </fillVolumes>

    <!--shovelTipTrigger index="0>2" /-->

    <shovel tipReferenceNode="0>3|1|0|0|0|2|0" emptyStartAngle="50" emptyFullAngle="100" emptySpeed="4000" />

    <shovelEmptyEffect rotationNode="0>3|1|0|0|0|4|0" >
        <effectNode effectNode="0>3|1|0|0|0|4|0|1" materialType="unloading" materialTypeId="3" fadeTime="0.5" />
        <effectNode effectNode="0>3|1|0|0|0|4|0|2" materialType="smoke"     materialTypeId="1" fadeTime="0.5" />
    </shovelEmptyEffect>
    <emptyParticleSystems>
        <emitterShape node="0>3|1|0|0|0|4|0|0" />
    </emptyParticleSystems>

    <movingTools>
        <movingTool index="0>3|1|0" >
            <controls axis="AXIS_FRONTLOADER_ARM" invertAxis="false" mouseSpeedFactor="0.6" iconFilename="$dataS2/menu/moveControls/frontloader_arm.png" />
            <translation transSpeed="0.5" transAcceleration="5" transMax="1.8" transMin="0.0" startTrans="0" translationAxis="2" />
            <dependentMovingTool index="0>3|1|0|0|0" minRotLimits="-120 -80" maxRotLimits="0 0" />
            <dependentPart index="0>3|1|1"/>
            <dependentPart index="0>3|1|2"/>
        </movingTool>
        <movingTool index="0>3|1|0|0|0" >
            <controls axis="AXIS_FRONTLOADER_TOOL" invertAxis="true" mouseSpeedFactor="0.7" iconFilename="$dataS2/menu/moveControls/frontloader_tool.png" />
            <rotation rotSpeed="15" rotAcceleration="100" rotMax="0" rotMin="-120" startRot="0" rotationAxis="3" />
            <dependentPart index="0>3|1|0|1"/>
            <dependentPart index="0>3|1|0|0|0|1|2|0"/>
        </movingTool>
    </movingTools>

    <movingParts>
        <!-- axis -->
        <movingPart index="0>3|0" referencePoint="1>1" referenceFrame="1>1" isActiveDirty="true" />
        <!-- cage lift -->
        <movingPart index="0>3|1|1" referencePoint="0>3|1|0|2" referenceFrame="0>3|1|0|2" playSound="true">
            <translatingPart index="0>3|1|1|0" />
        </movingPart>
        <movingPart index="0>3|1|2" referencePoint="0>3|1|0|3" localReferencePoint="0>3|1|2|0" referenceFrame="0>3|1|0|3" >
            <dependentPart index="0>3|1|2|0" />
        </movingPart>
        <movingPart index="0>3|1|2|0" referencePoint="0>3|1|0|3" referenceFrame="0>" />
        <!-- cage body -->
        <movingPart index="0>3|1|0|1" referencePoint="0>3|1|0|0|0|0" referenceFrame="0>3|1|0|0|0|0" playSound="true" >
            <translatingPart index="0>3|1|0|1|0" />
        </movingPart>

        <movingPart index="0>3|1|0|0|0|1|2" referenceFrame="0>3|1|0|0|0|1|2" alignToWorldY="true" isActiveDirty="true" />
    </movingParts>

    <animations>
        <animation name="moveSupport">
            <part node="0>5" startTime="0"  endTime="0.2" startRot="90 0 0" endRot="0 0 0" />
        </animation>
    </animations>

    <support animationName="moveSupport" />

    <exactFillRootNode index="0>3|1|0|0|0|5" />
    <fillAutoAimTargetNode index="0>3|1|0|0|0|6" />
	<fillMassNode index="0>" mrCOMtransWithMass="0 0.09 0" />

    <cylinderedHydraulicSound file="$data/sounds/hydraulicUp.wav"  pitchOffset="0.80" volume="0.90" indoorVolumeFactor="0.60" />
    <attachSound file="$data/sounds/attach.wav"                    pitchOffset="1.00" volume="1.00" indoorVolumeFactor="0.35" indoorLowpassGain="0.75"/>

    <washable dirtDuration="90" washDuration="1" workMultiplier="4" />

    <baseColorConfigurations useDefaultColors="true" price="100" icon="$dataS2/menu/hud/configurations/config_color.png">
        <baseColorConfiguration color="0.190 0.290 0.060 1" price="300" icon="$dataS2/menu/hud/configurations/config_color.png" />
        <baseColorConfiguration color="0.970 0.520 0.003 1" price="300" icon="$dataS2/menu/hud/configurations/config_color.png" />
        <colorNode node="0>" recursive="true" />
    </baseColorConfigurations>

    <components count="2">
        <component1 centerOfMass="0 1.2 0.2" solverIterationCount="10" mrSetMass="3.2" />
        <component2 centerOfMass="0 0.0 0.0" solverIterationCount="10" mrSetMass="2.5" />
        <joint component1="0" component2="1" index="0>2" rotLimit="10 0 0" transLimit="0 0 0" />
    </components>

    <schemaOverlay file="$dataS2/menu/schemas/implementSchema.png" fileSelected="$dataS2/menu/schemas/implementSchemaSelected.png" width="0.5" height="0.5" attacherJointPosition="0 0"/>

    <forcedMapHotspotType>Trailer</forcedMapHotspotType>

</vehicle>
