﻿<?xml version="1.0" encoding="utf-8" standalone="no" ?>
<vehicle type="cutter_animated">
    <annotation>Copyright (C) GIANTS Software GmbH, All Rights Reserved.</annotation>
	
	<!-- mr
	
	same as New Holland 900SFI
	
	mass / center of mass
	
	speed limit
	
	brake force
	
	inputAttacherJoint
	
	wheels
	
	powerConsumer
	
	
	
	-->

    <storeData>
        <name>390 Plus</name>
        <specs>
            <workingWidth>9</workingWidth>
            <combination>FR850</combination>
        </specs>
        <functions>
            <function>$l10n_function_cutterForage</function>
        </functions>
        <image>data/store/store_kemper390Plus.png</image>
        <price>38000</price>
        <dailyUpkeep>20</dailyUpkeep>
        <lifetime>600</lifetime>
        <rotation>0</rotation>
        <brand>KEMPER</brand>
        <category>forageHarvesterCutters</category>
        <vertexBufferMemoryUsage>1505328</vertexBufferMemoryUsage>
        <indexBufferMemoryUsage>205758</indexBufferMemoryUsage>
        <textureMemoryUsage>12233560</textureMemoryUsage>
        <instanceVertexBufferMemoryUsage>0</instanceVertexBufferMemoryUsage>
        <instanceIndexBufferMemoryUsage>0</instanceIndexBufferMemoryUsage>
    </storeData>

    <typeDesc>$l10n_typeDesc_cornCutter</typeDesc>
    <filename>data/vehicles/cutters/kemper/kemper390Plus.i3d</filename>

    <size width="3.5" length="3.5" lengthOffset="0.3" />
    <speedLimit value="15" />
    <powerConsumer ptoRpm="540" neededPtoPower="40" areaDependantPtoPower="8" />

    <wheelConfigurations>
        <wheelConfiguration name="$l10n_configuration_valueDefault" price="0">
            <wheels>
                <wheel repr="0>0|0" radius="0.4" mass="0.05" initialCompression="30" suspTravel="0.2" spring="30" damper="5" isSynchronized="false" mrNotAWheel="true" frictionScale="0.01" />
                <wheel repr="0>0|1" radius="0.4" mass="0.05" initialCompression="30" suspTravel="0.2" spring="30" damper="5" isSynchronized="false" mrNotAWheel="true" frictionScale="0.01" />
            </wheels>
        </wheelConfiguration>
    </wheelConfigurations>

    <dynamicallyLoadedWheels>
        <dynamicallyLoadedWheel linkNode="0>1|0|0|0" filename="$data/vehicles/wheels/trelleborg/AW305_380_55R17.xml" isLeft="true" />
    </dynamicallyLoadedWheels>

    <brakeForce>0</brakeForce>

    <lights>
        <low>
            <light decoration="0>2|14|0|0|0" lightTypes="0 3" />
            <light decoration="0>2|15|0|0|0" lightTypes="0 3" />
        </low>
        <high>
            <light decoration="0>2|14|0|0|0" lightTypes="0 3" />
            <light decoration="0>2|15|0|0|0" lightTypes="0 3" />
        </high>
    </lights>

    <turnLights>
        <turnLightLeft  realLight="0>2|14|0|1|0|1" decoration="0>2|14|0|1|0|0" />
        <turnLightRight realLight="0>2|15|0|1|0|1" decoration="0>2|15|0|1|0|0" />
    </turnLights>

    <inputAttacherJoints>
        <inputAttacherJoint index="0>2|0" jointType="cutterHarvester" lowerDistanceToGround="1.37" upperDistanceToGround="1.7" ptoInputNode="0>2|20" upperRotationOffset="0" forceSelectionOnAttach="false"/>
    </inputAttacherJoints>

    <workAreas>
        <workArea startIndex="0>2|1" widthIndex="0>2|2" heightIndex="0>2|3" foldMinLimit="0" foldMaxLimit="0.1" type="cutter" />
    </workAreas>

    <turnedOnRotationNodes>
        <!-- right -->
        <turnedOnRotationNode index="0>2|18|0"    type="cutter" rotSpeed="-500" rotAxis="2" turnOnFadeTime="2" turnOffFadeTime="5" />
        <turnedOnRotationNode index="0>2|18|1"    type="cutter" rotSpeed="-500" rotAxis="2" turnOnFadeTime="2" turnOffFadeTime="5" />
        <turnedOnRotationNode index="0>2|9|2|0"   type="cutter" rotSpeed="-500" rotAxis="2" turnOnFadeTime="2" turnOffFadeTime="5" />
        <turnedOnRotationNode index="0>2|9|2|1"   type="cutter" rotSpeed="-500" rotAxis="2" turnOnFadeTime="2" turnOffFadeTime="5" />
        <turnedOnRotationNode index="0>2|9|0|1|0" type="cutter" rotSpeed="-500" rotAxis="2" turnOnFadeTime="2" turnOffFadeTime="5" />
        <!-- right back -->
        <turnedOnRotationNode index="0>2|9|0|1|1" type="cutter" rotSpeed="500" rotAxis="2" turnOnFadeTime="2" turnOffFadeTime="5" />
        <turnedOnRotationNode index="0>2|9|0|1|2" type="cutter" rotSpeed="500" rotAxis="2" turnOnFadeTime="2" turnOffFadeTime="5" />
        <turnedOnRotationNode index="0>2|9|2|2"   type="cutter" rotSpeed="500" rotAxis="2" turnOnFadeTime="2" turnOffFadeTime="5" />
        <turnedOnRotationNode index="0>2|9|2|3"   type="cutter" rotSpeed="500" rotAxis="2" turnOnFadeTime="2" turnOffFadeTime="5" />
        <turnedOnRotationNode index="0>2|18|4"    type="cutter" rotSpeed="500" rotAxis="2" turnOnFadeTime="2" turnOffFadeTime="5" />
        <turnedOnRotationNode index="0>2|18|6|1"  type="cutter" rotSpeed="500" rotAxis="2" turnOnFadeTime="2" turnOffFadeTime="5" />
        <!-- left -->
        <turnedOnRotationNode index="0>2|18|2"    type="cutter" rotSpeed="500" rotAxis="2" turnOnFadeTime="2" turnOffFadeTime="5" />
        <turnedOnRotationNode index="0>2|18|3"    type="cutter" rotSpeed="500" rotAxis="2" turnOnFadeTime="2" turnOffFadeTime="5" />
        <turnedOnRotationNode index="0>2|8|2|0"   type="cutter" rotSpeed="500" rotAxis="2" turnOnFadeTime="2" turnOffFadeTime="5" />
        <turnedOnRotationNode index="0>2|8|2|1"   type="cutter" rotSpeed="500" rotAxis="2" turnOnFadeTime="2" turnOffFadeTime="5" />
        <turnedOnRotationNode index="0>2|8|0|1|0" type="cutter" rotSpeed="500" rotAxis="2" turnOnFadeTime="2" turnOffFadeTime="5" />
        <!-- left back -->
        <turnedOnRotationNode index="0>2|8|0|1|1" type="cutter" rotSpeed="-500" rotAxis="2" turnOnFadeTime="2" turnOffFadeTime="5" />
        <turnedOnRotationNode index="0>2|8|0|1|2" type="cutter" rotSpeed="-500" rotAxis="2" turnOnFadeTime="2" turnOffFadeTime="5" />
        <turnedOnRotationNode index="0>2|8|2|2"   type="cutter" rotSpeed="-500" rotAxis="2" turnOnFadeTime="2" turnOffFadeTime="5" />
        <turnedOnRotationNode index="0>2|8|2|3"   type="cutter" rotSpeed="-500" rotAxis="2" turnOnFadeTime="2" turnOffFadeTime="5" />
        <turnedOnRotationNode index="0>2|18|5"    type="cutter" rotSpeed="-500" rotAxis="2" turnOnFadeTime="2" turnOffFadeTime="5" />
        <turnedOnRotationNode index="0>2|18|6|0"  type="cutter" rotSpeed="-500" rotAxis="2" turnOnFadeTime="2" turnOffFadeTime="5" />
    </turnedOnRotationNodes>

    <dynamicMount forceLimitScale="1" />
    <cylinderedHydraulicSound file="$data/sounds/cultivatorHydraulic.wav"  pitchOffset="1.00" volume="1.10" indoorVolumeFactor="0.70" />

    <movingTools>
        <movingTool index="0>2|9">
            <dependentPart index="0>2|9|3" />
            <dependentPart index="0>2|9|0|0" />
            <dependentPart index="0>2|9|1" />
            <dependentPart index="0>2|21|0" />
            <dependentPart index="0>2|21|2" />
        </movingTool>
        <movingTool index="0>2|9|0">
            <dependentPart index="0>2|9|0|0" />
            <dependentPart index="0>2|21|0" />
            <dependentPart index="0>2|21|2" />
        </movingTool>

        <movingTool index="0>2|8">
            <dependentPart index="0>2|8|3" />
            <dependentPart index="0>2|8|0|0" />
            <dependentPart index="0>2|8|1" />
            <dependentPart index="0>2|21|3" />
            <dependentPart index="0>2|21|5" />
        </movingTool>
        <movingTool index="0>2|8|0">
            <dependentPart index="0>2|8|0|0" />
            <dependentPart index="0>2|21|3" />
            <dependentPart index="0>2|21|5" />
        </movingTool>
        <movingTool index="0>0" wheelIndices="1 2" >
            <dependentPart index="0>2|8|0|0" />
        </movingTool>
    </movingTools>

    <movingParts>
        <movingPart index="0>2|9|3" localReferencePoint="0>2|9|3|0" referencePoint="0>2|13" referenceFrame="0>2|9|4">
            <dependentPart index="0>2|9|3|0" />
            <dependentPart index="0>2|9|0|0" />
        </movingPart>
        <movingPart index="0>2|9|3|0" referencePoint="0>2|13" referenceFrame="0>2|9" scaleZ="true" />
        <movingPart index="0>2|9|0|0" referencePoint="0>2|9|3|1" referenceFrame="0>2|9|0" playSound="true" >
            <translatingPart index="0>2|9|0|0|0" />
        </movingPart>
        <movingPart index="0>2|9|1" referencePoint="0>2|11" referenceFrame="0>2|9" playSound="true" >
            <translatingPart index="0>2|9|1|0" />
        </movingPart>

        <movingPart index="0>2|8|3" localReferencePoint="0>2|8|3|0" referencePoint="0>2|12" referenceFrame="0>2|8|4">
            <dependentPart index="0>2|8|3|0" />
            <dependentPart index="0>2|8|0|0" />
        </movingPart>
        <movingPart index="0>2|8|3|0" referencePoint="0>2|12" referenceFrame="0>2|8" scaleZ="true" />
        <movingPart index="0>2|8|0|0" referencePoint="0>2|8|3|1" referenceFrame="0>2|8|0" playSound="true" >
            <translatingPart index="0>2|8|0|0|0" />
        </movingPart>
        <movingPart index="0>2|8|1" referencePoint="0>2|10" referenceFrame="0>2|8" playSound="true" >
            <translatingPart index="0>2|8|1|0" />
        </movingPart>

        <movingPart index="0>2|21|0"      referenceFrame="0>2|16|0|0|0"  moveToReferenceFrame="true" />
        <movingPart index="0>2|21|2"      referenceFrame="0>2|8|0|2|0|0" moveToReferenceFrame="true" doDirectionAlignment="false" />

        <movingPart index="0>2|21|3"      referenceFrame="0>2|17|0|0|0"  moveToReferenceFrame="true" />
        <movingPart index="0>2|21|5"      referenceFrame="0>2|9|0|2|0|0" moveToReferenceFrame="true" doDirectionAlignment="false" />
    </movingParts>

    <foldingParts startMoveDirection="1" turnOnFoldMaxLimit="0.1" turnOnFoldMinLimit="0" turnOffOnFold="true" >
        <foldingPart animationName="fold" speedScale="1.75" />
    </foldingParts>

    <animations>
        <animation name="fold">
            <part node="0>2|14"    startTime="9"    endTime="13" startRot="0 0 0"    endRot="0 -90 0" />
            <part node="0>2|15"    startTime="9"    endTime="13" startRot="0 0 0"    endRot="0 90 0" />
            <part node="0>2|8"     startTime="6"    endTime="13" startRot="0 0 0"    endRot="0 0 90" />
            <part node="0>2|9"     startTime="6"    endTime="13" startRot="0 0 0"    endRot="0 0 -90" />
            <part node="0>2|8|0"   startTime="6"    endTime="13" startRot="0 0 120"  endRot="0 0 165" />
            <part node="0>2|9|0"   startTime="6"    endTime="13" startRot="0 0 -120" endRot="0 0 -165" />
            <part node="0>2|8|0"   startTime="0"    endTime="6"  startRot="0 0 0"    endRot="0 0 120" />
            <part node="0>2|9|0"   startTime="0"    endTime="6"  startRot="0 0 0"    endRot="0 0 -120" />
            <part node="0>2|16|0"  startTime="0"    endTime="9"  startRot="0 0 0"    endRot="0 -82 0" />
            <part node="0>2|17|0"  startTime="0"    endTime="9"  startRot="0 0 0"    endRot="0 82 0" />
            <part node="0>2|8|0|2" startTime="0"    endTime="6"  startRot="0 0 0"    endRot="0 90 0" />
            <part node="0>2|9|0|2" startTime="0"    endTime="6"  startRot="0 0 0"    endRot="0 -90 0" />
            <part node="0>2|7"     startTime="5"    endTime="6"  startRot="0 0 0"    endRot="-35 0 0" />
            <part node="0>2|7|0"   startTime="5"    endTime="6"  startRot="0 0 0"    endRot="0 75 0" />
            <part node="0>2|7|1"   startTime="5"    endTime="6"  startRot="0 0 0"    endRot="0 -75 0" />
            <part node="0>0"       startTime="5.5"  endTime="6"  startTrans="0 0.787 -0.054" endTrans="0 0.166 1.321" />
            <part node="0>1"       startTime="5.9"  endTime="5.95" visibility="false" />
            <part node="0>1"       startTime="5.95" endTime="6" visibility="true" />

            <!-- joints -->
            <part node="0>2|16|0|0|0" startTime="0" endTime="13" startRot="0 0 0" endRot="0 22 0" />
            <part node="0>2|21|2" startTime="0" endTime="6" startRot="0 0 0" endRot="0 60 0" />
            <part node="0>2|21|1" startTime="0" endTime="6" startTrans="2.379 1.193 -0.164" startRot="0 0 0" endTrans="1.192 1.078 1.427" endRot="0 0 22.654" />
            <part node="0>2|21|1" startTime="6" endTime="9.5" startTrans="1.192 1.078 1.427" startRot="0 0 22.654" endTrans="0.61 0.96 1.576" endRot="0 0 11.64"/>
            <part node="0>2|21|1" startTime="9.5" endTime="13" startTrans="0.61 0.96 1.576" startRot="0 0 11.64" endTrans="0.663 0.855 1.527" endRot="0 0 -14.265"/>

            <part node="0>2|17|0|0|0" startTime="0" endTime="13" startRot="0 0 0" endRot="0 -22 0" />
            <part node="0>2|21|5" startTime="0" endTime="6" startRot="0 0 0" endRot="0 -60 0" />
            <part node="0>2|21|4" startTime="0" endTime="6" startTrans="-2.379 1.193 -0.164" startRot="0 0 0" endTrans="-1.192 1.078 1.427" endRot="0 0 -22.654" />
            <part node="0>2|21|4" startTime="6" endTime="9.5" startTrans="-1.192 1.078 1.427" startRot="0 0 22.654" endTrans="-0.61 0.96 1.576" endRot="0 0 -11.64"/>
            <part node="0>2|21|4" startTime="9.5" endTime="13" startTrans="-0.61 0.96 1.576" startRot="0 0 11.64" endTrans="-0.663 0.855 1.527" endRot="0 0 14.265"/>
        </animation>

        <!-- move support wheel down/up -->
        <animation name="moveSupport">
            <part node="0>2|6" startTime="0" duration="1" startTrans="0 0.433 -0.904" endTrans="0 0.2 -0.904" />
        </animation>
    </animations>

    <support animationName="moveSupport" />

    <speedRotatingParts>
        <speedRotatingPart index="0>1|0|0" driveNode="0>1|0|0|0" radius="0.32" foldMinLimit="0.28" foldMaxLimit="1.0" versatileYRot="true" />
    </speedRotatingParts>

    <cutter allowsForageGrowhtState="true" fruitTypeCategories="maizeCutter" convertedFillTypeCategories="forageHarvester">
        <testAreas>
            <testArea startIndex="0>2|19|0" widthIndex="0>2|19|0|0" heightIndex="0>2|19|0|1" />
            <testArea startIndex="0>2|19|1" widthIndex="0>2|19|1|0" heightIndex="0>2|19|1|1" />
            <testArea startIndex="0>2|19|2" widthIndex="0>2|19|2|0" heightIndex="0>2|19|2|1" />
            <testArea startIndex="0>2|19|3" widthIndex="0>2|19|3|0" heightIndex="0>2|19|3|1" />
            <testArea startIndex="0>2|19|4" widthIndex="0>2|19|4|0" heightIndex="0>2|19|4|1" />
            <testArea startIndex="0>2|19|5" widthIndex="0>2|19|5|0" heightIndex="0>2|19|5|1" />
            <testArea startIndex="0>2|19|6" widthIndex="0>2|19|6|0" heightIndex="0>2|19|6|1" />
            <testArea startIndex="0>2|19|7" widthIndex="0>2|19|7|0" heightIndex="0>2|19|7|1" />
            <testArea startIndex="0>2|19|8" widthIndex="0>2|19|8|0" heightIndex="0>2|19|8|1" />
            <testArea startIndex="0>2|19|9" widthIndex="0>2|19|9|0" heightIndex="0>2|19|9|1" />
        </testAreas>
        <effect>
            <effectNode linkNode="0>2|23|0" speedScale="0.0018" inverted="true" lengthAndRadius="2.5 1.3 2 3" isThreshing="false" effectType="CENTER" changeSpeedScale="0.01" />
            <effectNode linkNode="0>2|23|1" speedScale="0.0032" inverted="true" lengthAndRadius="3.5 1.5 2 1" isThreshing="false" effectType="LEFT"  useInterpolation="true" minOffset="6" />
            <effectNode linkNode="0>2|23|2" speedScale="0.0032" inverted="true" lengthAndRadius="3.5 1.5 2 1" isThreshing="false" effectType="RIGHT" useInterpolation="true" minOffset="6" useMaxValue="true"/>
        </effect>
        <threshingParticleSystems>
            <threshingParticleSystem node="0>" file="$data/particleSystems/shared/threshingCutterParticles.i3d" />
        </threshingParticleSystems>
    </cutter>

    <designConfigurations>
        <designConfiguration name="$l10n_configuration_valueDefault" price="0">
            <objectChange node="0>2|8|0|3|0" visibilityActive="true" visibilityInactive="false" />
            <objectChange node="0>2|9|0|3|0" visibilityActive="true" visibilityInactive="false" />
        </designConfiguration>
    </designConfigurations>

    <ai>
        <areaMarkers leftIndex="0>2|4|0|0" rightIndex="0>2|4|0|1" backIndex="0>2|4|0|2" />
        <trafficCollisionTrigger index="0>2|4|1" />
    </ai>

    <washable dirtDuration="300" washDuration="1" workMultiplier="2" />

    <components count="1">
        <component1 centerOfMass="0 0.4 -0.3" solverIterationCount="10" mrSetMass="4" />
    </components>

    <schemaOverlay file="$dataS2/menu/schemas/implementSchema.png" fileSelected="$dataS2/menu/schemas/implementSchemaSelected.png" width="0.5" height="0.5" attacherJointPosition="0 0"/>

</vehicle>