﻿<?xml version="1.0" encoding="utf-8" standalone="no" ?>
<vehicle type="forageWagon">
    <annotation>Copyright (C) GIANTS Software GmbH, All Rights Reserved.</annotation>
	
	<!-- mr
	
	
	
	hydraulic drawbar
	feeding roller
	=> 2.7T + 0.2T = 2.9T
	
	feeder rake tech = smaller throughputs and smaller total specific power requirements
	
	
	speedlimit
	
	remove "steeringAxleAngleScale"
	
	components mass/center of mass
	component joint rotLimitSpring
	
	mrCOMtransWithMass
	
	wheels
	
	dischargeEndTime
	
	-->
	
	<moreRealistic>
		<dragArea value="5" />
		<forageWagon inputFlowDependantPtoPower="55" maxFillLiterPerSecond="130" />
		<trailer unloadingPtoPower="15" />
	</moreRealistic>

    <storeData>
        <name>EUROBOSS 330 T</name>
        <functions>
            <function>$l10n_function_forageWagon</function>
        </functions>
        <specs>
            <neededPower>60</neededPower>
        </specs>
        <image>data/store/store_poettingerEuroboss330T.png</image>
        <price>31000</price>
        <dailyUpkeep>30</dailyUpkeep>
        <lifetime>600</lifetime>
        <rotation>0</rotation>
        <brand>POETTINGER</brand>
        <category>loaderWagons</category>
        <vertexBufferMemoryUsage>1764128</vertexBufferMemoryUsage>
        <indexBufferMemoryUsage>259536</indexBufferMemoryUsage>
        <textureMemoryUsage>9710512</textureMemoryUsage>
        <instanceVertexBufferMemoryUsage>0</instanceVertexBufferMemoryUsage>
        <instanceIndexBufferMemoryUsage>0</instanceIndexBufferMemoryUsage>
    </storeData>

    <typeDesc>$l10n_typeDesc_forageWagon</typeDesc>
    <filename>data/vehicles/trailers/poettinger/poettingerEuroboss330T.i3d</filename>

    <size width="3" length="8.5"/>
    <powerConsumer ptoRpm="540" neededPtoPower="10"/>
    <speedLimit value="15" />

    <wheelConfigurations>
        <wheelConfiguration name="$l10n_configuration_valueDefault" price="0">
            <wheels>
                <wheel restLoad="1.4" repr="0>0|0|0"                         forcePointRatio="0.3" filename="$data/vehicles/wheels/trelleborg/AW305_480_45R17.xml" isLeft="true"  initialCompression="0" suspTravel="0.15" spring="60" damper="10" hasTireTracks="true" hasParticles="true" mrPressureFx="1.4" />
                <wheel restLoad="1.4" repr="0>0|0|1" driveNode="0>0|0|1|0"   forcePointRatio="0.3" filename="$data/vehicles/wheels/trelleborg/AW305_480_45R17.xml" isLeft="false" initialCompression="0" suspTravel="0.15" spring="60" damper="10" hasTireTracks="true" hasParticles="true" mrPressureFx="1.4" />
                <wheel tipOcclusionAreaGroupId="2" restLoad="1.9" repr="1>0" forcePointRatio="0.3" radius="0.203" mass="0.01" initialCompression="60" suspTravel="0.03" spring="10" damper="1" brakeFactor="0" isSynchronized="false" mrNotAWheel="true" frictionScale="0.05" />
                <wheel tipOcclusionAreaGroupId="2" restLoad="1.9" repr="1>1" forcePointRatio="0.3" radius="0.203" mass="0.01" initialCompression="60" suspTravel="0.03" spring="10" damper="1" brakeFactor="0" isSynchronized="false" mrNotAWheel="true" frictionScale="0.05" />
            </wheels>
        </wheelConfiguration>
    </wheelConfigurations>

    <dynamicallyLoadedWheels>
        <dynamicallyLoadedWheel linkNode="0>0|5|1|0" filename="$data/vehicles/wheels/trelleborg/T510_16x6_50R8.xml" isLeft="true"/>
        <dynamicallyLoadedWheel linkNode="0>0|5|1|1" filename="$data/vehicles/wheels/trelleborg/T510_16x6_50R8.xml" isLeft="false"/>
    </dynamicallyLoadedWheels>

    
    <brakeForce>1</brakeForce>
    <maximalAirConsumptionPerFullStop value="0.3" />

    <dynamicallyLoadedParts>
        <dynamicallyLoadedPart node="0" linkNode="0>0|0|1|1|0"  filename="$data/shared/vehicleParts/wheelChock02.i3d" />
        <dynamicallyLoadedPart node="0" linkNode="0>0|0|1|1|1"  filename="$data/shared/vehicleParts/wheelChock02.i3d" />
        <dynamicallyLoadedPart node="0" linkNode="0>0|12|0"     filename="$data/shared/vehicleParts/wheelChock02.i3d" />
        <dynamicallyLoadedPart node="0" linkNode="0>0|12|1"     filename="$data/shared/vehicleParts/wheelChock02.i3d" />
    </dynamicallyLoadedParts>

    <lights>
        <low>
            <light                           decoration="0>0|4|1|0|0|0|0" lightTypes="0 3" />
        </low>
        <high>
            <light realLight="0>0|4|1|0|0|0|1" decoration="0>0|4|1|0|0|0|0" lightTypes="0 3" />
        </high>
    </lights>

    <brakeLights>
        <brakeLight realLight="0>0|4|1|0|0|0|1" decoration="0>0|4|1|0|0|2|0" />
    </brakeLights>

    <turnLights>
        <turnLightLeft realLight="0>0|4|1|0|0|1|0|1" decoration="0>0|4|1|0|0|1|0|0" />
        <turnLightRight realLight="0>0|4|1|0|0|1|1|1" decoration="0>0|4|1|0|0|1|1|0" />
    </turnLights>

    <reverseLights>
        <reverseLight realLight="0>0|4|1|0|0|3|1" decoration="0>0|4|1|0|0|3|0" />
    </reverseLights>

    <inputAttacherJoints>
        <inputAttacherJoint index="0>0|1|0" jointType="trailer" attacherHeight="0.944" ptoInputNode="0>0|2" ptoAboveAttacher="false"/>
    </inputAttacherJoints>

    <workAreas>
        <workArea startIndex="0>0|9|0" widthIndex="0>0|9|1" heightIndex="0>0|9|2" type="forageWagon" />
    </workAreas>

    <groundReferenceNodes>
        <groundReferenceNode index="0>0|5|2|1" threshold="0.7" />
    </groundReferenceNodes>

    <fillUnits>
        <fillUnit unit="$l10n_unit_literShort" fillTypeCategories="forageWagon" capacity="21300" />
    </fillUnits>

    <fillVolumes>
        <volumes>
            <volume index="0>0|7|0" maxAllowedHeapAngle="40" scrollSpeedDischarge="0 0 0.3" scrollSpeedLoad="0 0 0.08" />
        </volumes>

        <unloadInfos>
            <unloadInfo> <!-- back -->
                <node index="0>0|7|1" width="1.4" length="1.0" alsoUseLoadInfoForDischarge="true" loadInfoFillFactor="0.98" loadInfoSizeScale="3 4" />
            </unloadInfo>
        </unloadInfos>

        <loadInfos>
            <loadInfo>
                <node index="0>0|7|2" width="1.4" length="1.0" />
            </loadInfo>
        </loadInfos>

        <heights>
            <height fillVolumeIndex="1" >
                <refNode index="0>0|7|3|0" />
                <refNode index="0>0|7|3|1" />
                <node index="0>0|11|1" baseScale="1 1 1" transAxis="0 1 0" scaleAxis="0 0 0" />
            </height>
        </heights>
    </fillVolumes>

    <fillRootNode index="0>" />
    <exactFillRootNode index="0>0|10|0" />
    <fillAutoAimTargetNode index="0>0|10|1" startZ="1" endZ="-2" invert="false" fillUnitIndex="1" startPercentage="25"/>
    <fillMassNode index="0>" mrCOMtransWithMass="0 0.1 0" />


    <tipReferencePoints>
        <tipReferencePoint index="0>0|8" width="2.5" />
    </tipReferencePoints>

    <tipAnimations>
        <tipAnimation speedScale="1" animationName="tipAnimationBack" dischargeStartTime="1" dischargeEndTime="22" >
            <tipEffect>
                <effectNode effectNode="0>0|11|1" materialType="unloading" materialTypeId="3" fadeTime="0.5"/>
                <effectNode effectNode="0>0|11|2" materialType="smoke"     materialTypeId="1" fadeTime="0.5"/>
            </tipEffect>
            <emitterShape node="0>0|11|0" />
            <fillVolume>
                <unloadInfo index="1"/>
                <height index="1"/>
            </fillVolume>
        </tipAnimation>
    </tipAnimations>

    <cylinderedHydraulicSound file="$data/sounds/hydraulicUp.wav"                               pitchOffset="1.00" volume="1.00" indoorVolumeFactor="0.55" />
    <fillSound file="$data/maps/sounds/siloFillSound.wav"                                       pitchOffset="1.00" volume="1.50" indoorVolumeFactor="0.55" />

    <forageWagon>
        <fillEffect>
            <effectNode effectClass="MorphPositionEffect" effectNode="0>0|14|0" materialType="pickup" materialTypeId="1" delay="0" fadeTime="0.5" speed="0.9" scrollLength="1.5" scrollSpeed="2"/>
        </fillEffect>
        <fillParticleSystems>
            <emitterShape node="0>0|5|2|5|0" particleType="PICKUP"         emitCountScale="6" worldSpace="false" />
            <emitterShape node="0>0|5|2|5|1" particleType="SMOKE"          emitCountScale="1"/>
            <!--emitterShape node="0>0|5|2|5|2" particleType="PICKUP_FALLING" emitCountScale="2" worldSpace="false"/>
            <emitterShape node="0>0|11|3"    particleType="PICKUP_FALLING" emitCountScale="2" worldSpace="false"/-->
        </fillParticleSystems>
        <runningSound file="$data/vehicles/trailers/poettinger/poettingerEuroboss.wav"  pitchOffset="1.04" volume="1.00" indoorVolumeFactor="0.60" />
        <alarmSound file="$data/sounds/rollBelt150Alarm.wav"                            pitchOffset="1.00" volume="1.00" indoorVolumeFactor="1.00" outdoorVolumeFactor="0.5" indoorLowpassGain="0.9" outdoorLowpassGain="0.7" />
    </forageWagon>

    <turnedOnRotationNodes>
        <turnedOnRotationNode index="0>0|5|2|1" rotSpeed="-500" type="forageWagon" rotAxis="1" turnOnFadeTime="1" turnOffFadeTime="1"/>
    </turnedOnRotationNodes>

    <speedRotatingParts>
        <speedRotatingPart index="0>0|5|1|0" wheelIndex="2" />
        <speedRotatingPart index="0>0|5|1|1" wheelIndex="3" />
        <speedRotatingPart index="0>0|5|2|2" radius="0.4" refNodeIndex="0" rotateOnlyIfFillLevelIncreased="true" onlyActiveWhenLowered="true"/>
    </speedRotatingParts>

    <tipScrollerNodes>
        <tipScrollerNode index="0>0|6|0" shaderParameterName="scrollPosition" scrollSpeed="-0.02" scrollLength="4.60" shaderParameterComponent="1" turnOnFadeTime="1" turnOffFadeTime="1" />
        <tipScrollerNode index="0>0|6|1" shaderParameterName="offsetUV"       scrollSpeed="1"                         shaderParameterComponent="1" turnOnFadeTime="1" turnOffFadeTime="1" />
    </tipScrollerNodes>

    <movingTools>
        <movingTool index="0>0|1" playSound="true">
            <controls axis="AXIS_DRAWBAR" invertAxis="false" mouseSpeedFactor="0.6" iconFilename="$dataS2/menu/moveControls/drawbar_rotX.png" />
            <rotation rotSpeed="20" rotAcceleration="40" rotMax="12" rotMin="-12" rotationAxis="1"/>
            <inputAttacherJoint value="true" />
            <dependentPart index="0>0|1|1" />
        </movingTool>

        <movingTool index="0>0|5|0" playSound="true">
            <componentJoint index="0" />
        </movingTool>

        <movingTool index="0>0|4|0">
            <dependentPart index="0>0|4|1" />
            <dependentPart index="0>0|4|2" />
        </movingTool>
    </movingTools>

    <movingParts>
        <!-- pickup wheel arm -->
        <movingPart index="0>0|5|1" referencePoint="1>2" referenceFrame="1>2" isActiveDirty="true" >
            <dependentPart index="0>0|5|2" />
            <dependentPart index="0>0|5|3" />
            <dependentPart index="0>0|5|4" />
        </movingPart>
        <movingPart index="0>0|5|2" localReferencePoint="0>0|5|2|0" referencePoint="0>0|5|1|2" referenceFrame="0>">
            <dependentPart index="0>0|5|2|0" />
        </movingPart>
        <movingPart index="0>0|5|2|0" referencePoint="0>0|5|1|2" referenceFrame="0>0|5|1|2"/>
        <movingPart index="0>0|5|3" referencePoint="0>0|5|2|3" referenceFrame="0>0|5|2|3">
            <translatingPart index="0>0|5|3|0" />
        </movingPart>
        <movingPart index="0>0|5|4" referencePoint="0>0|5|2|4" referenceFrame="0>0|5|2|4" scaleZ="true" />

        <!-- drawbar -->
        <movingPart index="0>0|1|1" referencePoint="0>0|5|5" referenceFrame="0>0|5|5">
            <translatingPart index="0>0|1|1|0" />
        </movingPart>

        <!-- door -->
        <movingPart index="0>0|4|1" localReferencePoint="0>0|4|1|0" referencePoint="0>0|4|0|0" referenceFrame="0>">
            <dependentPart index="0>0|4|1|0" />
            <dependentPart index="0>0|4|1|0|2" />
        </movingPart>
        <movingPart index="0>0|4|1|0" referencePoint="0>0|4|0|0" referenceFrame="0>0|4|0|0" scaleZ="true" />
        <movingPart index="0>0|4|1|0|2" referencePoint="0>0|4|3" referenceFrame="0>0|4|3" scaleZ="true" />
        <movingPart index="0>0|4|2" referencePoint="0>0|4|1|1" referenceFrame="0>0|4|1|1">
            <translatingPart index="0>0|4|2|0" />
        </movingPart>
    </movingParts>

    <animations>
        <!-- move support wheel down/up -->
        <animation name="moveSupport">
            <part node="0>0|0|1|1" startTime="0" endTime="0.05" visibility="false" />
            <part node="0>0|12" startTime="0" endTime="0.05" visibility="true" />
            <part node="0>0|0|1|1" startTime="0.05" endTime="0.1" visibility="true" />
            <part node="0>0|12" startTime="0.05" endTime="0.1" visibility="false" />
            <part node="0>0|3|0" startTime="0" duration="0.6" startTrans="0 0 -0.33" endTrans="0 0 0" />
            <part node="0>0|3|1" startTime="0" duration="0.6" startRot="0 0 -720" endRot="0 0 0" />
        </animation>

        <!-- rotate pickup down/up -->
        <animation name="rotatePickup">
            <part node="0>0|5|0" startTime="0" endTime="1" startRot="4 0 0" endRot="20 0 0" />
            <part                startTime="0" endTime="1" componentJointIndex="0" startRotLimit="0 0 0" endRotLimit="15 0 0"/>
        </animation>

        <!-- backtipping -->
        <animation name="tipAnimationBack">
            <part node="0>0|4|0" startTime="0" endTime="4" startRot="0 0 0" endRot="50 0 0" />
        </animation>

        <animation name="turnedOnAnimation" looping="true" >
            <part node="0>0|5|6" startTime="0"      endTime="0.999" startRot="0 0 0"    endRot="359.5 0 0" />
            <part node="0>0|5|6" startTime="0.9999" endTime="1"     startRot="359 0 0" endRot="0 0 0" />

            <part node="0>0|5|6|0" startTime="0"     endTime="0.125" startRot="0 0 0" endRot="65.66 0 0" />
            <part node="0>0|5|6|0" startTime="0.125" endTime="0.250" startRot="65.66 0 0"  endRot="100.581 0 0" />
            <part node="0>0|5|6|0" startTime="0.250" endTime="0.375" startRot="100.581 0 0"  endRot="108.814 0 0" />
            <part node="0>0|5|6|0" startTime="0.375" endTime="0.500" startRot="108.814 0 0"  endRot="104.893 0 0" />
            <part node="0>0|5|6|0" startTime="0.500" endTime="0.625" startRot="104.893 0 0"  endRot="91.631 0 0" />
            <part node="0>0|5|6|0" startTime="0.625" endTime="0.750" startRot="91.631 0 0"  endRot="59.763 0 0" />
            <part node="0>0|5|6|0" startTime="0.750" endTime="0.875" startRot="59.763 0 0"  endRot="22.296 0 0" />
            <part node="0>0|5|6|0" startTime="0.875" endTime="1.000" startRot="22.296 0 0"  endRot="0 0 0" />

           <part node="0>0|5|6|1" startTime="0"     endTime="0.125" startRot="0 0 0" endRot="2.115 0 0" />
            <part node="0>0|5|6|1" startTime="0.125" endTime="0.250" startRot="2.115 0 0"  endRot="-10.699 0 0" />
            <part node="0>0|5|6|1" startTime="0.250" endTime="0.375" startRot="-10.699 0 0"  endRot="-45.464 0 0" />
            <part node="0>0|5|6|1" startTime="0.375" endTime="0.500" startRot="-45.464 0 0"  endRot="-80.177 0 0" />
            <part node="0>0|5|6|1" startTime="0.500" endTime="0.625" startRot="-80.177 0 0"  endRot="-109.923 0 0" />
            <part node="0>0|5|6|1" startTime="0.625" endTime="0.750" startRot="-109.923 0 0"  endRot="-47.697 0 0" />
            <part node="0>0|5|6|1" startTime="0.750" endTime="0.875" startRot="-47.697 0 0"  endRot="-8.876 0 0" />
            <part node="0>0|5|6|1" startTime="0.875" endTime="1.000" startRot="-8.876 0 0"  endRot="0 0 0" />

            <part node="0>0|5|6|2" startTime="0"     endTime="0.125" startRot="0 0 0" endRot="-36.574 0 0" />
            <part node="0>0|5|6|2" startTime="0.125" endTime="0.250" startRot="-36.574 0 0"  endRot="-65.504 0 0" />
            <part node="0>0|5|6|2" startTime="0.250" endTime="0.375" startRot="-65.504 0 0"  endRot="-35.947 0 0" />
            <part node="0>0|5|6|2" startTime="0.375" endTime="0.500" startRot="-35.947 0 0"  endRot="9.162 0 0" />
            <part node="0>0|5|6|2" startTime="0.500" endTime="0.625" startRot="9.162 0 0"  endRot="28.738 0 0" />
            <part node="0>0|5|6|2" startTime="0.625" endTime="0.750" startRot="28.738 0 0"  endRot="39.295 0 0" />
            <part node="0>0|5|6|2" startTime="0.750" endTime="0.875" startRot="39.295 0 0"  endRot="29.096 0 0" />
            <part node="0>0|5|6|2" startTime="0.875" endTime="1.000" startRot="29.096 0 0"  endRot="0 0 0" />

            <part node="0>0|5|6|3" startTime="0"     endTime="0.125" startRot="0 0 0" endRot="9.253 0 0" />
            <part node="0>0|5|6|3" startTime="0.125" endTime="0.250" startRot="9.253 0 0"  endRot="-1.643 0 0" />
            <part node="0>0|5|6|3" startTime="0.250" endTime="0.375" startRot="-1.643 0 0"  endRot="-22.98 0 0" />
            <part node="0>0|5|6|3" startTime="0.375" endTime="0.500" startRot="-22.98 0 0"  endRot="-63.367 0 0" />
            <part node="0>0|5|6|3" startTime="0.500" endTime="0.625" startRot="-63.367 0 0"  endRot="-101.797 0 0" />
            <part node="0>0|5|6|3" startTime="0.625" endTime="0.750" startRot="-101.797 0 0"  endRot="-88.786 0 0" />
            <part node="0>0|5|6|3" startTime="0.750" endTime="0.875" startRot="-88.786 0 0"  endRot="-17.929 0 0" />
            <part node="0>0|5|6|3" startTime="0.875" endTime="1.000" startRot="-17.929 0 0"  endRot="0 0 0" />

            <part node="0>0|5|6|4" startTime="0"     endTime="0.125" startRot="0 0 0" endRot="33.359 0 0" />
            <part node="0>0|5|6|4" startTime="0.125" endTime="0.250" startRot="33.359 0 0"  endRot="86.991 0 0" />
            <part node="0>0|5|6|4" startTime="0.250" endTime="0.375" startRot="86.991 0 0"  endRot="102.801 0 0" />
            <part node="0>0|5|6|4" startTime="0.375" endTime="0.500" startRot="102.801 0 0"  endRot="110.368 0 0" />
            <part node="0>0|5|6|4" startTime="0.500" endTime="0.625" startRot="110.368 0 0"  endRot="98.688 0 0" />
            <part node="0>0|5|6|4" startTime="0.625" endTime="0.750" startRot="98.688 0 0"  endRot="71.194 0 0" />
            <part node="0>0|5|6|4" startTime="0.750" endTime="0.875" startRot="71.194 0 0"  endRot="33.521 0 0" />
            <part node="0>0|5|6|4" startTime="0.875" endTime="1.000" startRot="33.521 0 0"  endRot="0 0 0" />

            <part node="0>0|5|6|5" startTime="0"     endTime="0.125" startRot="0 0 0" endRot="-30.135 0 0" />
            <part node="0>0|5|6|5" startTime="0.125" endTime="0.250" startRot="-30.135 0 0"  endRot="-64.885 0 0" />
            <part node="0>0|5|6|5" startTime="0.250" endTime="0.375" startRot="-64.885 0 0"  endRot="-81.805 0 0" />
            <part node="0>0|5|6|5" startTime="0.375" endTime="0.500" startRot="-81.805 0 0"  endRot="-24.601 0 0" />
            <part node="0>0|5|6|5" startTime="0.500" endTime="0.625" startRot="-24.601 0 0"  endRot="9.491 0 0" />
            <part node="0>0|5|6|5" startTime="0.625" endTime="0.750" startRot="9.491 0 0"  endRot="18.307 0 0" />
            <part node="0>0|5|6|5" startTime="0.750" endTime="0.875" startRot="18.307 0 0"  endRot="22.265 0 0" />
            <part node="0>0|5|6|5" startTime="0.875" endTime="1.000" startRot="22.265 0 0"  endRot="0 0 0" />
        </animation>
    </animations>

    <support animationName="moveSupport" />
    <pickupAnimation name="rotatePickup" lowerSpeed="2" liftSpeed="-1" />

    <turnOnVehicle>
        <turnedOnAnimation name="turnedOnAnimation" speedScale="1" turnOnFadeTime="1" turnOffFadeTime="1" />
    </turnOnVehicle>

    <washable dirtDuration="90" washDuration="1" workMultiplier="4" />

    <components count="2">
        <component1 centerOfMass="0 0.7 -0.2" solverIterationCount="10" mrSetMass="2.7" />
        <component2 centerOfMass="0 0 0" solverIterationCount="10" mrSetMass="0.1" />
        <joint component1="0" component2="1" index="0>0|5|0" rotLimit="0 0 0" transLimit="0 0 0" rotLimitSpring="10 0 0" />
    </components>

    <schemaOverlay file="$dataS2/menu/schemas/implementSchema.png" fileSelected="$dataS2/menu/schemas/implementSchemaSelected.png" fileTurnedOn="$dataS2/menu/schemas/implementSchemaTurnedOn.png" fileSelectedTurnedOn="$dataS2/menu/schemas/implementSchemaSelectedTurnedOn.png" width="0.5" height="0.5" attacherJointPosition="0 0" />

</vehicle>