﻿<?xml version="1.0" encoding="utf-8" standalone="no" ?>
<vehicle type="plough">
    <annotation>Copyright (C) GIANTS Software GmbH, All Rights Reserved.</annotation>

	<!-- mr 
	
		speedLimit
		powerConsumer - real work area = 3.3m => force = 9*3.3=29.7
		wheel => damper
		groundReferencenode => chargeValue=0 for "groundParticleAnimation" effect groundreferencenode
		center of mass and mass
		
		price
		
		attacherJoint : rotLimitSpring + lower height + offset + rotLimitScale
		
		animation : change wheel rot position at work so that the "raycast" of the wheelshape has the same direction as when in transport mode (and then, adjust the wheel radius to avoid the wheel being sunken into the ground - or floating above - )
		<part node="1>0|0|0|0|0|0" direction="1"  startTime="3" endTime="5" startRot="75 0 0" endRot="15 0 0" />
        <part node="1>0|0|0|0|0|0" direction="-1" startTime="1.5" endTime="3" startRot="75 0 0" endRot="15 0 0" />
	-->
	
    <storeData>
        <name>Cayron 200</name>
        <specs>
            <neededPower>180</neededPower>
            <workingWidth>3.3</workingWidth>
        </specs>
        <functions>
            <function>$l10n_function_plough</function>
        </functions>
        <image>data/store/store_amazoneCayron200.png</image>
        <price>27000</price>
        <dailyUpkeep>10</dailyUpkeep>
        <lifetime>600</lifetime>
        <rotation>0</rotation>
        <brand>AMAZONE</brand>
        <category>plows</category>
        <fieldJob sizeCategory="1" typeCategory="plough" />
        <vertexBufferMemoryUsage>1006816</vertexBufferMemoryUsage>
        <indexBufferMemoryUsage>173238</indexBufferMemoryUsage>
        <textureMemoryUsage>9088104</textureMemoryUsage>
        <instanceVertexBufferMemoryUsage>0</instanceVertexBufferMemoryUsage>
        <instanceIndexBufferMemoryUsage>0</instanceIndexBufferMemoryUsage>
    </storeData>

    <typeDesc>$l10n_typeDesc_plough</typeDesc>
    <filename>data/vehicles/tools/amazone/amazoneCayron200.i3d</filename>

    <size width="4.2" length="7.5" widthOffset="1" lengthOffset="-3"/>

    <speedLimit value="13" />
	
	<wheels>
        <wheel rotSpeed="0" restLoad="0.9" repr="1>0|0|0|0" driveNode="1>0|0|0|0|0|0|0" forcePointRatio="0.3" filename="$data/vehicles/wheels/trelleborg/AW305_260_70R15_3.xml" radius="0.4" isLeft="false" frictionScale="0.1" useDriveNodeDirection="true" deltaY="0.05" suspTravel="0.05" spring="50" damper="10" versatileYRot="true" versatileFoldMinLimit="0.99" versatileFoldMaxLimit="1"/>
    </wheels>

    <axisColor>0.0000 0.1573 0.0265 1</axisColor>

    <lights>
        <low>
            <light decoration="1>0|4|0|0" lightTypes="0" /> <!--BackLights-->
        </low>
        <high>
            <light realLight="1>0|4|0|1" decoration="1>0|4|0|0" lightTypes="0" /> <!--BackLights-->
        </high>
    </lights>

    <brakeLights>
        <brakeLight realLight="1>0|4|0|1" decoration="1>0|4|1|0" />
    </brakeLights>

    <turnLights>
        <turnLightLeft realLight="1>0|4|2|0|1" decoration="1>0|4|2|0|0" />
        <turnLightRight realLight="1>0|4|2|1|1" decoration="1>0|4|2|1|0" />
    </turnLights>

    <workAreas>
        <workArea startIndex="1>0|6|0" widthIndex="1>0|6|1" heightIndex="1>0|6|2" refNodeIndex="0" type="plough" foldMinLimit="0" foldMaxLimit="0.1"/>
    </workAreas>

    <groundReferenceNodes>
        <groundReferenceNode index="1>0" threshold="1" />
        <groundReferenceNode index="1>0|7|1" threshold="0.3" depthNode="1>0|7|1" chargeValue="0" />
        <groundReferenceNode index="1>0|7|3" threshold="0.3" depthNode="1>0|7|3" chargeValue="0" />
    </groundReferenceNodes>

    <powerConsumer neededPtoPower="0" forceNode="0>" maxForce="30" />

    <ploughTurnSound file="$data/sounds/ploughTurnSound.wav"    pitchOffset="0.75" volume="1.00" indoorVolumeFactor="0.95" />
    <ploughSound file="$data/sounds/ploughSound.wav"            pitchOffset="1.00" volume="0.85" indoorVolumeFactor="0.45"/>
    <cylinderedHydraulicSound file="$data/sounds/cultivatorHydraulic.wav"          volume="1.00" indoorVolumeFactor="0.45" />

    <groundParticleAnimations>
        <groundParticleAnimation>
            <node index="1>0|7|0|0" materialType="SOIL" refNodeIndex="1"/>
            <node index="1>0|7|2|0" materialType="SOIL" refNodeIndex="2"/>
        </groundParticleAnimation>

        <groundParticle>
            <node index="1>0|7|0|1" particleType="SOIL_SMOKE" refNodeIndex="1" />
            <node index="1>0|7|0|2" particleType="SOIL" refNodeIndex="1" />
            <node index="1>0|7|0|3" particleType="SOIL_CHUNKS" refNodeIndex="1" worldSpace="false"/>
            <node index="1>0|7|2|1" particleType="SOIL_SMOKE" refNodeIndex="2" />
            <node index="1>0|7|2|2" particleType="SOIL" refNodeIndex="2" />
            <node index="1>0|7|2|3" particleType="SOIL_CHUNKS" refNodeIndex="2" worldSpace="false"/>
        </groundParticle>
    </groundParticleAnimations>

    <ai>
        <needsLowering value="true" />
        <trafficCollisionTrigger index="1>0|8|1" />
        <areaMarkers leftIndex="1>0|8|0|0" rightIndex="1>0|8|0|1" backIndex="1>0|8|0|2" />
    </ai>

    <aiPlough rotateEarly="false" />

    <rotateLeftToMax value="true"/>

    <inputAttacherJoints>
        <inputAttacherJoint index="0>0" jointType="implement" topReferenceNode="0>1" lowerDistanceToGround="0.45" upperDistanceToGround="1"  upperRotationOffset="16" lowerRotationOffset="0" lowerRotLimitScale="0 0 1" rotLimitSpring="0 0 2000" />
    </inputAttacherJoints>

    <speedRotatingParts>
        <speedRotatingPart shaderNode="1>0|5|0" radius="-0.238" invertDirectionOnRotation="true" turnAnimLimit="0.05" turnAnimLimitSide="-1" refNodeIndex="0" />
        <speedRotatingPart shaderNode="1>0|5|1" radius="-0.238" invertDirectionOnRotation="true" turnAnimLimit="0.05" turnAnimLimitSide="1"  refNodeIndex="0" />
    </speedRotatingParts>

    <foldingParts startMoveDirection="0" turnOnFoldDirection="-1" detachingMaxLimit="0.01" >
        <foldingPart animationName="foldPlough" speedScale="1" />
    </foldingParts>

    <animations>
        <!-- move wheel down/up -->
        <animation name="rotatePlough">
            <part node="0>2|0|0" startTime="0" endTime="1" startRot="0 0 0" endRot="0 16 0" />
            <!-- plough rot -->
            <part node="0>2|0" startTime="1" endTime="3" startRot="0 0 0" endRot="0 0 -90" />
            <part node="0>2|0" startTime="3" endTime="5" startRot="0 0 -90" endRot="0 0 -180" />
            <!-- support arm switch -->
            <part node="1>0|3|0" startTime="2.98" endTime="3.00" visibility="false" />
            <part node="1>0|3|0" startTime="3.00" endTime="3.02" visibility="true" />
            <part node="1>0|3|1" startTime="2.98" endTime="3.00"  visibility="true" />
            <part node="1>0|3|1" startTime="3.00" endTime="3.02"  visibility="false" />
            <!-- wheel rot -->
            <part node="1>0|0|0"  direction="1"  startTime="3" endTime="5"   startRot="0 82 0" endRot="0 16 0" />
            <part node="1>0|0|0"  direction="-1" startTime="1" endTime="3"   startRot="0 82 0" endRot="0 16 0" />
            <part node="1>0|0|0|0|0|0" direction="1"  startTime="3" endTime="5" startRot="75 0 0" endRot="15 0 0" />
            <part node="1>0|0|0|0|0|0" direction="-1" startTime="1.5" endTime="3" startRot="75 0 0" endRot="15 0 0" />
			
			
			
            <!-- locks -->
            <part node="1>0|0|2" direction="1"  startTime="2" endTime="3" startRot="0 0 0" endRot="0 -20 0" />
            <part node="1>0|0|2" direction="-1" startTime="1" endTime="1.5" startRot="0 0 0" endRot="0 -20 0" />
            <part node="1>0|0|3" direction="1"  startTime="4.5" endTime="5" startRot="0 20 0" endRot="0 0 0" />
            <part node="1>0|0|3" direction="-1" startTime="1.5" endTime="2" startRot="0 20 0" endRot="0 0 0" />
            <part node="0>2|0|0" startTime="5" endTime="6" startRot="0 16 0" endRot="0 0 0" />
        </animation>

        <animation name="foldPlough">
            <part node="0>2|0|0"          startTime="0"    endTime="1.5"  startRot="0 0 0" endRot="0 35 0" />
            <part node="0>2|0"            startTime="1.5"  endTime="4.5"  startRot="0 0 0" endRot="0 0 -90" />
            <part componentJointIndex="0" startTime="4.5"  endTime="6"    startRotLimit="0 0 0" endRotMinLimit="0 -30 0" endRotMaxLimit="0 0 0" />
            <part node="0>2|0|0|0"        startTime="4.5"  endTime="6"    startRot="0 -30 0" endRot="0 -50 0" />
            <part node="1>0|0|0|0|0"      startTime="2.5"  endTime="3.5"  startRot="0 0 90" endRot="0 0 0" />
            <part node="1>0|0|0"          startTime="1.5"  endTime="2.5"  startRot="0 82 0" endRot="0 0 0" />
            <part node="1>0|0|0|0|0|0"    startTime="3.5"  endTime="4.5"  startRot="90 0 0" endRot="0 0 0" />			
            <part node="1>0|0|0|0"        startTime="0"    endTime="4.5"  startRot="0 1 0" endRot="0 0 0" />
            <part node="1>0|4"            startTime="5"    endTime="5.05" visibility="false" />
            <part node="1>0|4"            startTime="5.05" endTime="5.1"  visibility="true" />
            <part node="1>0|3|0" startTime="0" endTime="0.02" visibility="false" />
            <part node="1>0|3|0" startTime="0.02" endTime="0.04" visibility="true" />
            <part node="1>0|3|1" startTime="0" endTime="0.02"  visibility="true" />
            <part node="1>0|3|1" startTime="0.02" endTime="0.04"  visibility="false" />
        </animation>

        <!-- move support wheel down/up -->
        <animation name="moveSupport">
            <part node="1>0|3|0" startTime="0" endTime="0.5" startRot="0 0 0" endRot="90 0 0" />
            <part node="1>0|3|1" startTime="0" endTime="0.5" startRot="0 0 0" endRot="-90 0 0" />
            <part node="1>1" startTime="0" endTime="0.5" startTrans="0.1 0 0" endTrans="0.655 0 0" /> <!-- collision -->
            <part node="1>2" startTime="0" endTime="0.5" startTrans="-0.1 0 0" endTrans="-0.655 0 0" /> <!-- collision -->
        </animation>
    </animations>

    <movingTools>
        <movingTool index="0>2|0" playSound="true" >
            <componentJoint index="0" anchorActor="0" />
            <dependentPart index="0>2|1" />
        </movingTool>
        <movingTool index="0>2|0|0" playSound="true" >
            <componentJoint index="0" anchorActor="0" />
        </movingTool>
        <movingTool index="0>2|0|0|0" playSound="true" >
            <componentJoint index="0" anchorActor="0" />
        </movingTool>

        <movingTool index="1>0|0|0">
            <dependentPart index="1>0|0|1" />
        </movingTool>

        <movingTool index="1>0|0|0" wheelIndices="1" />
        <movingTool index="1>0|0|0|0" wheelIndices="1" />
        <movingTool index="1>0|0|0|0|0" wheelIndices="1" />
        <movingTool index="1>0|0|0|0|0|0" wheelIndices="1" />
    </movingTools>

    <movingParts isActiveDirtyTimeOffset="3">
        <movingPart index="0>2|1" referencePoint="0>2|0|1" referenceFrame="0>2|2" >
            <translatingPart index="0>2|1|0" />
        </movingPart>
        <movingPart index="0>2|0|0|1" referencePoint="1>0|1" referenceFrame="1>0|1" isActiveDirty="true" >
            <dependentPart index="0>2|0|0|1|0" />
        </movingPart>
        <movingPart index="0>2|0|2" referencePoint="1>0|2" referenceFrame="1>0|2" isActiveDirty="true">
            <translatingPart index="0>2|0|2|0" />
        </movingPart>
        <movingPart index="1>0|0|1" referencePoint="1>0|0|0|1" referenceFrame="1>0|0|0|1" isActiveDirty="true">
            <translatingPart index="1>0|0|1|0" />
        </movingPart>
    </movingParts>

    <support animationName="moveSupport" />
    <rotationPart turnAnimationName="rotatePlough" limitFoldRotationMax="true" foldRotationMinLimit="0" foldRotationMaxLimit="0" rotationFoldMinLimit="0" rotationFoldMaxLimit="0" foldMinLimit="0" foldMaxLimit="0.1"/>
    <washable dirtDuration="30" washDuration="1" workMultiplier="20" />

    <components count="2">
        <component1 centerOfMass="0 0.8 -0.6" solverIterationCount="10" mrSetMass="1" />
        <component2 centerOfMass="0 0 0" solverIterationCount="10" mrSetMass="1.6" />
        <joint component1="0" component2="1" index="0>2|0|0|0" rotLimit="0 0 0" transLimit="0 0 0" rotDriveSpring="0 20 0" rotDriveDamping="0 10 0" breakable="false" />
    </components>

    <schemaOverlay file="$dataS2/menu/schemas/implementSchema.png" fileSelected="$dataS2/menu/schemas/implementSchemaSelected.png" width="0.5" height="0.5" attacherJointPosition="0 0"/>
</vehicle>