﻿<?xml version="1.0" encoding="utf-8" standalone="no" ?>
<vehicle type="sowingMachineSprayer">
    <annotation>Copyright (C) GIANTS Software GmbH, All Rights Reserved.</annotation>
	
	
	<!-- MR 
	
		amazone condor 15001
		
		hopper 3 compartment
		2660 / 2320 / 3060 
		
		hydraulics requirement = 20KW
		work speed = 8-10kph
		
		------------------------
		
		powerconsumer
		speedLimit
		
		masses and center of mass
		
		fillLitersPerSecond
		sprayUsageScales
		
		inputAttacherJoint
		
		wheels
		brake
		
		fix join between main component and attcher component (the attacher component should be the first component in the join definition so that the z-axis is useful to allow a lateral "torsion"  whatever the y rot position of the join)
		
	-->
	
	<moreRealistic>		
		<dragArea value="7.5" />		
	</moreRealistic>

    <storeData>
        <name>Condor 15001</name>
        <specs>
            <neededPower>270</neededPower>
            <workingWidth>15</workingWidth>
        </specs>
        <functions>
            <function>$l10n_function_sowingMachine</function>
            <function>$l10n_function_sowingMachineDirect</function>
        </functions>
        <image>data/store/store_amazoneCondor15001.png</image>
        <price>224000</price>
        <dailyUpkeep>670</dailyUpkeep>
        <lifetime>600</lifetime>
        <rotation>0</rotation>
        <brand>AMAZONE</brand>
        <category>sowingMachines</category>
        <fieldJob sizeCategory="3" typeCategory="sowingMachine" />
        <vertexBufferMemoryUsage>3688040</vertexBufferMemoryUsage>
        <indexBufferMemoryUsage>949944</indexBufferMemoryUsage>
        <textureMemoryUsage>10529736</textureMemoryUsage>
        <instanceVertexBufferMemoryUsage>0</instanceVertexBufferMemoryUsage>
        <instanceIndexBufferMemoryUsage>0</instanceIndexBufferMemoryUsage>
    </storeData>

    <typeDesc>$l10n_typeDesc_sowingMachine</typeDesc>
    <filename>data/vehicles/tools/amazone/amazoneCondor15001.i3d</filename>

    <size width="4" length="10.5" lengthOffset="1.5" />
    <powerConsumer ptoRpm="540" neededPtoPower="20" forceNode="0>" maxForce="35" forceNodeCOM="0 0 -5.1" />
    <speedLimit value="12" />

    <wheelConfigurations>
        <wheelConfiguration name="$l10n_configuration_valueDefault" price="0">
            <wheels>
                <wheel rotSpeed="0" restLoad="3.6" repr="0>0|0|0" forcePointRatio="0.3" filename="$data/vehicles/wheels/trelleborg/TwinRadial_710_50R26_5.xml" isLeft="true"  initialCompression="10" suspTravel="0.2" spring="90" damper="20" />
                <wheel rotSpeed="0" restLoad="3.6" repr="0>0|0|1" forcePointRatio="0.3" filename="$data/vehicles/wheels/trelleborg/TwinRadial_710_50R26_5.xml" isLeft="false" initialCompression="10" suspTravel="0.2" spring="90" damper="20" />
				
                <wheel rotSpeed="0" restLoad="0.5" repr="2>0"     forcePointRatio="0.3" deltaY="0.08" radius="0.388" width="0.26" mass="0.066" suspTravel="0.1" spring="60" damper="5" brakeFactor="0" />
                <wheel rotSpeed="0" restLoad="0.5" repr="3>0"     forcePointRatio="0.3" deltaY="0.08" radius="0.388" width="0.26" mass="0.066" suspTravel="0.1" spring="60" damper="5" brakeFactor="0" />
            </wheels>
        </wheelConfiguration>
    </wheelConfigurations>

    <dynamicallyLoadedWheels>
        <dynamicallyLoadedWheel linkNode="0>0|4|3|0|0" filename="$data/vehicles/wheels/trelleborg/AW305_260_70R16.xml" isLeft="true" />
        <dynamicallyLoadedWheel linkNode="0>0|4|3|0|1" filename="$data/vehicles/wheels/trelleborg/AW305_260_70R16.xml" isLeft="false" />
        <dynamicallyLoadedWheel linkNode="0>0|4|4|0|0" filename="$data/vehicles/wheels/trelleborg/AW305_260_70R16.xml" isLeft="true" />
        <dynamicallyLoadedWheel linkNode="0>0|4|4|0|1" filename="$data/vehicles/wheels/trelleborg/AW305_260_70R16.xml" isLeft="false" />
    </dynamicallyLoadedWheels>

    <brakeForce>1.9</brakeForce>

    <lights>
        <low>
            <light decoration="0>0|2|0|0" lightTypes="0 1 2 3"/> <!--BackLights-->
        </low>
        <high>
            <light decoration="0>0|2|0|0" lightTypes="0 1 2 3" /> <!--BackLights-->
        </high>
    </lights>

    <turnLights>
        <turnLightLeft  realLight="0>0|2|1|0|1" decoration="0>0|2|1|0|0" />
        <turnLightRight realLight="0>0|2|1|1|1" decoration="0>0|2|1|1|0" />
    </turnLights>

    <seedFruitTypeCategories>sowingMachine</seedFruitTypeCategories>
    <fillLitersPerSecond>150</fillLitersPerSecond>

    <sprayUsageScales workingWidth="15.0" scale="0.75" />

    <fillUnits>
        <fillUnit unit="$l10n_unit_literShort" fillTypes="seeds" capacity="5000" />
        <fillUnit unit="$l10n_unit_literShort" fillTypes="fertilizer" capacity="3000" />
    </fillUnits>

    <sowingMachine fillUnitIndex="1" />
    <sprayer fillUnitIndex="2" />

    <workAreas>
        <workArea startIndex="0>0|4|9|0" widthIndex="0>0|4|9|1" heightIndex="0>0|4|9|2" refNodeIndex="0" type="sowingMachine" />
        <workArea startIndex="0>0|4|9|0" widthIndex="0>0|4|9|1" heightIndex="0>0|4|9|2" refNodeIndex="0" type="sprayer" />
    </workAreas>

    <groundReferenceNodes>
        <groundReferenceNode index="0>0|4|9|3" threshold="0.2" depthNode="0>0|4|11|0"/>
    </groundReferenceNodes>

    <groundParticleAnimations>
        <groundParticle>
            <node index="0>0|4|11|1" refNodeIndex="0" particleType="SOIL"  />
            <node index="0>0|4|11|2" refNodeIndex="0" particleType="SOIL_SMOKE"  />
            <node index="0>0|4|11|3" refNodeIndex="0" particleType="SOIL_CHUNKS" worldSpace="false" />
        </groundParticle>
    </groundParticleAnimations>

    <fillVolumes>
        <volumes>
            <volume index="0>0|10|0" maxDelta="0.0" />
            <volume index="0>0|14|0" maxDelta="0.0" />
        </volumes>
        <unloadInfos>
            <unloadInfo>
                <node index="0>0|10|1" width="1.4" length="0.1" />
            </unloadInfo>
            <unloadInfo>
                <node index="0>0|14|1" width="1.4" length="0.1" />
            </unloadInfo>
        </unloadInfos>
        <loadInfos>
            <loadInfo>
                <node index="0>0|10|2" width="1.4" length="0.1" />
            </loadInfo>
            <loadInfo>
                <node index="0>0|14|2" width="1.4" length="0.1" />
            </loadInfo>
        </loadInfos>
    </fillVolumes>

    <fillRootNode index="0>" />
    <exactFillRootNode index="0>0|15" />
    <fillMassNode index="0>" mrCOMtransWithMass="0 0.07 0.15" />

    <needsActivation value="true" />
    <useDirectPlanting>true</useDirectPlanting>

    <cylinderedHydraulicSound file="$data/sounds/cultivatorHydraulic.wav"  pitchOffset="1.0" volume="1.0" indoorVolumeFactor="0.75" />
    <sowingSound file="$data/sounds/sowingSound.wav"                       pitchOffset="1.0" volume="1.0" indoorVolumeFactor="0.45"/>
    <airBlowerSound file="$data/sounds/airBlowerLoop.wav"                  pitchOffset="1.0" volume="1.2" indoorVolumeFactor="0.45"/>
    <fillSound file="$data/maps/sounds/siloFillSound.wav"                  pitchOffset="1.0" volume="1.0" indoorVolumeFactor="0.45" volume3D="1.0" innerRadius="10" radius="40" linkNode="0>0"/>

    <inputAttacherJoints>
        <inputAttacherJoint index="1>0|0" jointType="implement" rootNode="1>" lowerDistanceToGround="0.75" upperDistanceToGround="0.75" upperRotLimitScale="0 0 2" lowerRotLimitScale="0 0 2" allowsLowering="false"/>
    </inputAttacherJoints>

    <speedRotatingParts>
        <speedRotatingPart index="0>0|4|3|0|0" wheelIndex="2" />
        <speedRotatingPart index="0>0|4|3|0|1" wheelIndex="2" />
        <speedRotatingPart index="0>0|4|4|0|0" wheelIndex="3" />
        <speedRotatingPart index="0>0|4|4|0|1" wheelIndex="3" />


        <speedRotatingPart index="0>0|4|3|0|2|1" radius="0.193" foldMinLimit="0" foldMaxLimit="0.03" />
        <speedRotatingPart index="0>0|4|3|0|3|1" radius="0.193" foldMinLimit="0" foldMaxLimit="0.03" />
        <speedRotatingPart index="0>0|4|3|0|4|1" radius="0.193" foldMinLimit="0" foldMaxLimit="0.03" />
        <speedRotatingPart index="0>0|4|4|0|2|1" radius="0.193" foldMinLimit="0" foldMaxLimit="0.03" />
        <speedRotatingPart index="0>0|4|4|0|3|1" radius="0.193" foldMinLimit="0" foldMaxLimit="0.03" />
        <speedRotatingPart index="0>0|4|4|0|4|1" radius="0.193" foldMinLimit="0" foldMaxLimit="0.03" />

        <speedRotatingPart index="0>0|6|1|0"   radius="0.322"  foldMinLimit="0" foldMaxLimit="0.03" fadeOutTime="0.2"/>
        <speedRotatingPart index="0>0|8|3|0"   radius="-0.322" foldMinLimit="0" foldMaxLimit="0.03" fadeOutTime="0.2"/>
        <speedRotatingPart index="0>0|8|4|0|0" radius="0.322"  foldMinLimit="0" foldMaxLimit="0.03" fadeOutTime="0.2"/>
        <speedRotatingPart index="0>0|6|0"     radius="0.322"  foldMinLimit="0" foldMaxLimit="0.03" fadeOutTime="0.2"/>
    </speedRotatingParts>

    <foldingParts startMoveDirection="1" foldMiddleAnimTime="0.0714" turnOnFoldMaxLimit="0.0714" turnOnFoldMinLimit="0" turnOffOnFold="true"  >
        <foldingPart animationName="folding" speedScale="1" />
    </foldingParts>

    <movingTools>
        <!-- arms -->
        <movingTool index="0>0|4">
            <componentJoint index="1" />
            <componentJoint index="2" />
            <dependentPart index="0>0|8|0" />
        </movingTool>
        <movingTool index="0>0|4|1" playSound="true">
            <componentJoint index="1" />
        </movingTool>
        <movingTool index="0>0|4|2" playSound="true">
            <componentJoint index="2" />
        </movingTool>

        <!-- pipe arm hydraulics -->
        <movingTool index="0>0|4|3|0|5">
            <dependentPart index="0>0|4|3|0|6|3" />
        </movingTool>
        <movingTool index="0>0|4|4|0|5">
            <dependentPart index="0>0|4|4|0|6|3" />
        </movingTool>

        <!-- row hydraulics -->
        <movingTool index="0>0|4|3|0|2">
            <dependentPart index="0>0|4|3|0|6|0" />
        </movingTool>
        <movingTool index="0>0|4|3|0|3">
            <dependentPart index="0>0|4|3|0|6|1" />
        </movingTool>
        <movingTool index="0>0|4|3|0|4">
            <dependentPart index="0>0|4|3|0|6|2" />
        </movingTool>
        <movingTool index="0>0|4|4|0|2">
            <dependentPart index="0>0|4|4|0|6|0" />
        </movingTool>
        <movingTool index="0>0|4|4|0|3">
            <dependentPart index="0>0|4|4|0|6|1" />
        </movingTool>
        <movingTool index="0>0|4|4|0|4">
            <dependentPart index="0>0|4|4|0|6|2" />
        </movingTool>

        <!-- sowing wheel -->
        <movingTool index="0>0|6">
            <dependentPart index="0>0|8|2" />
            <dependentPart index="0>0|8|4" />
        </movingTool>

        <movingTool index="0>0|5" playSound="true">
            <dependentPart index="0>0|5|0" />
        </movingTool>
    </movingTools>

    <movingParts>
		<!-- attacher -->
        <!-- <movingPart index="0>0|1|0" referencePoint="1>0" referenceFrame="0>" isActiveDirty="true" limitedAxis="2"/>-->
		<movingPart index="0>0|1|0" referencePoint="1>0" referenceFrame="0>0|1" isActiveDirty="true" limitedAxis="2" />

		

        <movingPart index="0>0|4|3" referencePoint="2>1" referenceFrame="2>1" isActiveDirty="true">
            <dependentPart index="0>0|4|5" />
            <dependentPart index="0>0|4|7" />
            <dependentPart index="0>0|4|3|0|7" />
        </movingPart>
        <movingPart index="0>0|4|4" referencePoint="3>1" referenceFrame="3>1" isActiveDirty="true">
            <dependentPart index="0>0|4|6" />
            <dependentPart index="0>0|4|8" />
            <dependentPart index="0>0|4|4|0|7" />
        </movingPart>

        <movingPart index="0>0|4|5" referencePoint="0>0|4|3|0|8" referenceFrame="0>0|4|3|0|8" >
            <translatingPart index="0>0|4|5|0" />
        </movingPart>
        <movingPart index="0>0|4|6" referencePoint="0>0|4|4|0|8" referenceFrame="0>0|4|4|0|8" >
            <translatingPart index="0>0|4|6|0" />
        </movingPart>

        <movingPart index="0>0|8|0" referencePoint="0>0|4|0" referenceFrame="0>" playSound="true" >
            <translatingPart index="0>0|8|0|0" />
        </movingPart>

        <movingPart index="0>0|4|7" referencePoint="0>0|4|3|0|5|0" referenceFrame="0>0|4" >
            <dependentPart index="0>0|4|7|0" />
        </movingPart>
        <movingPart index="0>0|4|7|0" referencePoint="0>0|4|3|0|5|0" referenceFrame="0>0|4" scaleZ="true" />
        <movingPart index="0>0|4|3|0|7" referencePoint="0>0|4|3|0|5|1" referenceFrame="0>0|4" >
            <dependentPart index="0>0|4|3|0|7|0" />
        </movingPart>
        <movingPart index="0>0|4|3|0|7|0" referencePoint="0>0|4|3|0|5|1" referenceFrame="0>0|4" scaleZ="true" />
        <movingPart index="0>0|4|3|0|6|3" referencePoint="0>0|4|3|0|5|2" referenceFrame="0>0|4" playSound="true" >
            <translatingPart index="0>0|4|3|0|6|3|0" />
        </movingPart>

        <movingPart index="0>0|4|8" referencePoint="0>0|4|4|0|5|0" referenceFrame="0>0|4" >
            <dependentPart index="0>0|4|8|0" />
        </movingPart>
        <movingPart index="0>0|4|8|0" referencePoint="0>0|4|4|0|5|0" referenceFrame="0>0|4" scaleZ="true" />
        <movingPart index="0>0|4|4|0|7" referencePoint="0>0|4|4|0|5|1" referenceFrame="0>0|4" >
            <dependentPart index="0>0|4|4|0|7|0" />
        </movingPart>
        <movingPart index="0>0|4|4|0|7|0" referencePoint="0>0|4|4|0|5|1" referenceFrame="0>0|4" scaleZ="true" />
        <movingPart index="0>0|4|4|0|6|3" referencePoint="0>0|4|4|0|5|2" referenceFrame="0>0|4" playSound="true" >
            <translatingPart index="0>0|4|4|0|6|3|0" />
        </movingPart>

        <movingPart index="0>0|4|3|0|6|0" referencePoint="0>0|4|3|0|2|0" referenceFrame="0>0|4|3|0|2|0" playSound="true">
            <translatingPart index="0>0|4|3|0|6|0|0" />
        </movingPart>
        <movingPart index="0>0|4|3|0|6|1" referencePoint="0>0|4|3|0|3|0" referenceFrame="0>0|4|3|0|3|0" playSound="true">
            <translatingPart index="0>0|4|3|0|6|1|0" />
        </movingPart>
        <movingPart index="0>0|4|3|0|6|2" referencePoint="0>0|4|3|0|4|0|0" referenceFrame="0>0|4|3|0|4|0|0" playSound="true">
            <translatingPart index="0>0|4|3|0|6|2|0" />
        </movingPart>

        <movingPart index="0>0|4|4|0|6|0" referencePoint="0>0|4|4|0|2|0" referenceFrame="0>0|4|4|0|2|0" playSound="true">
            <translatingPart index="0>0|4|4|0|6|0|0" />
        </movingPart>
        <movingPart index="0>0|4|4|0|6|1" referencePoint="0>0|4|4|0|3|0" referenceFrame="0>0|4|4|0|3|0" playSound="true">
            <translatingPart index="0>0|4|4|0|6|1|0" />
        </movingPart>
        <movingPart index="0>0|4|4|0|6|2" referencePoint="0>0|4|4|0|4|0|0" referenceFrame="0>0|4|4|0|4|0|0" playSound="true">
            <translatingPart index="0>0|4|4|0|6|2|0" />
        </movingPart>

        <movingPart index="0>0|8|2" referencePoint="0>0|6|2" referenceFrame="0>" >
            <translatingPart index="0>0|8|2|0" />
        </movingPart>
        <movingPart index="0>0|8|4" referencePoint="0>0|6|1" referenceFrame="0>" >
            <translatingPart index="0>0|8|4|0|0|0|0" />
        </movingPart>

        <movingPart index="0>0|5|0" referencePoint="0>0|8|1" referenceFrame="0>0|8|1" >
            <translatingPart index="0>0|5|0|0" />
        </movingPart>
    </movingParts>

    <animations>
        <animation name="folding">
            <!-- lowering -->
            <part node="0>0|4"         startTime="0" endTime="1" startRot="0 0 0" endRot="25 0 0" />
            <part node="0>0|6"         startTime="0" endTime="1" startRot="0 0 0" endRot="25 0 0" />
            <part node="0>0|4|3|0|2"   startTime="0" endTime="1" startRot="-4 0 0"  endRot="0 0 0" />
            <part node="0>0|4|3|0|3"   startTime="0" endTime="1" startRot="-4 0 0"  endRot="0 0 0" />
            <part node="0>0|4|3|0|4"   startTime="0" endTime="1" startRot="-4 0 0"  endRot="0 0 0" />
            <part node="0>0|4|4|0|2"   startTime="0" endTime="1" startRot="-4 0 0"  endRot="0 0 0" />
            <part node="0>0|4|4|0|3"   startTime="0" endTime="1" startRot="-4 0 0"  endRot="0 0 0" />
            <part node="0>0|4|4|0|4"   startTime="0" endTime="1" startRot="-4 0 0"  endRot="0 0 0" />

            <!-- folding -->
            <part componentJointIndex="1" startTime="1" endTime="4" startRotLimit="0 0 10" endRotLimit="0 0 0" />
            <part componentJointIndex="2" startTime="1" endTime="4" startRotLimit="0 0 10" endRotLimit="0 0 0" />
            <part node="0>0|4"         startTime="1" endTime="6"      startRot="25 0 0" endRot="90 0 0" />
            <part node="0>0|4|3|0|5"   startTime="3" endTime="5.9"    startRot="0 0 0"  endRot="-90 0 0" />
            <part node="2>3"           startTime="3" endTime="5.9"    startRot="0 0 0"  endRot="-90 0 0" />
            <part node="0>0|4|4|0|5"   startTime="3" endTime="5.8"    startRot="0 0 0"  endRot="-90 0 0" />
            <part node="3>3"           startTime="3" endTime="5.8"    startRot="0 0 0"  endRot="-90 0 0" />
            <part node="0>0|4|3|0|2"   startTime="3" endTime="6"      startRot="0 0 0"  endRot="17 0 0" />
            <part node="0>0|4|3|0|3"   startTime="3" endTime="6"      startRot="0 0 0"  endRot="17 0 0" />
            <part node="0>0|4|3|0|4"   startTime="1" endTime="4.5"    startRot="0 0 0"  endRot="-135 0 0" />
            <part node="0>0|4|3|0|4|0" startTime="1" endTime="4.5"    startRot="0 0 0"  endRot="100 0 0" />
            <part node="0>0|4|4|0|2"   startTime="3" endTime="6"      startRot="0 0 0"  endRot="17 0 0" />
            <part node="0>0|4|4|0|3"   startTime="3" endTime="6"      startRot="0 0 0"  endRot="17 0 0" />
            <part node="0>0|4|4|0|4"   startTime="1" endTime="4.5"    startRot="0 0 0"  endRot="-135 0 0" />
            <part node="0>0|4|4|0|4|0" startTime="1" endTime="4.5"    startRot="0 0 0"  endRot="100 0 0" />
            <part node="0>0|4|1"       startTime="6.2" endTime="14"   startRot="0 0 0"  endRot="0 0 90" />
            <part node="0>0|4|2"       startTime="6.1" endTime="13.9" startRot="0 0 0"  endRot="0 0 -90" />
        </animation>

        <animation name="moveSupport">            
            <part node="0>0|3|0" startTime="0" endTime="0.5" startRot="90 0 0" endRot="0 0 0" />
            <part node="0>0|3|1" startTime="0" endTime="0.5" startTrans="0 0.2 0" endTrans="0 -0.243 0" />
			<part componentJointIndex="0" startTime="0" endTime="0.1" startRotLimit="0 75 0" endRotLimit="0 10 0" />
        </animation>

        <animation name="toggleCover">
            <part node="0>0|5" startTime="0" endTime="1.5" startRot="0 0 90" endRot="0 0 0" />
            <part node="0>0|7|0" startTime="0" endTime="1.5" startRot="0 0 0" endRot="60 0 0" />
        </animation>
    </animations>

    <cover animationName="toggleCover" />
    <support animationName="moveSupport" />

    <ai>
        <needsLowering value="true" />
        <areaMarkers leftIndex="0>0|4|10|0|0" rightIndex="0>0|4|10|0|1" backIndex="0>0|4|10|0|2" />
        <sizeMarkers leftIndex="0>0|4|10|1|0" rightIndex="0>0|4|10|1|1" backIndex="0>0|4|10|1|2" />
        <trafficCollisionTrigger index="0>0|4|10|2" />
        <forceTurnNoBackward value="true" />
        <toolReverserDirectionNode index="0>0|4|10|1|2" />
        <turningRadiusLimitation rotationJointNode="0>0|1" wheelIndices="0 1" />
    </ai>

    <washable dirtDuration="60" washDuration="1" workMultiplier="20" />

    <components count="4">
        <component1 centerOfMass="0 1 -0.5" solverIterationCount="10" mrSetMass="5.3" />
        <component2 centerOfMass="0 0 0" solverIterationCount="10" mrSetMass="2" />
        <component3 centerOfMass="-1 0 0" solverIterationCount="10" mrSetMass="1.5" />
        <component4 centerOfMass="1 0 0" solverIterationCount="10" mrSetMass="1.5" />
        <joint component1="1" component2="0" index="0>0|1"   rotLimit="0 75 0" transLimit="0 0 0" breakable="false" rotLimitSpring="0 0 100" />
        <joint component1="0" component2="2" index="0>0|4|1" rotLimit="0 0 0" transLimit="0 0 0" breakable="false" rotLimitSpring="0 0 3000" rotLimitDamping="1 1 10" />
        <joint component1="0" component2="3" index="0>0|4|2" rotLimit="0 0 0" transLimit="0 0 0" breakable="false" rotLimitSpring="0 0 3000" rotLimitDamping="1 1 10" />
        <collisionPair component1="2" component2="3" enabled="false" />
    </components>

    <schemaOverlay file="$dataS2/menu/schemas/implementSchema.png" fileSelected="$dataS2/menu/schemas/implementSchemaSelected.png" fileTurnedOn="$dataS2/menu/schemas/implementSchemaTurnedOn.png" fileSelectedTurnedOn="$dataS2/menu/schemas/implementSchemaSelectedTurnedOn.png" width="0.5" height="0.5" attacherJointPosition="0 0"/>

</vehicle>