﻿<?xml version="1.0" encoding="utf-8" standalone="no" ?>
<vehicle type="dynamicMountAttacherTrailer">
    <annotation>Copyright (C) GIANTS Software GmbH, All Rights Reserved.</annotation>
	
	<!-- mr
	
		mass and center of mass
		
		price
		
		brake force
		
		wheels
		steeringAxleAngleScale
		
		movingTool mrCOMtransByTransValue -> keep a realistic center of mass when the extension of the trailer is deployed
	
	-->
	
	

    <storeData>
        <name>STZ VP 3 Back</name>
        <functions>
            <function>$l10n_function_lowLoader</function>
        </functions>
        <image>data/store/store_goldhoferStzVp3Back.png</image>
        <price>47000</price>
        <dailyUpkeep>20</dailyUpkeep>
        <lifetime>600</lifetime>
        <rotation>0</rotation>
        <brand>GOLDHOFER</brand>
        <category>lowloaders</category>
        <vertexBufferMemoryUsage>0</vertexBufferMemoryUsage>
        <indexBufferMemoryUsage>0</indexBufferMemoryUsage>
        <textureMemoryUsage>0</textureMemoryUsage>
        <instanceVertexBufferMemoryUsage>0</instanceVertexBufferMemoryUsage>
        <instanceIndexBufferMemoryUsage>0</instanceIndexBufferMemoryUsage>
    </storeData>

    <typeDesc>$l10n_typeDesc_lowLoader</typeDesc>
    <filename>data/vehicles/trailers/goldhofer/goldhoferStzVp3Back.i3d</filename>

    <size width="3.5" length="12" />

    <wheels autoRotateBackSpeed="2.0">
        <wheel tipOcclusionAreaGroupId="1" restLoad="1.7" repr="0>0|2|0|0" driveNode="0>0|2|0|0|0" radius="0.4" width="0.84" initialCompression="20" suspTravel="0.6" spring="50" damper="35" mass="0.1" hasTireTracks="true" tireTrackAtlasIndex="4" hasParticles="true" steeringAxleScale="-0.3" steeringAxleRotMax="20" steeringAxleRotMin="-20" tireType="street"/>
        <wheel tipOcclusionAreaGroupId="2" restLoad="1.7" repr="0>0|2|0|1" driveNode="0>0|2|0|1|0" radius="0.4" width="0.84" initialCompression="20" suspTravel="0.6" spring="50" damper="35" mass="0.1" hasTireTracks="true" tireTrackAtlasIndex="4" hasParticles="true" steeringAxleScale="-0.3" steeringAxleRotMax="20" steeringAxleRotMin="-20" tireType="street"/>
        <wheel tipOcclusionAreaGroupId="1" restLoad="1.7" repr="0>0|2|0|2" driveNode="0>0|2|0|2|0" radius="0.4" width="0.84" initialCompression="20" suspTravel="0.6" spring="50" damper="35" mass="0.1" hasTireTracks="true" tireTrackAtlasIndex="4" steeringAxleScale="-0.5" steeringAxleRotMax="40" steeringAxleRotMin="-40" tireType="street"/>
        <wheel tipOcclusionAreaGroupId="2" restLoad="1.7" repr="0>0|2|0|3" driveNode="0>0|2|0|3|0" radius="0.4" width="0.84" initialCompression="20" suspTravel="0.6" spring="50" damper="35" mass="0.1" hasTireTracks="true" tireTrackAtlasIndex="4" steeringAxleScale="-0.5" steeringAxleRotMax="40" steeringAxleRotMin="-40" tireType="street"/>
        <wheel tipOcclusionAreaGroupId="1" restLoad="1.7" repr="0>0|2|0|4" driveNode="0>0|2|0|4|0" radius="0.4" width="0.84" initialCompression="20" suspTravel="0.6" spring="50" damper="35" mass="0.1" hasTireTracks="true" tireTrackAtlasIndex="4" hasParticles="true" steeringAxleScale="-0.7" steeringAxleRotMax="60" steeringAxleRotMin="-60" tireType="street"/>
        <wheel tipOcclusionAreaGroupId="2" restLoad="1.7" repr="0>0|2|0|5" driveNode="0>0|2|0|5|0" radius="0.4" width="0.84" initialCompression="20" suspTravel="0.6" spring="50" damper="35" mass="0.1" hasTireTracks="true" tireTrackAtlasIndex="4" hasParticles="true" steeringAxleScale="-0.7" steeringAxleRotMax="60" steeringAxleRotMin="-60" tireType="street"/>
    </wheels>

    <steeringAxleAngleScale startSpeed="50" endSpeed="150" useSuperAttachable="true" backwards="true"/>

    <brakeForce>2</brakeForce>

    <dynamicallyLoadedParts>
        <dynamicallyLoadedPart node="0|0" linkNode="0>0|2|1|0|0|0|0" filename="$data/vehicles/wheels/lizard/lizardUnsized2.i3d" />
        <dynamicallyLoadedPart node="0|1" linkNode="0>0|2|1|1|0|0|0" filename="$data/vehicles/wheels/lizard/lizardUnsized2.i3d" />
        <dynamicallyLoadedPart node="0|0" linkNode="0>0|2|1|2|0|0|0" filename="$data/vehicles/wheels/lizard/lizardUnsized2.i3d" />
        <dynamicallyLoadedPart node="0|1" linkNode="0>0|2|1|3|0|0|0" filename="$data/vehicles/wheels/lizard/lizardUnsized2.i3d" />
        <dynamicallyLoadedPart node="0|0" linkNode="0>0|2|1|4|0|0|0" filename="$data/vehicles/wheels/lizard/lizardUnsized2.i3d" />
        <dynamicallyLoadedPart node="0|1" linkNode="0>0|2|1|5|0|0|0" filename="$data/vehicles/wheels/lizard/lizardUnsized2.i3d" />
    </dynamicallyLoadedParts>

    <lights>
        <low>
            <light                       decoration="0>0|2|2|0|0" lightTypes="0 3" />
            <light                       decoration="0>0|2|2|1|0" lightTypes="1" />
        </low>
        <high>
            <light realLight="0>0|2|2|0|1" decoration="0>0|2|2|0|0" lightTypes="0 3" />
            <light realLight="0>0|2|2|1|1" decoration="0>0|2|2|1|0" lightTypes="1" />
        </high>
    </lights>

    <brakeLights>
        <brakeLight realLight="0>0|2|2|0|1" decoration="0>0|2|2|3|0" />
    </brakeLights>

    <turnLights>
        <turnLightLeft  realLight="0>0|2|2|2|0|1" decoration="0>0|2|2|2|0|0" />
        <turnLightRight realLight="0>0|2|2|2|1|1" decoration="0>0|2|2|2|1|0" />
    </turnLights>

    <reverseLights>
        <reverseLight realLight="0>0|2|2|4|1" decoration="0>0|2|2|4|0" />
    </reverseLights>

    <beaconLights>
        <beaconLight index="0>0|2|2|5" speed="0.015" filename="$data/shared/beaconLights/beaconLight02.i3d"/>
    </beaconLights>

    <dynamicMountAttacher triggerNode="0>0|2|4" rootNode="0>" jointNode="0>" forceAcceleration="60" />

    <inputAttacherJoints>
        <inputAttacherJoint index="0>0|0" jointType="semitrailerHook" isDefaultLowered="true" allowsLowering="false"/>
    </inputAttacherJoints>

    <cylinderedHydraulicSound file="$data/sounds/hydraulicUp.wav"  pitchOffset="0.8" volume="1.0" indoorVolumeFactor="0.45" />

    <allowFillFromAir value="false" />
    <allowTipDischarge value="false" />

    <movingTools>
        <!-- physics -->
        <movingTool index="0>0|1" delayedIndex="0>0|2" wheelIndices="1 2 3 4 5 6" playSound="true">
            <controls axis="AXIS_FRONTLOADER_ARM" invertAxis="true" mouseSpeedFactor="0.5" iconFilename="$dataS2/menu/moveControls/workingWidth.png" />
            <translation transSpeed="0.5" transAcceleration="40" transMax="0" transMin="-4.6" translationAxis="3" mrCOMtransByTransValue="0 0 0.8" mrCOMnode="0>" />
            <dependentPart index="0>0|2|4" />
        </movingTool>
        <!-- move wheels -->
        <movingTool index="0>0|2|0" wheelIndices="1 2 3 4 5 6">
            <dependentPart index="0>0|2|1|0|0" />
            <dependentPart index="0>0|2|1|1|0" />
            <dependentPart index="0>0|2|1|2|0" />
            <dependentPart index="0>0|2|1|3|0" />
            <dependentPart index="0>0|2|1|4|0" />
            <dependentPart index="0>0|2|1|5|0" />
        </movingTool>
    </movingTools>

    <movingParts>
        <movingPart index="0>0|2|1|0" referenceFrame="0>0|2|0|0" isActiveDirty="true" />
        <movingPart index="0>0|2|1|1" referenceFrame="0>0|2|0|1" isActiveDirty="true" />
        <movingPart index="0>0|2|1|2" referenceFrame="0>0|2|0|2" isActiveDirty="true" />
        <movingPart index="0>0|2|1|3" referenceFrame="0>0|2|0|3" isActiveDirty="true" />
        <movingPart index="0>0|2|1|4" referenceFrame="0>0|2|0|4" isActiveDirty="true" />
        <movingPart index="0>0|2|1|5" referenceFrame="0>0|2|0|5" isActiveDirty="true" />

        <movingPart index="0>0|2|1|0|0" referencePoint="0>0|2|0|0" referenceFrame="0>" isActiveDirty="true">
            <dependentPart index="0>0|2|1|0|1" />
        </movingPart>
        <movingPart index="0>0|2|1|0|1" referencePoint="0>0|2|1|0|0|0|1" referenceFrame="0>0|2|1|0|0|0|1" >
            <translatingPart index="0>0|2|1|0|1|0" />
        </movingPart>
        <movingPart index="0>0|2|1|1|0" referencePoint="0>0|2|0|1" referenceFrame="0>" isActiveDirty="true">
            <dependentPart index="0>0|2|1|1|1" />
        </movingPart>
        <movingPart index="0>0|2|1|1|1" referencePoint="0>0|2|1|1|0|0|1" referenceFrame="0>0|2|1|1|0|0|1" >
            <translatingPart index="0>0|2|1|1|1|0" />
        </movingPart>
        <movingPart index="0>0|2|1|2|0" referencePoint="0>0|2|0|2" referenceFrame="0>" isActiveDirty="true">
            <dependentPart index="0>0|2|1|2|1" />
        </movingPart>
        <movingPart index="0>0|2|1|2|1" referencePoint="0>0|2|1|2|0|0|1" referenceFrame="0>0|2|1|2|0|0|1" >
            <translatingPart index="0>0|2|1|2|1|0" />
        </movingPart>
        <movingPart index="0>0|2|1|3|0" referencePoint="0>0|2|0|3" referenceFrame="0>" isActiveDirty="true">
            <dependentPart index="0>0|2|1|3|1" />
        </movingPart>
        <movingPart index="0>0|2|1|3|1" referencePoint="0>0|2|1|3|0|0|1" referenceFrame="0>0|2|1|3|0|0|1" >
            <translatingPart index="0>0|2|1|3|1|0" />
        </movingPart>
        <movingPart index="0>0|2|1|4|0" referencePoint="0>0|2|0|4" referenceFrame="0>" isActiveDirty="true">
            <dependentPart index="0>0|2|1|4|1" />
        </movingPart>
        <movingPart index="0>0|2|1|4|1" referencePoint="0>0|2|1|4|0|0|1" referenceFrame="0>0|2|1|4|0|0|1" >
            <translatingPart index="0>0|2|1|4|1|0" />
        </movingPart>
        <movingPart index="0>0|2|1|5|0" referencePoint="0>0|2|0|5" referenceFrame="0>" isActiveDirty="true">
            <dependentPart index="0>0|2|1|5|1" />
        </movingPart>
        <movingPart index="0>0|2|1|5|1" referencePoint="0>0|2|1|5|0|0|1" referenceFrame="0>0|2|1|5|0|0|1" >
            <translatingPart index="0>0|2|1|5|1|0" />
        </movingPart>

        <movingPart index="0>0|2|4" referencePoint="0>0|4" referenceFrame="0>" scaleZ="true" />
    </movingParts>

    <animations>
        <animation name="moveSupport">
            <part node="0>0|3"   startTime="0" endTime="1"   startRot="0 0 0"            endRot="85 0 0" />
            <part node="0>0|2|0" startTime="0" endTime="0.7" startTrans="0 0.444 -3.783" endTrans="0 0.664 -3.783" />
        </animation>
    </animations>

    <speedRotatingParts>
        <speedRotatingPart index="0>0|2|1|0|0|0|0" radius="0.4" speedReferenceNode="0>0|2|1|0"/>
        <speedRotatingPart index="0>0|2|1|1|0|0|0" radius="0.4" speedReferenceNode="0>0|2|1|1"/>
        <speedRotatingPart index="0>0|2|1|2|0|0|0" radius="0.4" speedReferenceNode="0>0|2|1|2"/>
        <speedRotatingPart index="0>0|2|1|3|0|0|0" radius="0.4" speedReferenceNode="0>0|2|1|3"/>
        <speedRotatingPart index="0>0|2|1|4|0|0|0" radius="0.4" speedReferenceNode="0>0|2|1|4"/>
        <speedRotatingPart index="0>0|2|1|5|0|0|0" radius="0.4" speedReferenceNode="0>0|2|1|5"/>
    </speedRotatingParts>

    <support animationName="moveSupport" />

    <washable dirtDuration="90" washDuration="1" workMultiplier="4" />

    <baseColorConfigurations useDefaultColors="true" price="1200" icon="$dataS2/menu/hud/configurations/config_color.png">
        <baseColorConfiguration color="0.000 0.045 0.187 1" />
        <colorNode node="0>0|2" />
    </baseColorConfigurations>

    <components count="1">
        <component1 centerOfMass="0 0.5 -2" solverIterationCount="10" mrSetMass="15" />
    </components>

    <schemaOverlay file="$dataS2/menu/schemas/implementSchema.png" fileSelected="$dataS2/menu/schemas/implementSchemaSelected.png" width="0.5" height="0.5" attacherJointPosition="0 0" />
</vehicle>
