<?xml version="1.0" encoding="utf-8" standalone="no" ?>
<wheel>
    <configurations>
        <configuration index="config1" >
            <tire filename="$data/vehicles/wheels/tires/trelleborg/R15_5_T404.i3d" indexLeft="0|0" indexRight="0|0" />
            <outerRim filename="$data/vehicles/wheels/rims/rim001.i3d" index="0|0" widthAndDiam="13 15.5" />
            <innerRim filename="$data/vehicles/wheels/rims/rim001.i3d" indexLeft="2|0" indexRight="2|1" widthAndDiam="13 15.5" />
            <hub filename="$data/vehicles/wheels/hubs/hubs.i3d" indexLeft="3|0|0" indexRight="3|0|1" scale="0.18 0.2 0.2" />
        </configuration>		
    </configurations>
    <size radius="0.437" width="0.4" maxDeformation="0.048" />
    <physics mass="0.073" frictionScale="2" maxLongStiffness="8" maxLatStiffness="100" maxLatStiffnessLoad="2" />
    <tire type="mud" atlasIndex="3" />
</wheel>
