<?xml version="1.0" encoding="utf-8" standalone="no" ?>
<wheel>
    <configurations>
        <configuration index="basic" >
            <tire filename="$data/vehicles/wheels/tires/trelleborg/R46_TM100.i3d" indexLeft="0|0" indexRight="0|0" />
            <outerRim filename="$data/vehicles/wheels/rims/rim001.i3d" index="0|0" widthAndDiam="10 46" />
            <innerRim filename="$data/vehicles/wheels/rims/rim001.i3d" indexLeft="2|0" indexRight="2|1" widthAndDiam="10 46" />
			<hub filename="$data/vehicles/wheels/hubs/hubs.i3d" indexLeft="1|4|0" indexRight="1|4|1" scale="0.26 0.26 0.26" />
        </configuration>
    </configurations>
    <size radius="0.869" width="0.3" maxDeformation="0.057" />
    <physics mass="0.156" frictionScale="2" maxLongStiffness="8" maxLatStiffness="100" maxLatStiffnessLoad="2" />
    <tire type="mud" atlasIndex="0" />
</wheel>
