<?xml version="1.0" encoding="utf-8" standalone="no" ?>
<wheel>
    <configurations>		
		<configuration index="n10v9" >
            <tire filename="$data/vehicles/wheels/tires/trelleborg/R38_TM600.i3d" indexLeft="7|0" indexRight="7|0" />
            <outerRim filename="$data/vehicles/wheels/rims/rim001.i3d" index="0|0" widthAndDiam="18 38" />
            <innerRim filename="$data/vehicles/wheels/rims/rim001.i3d" indexLeft="2|0" indexRight="2|1" widthAndDiam="18 38" />
            <hub filename="$data/vehicles/wheels/hubs/hubs.i3d" indexLeft="1|8|0" indexRight="1|8|1" scale="0.25 0.25 0.25" />
        </configuration>
        <configuration index="dual" >
            <tire filename="$data/vehicles/wheels/tires/trelleborg/R38_TM600.i3d" indexLeft="7|0" indexRight="7|0" />
            <outerRim filename="$data/vehicles/wheels/rims/rim001.i3d" index="0|0" widthAndDiam="18 38" />
        </configuration>		
    </configurations>
    <size radius="0.925" width="0.52" maxDeformation="0.088" />
    <physics mass="0.239" frictionScale="2" maxLongStiffness="9" maxLatStiffness="110" maxLatStiffnessLoad="2" />
    <tire type="mud" atlasIndex="0" />
</wheel>
