<?xml version="1.0" encoding="utf-8" standalone="no" ?>
<wheel>
    <configurations>
        <configuration index="config1" >
            <tire filename="$data/vehicles/wheels/tires/trelleborg/R24_TM600.i3d" indexLeft="1|0" indexRight="1|0" />
			<outerRim filename="$data/vehicles/wheels/rims/rim001.i3d" index="0|0" widthAndDiam="11 24" />
            <innerRim filename="$data/vehicles/wheels/rims/rim004.i3d" indexLeft="1|0" indexRight="1|1" scale="0.61 0.61 0.61" />
            <hub filename="$data/vehicles/wheels/hubs/hubs.i3d" indexLeft="0|8|0" indexRight="0|8|1" offset="0.03" scale="0.22 0.22 0.22" />
        </configuration>
    </configurations>
    <size radius="0.577" width="0.32" maxDeformation="0.054" />
    <physics mass="0.093" frictionScale="2" maxLongStiffness="8" maxLatStiffness="100" maxLatStiffnessLoad="2" />
    <tire type="mud" atlasIndex="0" />
</wheel>
