<?xml version="1.0" encoding="utf-8" standalone="no" ?>
<wheel>
    <configurations>
        <configuration index="config1" >
            <tire filename="$data/vehicles/wheels/tires/trelleborg/R24_TM700.i3d" indexLeft="2|0" indexRight="2|0" />
            <outerRim filename="$data/vehicles/wheels/rims/rim001.i3d" index="0|0" widthAndDiam="12 24" />
            <innerRim filename="$data/vehicles/wheels/rims/rim001.i3d" indexLeft="2|0" indexRight="2|1" widthAndDiam="12 24" />
            <hub filename="$data/vehicles/wheels/hubs/hubs.i3d" indexLeft="0|8|0" indexRight="0|8|1" scale="0.22 0.22 0.22" />
        </configuration>
    </configurations>
    <size radius="0.571" width="0.38" maxDeformation="0.053" />
    <physics mass="0.104" frictionScale="2" maxLongStiffness="8" maxLatStiffness="100" maxLatStiffnessLoad="2" />
    <tire type="mud" atlasIndex="0" />
</wheel>
