<?xml version="1.0" encoding="utf-8" standalone="no" ?>
<wheel>
    <configurations>       
		<configuration index="n8v4" >
            <tire filename="$data/vehicles/wheels/tires/trelleborg/R28_TM800.i3d" indexLeft="4|0" indexRight="4|0" />
            <outerRim filename="$data/vehicles/wheels/rims/rim001.i3d" index="1|0" widthAndDiam="18 28" />
            <innerRim filename="$data/vehicles/wheels/rims/rim001.i3d" indexLeft="3|0" indexRight="3|1" widthAndDiam="18 28" />
            <hub filename="$data/vehicles/wheels/hubs/hubs.i3d" indexLeft="0|3|0" indexRight="0|3|1" scale="0.26 0.26 0.26" />
        </configuration>
    </configurations>
    <size radius="0.746" width="0.6" maxDeformation="0.078" />
    <physics mass="0.197" frictionScale="2" maxLongStiffness="10" maxLatStiffness="120" maxLatStiffnessLoad="2" />
    <tire type="mud" atlasIndex="0" />
</wheel>
