<?xml version="1.0" encoding="utf-8" standalone="no" ?>
<wheel>
    <configurations>
		<configuration index="n10v9" >
            <tire filename="$data/vehicles/wheels/tires/trelleborg/R42_TM800.i3d" indexLeft="0|0" indexRight="0|0" />
            <outerRim filename="$data/vehicles/wheels/rims/rim001.i3d" index="1|0" widthAndDiam="18 42" />
            <innerRim filename="$data/vehicles/wheels/rims/rim001.i3d" indexLeft="3|0" indexRight="3|1" widthAndDiam="18 42" />
            <hub filename="$data/vehicles/wheels/hubs/hubs.i3d" indexLeft="1|8|0" indexRight="1|8|1" scale="0.25 0.25 0.25" />
        </configuration>
        <configuration index="n10v9w3" >
            <tire filename="$data/vehicles/wheels/tires/trelleborg/R42_TM800.i3d" indexLeft="0|0" indexRight="0|0" />
            <outerRim filename="$data/vehicles/wheels/rims/rim001.i3d" index="1|0" widthAndDiam="18 42" />
            <innerRim filename="$data/vehicles/wheels/rims/rim001.i3d" indexLeft="3|0" indexRight="3|1" widthAndDiam="18 42" />
            <hub filename="$data/vehicles/wheels/hubs/hubs.i3d" indexLeft="1|8|0" indexRight="1|8|1" scale="0.25 0.25 0.25" />
            <additional filename="$data/vehicles/wheels/weights/weight003.i3d" indexLeft="0|0" indexRight="0|1" offset="0.05" scale="0.5 0.68 0.68" mass="0.255" />
        </configuration>
    </configurations>
    <size radius="0.923" width="0.6" maxDeformation="0.078" />
    <physics mass="0.272" frictionScale="2" maxLongStiffness="10" maxLatStiffness="120" maxLatStiffnessLoad="2" />
    <tire type="mud" atlasIndex="0" />
</wheel>
