<?xml version="1.0" encoding="utf-8" standalone="no" ?>
<wheel>
    <configurations>            
		
		<configuration index="phoenixA" >
            <tire filename="$data/vehicles/wheels/tires/trelleborg/R22_5_TwinRadial.i3d" indexLeft="3|0" indexRight="3|1" />
            <outerRim filename="$data/vehicles/wheels/rims/rim001.i3d" index="1|0" widthAndDiam="20 22.5" />
            <innerRim filename="$data/vehicles/wheels/rims/rim001.i3d" indexLeft="3|0" indexRight="3|1" widthAndDiam="20 22.5" />
            <hub filename="$data/vehicles/wheels/hubs/hubTatra.i3d" indexLeft="0|0" indexRight="0|1" scale="1 1 1" />
            <additional filename="$data/vehicles/wheels/hubs/hubTatra.i3d" indexLeft="1|0" indexRight="1|1" />
        </configuration>
        <configuration index="phoenixB" >
            <tire filename="$data/vehicles/wheels/tires/trelleborg/R22_5_TwinRadial.i3d" indexLeft="3|0" indexRight="3|1" />
            <outerRim filename="$data/vehicles/wheels/rims/rim001.i3d" index="1|0" widthAndDiam="20 22.5" />
            <innerRim filename="$data/vehicles/wheels/rims/rim001.i3d" indexLeft="3|0" indexRight="3|1" widthAndDiam="20 22.5" />
            <hub filename="$data/vehicles/wheels/hubs/hubTatra.i3d" indexLeft="2|0" indexRight="2|1" scale="1 1 1" />
        </configuration>
		
    </configurations>
    <size radius="0.586" width="0.6" maxDeformation="0.08" />
    <physics mass="0.147" frictionScale="2" maxLongStiffness="10" maxLatStiffness="120" maxLatStiffnessLoad="2" />
    <tire type="offRoad" atlasIndex="2" />
</wheel>
