﻿<?xml version="1.0" encoding="utf-8" standalone="no" ?>
<vehicle type="tractor">
    <annotation>Copyright (C) GIANTS Software GmbH, All Rights Reserved.</annotation>

	<!--
		
	
	ackermann
	differentials (only backaxle driven)
	
	engine based on paccar mx-13, delivering 435Hp
	
	susptravel, spring damper compression
	
	rotLimitSpring and rotLimitDamping instead of x and z rotLimit
	
	mass : we want 7.4T
	
	attacherJoint (back attacher - low trailer and trailer) rotation
	
	-->
	
	<moreRealistic useMrTransmission="true">		
		<dragArea value="3.8" overridedTrailerArea="5.4" /> <!-- aerodynamic "face" -->
		<engine transmissionEfficiency="0.94" minSpeed="5" engineBrakeForceFx="1.3" />		
	</moreRealistic>
	
    <storeData>
        <name>SX 210 Twinstar</name>
        <specs>
            <power>435</power>
            <maxSpeed>120</maxSpeed>
        </specs>
        <functions>
            <function>$l10n_function_truck</function>
        </functions>
        <image>data/store/store_americanTruckOneAxle.png</image>
        <price>124000</price>
        <dailyUpkeep>570</dailyUpkeep>
        <lifetime>600</lifetime>
        <rotation>0</rotation>
        <brand>LIZARD</brand>
        <category>trucks</category>
        <vertexBufferMemoryUsage>1930564</vertexBufferMemoryUsage>
        <indexBufferMemoryUsage>311388</indexBufferMemoryUsage>
        <textureMemoryUsage>24204960</textureMemoryUsage>
        <instanceVertexBufferMemoryUsage>0</instanceVertexBufferMemoryUsage>
        <instanceIndexBufferMemoryUsage>0</instanceIndexBufferMemoryUsage>
    </storeData>

    <typeDesc>$l10n_typeDesc_truck</typeDesc>
    <filename>data/vehicles/steerable/americanTruck/americanTruckOneAxle.i3d</filename>

    <size width="3.5" length="7.5"/>

    <wheelConfigurations>
        <wheelConfiguration name="$l10n_configuration_valueDefault" price="0" >
            <wheels autoRotateBackSpeed="1.7">
                <wheel rotSpeed="1" restLoad="2.5" repr="0>0|0" driveNode="0>0|0|0" forcePointRatio="0.2" filename="$data/vehicles/wheels/lizard/315_80R22_5.xml" configIndex="truckFront" isLeft="true"  initialCompression="33" suspTravel="0.25" spring="39" damper="15" hasTireTracks="true" hasParticles="true" />
                <wheel rotSpeed="1" restLoad="2.5" repr="0>0|1" driveNode="0>0|1|0" forcePointRatio="0.2" filename="$data/vehicles/wheels/lizard/315_80R22_5.xml" configIndex="truckFront" isLeft="false" initialCompression="33" suspTravel="0.25" spring="39" damper="15" hasTireTracks="true" hasParticles="true" />
                <wheel rotSpeed="0" restLoad="1.6" repr="0>0|2"                     forcePointRatio="0.3" filename="$data/vehicles/wheels/lizard/315_80R22_5.xml" configIndex="truckBack"  isLeft="false" initialCompression="30" suspTravel="0.22" spring="70" damper="28" hasTireTracks="true" hasParticles="true" mrForcePointOffsetX="0.5"  >
                    <additionalWheel filename="$data/vehicles/wheels/lizard/315_80R22_5.xml" isLeft="true" offset="-0.38" configIndex="truckBack" addRaycast="true" hasTireTracks="true" />
                </wheel>
                <wheel rotSpeed="0" restLoad="1.6" repr="0>0|3"                     forcePointRatio="0.3" filename="$data/vehicles/wheels/lizard/315_80R22_5.xml" configIndex="truckBack"  isLeft="true"  initialCompression="30" suspTravel="0.22" spring="70" damper="28" hasTireTracks="true" hasParticles="true" mrForcePointOffsetX="0.5" >
                    <additionalWheel filename="$data/vehicles/wheels/lizard/315_80R22_5.xml" isLeft="false" offset="-0.38" configIndex="truckBack" addRaycast="true" hasTireTracks="true" />
                </wheel>
            </wheels>
            <!-- move wheel nodes for duals wheels -->
            <objectChange node="0>0|2" translationActive="0.82 0.485 -2.425" />
            <objectChange node="0>0|3" translationActive="-0.82 0.485 -2.425" />
        </wheelConfiguration>
        <wheelConfiguration name="$l10n_configuration_valueWheelBroad" price="600" icon="$dataS2/menu/hud/configurations/config_wheel_broad.png" >
            <wheels autoRotateBackSpeed="1.7">
                <wheel rotSpeed="1" restLoad="2.6" repr="0>0|0" driveNode="0>0|0|0" forcePointRatio="0.2" filename="$data/vehicles/wheels/trelleborg/TwinRadial_500_60R22_5.xml" isLeft="true"  configIndex="truckFront" initialCompression="33" suspTravel="0.27" spring="37" damper="15" hasTireTracks="true" hasParticles="true" tireType="offRoad" />
                <wheel rotSpeed="1" restLoad="2.6" repr="0>0|1" driveNode="0>0|1|0" forcePointRatio="0.2" filename="$data/vehicles/wheels/trelleborg/TwinRadial_500_60R22_5.xml" isLeft="false" configIndex="truckFront" initialCompression="33" suspTravel="0.27" spring="37" damper="15" hasTireTracks="true" hasParticles="true" tireType="offRoad" />
                <wheel rotSpeed="0" restLoad="1.6" repr="0>0|2"                     forcePointRatio="0.3" filename="$data/vehicles/wheels/trelleborg/TwinRadial_600_50R22_5.xml" isLeft="true"  configIndex="truckBack"  initialCompression="30" suspTravel="0.24" spring="67" damper="28" hasTireTracks="true" hasParticles="true" tireType="offRoad" />
                <wheel rotSpeed="0" restLoad="1.6" repr="0>0|3"                     forcePointRatio="0.3" filename="$data/vehicles/wheels/trelleborg/TwinRadial_600_50R22_5.xml" isLeft="false" configIndex="truckBack"  initialCompression="30" suspTravel="0.24" spring="67" damper="28" hasTireTracks="true" hasParticles="true" tireType="offRoad" />
            </wheels>
        </wheelConfiguration>
    </wheelConfigurations>

    <rimColorConfigurations useDefaultColors="true" price="200" icon="$dataS2/menu/hud/configurations/config_rimColor.png">
        <rimColorConfiguration color="0.294 0.294 0.294 1" />
        <colorNode node="0>0" />
    </rimColorConfigurations>

    <ackermannSteering rotSpeed="60" rotMax="55" rotCenterWheel1="2" rotCenterWheel2="3" />

    <differentials>
        <differential1 torqueRatio="0.5" maxSpeedRatio="1.5" wheelIndex1="0" wheelIndex2="1" /> <!-- front left-right -->
        <differential torqueRatio="0.5" maxSpeedRatio="1.5"  wheelIndex1="2" wheelIndex2="3" /> <!-- back left-right -->
        <differential1 torqueRatio="0.5" maxSpeedRatio="1.5"  differentialIndex1="0" differentialIndex2="1" /> <!-- front-back -->
    </differentials>

    <motorConfigurations>
        <motorConfiguration name="$l10n_configuration_valueDefault" price="0">
            <motor torqueScale="2.16" minRpm="700" maxRpm="1900" maxForwardSpeed="130" maxBackwardSpeed="13" brakeForce="17" lowBrakeForceScale="0" lowBrakeForceSpeedLimit="1" rotInertia="0.0015" minForwardGearRatio="5.36" maxForwardGearRatio="90" minBackwardGearRatio="53.65" maxBackwardGearRatio="53.65">
                <torque normRpm="0.368" torque="0.648"/>
                <torque normRpm="0.47" torque="0.89"/>
                <torque normRpm="0.526" torque="1"/>
                <torque normRpm="0.737" torque="0.97"/>
                <torque normRpm="0.868" torque="0.86"/>
                <torque normRpm="1" torque="0"/>
            </motor>
        </motorConfiguration>
    </motorConfigurations>

    <fuelCapacity>756</fuelCapacity>

    <cameras count="2">
        <camera1 index="0>1|0|0" rotatable="true" rotateNode="0>1|0" limit="true" useWorldXZRotation="true" rotMinX="-1.4" rotMaxX="1" transMin="4.5" transMax="35">
            <raycastNode index="0>1|2"/>
            <raycastNode index="0>1|3"/>
            <raycastNode index="0>1|4"/>
        </camera1>
        <camera2 index="0>1|1" rotatable="true" limit="true" rotMinX="-1.1" rotMaxX="0.4" transMin="0" transMax="0" useMirror="true" isInside="true" />
    </cameras>

    <lights>
        <low>
            <light                       decoration="0>2|0|0"   lightTypes="0 3" />
            <light realLight="0>2|0|1"                          lightTypes="0" excludedLightTypes="3" /> <!--FrontLights-->
            <light                       decoration="0>2|1|0"   lightTypes="0 1"/> <!--BackLights-->
            <light realLight="0>2|0|2"                          lightTypes="3"/> <!--HighBeam -->
        </low>
        <high>
            <light                       decoration="0>2|0|0"   lightTypes="0 3" />
            <light realLight="0>2|0|3"                          lightTypes="0" excludedLightTypes="2 3" /> <!--FrontLights-->
            <light realLight="0>2|1|1"   decoration="0>2|1|0"   lightTypes="0 3" /> <!--BackLights-->
            <light realLight="0>2|0|4"                          lightTypes="3" excludedLightTypes="2" /> <!--HighBeam-->
        </high>
        <states>
            <state lightTypes="0" />
        </states>
    </lights>

    <brakeLights>
        <brakeLight realLight="0>2|1|1" decoration="0>2|3|0" />
    </brakeLights>

    <turnLights>
        <turnLightLeft realLight="0>2|2|0|1" decoration="0>2|2|0|0" />
        <turnLightRight realLight="0>2|2|1|1" decoration="0>2|2|1|0" />
    </turnLights>

    <reverseLights>
        <reverseLight realLight="0>2|4|1" decoration="0>2|4|0" />
    </reverseLights>

    <mirrors>
        <mirror index="0>10|0" prio="1" />
        <mirror index="0>10|1" prio="1" />
    </mirrors>

    <indoorHud>
        <speed animName="speedDisplay" minValueAnim="0" maxValueAnim="160" />
        <rpm   animName="rpmDisplay"   minValueAnim="0" maxValueAnim="4000" />
        <fuel  animName="fuelDisplay" />
    </indoorHud>

    <enterReferenceNode index="0>"/>
    <exitPoint index="0>3"/>

    <attacherJoints>
        <attacherJoint index="0>5|0" jointType="semitrailer" allowsJointLimitMovement="false" allowsLowering="false" upperRotRotationOffset="0" lowerRotRotationOffset="0" lowerRotLimit="0 120 0" enableCollision="false" rotLimitSpring="500 0 500" rotLimitDamping="100 1 100">
            <schema position="1 0" rotation="0" invertX="false" />
        </attacherJoint>
        <attacherJoint index="0>5|2" jointType="trailer" lowerRotLimit="20 75 65" upperRotationOffset="0" allowsJointLimitMovement="false" >
            <schema position="0 0" rotation="0" invertX="true" />
        </attacherJoint>
    </attacherJoints>

    <attacherJointConfigurations>
        <attacherJointConfiguration name="$l10n_configuration_valueDefault" price="0">
            <objectChange node="0>5|1" visibilityActive="false"/>
        </attacherJointConfiguration>
        <attacherJointConfiguration name="$l10n_configuration_trailerAttacherBack" price="700">
            <attacherJoint index="0>5|1|0|0" jointType="trailer" transNode="0>5|1|0" transNodeMinY="0.323" transNodeMaxY="0.95" lowerRotLimit="20 85 65" upperRotationOffset="0" allowsJointLimitMovement="false" canTurnOnImplement="false">
                <schema position="1 0" rotation="0" invertX="false" />
                <attachSound file="$data/sounds/attach.wav" pitchOffset="1.20" volume="1.10"  indoorVolumeFactor="0.75" indoorLowpassGain="0.75"/>
            </attacherJoint>
            <attacherJoint index="0>5|1|0|0" jointType="trailerLow" transNode="0>5|1|0" transNodeMinY="0.323" transNodeMaxY="0.95" lowerRotLimit="20 85 65" upperRotationOffset="0" allowsJointLimitMovement="false" canTurnOnImplement="false">
                <schema position="1 0" rotation="0" invertX="false" />
                <attachSound file="$data/sounds/attach.wav" pitchOffset="1.20" volume="1.10"  indoorVolumeFactor="0.75" indoorLowpassGain="0.75"/>
            </attacherJoint>
            <objectChange node="0>5|1" visibilityActive="true"/>
        </attacherJointConfiguration>
    </attacherJointConfigurations>

    <movingParts>
        <!-- steering -->
        <movingPart index="0>0|0|1" referencePoint="0>0|1|1" referenceFrame="0>" isActiveDirty="true" scaleZ="true" />
    </movingParts>

    <animations>
        <animation name="speedDisplay">
            <part node="0>9|0|0" startTime="0" endTime="1" startRot="0 0 0" endRot="224 0 0" />
        </animation>
        <animation name="rpmDisplay">
            <part node="0>9|1|0" startTime="0" endTime="1" startRot="0 0 0" endRot="240 0 0" />
        </animation>
        <animation name="fuelDisplay">
            <part node="0>9|2|0" startTime="0" endTime="1" startRot="0 0 0" endRot="180 0 0" />
        </animation>
    </animations>

    <steering index="0>4|0" indoorRotation="360" outdoorRotation="37" />

    <characterNode index="0>6|0" cameraMinDistance="1.5" filename="$dataS2/character/player/player.xml" spineRotation="180 0 100" >
        <target ikChain="rightFoot" targetNode="0>6|1" />
        <target ikChain="leftFoot"  targetNode="0>6|2" />
        <target ikChain="rightArm"  targetNode="0>4|0|0" setDirty="true"/>
        <target ikChain="leftArm"   targetNode="0>4|0|1" setDirty="true" />
    </characterNode>

    <ai>
        <trafficCollisionTrigger index="0>7|0" />
    </ai>

    <exhaustEffects>
        <exhaustEffect index="0>8|0" filename="$data/particleSystems/shared/exhaust.i3d" minRpmColor="0.9 0.9 0.9 0.1" maxRpmColor="0.9 0.9 0.9 0.4" minRpmScale="0.05" maxRpmScale="0.5" xzRotationsOffset="0 0" xzRotationsForward="-100 0" xzRotationsBackward="100 0" xzRotationsLeft="0 -80" xzRotationsRight="0 80" />
        <exhaustEffect index="0>8|1" filename="$data/particleSystems/shared/exhaust.i3d" minRpmColor="0.9 0.9 0.9 0.1" maxRpmColor="0.9 0.9 0.9 0.4" minRpmScale="0.05" maxRpmScale="0.5" xzRotationsOffset="0 0" xzRotationsForward="-100 0" xzRotationsBackward="100 0" xzRotationsLeft="0 -80" xzRotationsRight="0 80" />
    </exhaustEffects>

    <motorStartDuration>2500</motorStartDuration>
    <motorStartSound file="$data/vehicles/steerable/americanTruck/usaEngine_start.wav"   pitchOffset="0.62"   volume="1.00"  indoorVolumeFactor="0.40"  indoorLowpassGain="0.95"/>
    <motorSound file="$data/vehicles/steerable/americanTruck/usaEngine_idle.wav"         pitchOffset="0.62"   volume="1.10"  indoorVolumeFactor="0.50"  indoorLowpassGain="0.95" pitchMax="1.15" pitchScale="0.04" />
    <motorStopSound file="$data/vehicles/steerable/man/manTGS18480_stop.wav"             pitchOffset="1.00"   volume="0.95 " indoorVolumeFactor="0.40"  indoorLowpassGain="0.95"/>
    <motorSoundRun file="$data/vehicles/steerable/man/manTGS18480_run.wav"               pitchOffset="0.55"   volume="0.70"  indoorVolumeFactor="0.65"  indoorLowpassGain="0.85" pitchMax="1.10" />
    <motorSoundLoad file="$data/vehicles/steerable/americanTruck/americanTruck_load.wav" pitchOffset="0.67"   volume="1.10"  indoorVolumeFactor="0.55"  indoorLowpassGain="0.95" pitchMax="1.60" minimalVolumeFactor="0.10"/>

    <gearboxSound file="$data/sounds/transmission/transmissionCVT_X.wav"  pitchOffset="0.65"  volume="0.15"  indoorVolumeFactor="0.47"  indoorLowpassGain="0.75" pitchMax="1.00"  volumeMax="0.52"    reverseVolumeMax="0.30"/>
    <retarderSound file="$data/sounds/transmission/retarderET2015.wav"    pitchOffset="0.48"  volume="0.10"  indoorVolumeFactor="0.80"  indoorLowpassGain="0.80" pitchMax="0.90"  volumeMax="0.50"    minSpeed="8" />

    <brakeCompressor capacity="10000" fillSpeed="200" />
    <maximalAirConsumptionPerFullStop value="4250" />
    <brakeCompressorStartSound file="$data/sounds/technicalAccessories/compressor_controller.wav" pitchOffset="1.75"  volume="1.00"   indoorVolumeFactor="0.50"   indoorLowpassGain="0.95" />
    <brakeCompressorRunSound file="$data/sounds/technicalAccessories/compressor_idle.wav"         pitchOffset="0.86"  volume="0.22"   indoorVolumeFactor="0.25"   indoorLowpassGain="0.95"    pitchMax="1.1"  />
    <brakeCompressorStopSound file="$data/sounds/technicalAccessories/brakeBig.wav"               pitchOffset="1.10"  volume="1.00"   indoorVolumeFactor="0.50"   indoorLowpassGain="0.95" />
    <compressedAirSound file="$data/sounds/technicalAccessories/brakeOld.wav"                     pitchOffset="0.60"  volume="0.70"   indoorVolumeFactor="0.90"   indoorLowpassGain="0.95" />
    <airReleaseValveSound file="$data/sounds/technicalAccessories/airValveSound.wav"              pitchOffset="1.50"  volume="0.75"   indoorVolumeFactor="0.80"   indoorLowpassGain="0.95"/>

    <attachSound file="$data/sounds/truck_attach.wav"                                             pitchOffset="1.00"  volume="1.00"   indoorVolumeFactor="0.25"   indoorLowpassGain="0.90"/>
    <hydraulicSound file="$data/sounds/hydraulicUp.wav"                                           pitchOffset="1.00"  volume="0.45"   indoorVolumeFactor="0.25"   indoorLowpassGain="0.90" />
    <honkSound file="$data/sounds/hornBig.wav"                                                    pitchOffset="0.90"  volume="1.65"   indoorVolumeFactor="0.25"   indoorLowpassGain="0.90"  radius="100" innerRadius="18.775" />

    <speedRotatingParts>
        <speedRotatingPart index="0>11|0"   wheelIndex="0" wheelScale="2" />
        <speedRotatingPart index="0>11|1"   wheelIndex="0" wheelScale="2" />
        <speedRotatingPart index="0>11|2|0" wheelIndex="0" wheelScale="2" />
    </speedRotatingParts>

    <baseColorConfigurations useDefaultColors="true" price="1300" defaultColorIndex="19" icon="$dataS2/menu/hud/configurations/config_color.png">
        <colorNode node="0>12|0" />
    </baseColorConfigurations>

    <washable dirtDuration="90" washDuration="1" workMultiplier="4" />

    <components count="1">
        <component1 centerOfMass="0 0.8 0.9" solverIterationCount="10" mrSetMass="6.9" />
    </components>

    <schemaOverlay file="$dataS2/menu/schemas/vehicleSchema.png" fileSelected="$dataS2/menu/schemas/vehicleSchemaSelected.png" width="0.5" height="0.5" attacherJointPosition="0.5 0" />

</vehicle>
