﻿<?xml version="1.0" encoding="utf-8" standalone="no" ?>
<vehicle type="trailer">
    <annotation>Copyright (C) GIANTS Software GmbH, All Rights Reserved.</annotation>
	
	<moreRealistic>		
		<dragArea value="7" />
		<trailer unloadingPtoPower="35" />
	</moreRealistic>
	
	<!--
		
		wheel spring/damper/susptravel
		steeringAxleAngleScale
		center of mass
		mass wanted = 10.2T
		
		mrCOMtransWithMass
		mrFillVolumeCapacity
		
		inputAttacherJoint lowerRotLimitScale
		
		brakeForce
	
	-->

    <storeData>
        <name>TX 560 D</name>
        <functions>
            <function>$l10n_function_tipper</function>
        </functions>
        <image>data/store/store_kroneTX560D.png</image>
        <price>72000</price>
        <dailyUpkeep>30</dailyUpkeep>
        <lifetime>600</lifetime>
        <rotation>0</rotation>
        <brand>KRONE</brand>
        <category>tippers</category>
        <vertexBufferMemoryUsage>1762672</vertexBufferMemoryUsage>
        <indexBufferMemoryUsage>256650</indexBufferMemoryUsage>
        <textureMemoryUsage>12933024</textureMemoryUsage>
        <instanceVertexBufferMemoryUsage>0</instanceVertexBufferMemoryUsage>
        <instanceIndexBufferMemoryUsage>0</instanceIndexBufferMemoryUsage>
    </storeData>

    <typeDesc>$l10n_typeDesc_tipper</typeDesc>
    <filename>data/vehicles/trailers/krone/kroneTX560D.i3d</filename>

    <size width="3.3" length="12.5" lengthOffset="-0.5" />

    <wheelConfigurations>
        <wheelConfiguration name="$l10n_configuration_valueDefault" price="0">
            <wheels>
                <wheel tipOcclusionAreaGroupId="1" restLoad="0.8" repr="0>0|0|0" driveNode="0>0|0|0|0|0" forcePointRatio="0.2" filename="$data/vehicles/wheels/trelleborg/TwinRadial_710_50R26_5.xml" isLeft="true"  initialCompression="20" suspTravel="0.39" spring="40" damper="9" hasParticles="true" steeringAxleScale="0.2" steeringAxleRotMax="10" steeringAxleRotMin="-10" tireType="offRoad" />
                <wheel tipOcclusionAreaGroupId="2" restLoad="0.8" repr="0>0|1|0" driveNode="0>0|1|0|0|0" forcePointRatio="0.2" filename="$data/vehicles/wheels/trelleborg/TwinRadial_710_50R26_5.xml" isLeft="false" initialCompression="20" suspTravel="0.39" spring="40" damper="9" hasParticles="true" steeringAxleScale="0.2" steeringAxleRotMax="10" steeringAxleRotMin="-10" tireType="offRoad" />
                <wheel tipOcclusionAreaGroupId="1" restLoad="0.9" repr="0>0|2"                           forcePointRatio="0.3" filename="$data/vehicles/wheels/trelleborg/TwinRadial_710_50R26_5.xml" isLeft="true"  initialCompression="20" suspTravel="0.37" spring="40" damper="9" tireType="offRoad" />
                <wheel tipOcclusionAreaGroupId="2" restLoad="0.9" repr="0>0|3"                           forcePointRatio="0.3" filename="$data/vehicles/wheels/trelleborg/TwinRadial_710_50R26_5.xml" isLeft="false" initialCompression="20" suspTravel="0.37" spring="40" damper="9" tireType="offRoad" />
                <wheel tipOcclusionAreaGroupId="1" restLoad="1.0" repr="0>0|4|0" driveNode="0>0|4|0|0|0" forcePointRatio="0.3" filename="$data/vehicles/wheels/trelleborg/TwinRadial_710_50R26_5.xml" isLeft="true"  initialCompression="20" suspTravel="0.35" spring="40" damper="9" hasParticles="true" hasTireTracks="true" steeringAxleScale="-0.5" steeringAxleRotMax="25" steeringAxleRotMin="-25" tireType="offRoad" />
                <wheel tipOcclusionAreaGroupId="2" restLoad="1.0" repr="0>0|5|0" driveNode="0>0|5|0|0|0" forcePointRatio="0.3" filename="$data/vehicles/wheels/trelleborg/TwinRadial_710_50R26_5.xml" isLeft="false" initialCompression="20" suspTravel="0.35" spring="40" damper="9" hasParticles="true" hasTireTracks="true" steeringAxleScale="-0.5" steeringAxleRotMax="25" steeringAxleRotMin="-25" tireType="offRoad" />
            </wheels>
        </wheelConfiguration>
    </wheelConfigurations>

    <axisColor>0.0600 0.2801 0.0254 1</axisColor>

    <steeringAxleAngleScale startSpeed="15" endSpeed="200" backwards="true" />
    <brakeForce>2.75</brakeForce>
    <maximalAirConsumptionPerFullStop value="0.5" />

    <lights>
        <low>
            <light                       decoration="0>5|1|0"       lightTypes="0 3" />
            <light                       decoration="0>6|0|0|0"     lightTypes="0 3" />
            <light realLight="0>5|0|0|1" decoration="0>5|0|0|0"     lightTypes="1" />
        </low>
        <high>
            <light realLight="0>5|1|1"   decoration="0>5|1|0"       lightTypes="0 3" />
            <light                       decoration="0>6|0|0|0"     lightTypes="0 3" />
            <light realLight="0>5|0|0|2" decoration="0>5|0|0|0"     lightTypes="1" />
        </high>
    </lights>

    <brakeLights>
        <brakeLight realLight="0>5|1|1" decoration="0>5|3|0" />
        <brakeLight                     decoration="0>6|0|2|0" />
    </brakeLights>

    <turnLights>
        <turnLightLeft  realLight="0>5|2|0|1" decoration="0>5|2|0|0" />
        <turnLightLeft                        decoration="0>6|0|1|0|0" />
        <turnLightRight realLight="0>5|2|1|1" decoration="0>5|2|1|0" />
        <turnLightRight                       decoration="0>6|0|1|1|0" />
    </turnLights>

    <fillUnits>
        <fillUnit unit="$l10n_unit_literShort" fillTypeCategories="silageTrailer" capacity="56000" mrFillVolumeCapacity="51000" />
    </fillUnits>

    <fillVolumes>
        <volumes>
            <volume index="0>12|0" maxDelta="0.3">
                <deformNode index="0>12|2|0" />
                <deformNode index="0>12|2|1" />
            </volume>
        </volumes>

        <unloadInfos>
            <unloadInfo fillVolumeIndex="1" >
                <node index="0>12|1|0" width="1.0" length="1.5" priority="2" minHeight="2.2" />
                <node index="0>12|1|1" width="1.0" length="1.5" priority="2" minHeight="2.2" />
                <node index="0>12|1|2" width="1.0" length="9.0" />
                <node index="0>12|1|3" width="1.0" length="9.0" />
            </unloadInfo>
        </unloadInfos>

        <heights>
            <height fillVolumeIndex="1" >
                <refNode index="0>12|1|0" />
                <refNode index="0>12|1|1" />
                <node index="0>13|1" baseScale="1 1 1" transAxis="0 1 0" scaleAxis="0 0 0" />
            </height>
        </heights>
    </fillVolumes>

    <cylinderedHydraulicSound file="$data/sounds/hydraulicUp.wav"  pitchOffset="0.8" volume="0.6" indoorVolumeFactor="0.75" />
    <fillSound file="$data/maps/sounds/siloFillSound.wav"          pitchOffset="1.0" volume="1.5" indoorVolumeFactor="0.75" />

    <inputAttacherJoints>
        <inputAttacherJoint index="0>2|0" jointType="trailerLow" attacherHeight="0.7" ptoInputNode="0>4" steeringBarLeftNode="0>2|2|0" steeringBarRightNode="0>2|2|1" lowerRotLimitScale="1 0.85 1" />
    </inputAttacherJoints>

    <tipReferencePoints>
        <tipReferencePoint index="0>12|3" width="2.5" />
    </tipReferencePoints>

    <tipAnimations>
        <tipAnimation speedScale="1" closeSpeedScale="-1.7" animationName="tipAnimationBack" dischargeStartTime="0.8" dischargeEndTime="32" name="info_tipSideBack">
            <tipEffect>
                <effectNode effectNode="0>13|1" materialType="unloading" materialTypeId="3" fadeTime="0.5"/>
                <effectNode effectNode="0>13|2" materialType="smoke"     materialTypeId="1" fadeTime="0.5"/>
            </tipEffect>
            <emitterShape node="0>13|0" />
            <fillVolume>
                <unloadInfo index="1"/>
                <height index="1"/>
            </fillVolume>
        </tipAnimation>
    </tipAnimations>

    <fillRootNode index="0>" />
    <exactFillRootNode index="0>10" />
    <fillAutoAimTargetNode index="0>11" startZ="3.5" endZ="-4.8" invert="false" fillUnitIndex="1" startPercentage="25"/>
    <fillMassNode index="0>" mrCOMtransWithMass="0 0.02 0.01" />

    <movingTools>
        <movingTool index="0>2" >
            <controls axis="AXIS_DRAWBAR" invertAxis="false" mouseSpeedFactor="0.6" iconFilename="$dataS2/menu/moveControls/drawbar_rotX.png" />
            <rotation rotSpeed="20" rotAcceleration="160" rotMax="10" rotMin="-20" rotationAxis="1" />
            <inputAttacherJoint value="true" />
            <dependentPart index="0>3" />
        </movingTool>

        <!-- tipAnimation -->
        <movingTool index="0>6">
            <dependentPart index="0>6|1" />
        </movingTool>

        <movingTool index="0>14|0|0" playSound="true" />
    </movingTools>

    <movingParts>
        <!-- drawbar -->
        <movingPart index="0>3" referencePoint="0>2|1" referenceFrame="0>2|1" playSound="true" >
            <translatingPart index="0>3|0" />
        </movingPart>

        <!-- tipAnimation -->
        <movingPart index="0>6|1" referencePoint="0>7" referenceFrame="0>7" playSound="true">
            <translatingPart index="0>6|1|0" />
        </movingPart>

        <!-- steering bar -->
        <movingPart index="0>2|2|0" referencePoint="0>2|2|0|0|0" referenceFrame="0>2|2|0|0|0" >
            <translatingPart index="0>2|2|0|0" />
        </movingPart>
        <movingPart index="0>2|2|1" referencePoint="0>2|2|1|0|0" referenceFrame="0>2|2|1|0|0" >
            <translatingPart index="0>2|2|1|0" />
        </movingPart>

        <!-- steering -->
        <movingPart index="0>0|6" referencePoint="0>0|0|0|2" referenceFrame="0>" isActiveDirty="true">
            <translatingPart index="0>0|6|0" />
        </movingPart>
        <movingPart index="0>0|7" referencePoint="0>0|1|0|2" referenceFrame="0>" isActiveDirty="true">
            <translatingPart index="0>0|7|0" />
        </movingPart>
        <movingPart index="0>0|8" referencePoint="0>0|4|0|2" referenceFrame="0>" isActiveDirty="true">
            <translatingPart index="0>0|8|0" />
        </movingPart>
        <movingPart index="0>0|9" referencePoint="0>0|5|0|2" referenceFrame="0>" isActiveDirty="true">
            <translatingPart index="0>0|9|0" />
        </movingPart>
        <movingPart index="0>0|0|0|1" referencePoint="0>0|1|0|1" referenceFrame="0>" isActiveDirty="true" />
        <movingPart index="0>0|4|0|1" referencePoint="0>0|5|0|1" referenceFrame="0>" isActiveDirty="true" />
    </movingParts>

    <animations>
        <!-- tip animations -->
        <animation name="tipAnimationBack">
            <part node="0>6" startTime="0.0" endTime="3" startRot="0 0 0" endRot="85 0 0" />
            <part node="0>12|2|0" startTime="0.0" endTime="1" startTrans="1.122 3.859 -6.244" endTrans="1.122 3.859 -5.479" />
            <part node="0>12|2|1" startTime="0.0" endTime="1" startTrans="-1.122 3.859 -6.244" endTrans="-1.122 3.859 -5.479" />
        </animation>

        <!-- move support wheel down/up -->
        <animation name="moveSupport">
            <part node="0>1|0" startTime="0.00" endTime="1.00" startRot="0 0 0" endRot="160 0 0" />
            <part node="0>1|1" startTime="0.00" endTime="0.50" startTrans="0.489 1.244 3.851" endTrans="0.489 0.514 3.851" />
        </animation>

        <!-- move support wheel down/up -->
        <animation name="toggleCover">
            <part node="0>14|0|0" startTime="0.00" endTime="9.00" startRot="0 0 265" endRot="0 0 0" />
            <part node="0>14|1|0" startTime="0.00" endTime="8.00" startRot="0 0 -264.5" endRot="0 0 0" />
        </animation>
    </animations>

    <support animationName="moveSupport" />
    <cover animationName="toggleCover" openOnBuy="false" forceOpenOnTip="false" />

    <tipScrollerNodes>
        <tipScrollerNode index="0>9" shaderParameterName="offsetUV" scrollSpeed="-0.2" shaderParameterComponent="1" turnOnFadeTime="1" turnOffFadeTime="1"/>
    </tipScrollerNodes>

    <tipRotationNodes>
        <tipRotationNode index="0>8|0" rotSpeed="-880" type="trailer" rotAxis="1" turnOnFadeTime="1" turnOffFadeTime="1"/>
        <tipRotationNode index="0>8|1" rotSpeed="-880" type="trailer" rotAxis="1" turnOnFadeTime="1" turnOffFadeTime="1"/>
    </tipRotationNodes>

    <washable dirtDuration="90" washDuration="1" workMultiplier="4" />

    <components count="1">
        <component1 centerOfMass="0 1.6 -1.2" solverIterationCount="10" mrSetMass="9" />
    </components>

    <schemaOverlay file="$dataS2/menu/schemas/implementSchema.png" fileSelected="$dataS2/menu/schemas/implementSchemaSelected.png" width="0.5" height="0.5" attacherJointPosition="0 0"/>
</vehicle>