<?xml version="1.0" encoding="utf-8" standalone="no" ?>
<vehicle type="tractor_articulatedAxis_analogClock">
    <annotation>Copyright (C) GIANTS Software GmbH, All Rights Reserved.</annotation>
	
	<!-- MR
	
		big bud 450 serie 4		
		Cummins NTA855 engine (same block as John Deere 8970)
		
		price
		lifetime
		maxSpeed
		
		wheels
		
		ackermannSteeringConfigurations
		articulatedAxis
		differentials
		
		attacherJoints
		
		motor
		
		components (mass and center of mass and joint rotlimit)
		
	<mrDebug>		
		<drawPoint centerOfMass="0>" />
		<drawPoint centerOfMass="1>" />		
	</mrDebug>
	
	-->
	

	
	<moreRealistic isMrVehicle="true" useMrTransmission="true">		
		<dragArea value="13" />
		<engine rotInertiaFx="1.5" transmissionEfficiency="0.91" minSpeed="4" fuelUsageFactor="1.1" engineBrakeForceFx="2" />
	</moreRealistic>

    <storeData>
        <name>450</name>
        <specs>
            <power>500</power>
            <maxSpeed>32</maxSpeed>
        </specs>
        <functions>
            <function>$l10n_function_tractor</function>
        </functions>
        <image>store_bigBud450.png</image>
        <price>325000</price>
        <dailyUpkeep>620</dailyUpkeep>
        <lifetime>1200</lifetime>
        <rotation>0</rotation>
        <brand>BIGBUD</brand>
        <category>tractors</category>
        <vertexBufferMemoryUsage>2975776</vertexBufferMemoryUsage>
        <indexBufferMemoryUsage>480504</indexBufferMemoryUsage>
        <textureMemoryUsage>61846280</textureMemoryUsage>
        <instanceVertexBufferMemoryUsage>0</instanceVertexBufferMemoryUsage>
        <instanceIndexBufferMemoryUsage>0</instanceIndexBufferMemoryUsage>
    </storeData>

    <typeDesc>$l10n_typeDesc_tractor</typeDesc>
    <filename>vehicles/steerable/bigBud/bigBud450.i3d</filename>

    <size width="4.5" length="8.5"/>

    <wheelConfigurations>
        <wheelConfiguration name="$l10n_configuration_valueDefault" price="0" icon="$dataS2/menu/hud/configurations/config_wheel_default.png">
            <wheels autoRotateBackSpeed="1">
                <wheel rotSpeed="1" showSteeringAngle="false" restLoad="5.9" repr="0>0|0" forcePointRatio="0.2" filename="$data/vehicles/wheels/trelleborg/TM2000_900_60R32.xml" color="1 1 1 1" isLeft="true"  initialCompression="0" suspTravel="0.2" spring="100" damper="8" hasTireTracks="true" hasParticles="true" />
                <wheel rotSpeed="1" showSteeringAngle="false" restLoad="5.9" repr="0>0|1" forcePointRatio="0.2" filename="$data/vehicles/wheels/trelleborg/TM2000_900_60R32.xml" color="1 1 1 1" isLeft="false" initialCompression="0" suspTravel="0.2" spring="100" damper="8" hasTireTracks="true" hasParticles="true" />
                <wheel rotSpeed="1" showSteeringAngle="false" restLoad="3.8" repr="1>0|0" forcePointRatio="0.3" filename="$data/vehicles/wheels/trelleborg/TM2000_900_60R32.xml" color="1 1 1 1" isLeft="true"  initialCompression="0" suspTravel="0.2" spring="100" damper="8" hasTireTracks="true" hasParticles="true" />
                <wheel rotSpeed="1" showSteeringAngle="false" restLoad="3.8" repr="1>0|1" forcePointRatio="0.3" filename="$data/vehicles/wheels/trelleborg/TM2000_900_60R32.xml" color="1 1 1 1" isLeft="false" initialCompression="0" suspTravel="0.2" spring="100" damper="8" hasTireTracks="true" hasParticles="true" />
            </wheels>
        </wheelConfiguration>
    </wheelConfigurations>

    <ackermannSteeringConfigurations>
        <ackermannSteering rotSpeed="5" rotMax="5" rotCenter="0 -0.598" />
    </ackermannSteeringConfigurations>

    <articulatedAxis componentJointIndex="0" anchorActor="0" rotSpeed="-40" rotMax="30" rotMin="-30" aiRevereserNode="1>1|0" />

    <differentialConfigurations>
        <differentials>
            <differential torqueRatio="0.5" maxSpeedRatio="1" wheelIndex1="0" wheelIndex2="1" /> <!-- front left-right -->
            <differential torqueRatio="0.5" maxSpeedRatio="1" wheelIndex1="2" wheelIndex2="3" /> <!-- back left-right -->
            <differential torqueRatio="0.5"  maxSpeedRatio="1" differentialIndex1="0" differentialIndex2="1" /><!-- front-back -->
        </differentials>
    </differentialConfigurations>

    <motorConfigurations>
        <motorConfiguration name="$l10n_configuration_valueDefault" hp="500" price="0" >
            <motor torqueScale="2.1" minRpm="780" maxRpm="2300" maxForwardSpeed="33.1" maxBackwardSpeed="16.2" brakeForce="12" lowBrakeForceScale="0.22" lowBrakeForceSpeedLimit="1" rotInertia="0.002" minForwardGearRatio="24.3" maxForwardGearRatio="130" minBackwardGearRatio="50.43" maxBackwardGearRatio="130" ptoMotorRpmRatio="3.833">
                <torque normRpm="0.348" torque="0.8"/>
                <torque normRpm="0.435" torque="0.883"/>
                <torque normRpm="0.609" torque="1"/>
                <torque normRpm="0.73" torque="0.9"/>
                <torque normRpm="0.826" torque="0.833"/>
				<torque normRpm="0.913" torque="0.679"/>
				<torque normRpm="0.956" torque="0.33"/>
                <torque normRpm="1" torque="0"/>
            </motor>
        </motorConfiguration>
    </motorConfigurations>

    <turnedOnRotationNodes>
        <turnedOnRotationNode index="0>8|1" type="motor" rotSpeed="600" rotAxis="3" turnOnFadeTime="4" turnOffFadeTime="3" />
    </turnedOnRotationNodes>

    <fuelCapacity>2082</fuelCapacity>

    <cameras count="2">
        <camera1 index="0>1|0|0" rotatable="true" rotateNode="0>1|0" limit="true" rotYSteeringRotSpeed="-22.5" useWorldXZRotation="true" rotMinX="-1.4" rotMaxX="1" transMin="5" transMax="40" >
            <raycastNode index="0>1|2"/>
            <raycastNode index="0>1|3"/>
            <raycastNode index="1>1|0"/>
        </camera1>
        <camera2 index="0>1|1" rotatable="true" limit="true" rotMinX="-1.1" rotMaxX="0.4" transMin="0" transMax="0" useMirror="true" isInside="true" />
    </cameras>

    <lights>
        <low>
            <light                       decoration="0>2|0|0"   lightTypes="0 3" /> <!-- decoration for frontLights and highbeams-->
            <light realLight="0>2|0|1"                          lightTypes="0" excludedLightTypes="3" /> <!-- front lights low-->
            <light                       decoration="0>2|2|0"   lightTypes="0 1"/> <!-- back lights -->
            <light realLight="1>2|0|0|1" decoration="1>2|0|0|0" lightTypes="1" /> <!--  worklight back -->
            <light realLight="0>2|4|0|1" decoration="0>2|4|0|0" lightTypes="2" /> <!--  worklight front -->
            <light realLight="0>2|0|2"                          lightTypes="3" /> <!-- high beams-->
        </low>
        <high>
            <light                       decoration="0>2|0|0"   lightTypes="0 3" /> <!-- decoration for frontLights and highbeams-->
            <light realLight="0>2|0|3"                          lightTypes="0" excludedLightTypes="3" /> <!-- front lights high-->
            <light realLight="0>2|2|1"   decoration="0>2|2|0"   lightTypes="0 3" /> <!-- back lights-->
            <light realLight="1>2|0|0|2" decoration="1>2|0|0|0" lightTypes="1" /> <!-- worklight back  -->
            <light realLight="0>2|4|0|2" decoration="0>2|4|0|0" lightTypes="2" /> <!-- worklight front  -->
            <light realLight="0>2|0|4"                          lightTypes="3" /> <!-- high beams-->
        </high>
        <states>
            <state lightTypes="0" />
            <state lightTypes="0 1" />
            <state lightTypes="0 1 2" />
        </states>
    </lights>

    <brakeLights>
        <brakeLight realLight="0>2|2|1" decoration="0>2|3|0" />
    </brakeLights>

    <turnLights>
        <turnLightLeft realLight="0>2|1|0|1" decoration="0>2|1|0|0" />
        <turnLightRight realLight="0>2|1|1|1" decoration="0>2|1|1|0" />
    </turnLights>

    <indoorHud>
        <analogTime animName="clockAnimation" minValueAnim="0" maxValueAnim="24"/>
        <speed numbers="0>9|1" precision="1"/>
        <rpm numbers="0>9|2" precision="0"/>
        <fuel animName="fuelDisplay"/>
    </indoorHud>

    <enterReferenceNode index="0>"/>
    <exitPoint index="0>3"/>

    <attacherJoints>
        <!-- trailer attacher -->
        <attacherJoint rootNode="1>" index="1>3|0|0" jointType="trailerLow" lowerRotLimit="20 84 50" upperRotRotationOffset="0" allowsJointLimitMovement="false" canTurnOnImplement="true">
            <schema position="1 0" rotation="0" invertX="false" />
        </attacherJoint>
        <attacherJoint rootNode="1>" index="1>3|0|0" jointType="trailer" lowerRotLimit="20 84 50" upperRotRotationOffset="0" allowsJointLimitMovement="false" canTurnOnImplement="true">
            <schema position="1 0" rotation="0" invertX="false" />
        </attacherJoint>
    </attacherJoints>

    <movingTools>
    </movingTools>

    <movingParts>
        <!-- steering hydraulics -->
        <movingPart index="1>4|0" referencePoint="0>8|2" referenceFrame="0>8|2" isActiveDirty="true">
            <translatingPart index="1>4|0|0" />
        </movingPart>
        <movingPart index="1>4|1" referencePoint="0>8|3" referenceFrame="0>8|3" isActiveDirty="true">
            <translatingPart index="1>4|1|0" />
        </movingPart>

        <!-- power shafts -->
        <movingPart index="0>8|0|0|0|0"   referencePoint="1>4|2|0|0|0"   referenceFrame="0>8|0|0|0"     isActiveDirty="true" limitedAxis="1"/>
        <movingPart index="0>8|0|0|0|0|0" referencePoint="1>4|2|0|0|0"   referenceFrame="0>8|0|0|0|0|2" isActiveDirty="true" limitedAxis="2"/>
        <movingPart index="1>4|2|0|0"     referencePoint="0>8|0|0|0|0|1" referenceFrame="0>8|0|0|0|0|1" isActiveDirty="true" limitedAxis="2"/>
    </movingParts>

    <animations>
        <animation name="fuelDisplay">
            <part node="0>9|3|0" startTime="0" endTime="0.75" visibility="false"/>
            <part node="0>9|3|0" startTime="0.75" endTime="1" visibility="true"/>

            <part node="0>9|3|1" startTime="0" endTime="0.2" visibility="false"/>
            <part node="0>9|3|1" startTime="0.2" endTime="0.75" visibility="true"/>
            <part node="0>9|3|1" startTime="0.75" endTime="1" visibility="false"/>

            <part node="0>9|3|2" startTime="0" endTime="0.2" visibility="true"/>
            <part node="0>9|3|2" startTime="0.2" endTime="1" visibility="false"/>
        </animation>
        <animation name="clockAnimation">
            <part node="0>9|0|0" startTime="0" endTime="1" startRot="0 0 0" endRot="0 -720 0" />
            <part node="0>9|0|1" startTime="0" endTime="1" startRot="0 0 0" endRot="0 -8640 0" />
        </animation>
    </animations>

    <steering index="0>4|0" indoorRotation="540" outdoorRotation="50" />

    <characterNode index="0>5|0" cameraMinDistance="1.5" filename="$dataS2/character/player/player.xml" spineRotation="180 0 92" >
        <target ikChain="rightFoot" targetNode="0>5|1" />
        <target ikChain="leftFoot"  targetNode="0>5|2" />
        <target ikChain="rightArm"  targetNode="0>4|0|0" setDirty="true"/>
        <target ikChain="leftArm"   targetNode="0>4|0|1" setDirty="true" />
    </characterNode>

    <ai>
        <trafficCollisionTrigger index="0>6|0" />
        <minTurningRadius value="7" />
    </ai>

    <exhaustEffects>
        <exhaustEffect index="0>7|0" filename="$data/particleSystems/shared/exhaust.i3d" minRpmColor="0.0 0.0 0.0 0.01" maxRpmColor="0 0 0 7" minRpmScale="0.05" maxRpmScale="0.5" xzRotationsOffset="0 0" xzRotationsForward="-120 0" xzRotationsBackward="120 0" xzRotationsLeft="0 20" xzRotationsRight="0 100" />
    </exhaustEffects>
   
   <motorStartDuration>1400</motorStartDuration>
    <motorStartSound file="vehicles/steerable/bigBud/bigBud450_start.wav" pitchOffset="0.85" volume="1.00" indoorVolumeFactor="0.65" indoorLowpassGain="0.65" />
    <motorSound file="vehicles/steerable/bigBud/bigBud450_idle.wav"       pitchOffset="0.96" volume="1.00" indoorVolumeFactor="0.65" indoorLowpassGain="0.65"  volumeMin="0.17" volumeMinSpeed="16 " pitchMax="1.35" radius="60" innerRadius="25" />
    <motorStopSound file="vehicles/steerable/bigBud/bigBud747_stop.wav"   pitchOffset="0.96" volume="1.00" indoorVolumeFactor="0.65" indoorLowpassGain="0.65" />

    <motorSoundRun file="vehicles/steerable/bigBud/bigBud450_run.wav"     pitchOffset="0.58" volume="0.80" indoorVolumeFactor="0.75" indoorLowpassGain="0.65" pitchMax="1.00" />
    <motorSoundLoad file="vehicles/steerable/bigBud/bigBud450_load.wav"   pitchOffset="0.43" volume="1.07" indoorVolumeFactor="0.55" indoorLowpassGain="0.75" pitchMax="1.25" minimalVolumeFactor="0.05"/>


    <gearboxSound file="vehicles/steerable/bigBud/turbo_sfx.wav"          pitchOffset="0.62" volume="0.22" indoorVolumeFactor="0.65" indoorLowpassGain="0.75" pitchMax="1.00" volumeMax="0.72" reverseVolumeMax="0.85" />
    <retarderSound file="$data/sounds/transmission/transmissionCVT_X.wav" pitchOffset="0.55" volume="0.08" indoorVolumeFactor="0.50" indoorLowpassGain="0.75" pitchMax="2.12" volumeMax="0.60" minSpeed="2" />

    <brakeCompressor capacity="10000" fillSpeed="1050" />
    <maximalAirConsumptionPerFullStop value="2000" />
    <brakeCompressorStartSound file="$data/sounds/technicalAccessories/brakeSmall.wav"    pitchOffset="0.95" volume="0.75" indoorVolumeFactor="0.55" indoorLowpassGain="0.90" />
    <brakeCompressorRunSound file="$data/sounds/technicalAccessories/compressor_idle.wav" pitchOffset="0.72" volume="0.10" indoorVolumeFactor="0.28" indoorLowpassGain="0.95" pitchMax="0.85"   />
    <brakeCompressorStopSound  file="$data/sounds/technicalAccessories/brakeSmall.wav"    pitchOffset="1.26" volume="1.00" indoorVolumeFactor="1.00" indoorLowpassGain="0.90" />
    <compressedAirSound file="$data/sounds/technicalAccessories/brakeSmall.wav"           pitchOffset="1.00" volume="0.45" indoorVolumeFactor="0.45" indoorLowpassGain="0.95"/>
    <airReleaseValveSound file="$data/sounds/technicalAccessories/brakeOld.wav"           pitchOffset="0.40" volume="1.20" indoorVolumeFactor="0.80" indoorLowpassGain="0.95"/>

    <honkSound file="$data/sounds/hornBig.wav"                                            pitchOffset="1.00" volume="1.50" indoorVolumeFactor="0.25" indoorLowpassGain="0.95" radius="70" innerRadius="10" />
    <attachSound file="$data/sounds/header_attach.wav"                                    pitchOffset="1.00" volume="1.00" indoorVolumeFactor="0.50" indoorLowpassGain="0.95" />
    <hydraulicSound file="$data/sounds/hydraulicUp.wav"                                   pitchOffset="0.80" volume="1.00" indoorVolumeFactor="0.40" indoorLowpassGain="0.95" />


    <speedRotatingParts>
        <speedRotatingPart index="0>8|0|0" wheelIndex="0" />
        <speedRotatingPart index="0>8|0|1" wheelIndex="0" />
        <speedRotatingPart index="1>4|2|0" wheelIndex="0" />
    </speedRotatingParts>

    <washable dirtDuration="50" washDuration="1" workMultiplier="4" />

    <components count="2">
        <component1 centerOfMass="0 1.3 1.66" solverIterationCount="10" mrSetMass="11" />
        <component2 centerOfMass="0 0.9 -2.1" solverIterationCount="10" mrSetMass="9" />
        <joint component1="0" component2="1" index="0>11" rotLimit="0 0 10" transLimit="0 0 0" breakable="false"/>
    </components>

    <schemaOverlay file="$dataS2/menu/schemas/vehicleSchema.png" fileSelected="$dataS2/menu/schemas/vehicleSchemaSelected.png" width="0.5" height="0.5" attacherJointPosition="0.5 0" />

</vehicle>