﻿<?xml version="1.0" encoding="utf-8" standalone="no" ?>
<vehicle type="tractor">
    <annotation>Copyright (C) GIANTS Software GmbH, All Rights Reserved.</annotation>

	<!--
	
	engine based on pto power
	
	
	Fendt 312 Vario S4 
	Max PTO power = 88.8KW / nominal max PTO power = 79.9KW
	530NM @ 1500rpm
	max tractive power = 76.9KW
	
	Maximum power ECE R 24
	310 => 81KW
	312 => 95KW
	313 => 102KW
	
	Guessed max PTO power based on the 312 results :
	310 = 75.7 KW
	313 = 95.3 KW
	
	ptoMotorRpmRatio	
	engine, speed, brake
	
	ackermann
	differential
	
	wheels
	
	-->
	
	<moreRealistic useMrTransmission="true">		
		<dragArea value="4.5" />
		<engine rotInertiaFx="1" dampingRateFx="1" transmissionEfficiency="0.9" minSpeed="3" />		
		<lateralForces useSingleComponent="false" />
	</moreRealistic>
	
	
    <storeData>
        <name>300 Vario</name>
        <specs>
            <power>110</power>
            <maxSpeed>40</maxSpeed>
        </specs>
        <functions>
            <function>$l10n_function_tractor</function>
            <function>$l10n_function_tractorFrontloader</function>
        </functions>
        <image>data/store/store_fendt300.png</image>
        <price>111000</price>
        <dailyUpkeep>100</dailyUpkeep>
        <lifetime>600</lifetime>
        <rotation>0</rotation>
        <brand>FENDT</brand>
        <category>tractors</category>
        <fieldJob sizeCategory="1" typeCategory="tractor" hasFrontAndBackHydraulics="true" />
        <vertexBufferMemoryUsage>2130248</vertexBufferMemoryUsage>
        <indexBufferMemoryUsage>383574</indexBufferMemoryUsage>
        <textureMemoryUsage>40370840</textureMemoryUsage>
        <instanceVertexBufferMemoryUsage>0</instanceVertexBufferMemoryUsage>
        <instanceIndexBufferMemoryUsage>0</instanceIndexBufferMemoryUsage>
    </storeData>

    <typeDesc>$l10n_typeDesc_tractor</typeDesc>
    <filename>data/vehicles/steerable/fendt/fendt300.i3d</filename>

    <size width="2.8" length="4.5"/>

    <wheelConfigurations>
        <wheelConfiguration name="$l10n_configuration_valueDefault" price="0">
            <wheels autoRotateBackSpeed="1.7">
                <wheel rotSpeed="1" restLoad="1.2" repr="1>0|0|0" driveNode="1>0|0|0|0|0" forcePointRatio="0.2" filename="$data/vehicles/wheels/trelleborg/TM800_540_65R24.xml" isLeft="true"  color="0.750 0.002 0.002 1" deltaY="0.2" suspTravel="0.2" spring="40" damper="10" hasTireTracks="true" hasParticles="true" fenderNode="1>0|0|0|1" fenderRotMax="28" steeringNode="1>1|0" steeringNodeMinTransX="-0.125" steeringNodeMaxTransX="0.125" />
                <wheel rotSpeed="1" restLoad="1.2" repr="1>0|1|0" driveNode="1>0|1|0|0|0" forcePointRatio="0.2" filename="$data/vehicles/wheels/trelleborg/TM800_540_65R24.xml" isLeft="false" color="0.750 0.002 0.002 1" deltaY="0.2" suspTravel="0.2" spring="40" damper="10" hasTireTracks="true" hasParticles="true" fenderNode="1>0|1|0|1" fenderRotMin="-28" />
                <wheel rotSpeed="0" restLoad="1.3" repr="0>0|0"                           forcePointRatio="0.3" filename="$data/vehicles/wheels/trelleborg/TM800_600_65R38.xml" isLeft="true"  color="0.750 0.002 0.002 1" deltaY="0.2" suspTravel="0.2" spring="80" damper="14" hasTireTracks="true" hasParticles="true" />
                <wheel rotSpeed="0" restLoad="1.3" repr="0>0|1"                           forcePointRatio="0.3" filename="$data/vehicles/wheels/trelleborg/TM800_600_65R38.xml" isLeft="false" color="0.750 0.002 0.002 1" deltaY="0.2" suspTravel="0.2" spring="80" damper="14" hasTireTracks="true" hasParticles="true" />
            </wheels>
        </wheelConfiguration>
        <wheelConfiguration name="$l10n_configuration_valueWheelNarrow" price="800" icon="$dataS2/menu/hud/configurations/config_wheel_thin.png" >
            <wheels autoRotateBackSpeed="1.7">
                <wheel rotSpeed="1" restLoad="1.1" repr="1>0|0|0" driveNode="1>0|0|0|0|0" forcePointRatio="0.2" filename="$data/vehicles/wheels/trelleborg/TM100_230_95R32.xml" isLeft="true"  color="0.750 0.002 0.002 1" deltaY="0.2" suspTravel="0.2" spring="60" damper="10" hasTireTracks="true" hasParticles="true" fenderNode="1>0|0|0|1" fenderRotMax="28" steeringNode="1>1|0" steeringNodeMinTransX="-0.125" steeringNodeMaxTransX="0.125" />
                <wheel rotSpeed="1" restLoad="1.1" repr="1>0|1|0" driveNode="1>0|1|0|0|0" forcePointRatio="0.2" filename="$data/vehicles/wheels/trelleborg/TM100_230_95R32.xml" isLeft="false" color="0.750 0.002 0.002 1" deltaY="0.2" suspTravel="0.2" spring="60" damper="10" hasTireTracks="true" hasParticles="true" fenderNode="1>0|1|0|1" fenderRotMin="-28" />
                <wheel rotSpeed="0" restLoad="1.2" repr="0>0|0"                           forcePointRatio="0.3" filename="$data/vehicles/wheels/trelleborg/TM100_270_95R48.xml" isLeft="true"  color="0.750 0.002 0.002 1" deltaY="0.21" suspTravel="0.2" spring="120" damper="13" hasTireTracks="true" hasParticles="true" />
                <wheel rotSpeed="0" restLoad="1.2" repr="0>0|1"                           forcePointRatio="0.3" filename="$data/vehicles/wheels/trelleborg/TM100_270_95R48.xml" isLeft="false" color="0.750 0.002 0.002 1" deltaY="0.21" suspTravel="0.2" spring="120" damper="13" hasTireTracks="true" hasParticles="true" />
            </wheels>
        </wheelConfiguration>
    </wheelConfigurations>

    <axisColor>0.0152 0.0152 0.0152 1</axisColor>

    <ackermannSteering rotSpeed="60" rotMax="49" rotCenterWheel1="2" rotCenterWheel2="3" />

    <differentials>
        <differential torqueRatio="0.5" maxSpeedRatio="1" wheelIndex1="0" wheelIndex2="1" /> <!-- front left-right -->
        <differential torqueRatio="0.5" maxSpeedRatio="1" wheelIndex1="2" wheelIndex2="3" /> <!-- back left-right -->
        <differential torqueRatio="0.5" maxSpeedRatio="1" differentialIndex1="0" differentialIndex2="1" /> <!-- front-back -->
    </differentials>

    <motorConfigurations>
        <motorConfiguration name="310 Vario" hp="110" price="0">
            <motor torqueScale="0.452" minRpm="798" maxRpm="2230" maxForwardSpeed="42.8" maxBackwardSpeed="24.5" brakeForce="5" lowBrakeForceScale="0.22" lowBrakeForceSpeedLimit="1" rotInertia="0.0012" minForwardGearRatio="14.5" maxForwardGearRatio="150" minBackwardGearRatio="27" maxBackwardGearRatio="150" ptoMotorRpmRatio="3.526" >
                <torque normRpm="0.4036" torque="0.628"/>
				<torque normRpm="0.448" torque="0.868"/>
				<torque normRpm="0.538" torque="0.968"/>
                <torque normRpm="0.672" torque="1"/>
                <torque normRpm="0.717" torque="0.99"/>
				<torque normRpm="0.762" torque="0.941"/>                
                <torque normRpm="0.941" torque="0.685"/>
                <torque normRpm="1" torque="0"/>
            </motor>
            <objectChange node="0>12|0" visibilityActive="true"/>
            <objectChange node="0>12|1" visibilityActive="false"/>
        </motorConfiguration>
        <motorConfiguration name="313 Vario" hp="138" price="14000" dailyUpkeep="28" icon="$dataS2/menu/hud/configurations/config_engine.png">
            <motor torqueScale="0.570" />
            <objectChange node="0>12|0" visibilityActive="false"/>
            <objectChange node="0>12|1" visibilityActive="true"/>
        </motorConfiguration>
    </motorConfigurations>

    <fuelCapacity>210</fuelCapacity>

    <cameras count="2">
        <camera1 index="0>1|0|0" rotatable="true" rotateNode="0>1|0" limit="true" useWorldXZRotation="true" rotMinX="-1.4" rotMaxX="1" transMin="4" transMax="35" >
            <raycastNode index="0>1|2"/>
            <raycastNode index="0>1|3"/>
        </camera1>
        <camera2 index="0>1|1" rotatable="true" limit="true" rotMinX="-1.1" rotMaxX="0.4" transMin="0" transMax="0" useMirror="true" isInside="true" />
    </cameras>

    <lights>
        <low>
            <light                       decoration="0>2|0|0"   lightTypes="0 3" />
            <light realLight="0>2|0|1"                          lightTypes="0" excludedLightTypes="3" /> <!--FrontLights-->
            <light                       decoration="0>2|2|0"   lightTypes="0 1"/> <!--BackLights-->
            <light realLight="0>2|1|0|1" decoration="0>2|1|0|0" lightTypes="1"/> <!--WorklightBack-->
            <light                       decoration="0>2|1|1|0" lightTypes="2"/> <!--WorklightFront-->
            <light realLight="0>2|0|2"                          lightTypes="3"/> <!--HighBeam -->
        </low>
        <high>
            <light                       decoration="0>2|0|0"   lightTypes="0 3" />
            <light realLight="0>2|0|3"                          lightTypes="0" excludedLightTypes="2 3" /> <!--FrontLights-->
            <light realLight="0>2|2|1"   decoration="0>2|2|0"   lightTypes="0 3" /> <!--BackLights-->
            <light realLight="0>2|1|0|2" decoration="0>2|1|0|0" lightTypes="1" /> <!--WorklightBack  -->
            <light realLight="0>2|1|1|1" decoration="0>2|1|1|0" lightTypes="2"  /> <!--WorklightFront -->
            <light realLight="0>2|0|4"                          lightTypes="3" excludedLightTypes="2" /> <!--HighBeam-->
        </high>
        <states>
            <state lightTypes="0" />
            <state lightTypes="0 1" />
            <state lightTypes="0 1 2" />
        </states>
    </lights>

    <brakeLights>
        <brakeLight realLight="0>2|2|1" decoration="0>2|4|0" />
    </brakeLights>

    <turnLights>
        <turnLightLeft realLight="0>2|3|0|1" decoration="0>2|3|0|0" />
        <turnLightLeft realLight="0>2|3|0|2" />
        <turnLightRight realLight="0>2|3|1|1" decoration="0>2|3|1|0" />
        <turnLightRight realLight="0>2|3|1|2" />
    </turnLights>

    <reverseLights>
        <reverseLight realLight="0>2|6|1" decoration="0>2|6|0" />
    </reverseLights>

    <mirrors>
        <mirror index="0>11|0" prio="1" />
        <mirror index="0>11|1" prio="1" />
    </mirrors>

    <indoorHud>
        <speed numbers="0>10|0" precision="1" />
        <rpm numbers="0>10|1" precision="0" />
        <time numbers="0>10|2" precision="2" />
        <operatingTime numbers="0>10|3" precision="1" />
    </indoorHud>

    <enterReferenceNode index="0>"/>
    <exitPoint index="0>3"/>

    <attacherJoints comboDuration="2">
        <attacherJoint index="0>5|0|0|0|0" rotationNode="0>5|0|0" rotationNode2="0>5|0|0|0" upperRotation="32 0 0" lowerRotation="-15 0 0" upperDistanceToGround="1.12" lowerDistanceToGround="0.39" upperRotationOffset="-0.6" moveTime="2.9" ptoOutputNode="0>5|2|0" comboTime="1">
            <bottomArm rotationNode="0>5|0|1" translationNode="0>5|0|1|0" referenceNode="0>5|0|1|0|0" zScale="-1" startRotation="-17 0 0" />
            <topArm baseNode="0>5|0|2" filename="$data/shared/vehicleParts/upperLink.i3d" zScale="-1" />
            <schema position="1 0" rotation="0" invertX="false" />
            <objectChange node="0>5|1|0" visibilityActive="false" visibilityInactive="true" />
        </attacherJoint>
        <attacherJoint index="0>5|0|3|0|0" rotationNode="0>5|0|3" rotationNode2="0>5|0|3|0" upperRotation="-20 0 0" lowerRotation="21 0 0" upperDistanceToGround="0.83" lowerDistanceToGround="0.3" upperRotationOffset="0.6" moveTime="2.15" ptoOutputNode="0>5|2|1" comboTime="0">
            <bottomArm rotationNode="0>5|0|4" translationNode="0>5|0|4|0" referenceNode="0>5|0|4|0|0" zScale="1" startRotation="-20 0 0"/>
            <topArm baseNode="0>5|0|5" filename="$data/shared/vehicleParts/upperLink.i3d" zScale="1" toggleVisibility="true" />
            <schema position="0 0" rotation="0" invertX="true" />
            <objectChange node="0>5|0|4|0|2|0" rotationActive="0 0 0" />
            <objectChange node="0>5|0|4|0|3|0" rotationActive="0 0 0" />
        </attacherJoint>
        <!-- trailer attacher -->
        <attacherJoint index="0>5|1|0|0" transNode="0>5|1|0" transNodeMinY="0.719" transNodeMaxY="1.157" mrOffsetY="-0.053" transNodeHeight="0.12" jointType="trailer" lowerRotLimit="20 69 50" upperRotRotationOffset="0" allowsJointLimitMovement="false" ptoOutputNode="0>5|2|0" comboTime="1">
            <schema position="1 0" rotation="0" invertX="false" />
            <objectChange node="0>5|1|1" visibilityActive="false"  visibilityInactive="true" />
        </attacherJoint>
        <attacherJoint index="0>5|1|1|0" transNode="0>5|1|1" transNodeMinY="0.4" transNodeMaxY="0.7" mrOffsetY="-0.053" jointType="trailerLow" lowerRotLimit="20 59 50" upperRotRotationOffset="0" allowsJointLimitMovement="false" ptoOutputNode="0>5|2|0" comboTime="1">
            <schema position="1 0" rotation="0" invertX="false" />
            <objectChange node="0>5|0|1" rotationActive="35 0 0"  rotationInactive="-17 0 0" />
            <objectChange node="0>5|1|0" visibilityActive="false"  visibilityInactive="true" />
            <steeringBars leftNode="0>5|1|1|1" rightNode="0>5|1|1|2" />
        </attacherJoint>
        <attacherJoint index="0>5|1|2" jointType="trailer" lowerRotLimit="20 75 50" upperRotRotationOffset="0" allowsJointLimitMovement="false" ptoOutputNode="0>5|2|1" comboTime="0">
            <schema position="0 0" rotation="0" invertX="true" />
            <objectChange node="0>5|0|4|0|2|0" visibilityActive="false" visibilityInactive="true" />
            <objectChange node="0>5|0|4|0|3|0" visibilityActive="false" visibilityInactive="true" />
        </attacherJoint>
    </attacherJoints>

    <frontloaderConfigurations>
        <frontloaderConfiguration name="$l10n_ui_no" price="0" >
            <objectChange node="0>5|3|0" visibilityActive="false" />
        </frontloaderConfiguration>
        <frontloaderConfiguration name="$l10n_ui_yes" price="800" icon="$dataS2/menu/hud/configurations/config_loader.png" >
            <objectChange node="0>5|3|0" visibilityActive="true" visibilityInactive="false"/>
            <!-- frontloader attacher -->
            <attacherJoint index="0>5|3|0|0" jointType="attachableFrontloader" upperRotation="0 0 0" lowerRotation="0 0 0" lowerTransLimit="0 0 0" lowerRotLimit="0 0 0" moveTime="2" >
                <schema position="0 0.4" rotation="0" invertX="true" />
            </attacherJoint>
        </frontloaderConfiguration>
    </frontloaderConfigurations>

    <movingTools>
        <!-- attacher joint back bottom-->
        <movingTool index="0>5|0|1">
            <dependentPart index="0>9|1" />
        </movingTool>
        <!-- attacher joint front bottom-->
        <movingTool index="0>5|0|4">
            <!-- cylinder -->
            <dependentPart index="0>9|0" />
        </movingTool>
    </movingTools>

    <movingParts>
        <!-- front -->
        <movingPart index="0>9|0" referencePoint="0>5|0|4|0|1" referenceFrame="0>9|4" >
            <translatingPart index="0>9|0|0" />
            <dependentPart index="0>9|0|1" />
        </movingPart>
        <movingPart index="0>9|0|1" referencePoint="0>9|0|0" referenceFrame="0>9|0|0" scaleZ="true" />

        <!-- back -->
        <movingPart index="0>9|1" referencePoint="0>5|0|1|0|1" localReferencePoint="0>9|1|0" referenceFrame="0>5|0|0" >
            <dependentPart index="0>9|1|0" />
        </movingPart>
        <movingPart index="0>9|1|0" referencePoint="0>5|0|1|0|1" referenceFrame="0>5|0|1|0|1" >
            <dependentPart index="0>9|2" />
            <dependentPart index="0>9|3" />
        </movingPart>
        <movingPart index="0>9|2" referencePoint="0>9|1|1" referenceFrame="0>9|4" >
            <translatingPart index="0>9|2|0" />
        </movingPart>
        <movingPart index="0>9|3" referencePoint="0>5|0|1|0|1|0" referenceFrame="0>5|0|1|0|1|0" />

        <!-- steering -->
        <movingPart index="1>0|0|0|2" referencePoint="1>1|0|0"        referenceFrame="1>1|0|0"    isActiveDirty="true" />
        <movingPart index="1>0|1|0|2" referencePoint="1>1|0|1"        referenceFrame="1>1|0|1"    isActiveDirty="true" />
    </movingParts>

    <animations>
<!--         <animation name="rpmDisplay">
            <part node="0>10|0" startTime="0" endTime="1" startRot="0 0 0" endRot="0 -211.5 0" />
        </animation> -->
    </animations>

    <steering index="0>4|0" indoorRotation="540" outdoorRotation="50" />

    <characterNode index="0>6|0" cameraMinDistance="1.5" filename="$dataS2/character/player/player.xml" spineRotation="180 0 100" >
        <target ikChain="rightFoot" targetNode="0>6|1" />
        <target ikChain="leftFoot"  targetNode="0>6|2" />
        <target ikChain="rightArm"  targetNode="0>4|0|0" setDirty="true"/>
        <target ikChain="leftArm"   targetNode="0>4|0|1" setDirty="true" />
    </characterNode>

    <ai>
        <trafficCollisionTrigger index="0>7|0" />
    </ai>

    <exhaustEffects>
        <exhaustEffect index="0>8|0" filename="$data/particleSystems/shared/exhaust.i3d" minRpmColor="0.9 0.9 0.9 0.1" maxRpmColor="0.9 0.9 0.9 0.4" minRpmScale="0.05" maxRpmScale="0.5" xzRotationsOffset="-150 0" xzRotationsForward="0 300" xzRotationsBackward="150 0" xzRotationsLeft="20 80" xzRotationsRight="20 -200" />
    </exhaustEffects>

    <motorStartDuration>2900</motorStartDuration>
    <motorStartSound file="$data/vehicles/steerable/fendt/fendt300_start.wav"        pitchOffset="0.86" volume="0.80" indoorVolumeFactor="0.45" indoorLowpassGain="0.75" />
    <motorStopSound file="$data/vehicles/steerable/jcb/jcb435s_stop.wav"             pitchOffset="0.86" volume="0.75" indoorVolumeFactor="0.45" indoorLowpassGain="0.75" />
    <motorSound file="$data/vehicles/steerable/fendt/fendt300_idle.wav"              pitchOffset="0.86" volume="0.75" indoorVolumeFactor="0.45" indoorLowpassGain="0.75" volumeMin="0.70" volumeMinSpeed="24" pitchMax="1.50"/>

    <motorSoundRun file="$data/vehicles/steerable/newHolland/newHolland8340_run.wav" pitchOffset="0.65" volume="0.63" indoorVolumeFactor="0.45" indoorLowpassGain="0.75" pitchMax="1.30" />
    <motorSoundLoad file="$data/sounds/engine/loadHP150.wav"                         pitchOffset="0.40" volume="1.12" indoorVolumeFactor="0.45" indoorLowpassGain="0.75" pitchMax="1.10" minimalVolumeFactor="0.0" />

    <gearboxSound file="$data/sounds/transmission/transmissionCVT_X.wav"             pitchOffset="0.75" volume="0.17" indoorVolumeFactor="0.55" indoorLowpassGain="0.75" pitchMax="1.40" volumeMax="0.46"  reverseVolumeMax="0.58"  />
    <retarderSound file="$data/sounds/transmission/retarderET2015.wav"               pitchOffset="0.01" volume="0.06" indoorVolumeFactor="0.60" indoorLowpassGain="0.60" pitchMax="1.30" volumeMax="0.38"  minSpeed="0.12"   />


    <brakeCompressor capacity="4785" fillSpeed="400" />
    <maximalAirConsumptionPerFullStop value="1100" />
    <brakeCompressorStartSound file="$data/sounds/technicalAccessories/compressor_controller.wav" pitchOffset="1.00" volume="0.85"  indoorVolumeFactor="0.60" indoorLowpassGain="0.70" />
    <brakeCompressorRunSound file="$data/sounds/technicalAccessories/compressor_idle.wav"         pitchOffset="0.88" volume="0.21"  indoorVolumeFactor="0.40" indoorLowpassGain="0.70" pitchMax="1.18" />
    <brakeCompressorStopSound file="$data/sounds/technicalAccessories/brakeSmall.wav"             pitchOffset="1.10" volume="0.65"  indoorVolumeFactor="0.65" indoorLowpassGain="0.70" />
    <compressedAirSound file="$data/sounds/technicalAccessories/brakeSmall.wav"                   pitchOffset="1.00" volume="0.65"  indoorVolumeFactor="0.45" indoorLowpassGain="0.70" />
    <airReleaseValveSound file="$data/sounds/technicalAccessories/regulator_valve.wav"            pitchOffset="1.20" volume="0.75"  indoorVolumeFactor="1.00" indoorLowpassGain="0.95"/>

    <attachSound file="$data/sounds/attach.wav"                                                   pitchOffset="1.00" volume="0.90"  indoorVolumeFactor="0.35" indoorLowpassGain="0.75"/>
    <honkSound file="$data/sounds/horn.wav"                                                       pitchOffset="1.00" volume="1.50"  indoorVolumeFactor="0.30" indoorLowpassGain="0.75" radius="70" innerRadius="10" />
    <hydraulicSound file="$data/sounds/hydraulicUp.wav"                                           pitchOffset="0.90" volume="0.85"  indoorVolumeFactor="0.65" />

    <baseColorConfigurations>
        <baseColorConfiguration color="0.0475 0.3204 0.0103 1" />
        <baseColorConfiguration color="0.0781 0.2233 0.0478 1" price="2000" icon="$dataS2/menu/hud/configurations/config_color.png" />
        <colorNode node="0>13|0" />
        <colorNode node="0>5|3|0" />
    </baseColorConfigurations>

    <washable dirtDuration="50" washDuration="1" workMultiplier="4" />

    <components count="2">
        <component1 centerOfMass="0 0.95 -0.51" solverIterationCount="10" mrSetMass="3.89" />
        <component2 centerOfMass="0 0 0" solverIterationCount="20" mrSetMass="0.8" />
        <joint component1="0" component2="1" index="0>0|2" rotLimit="0 0 10" transLimit="0 0 0" maxRotDriveForce="0 0 0" rotDriveRotation="- - 0" rotDriveSpring="0 0 0" rotDriveDamping="0 0 0" breakable="false"/>
    </components>

    <schemaOverlay file="$dataS2/menu/schemas/vehicleSchema.png" fileSelected="$dataS2/menu/schemas/vehicleSchemaSelected.png" width="0.5" height="0.5" attacherJointPosition="0.5 0" />

</vehicle>
