﻿<?xml version="1.0" encoding="utf-8" standalone="no" ?>
<vehicle type="treeSaw">
    <annotation>Copyright (C) GIANTS Software GmbH, All Rights Reserved.</annotation>
	
	<!--MR
	
	center of mass
	
	turnedOnRotationNode rotspeed = 1800rpm
	
	powerConsumer
	cuttingCentimetersPerSecond
	
	-->
	
	<moreRealistic>
		<treeSaw cuttingPtoPowerMin="30" cuttingPtoPowerMax="90" cuttingCentimetersPerSecond="25" />		
	</moreRealistic>

    <storeData>
        <name>RT3000</name>
        <specs>
            <combination>JCB 325T</combination>
            <neededPower>60</neededPower>
        </specs>
        <functions>
            <function>$l10n_function_treeSaw</function>
        </functions>
        <image>data/store/store_dfmRT3000.png</image>
        <price>9400</price>
        <dailyUpkeep>10</dailyUpkeep>
        <lifetime>600</lifetime>
        <rotation>0</rotation>
        <brand>DFM</brand>
        <category>skidSteers</category>
        <vertexBufferMemoryUsage>216288</vertexBufferMemoryUsage>
        <indexBufferMemoryUsage>32652</indexBufferMemoryUsage>
        <textureMemoryUsage>9262584</textureMemoryUsage>
        <instanceVertexBufferMemoryUsage>0</instanceVertexBufferMemoryUsage>
        <instanceIndexBufferMemoryUsage>0</instanceIndexBufferMemoryUsage>
    </storeData>

    <typeDesc>$l10n_typeDesc_treeSaw</typeDesc>
    <filename>data/vehicles/tools/DFM/RT3000.i3d</filename>

    <size width="1.5" length="2" />
    <speedLimit value="10" />
    <powerConsumer ptoRpm="540" neededPtoPower="5" />

    <inputAttacherJoints>
        <inputAttacherJoint index="0>0|0" jointType="skidSteer" />
    </inputAttacherJoints>

    <turnedOnRotationNodes>
        <turnedOnRotationNode index="0>0|1" type="treeSaw" rotAxis="2" rotSpeed="800" turnOnFadeTime="1" turnOffFadeTime="2" /> <!-- 1800rpm -->
    </turnedOnRotationNodes>

    <treeSaw>
        <cutNode node="0>0|2" sizeY="0.8" sizeZ="0.8" timer="4" />
        <cutSound file="$data/sounds/hydraulicSaw_cut.wav"            pitchOffset="0.95" volume="1.10" indoorVolumeFactor="0.45" indoorLowpassGain="0.9" radius="35" innerRadius="15" />
        <sawSound file="$data/sounds/hydraulicSaw_idle.wav"           pitchOffset="1.00" volume="1.00" indoorVolumeFactor="0.55" indoorLowpassGain="0.9" />
        <cutParticleSystems>
            <emitterShape node="0>0|3|0" particleType="CRUSHER_WOOD" emitCountScale="100"/>
            <emitterShape node="0>0|3|1" particleType="CRUSHER_DUST" emitCountScale="20"/>
        </cutParticleSystems>
    </treeSaw>

    <washable dirtDuration="90" washDuration="1" workMultiplier="20" />

    <components count="1">
        <component1 centerOfMass="0 0.3 -0.2" solverIterationCount="10" />
    </components>

    <schemaOverlay file="$dataS2/menu/schemas/implementSchema.png" fileSelected="$dataS2/menu/schemas/implementSchemaSelected.png" fileTurnedOn="$dataS2/menu/schemas/implementSchemaTurnedOn.png" fileSelectedTurnedOn="$dataS2/menu/schemas/implementSchemaSelectedTurnedOn.png" width="0.5" height="0.5" attacherJointPosition="0 0" />
</vehicle>