﻿<?xml version="1.0" encoding="utf-8" standalone="no" ?>
<vehicle type="dynamicMountAttacherImplement">
    <annotation>Copyright (C) GIANTS Software GmbH, All Rights Reserved.</annotation>
	
	<!-- MR
	
		mass and center of mass
		
		mr claw
		
		component joint spring
	
	-->
	
	<moreRealistic>
		<claw movingToolNodeIndex="0>0|1" triggerRotStartPercent="85" triggerRotEndPercent="100" jointNode="0>" jointCollisionEnabled="true" jointTransLimitMaxZ="0" jointTransLimitMinZ="-0.15">
			<grabbingRaycast node="0>" distance="0.25"  xOffset="0.67" yOffset="0.2" zOffset="0.8" />
			<grabbingRaycast node="0>" distance="0.25"  xOffset="-0.67" yOffset="0.2" zOffset="0.8" />
			<grabbingRaycast node="0>" distance="0.55"  xOffset="0.67" yOffset="0.05" zOffset="0.4" />
			<grabbingRaycast node="0>" distance="0.55"  xOffset="-0.67" yOffset="0.05" zOffset="0.4" />
		</claw>			
	</moreRealistic>

    <storeData>
        <name>TG84</name>
        <specs>
            <combination>JCB 325T</combination>
        </specs>
        <image>data/store/store_dfmTG84.png</image>
        <price>1400</price>
        <dailyUpkeep>5</dailyUpkeep>
        <lifetime>600</lifetime>
        <rotation>0</rotation>
        <brand>DFM</brand>
        <category>skidSteers</category>
        <vertexBufferMemoryUsage>166516</vertexBufferMemoryUsage>
        <indexBufferMemoryUsage>25506</indexBufferMemoryUsage>
        <textureMemoryUsage>9262584</textureMemoryUsage>
        <instanceVertexBufferMemoryUsage>0</instanceVertexBufferMemoryUsage>
        <instanceIndexBufferMemoryUsage>0</instanceIndexBufferMemoryUsage>
    </storeData>

    <typeDesc>$l10n_typeDesc_skidSteerTool</typeDesc>
    <filename>data/vehicles/tools/DFM/TG84.i3d</filename>

    <size width="2.4" length="1"/>

    <inputAttacherJoints>
        <inputAttacherJoint index="0>0|0" jointType="skidSteer" />
    </inputAttacherJoints>

    <dynamicMountAttacher index="0>" />

    <movingTools>
        <movingTool index="0>0|1" playSound="true" >
            <controls axis="AXIS_FRONTLOADER_TOOL2" invertAxis="true" mouseSpeedFactor="1" iconFilename="$dataS2/menu/moveControls/tool_openClose.png"/>
            <rotation rotationAxis="1" rotSpeed="35" rotAcceleration="100" rotMax="0" rotMin="-70" />
            <componentJoint index="0" anchorActor="0" />
        </movingTool>
    </movingTools>

    <movingParts>
        <movingPart index="0>0|2|0" referencePoint="0>0|3" referenceFrame="0>0|3" isActiveDirty="true" >
            <translatingPart index="0>0|2|0|0" />
        </movingPart>

        <movingPart index="0>0|2" referencePoint="1>0" referenceFrame="0>0|1" limitedAxis="1" isActiveDirty="true"/>
    </movingParts>

    <cylinderedHydraulicSound file="$data/sounds/hydraulicUp.wav" pitchOffset="0.85" volume="0.65" />

    <washable dirtDuration="90" washDuration="1" workMultiplier="4" />

    <components count="2">
        <component1 centerOfMass="0 0.25 0.25" solverIterationCount="10" mrSetMass="0.275" />
        <component2 centerOfMass="0 -0.15 0.3" solverIterationCount="15" mrSetMass="0.2" />
        <joint component1="0" component2="1" index="0>0|1" rotLimit="0 0 0" transLimit="0 0 0" rotLimitSpring="300 0 0" rotLimitDamping="40 0 0" rotLimitForceLimit="10 -1 -1" />
    </components>

    <schemaOverlay file="$dataS2/menu/schemas/implementSchema.png" fileSelected="$dataS2/menu/schemas/implementSchemaSelected.png" width="0.5" height="0.5" attacherJointPosition="0 0"/>>

</vehicle>
