﻿<?xml version="1.0" encoding="utf-8" standalone="no" ?>
<modDesc descVersion="37">
	<author>kevink98/LS-Modcompany</author>
    <version>1.3</version>
    <title>
        <en>Sawmill</en>
        <de>Sägewerk</de>
    </title>
    <description>
<en><![CDATA[Bring wood and fuels (woolpallet, straw bales or woodchips) to the sawmill.
It produces woodpaletts and additionally, woodchips as waste.

Wooden pallets can be sold at every sales trigger which accepts wood chips.

Changelog 1.3:
- Update mCompanyFactory
- Remove lights
- You don't need any more a additivmod
Changelog 1.2:
- New Script: mCompanyFactory
- Needed Additivemod: mCompanyGraphic
Changelog 1.1.2:
- Adaption to Patch 1.4.2
- Fix storageRadius at TipTrigger]]></en>
<de><![CDATA[Sägewerk
Bringe Holz und Brennstoffe (Wollepaletten, Strohballen oder Hackschnitzel) zum Sägewerk.
Daraus werden Bretterpaletten produziert. Als Abfall noch Hackschnitzel.

Verkauf der Bretterpaletten ist an jedem Verkaufstrigger, der Hackschnitzel annimmt, möglich.

Changelog 1.3:
- Update auf das neuste mCompanyFactory
- Lichter entfernt
- Es wird kein Zusatzmod mehr benötigt
Changelog 1.2:
- Neues Script: mCompanyFactory
- Benötigter Zusatzmod: mCompanyGraphic
Changelog 1.1.2:
- Anpassung an Patch 1.4.2
- Fix storageRadius an TipTrigger]]></de>
	</description>
    <iconFilename>store.dds</iconFilename>
    <multiplayer supported="true"/>  
	<l10n>
		<text name="function_sawmill"> <en>Produce boardwood of Wood and woodchips</en> <de>Stelle Bretterpaletten aus Holz und Hackschnitzel her!</de> </text>		
		<text name="leer"> <en>empty</en> <de>leer</de> </text>
		<text name="voll"> <en>full</en> <de>voll</de> </text>
		<text name="ERROR"> <en>Info: </en> <de>Info: </de> </text>
		<text name="Rohstoffe"> <en>resources: </en> <de>Rohstoffe: </de> </text>
		<text name="Produkte"> <en>products: </en> <de>Produkte: </de> </text>
		<text name="boardwood"> <en>boards palette</en> <de>Bretter Palletten</de> </text>
		<text name="Holz"> <en>logs</en> <de>Holzstämme</de> </text>
		<text name="Brennstoffe"> <en>fuels</en> <de>Brennstoffe</de> </text>
		<text name="woodChips"> <en>woodChips</en> <de>Hackschnitzel</de> </text>		
	</l10n>	
	
	<extraSourceFiles>
		<sourceFile filename="mCompanyGraphics.lua" />			
		<sourceFile filename="mCompanyFactory.lua" />
    </extraSourceFiles>
  	
	<storeItems>
        <storeItem xmlFilename="saegewerk.xml"/>
    </storeItems>
</modDesc>