﻿<?xml version="1.0" encoding="utf-8" standalone="no" ?>
<placeable>
    <storeData>
        <name>Sägewerk</name>
        <image>store.dds</image>
        <price>200000</price>
        <dailyUpkeep>10</dailyUpkeep>
        <lifetime>1000</lifetime>
        <rotation>0</rotation>
        <brand>LIZARD</brand>
		<functions>
			<function>$l10n_function_sawmill</function>
        </functions>
        <species>placeable</species>
        <category>placeables</category>
        <vertexBufferMemoryUsage>257240</vertexBufferMemoryUsage>
        <indexBufferMemoryUsage>44208</indexBufferMemoryUsage>
        <textureMemoryUsage>20273016</textureMemoryUsage>
        <instanceVertexBufferMemoryUsage>0</instanceVertexBufferMemoryUsage>
        <instanceIndexBufferMemoryUsage>0</instanceIndexBufferMemoryUsage>
    </storeData>

    <placeableType>mCompanyFactory</placeableType>
    <filename>Saegewerk.i3d</filename>
    <placement testSizeX="10" testSizeZ="10" sizeX="15" sizeZ="15" useRandomYRotation="false" useManualYRotation="true" />
	
	<tipOcclusionUpdateArea sizeX="15" sizeZ="15" />	
	<clearAreas>
        <clearArea startIndex="5|0" widthIndex="5|1" heightIndex="5|2"/>
    </clearAreas>
</placeable>