<?xml version="1.0" encoding="utf-8" standalone="no" ?>
<wheel>
    <configurations>
        <configuration index="basic" >
            <tire filename="belshina/belshina_28_1_R26_12PR.i3d" indexLeft="0|0" indexRight="0|0" />
            <innerRim filename="belshina/belshina_28_1_R26_12PR.i3d" indexLeft="0|2" indexRight="0|1" />
        </configuration>
        <configuration index="twin" >
            <tire filename="belshina/belshina_28_1_R26_12PR.i3d" indexLeft="1|0" indexRight="1|0" />
            <innerRim filename="belshina/belshina_28_1_R26_12PR.i3d" indexLeft="1|2" indexRight="1|1" />
        </configuration>
    </configurations>
    <size radius="0.87" width="0.77" maxDeformation="0.1" />
    <physics mass="0.5" frictionScale="2" maxLongStiffness="11" maxLatStiffness="130" maxLatStiffnessLoad="2" />
    <tire type="mud" atlasIndex="0" />
</wheel>
