﻿<?xml version="1.0" encoding="utf-8" standalone="no" ?>
<vehicle type="tractor_reverseDriving">
    <annotation>Copyright (C) GIANTS Software GmbH, All Rights Reserved.</annotation>

	<!-- mr
	
		valtra S324 and S374
		
		max pto power :		
		S324 : 209KW / 228KW boost
		S374 : 241KW / 260KW boost
		
		in many point, the same as the massey ferguson 8700
	
	-->
	<moreRealistic useMrTransmission="true">		
		<dragArea value="5.5" />
		<engine rotInertiaFx="1" transmissionEfficiency="0.86" minSpeed="3" engineBrakeForceFx="1" fuelUsageFactor="1" engineBrakeRpm="2300" />
	</moreRealistic>
	
    <storeData>
        <name>S Series</name>
        <specs>
            <power>350</power>
            <maxSpeed>50</maxSpeed>
        </specs>
        <functions>
            <function>$l10n_function_tractor</function>
            <function>$l10n_function_reverseDriveControl</function>
        </functions>
        <image>data/store/store_valtraSSeries.png</image>
        <price>289000</price>
        <dailyUpkeep>440</dailyUpkeep>
        <lifetime>600</lifetime>
        <rotation>0</rotation>
        <brand>VALTRA</brand>
        <category>tractors</category>
        <fieldJob sizeCategory="3" typeCategory="tractor" hasFrontAndBackHydraulics="true" />
        <vertexBufferMemoryUsage>2298988</vertexBufferMemoryUsage>
        <indexBufferMemoryUsage>412548</indexBufferMemoryUsage>
        <textureMemoryUsage>31719848</textureMemoryUsage>
        <instanceVertexBufferMemoryUsage>0</instanceVertexBufferMemoryUsage>
        <instanceIndexBufferMemoryUsage>0</instanceIndexBufferMemoryUsage>
    </storeData>

    <typeDesc>$l10n_typeDesc_tractor</typeDesc>
    <filename>data/vehicles/steerable/valtra/valtraSSeries.i3d</filename>

    <size width="3.5" length="6"/>

    <wheelConfigurations>
        <wheelConfiguration name="$l10n_configuration_valueDefault" price="0">
            <wheels autoRotateBackSpeed="1.7">
                <wheel rotSpeed="1" restLoad="3.6" repr="0>0|0|0" driveNode="0>0|0|0|0|0" forcePointRatio="0.2" filename="$data/vehicles/wheels/trelleborg/TM800_600_65R34.xml"                       isLeft="true"  deltaY="0.19" suspTravel="0.2" spring="70" damper="17" fenderNode="0>0|0|0|1" fenderRotMax="26"  hasTireTracks="true" hasParticles="true" steeringNode="0>9|0" steeringNodeMinTransX="0.125" steeringNodeMaxTransX="-0.125"/>
                <wheel rotSpeed="1" restLoad="3.6" repr="0>0|1|0" driveNode="0>0|1|0|0|0" forcePointRatio="0.2" filename="$data/vehicles/wheels/trelleborg/TM800_600_65R34.xml"                       isLeft="false" deltaY="0.19" suspTravel="0.2" spring="70" damper="17" fenderNode="0>0|1|0|1" fenderRotMin="-26" hasTireTracks="true" hasParticles="true" />
                <wheel rotSpeed="0" restLoad="3.0" repr="0>0|2"                           forcePointRatio="0.3" filename="$data/vehicles/wheels/trelleborg/TM900_710_75R42.xml" configIndex="n10v9"   isLeft="true"  deltaY="0.205" suspTravel="0.2" spring="120" damper="20"                                           hasTireTracks="true" hasParticles="true" />
                <wheel rotSpeed="0" restLoad="3.0" repr="0>0|3"                           forcePointRatio="0.3" filename="$data/vehicles/wheels/trelleborg/TM900_710_75R42.xml" configIndex="n10v9"   isLeft="false" deltaY="0.205" suspTravel="0.2" spring="120" damper="20"                                           hasTireTracks="true" hasParticles="true" />
            </wheels>
        </wheelConfiguration>
        <wheelConfiguration name="$l10n_configuration_valueWheelWeights" price="1800" icon="$dataS2/menu/hud/configurations/config_wheel_weight.png" >
            <wheels autoRotateBackSpeed="1.7">
                <wheel rotSpeed="1" restLoad="3.6" repr="0>0|0|0" driveNode="0>0|0|0|0|0" forcePointRatio="0.2" filename="$data/vehicles/wheels/trelleborg/TM800_600_65R34.xml"                       isLeft="true"  deltaY="0.19" suspTravel="0.2" spring="70" damper="17" fenderNode="0>0|0|0|1" fenderRotMax="26"  hasTireTracks="true" hasParticles="true" steeringNode="0>9|0" steeringNodeMinTransX="0.125" steeringNodeMaxTransX="-0.125"/>
                <wheel rotSpeed="1" restLoad="3.6" repr="0>0|1|0" driveNode="0>0|1|0|0|0" forcePointRatio="0.2" filename="$data/vehicles/wheels/trelleborg/TM800_600_65R34.xml"                       isLeft="false" deltaY="0.19" suspTravel="0.2" spring="70" damper="17" fenderNode="0>0|1|0|1" fenderRotMin="-26" hasTireTracks="true" hasParticles="true" />
                <wheel rotSpeed="0" restLoad="3.7" repr="0>0|2"                           forcePointRatio="0.3" filename="$data/vehicles/wheels/trelleborg/TM900_710_75R42.xml" configIndex="n10v1w2" isLeft="true"  deltaY="0.205" suspTravel="0.2" spring="120" damper="20"                                           hasTireTracks="true" hasParticles="true" />
                <wheel rotSpeed="0" restLoad="3.7" repr="0>0|3"                           forcePointRatio="0.3" filename="$data/vehicles/wheels/trelleborg/TM900_710_75R42.xml" configIndex="n10v1w2" isLeft="false" deltaY="0.205" suspTravel="0.2" spring="120" damper="20"                                           hasTireTracks="true" hasParticles="true" />
            </wheels>
        </wheelConfiguration>
        <wheelConfiguration name="$l10n_configuration_valueWheelBroad" price="2800" icon="$dataS2/menu/hud/configurations/config_wheel_broad.png">
            <wheels autoRotateBackSpeed="1.7">
                <wheel rotSpeed="1" restLoad="3.8" repr="0>0|0|0" driveNode="0>0|0|0|0|0" forcePointRatio="0.2" filename="$data/vehicles/wheels/trelleborg/TM900_650_60R34.xml" configIndex="n10v2"   isLeft="true"  deltaY="0.19" suspTravel="0.2" spring="70" damper="17" fenderNode="0>0|0|0|1" fenderRotMax="26"  hasTireTracks="true" hasParticles="true" steeringNode="0>9|0" steeringNodeMinTransX="0.125" steeringNodeMaxTransX="-0.125"/>
                <wheel rotSpeed="1" restLoad="3.8" repr="0>0|1|0" driveNode="0>0|1|0|0|0" forcePointRatio="0.2" filename="$data/vehicles/wheels/trelleborg/TM900_650_60R34.xml" configIndex="n10v2"   isLeft="false" deltaY="0.19" suspTravel="0.2" spring="70" damper="17" fenderNode="0>0|1|0|1" fenderRotMin="-26" hasTireTracks="true" hasParticles="true" />
                <wheel rotSpeed="0" restLoad="3.4" repr="0>0|2"                           forcePointRatio="0.3" filename="$data/vehicles/wheels/trelleborg/TM900_900_60R42.xml" configIndex="n10v9"   isLeft="true"  deltaY="0.212" suspTravel="0.2" spring="120" damper="20"                                           hasTireTracks="true" hasParticles="true" />
                <wheel rotSpeed="0" restLoad="3.4" repr="0>0|3"                           forcePointRatio="0.3" filename="$data/vehicles/wheels/trelleborg/TM900_900_60R42.xml" configIndex="n10v9"   isLeft="false" deltaY="0.212" suspTravel="0.2" spring="120" damper="20"                                           hasTireTracks="true" hasParticles="true" />
            </wheels>
        </wheelConfiguration>
        <wheelConfiguration name="$l10n_configuration_valueTwinWheelsAll" price="5400" icon="$dataS2/menu/hud/configurations/config_wheel_twin.png" >
            <wheels autoRotateBackSpeed="1.7" ackermannSteeringIndex="2">
                <wheel rotSpeed="1" restLoad="3.6" repr="0>0|0|0" driveNode="0>0|0|0|0|0" forcePointRatio="0.2" filename="$data/vehicles/wheels/trelleborg/TM800_600_65R34.xml" isLeft="true"  deltaY="0.19" suspTravel="0.2" spring="70" damper="17" fenderNode="0>0|0|0|1" fenderRotMax="26"  hasTireTracks="true" hasParticles="true" steeringNode="0>9|0" steeringNodeMinTransX="0.125" steeringNodeMaxTransX="-0.125" mrForcePointOffsetX="0.9" mrPressureFx="0.7">
                    <additionalWheel filename="$data/vehicles/wheels/trelleborg/TM800_600_65R34.xml" configIndex="dual" isLeft="true" offset="0.2" hasTireTracks="true" hasParticles="true" addRaycast="true" >
                        <connector filename="$data/vehicles/wheels/rims/dual001.i3d" index="1|0"/>
                    </additionalWheel>
                </wheel>
                <wheel rotSpeed="1" restLoad="3.6" repr="0>0|1|0" driveNode="0>0|1|0|0|0" forcePointRatio="0.2" filename="$data/vehicles/wheels/trelleborg/TM800_600_65R34.xml" isLeft="false" deltaY="0.19" suspTravel="0.2" spring="70" damper="17" fenderNode="0>0|1|0|1" fenderRotMin="-26" hasTireTracks="true" hasParticles="true" mrForcePointOffsetX="0.9" mrPressureFx="0.7" >
                    <additionalWheel filename="$data/vehicles/wheels/trelleborg/TM800_600_65R34.xml" configIndex="dual" isLeft="false" offset="0.2" hasTireTracks="true" hasParticles="true" addRaycast="true" >
                        <connector filename="$data/vehicles/wheels/rims/dual001.i3d" index="1|1"/>
                    </additionalWheel>
                </wheel>
                <wheel rotSpeed="0" restLoad="3.0" repr="0>0|2"                           forcePointRatio="0.3" filename="$data/vehicles/wheels/trelleborg/TM900_710_75R42.xml" configIndex="n10v9" isLeft="true"  deltaY="0.205" suspTravel="0.2" spring="120" damper="20"                                           hasTireTracks="true" hasParticles="true" mass="0.55" mrForcePointOffsetX="1.1" mrPressureFx="0.7" >
                    <additionalWheel filename="$data/vehicles/wheels/trelleborg/TM900_710_75R42.xml" configIndex="dual" isLeft="true" offset="0.2" hasTireTracks="true" hasParticles="true" addRaycast="true" >
                        <connector filename="$data/vehicles/wheels/rims/dual001.i3d" index="1|0"/>
                    </additionalWheel>
                </wheel>
                <wheel rotSpeed="0" restLoad="3.0" repr="0>0|3"                           forcePointRatio="0.3" filename="$data/vehicles/wheels/trelleborg/TM900_710_75R42.xml" configIndex="n10v9" isLeft="false" deltaY="0.205" suspTravel="0.2" spring="120" damper="20"                                           hasTireTracks="true" hasParticles="true" mass="0.55" mrForcePointOffsetX="1.1" mrPressureFx="0.7" >
                    <additionalWheel filename="$data/vehicles/wheels/trelleborg/TM900_710_75R42.xml" configIndex="dual" isLeft="false" offset="0.2" hasTireTracks="true" hasParticles="true" addRaycast="true" >
                        <connector filename="$data/vehicles/wheels/rims/dual001.i3d" index="1|1"/>
                    </additionalWheel>
                </wheel>
            </wheels>
            <objectChange node="0>14|5" translationActive="1.75 1.6 -1.65"     translationInactive="0.97 1.6 -1.65" />
            <objectChange node="0>14|6" translationActive="-1.75 1.6 -1.65"    translationInactive="-0.97 1.6 -1.65" />
            <objectChange node="0>14|7"  translationActive="1.65 1.275 1.286"  translationInactive="0.97 1.275 1.286" />
            <objectChange node="0>14|8"  translationActive="-1.65 1.275 1.286" translationInactive="-0.97 1.275 1.286" />
            <size width="5" />
        </wheelConfiguration>
		<wheelConfiguration name="$l10n_configuration_valueTwinWheelsBack" price="4000" icon="$dataS2/menu/hud/configurations/config_wheel_twin.png" >
            <wheels autoRotateBackSpeed="1.7" >
                <wheel rotSpeed="1" restLoad="3.6" repr="0>0|0|0" driveNode="0>0|0|0|0|0" forcePointRatio="0.2" filename="$data/vehicles/wheels/trelleborg/TM800_600_65R34.xml" isLeft="true"  deltaY="0.19" suspTravel="0.2" spring="70" damper="17" fenderNode="0>0|0|0|1" fenderRotMax="26"  hasTireTracks="true" hasParticles="true" steeringNode="0>9|0" steeringNodeMinTransX="0.125" steeringNodeMaxTransX="-0.125" />
                <wheel rotSpeed="1" restLoad="3.6" repr="0>0|1|0" driveNode="0>0|1|0|0|0" forcePointRatio="0.2" filename="$data/vehicles/wheels/trelleborg/TM800_600_65R34.xml" isLeft="false" deltaY="0.19" suspTravel="0.2" spring="70" damper="17" fenderNode="0>0|1|0|1" fenderRotMin="-26" hasTireTracks="true" hasParticles="true"  />
                <wheel rotSpeed="0" restLoad="3.4" repr="0>0|2"                           forcePointRatio="0.3" filename="$data/vehicles/wheels/trelleborg/TM900_710_75R42.xml" configIndex="n10v9" isLeft="true"  deltaY="0.205" suspTravel="0.2" spring="120" damper="20"                                           hasTireTracks="true" hasParticles="true" mass="0.55" mrForcePointOffsetX="1.1" mrPressureFx="0.7" >
                    <additionalWheel filename="$data/vehicles/wheels/trelleborg/TM900_710_75R42.xml" configIndex="dual" isLeft="true" offset="0.2" hasTireTracks="true" hasParticles="true" addRaycast="true" >
                        <connector filename="$data/vehicles/wheels/rims/dual001.i3d" index="1|0"/>
                    </additionalWheel>
                </wheel>
                <wheel rotSpeed="0" restLoad="3.4" repr="0>0|3"                           forcePointRatio="0.3" filename="$data/vehicles/wheels/trelleborg/TM900_710_75R42.xml" configIndex="n10v9" isLeft="false" deltaY="0.205" suspTravel="0.2" spring="120" damper="20"                                           hasTireTracks="true" hasParticles="true" mass="0.55" mrForcePointOffsetX="1.1" mrPressureFx="0.7" >
                    <additionalWheel filename="$data/vehicles/wheels/trelleborg/TM900_710_75R42.xml" configIndex="dual" isLeft="false" offset="0.2" hasTireTracks="true" hasParticles="true" addRaycast="true" >
                        <connector filename="$data/vehicles/wheels/rims/dual001.i3d" index="1|1"/>
                    </additionalWheel>
                </wheel>
            </wheels>
            <objectChange node="0>14|5" translationActive="1.75 1.6 -1.65"  translationInactive="0.97 1.6 -1.65" />
            <objectChange node="0>14|6" translationActive="-1.75 1.6 -1.65" translationInactive="-0.97 1.6 -1.65" />
            <size width="5" />
        </wheelConfiguration>
    </wheelConfigurations>

    <rimColorConfigurations useDefaultColors="true" defaultColorIndex="1" price="500" icon="$dataS2/menu/hud/configurations/config_rimColor.png">
        <colorNode node="0>0" />
    </rimColorConfigurations>

    <ackermannSteeringConfigurations>
        <ackermannSteering rotSpeed="60" rotMax="49" rotCenterWheel1="2" rotCenterWheel2="3" />
        <ackermannSteering rotSpeed="60" rotMax="29" rotCenterWheel1="2" rotCenterWheel2="3" />
    </ackermannSteeringConfigurations>

    <differentials>
        <differential torqueRatio="0.5"  maxSpeedRatio="1" wheelIndex1="0" wheelIndex2="1" /> <!-- front left-right -->
        <differential torqueRatio="0.5"  maxSpeedRatio="1" wheelIndex1="2" wheelIndex2="3" /> <!-- back left-right -->
        <differential torqueRatio="0.5"  maxSpeedRatio="1" differentialIndex1="0" differentialIndex2="1" /> <!-- front-back -->
    </differentials>

    <motorConfigurations>
        <motorConfiguration name="S324" hp="350" price="0">
            <motor torqueScale="1.135" minRpm="750" maxRpm="2250" maxForwardSpeed="50" maxBackwardSpeed="38" brakeForce="7" rotInertia="0.003" lowBrakeForceScale="0.22" lowBrakeForceSpeedLimit="1" minForwardGearRatio="13.2" maxForwardGearRatio="150" minBackwardGearRatio="17.37" maxBackwardGearRatio="150" ptoMotorRpmRatio="3.611">
                <torque normRpm="0.3555" torque="0.8"/>
				<torque normRpm="0.4888" torque="0.9663"/>
                <torque normRpm="0.5777" torque="0.99"/>
                <torque normRpm="0.6666" torque="1"/>
                <torque normRpm="0.8" torque="0.95"/>
                <torque normRpm="0.8666" torque="0.9"/>                
				<torque normRpm="0.9333" torque="0.726"/>
				<torque normRpm="1" torque="0"/>
            </motor>
            <objectChange node="0>12|0" visibilityActive="true"/>
            <objectChange node="0>12|1" visibilityActive="false"/>
			<mrBoost ptoBoostTorqueRatio="1.09" speedBoostTorqueRatio="1.09" speedBoostStartKph="17" speedBoostFullKph="22" maxBoostRatio="1.09" />
        </motorConfiguration>
        <motorConfiguration name="S374" hp="400" price="25000" dailyUpkeep="50" icon="$dataS2/menu/hud/configurations/config_engine.png">
            <motor torqueScale="1.312" />
            <objectChange node="0>12|0" visibilityActive="false"/>
            <objectChange node="0>12|1" visibilityActive="true"/>
			<mrBoost ptoBoostTorqueRatio="1.08" speedBoostTorqueRatio="1.08" speedBoostStartKph="17" speedBoostFullKph="22" maxBoostRatio="1.08" />
        </motorConfiguration>
    </motorConfigurations>

    <fuelCapacity>630</fuelCapacity>

    <cameras count="2">
        <camera1 index="0>1|0|0" rotatable="true" rotateNode="0>1|0" limit="true" useWorldXZRotation="true" rotMinX="-1.4" rotMaxX="1" transMin="4" transMax="40" >
            <raycastNode index="0>1|1"/>
            <raycastNode index="0>1|2"/>
        </camera1>
        <camera2 index="0>6|0" rotatable="true" limit="true" rotMinX="-1.1" rotMaxX="0.4" transMin="0" transMax="0" useMirror="true" isInside="true" />
    </cameras>

    <lights>
        <low>
            <light                       decoration="0>2|0|0"   lightTypes="0 3" />
            <light realLight="0>2|0|1"                          lightTypes="0" excludedLightTypes="3" /> <!--FrontLights-->
            <light                       decoration="0>2|2|0"   lightTypes="0 1"/> <!--BackLights-->
            <light realLight="0>2|1|0|1" decoration="0>2|1|0|0" lightTypes="1"/> <!--WorklightBack-->
            <light                       decoration="0>2|1|1|0" lightTypes="2"/> <!--WorklightFront-->
            <light realLight="0>2|0|2"                          lightTypes="3"/> <!--HighBeam -->
        </low>
        <high>
            <light                       decoration="0>2|0|0"   lightTypes="0 3" />
            <light realLight="0>2|0|3"                          lightTypes="0" excludedLightTypes="2 3" /> <!--FrontLights-->
            <light realLight="0>2|2|1"   decoration="0>2|2|0"   lightTypes="0 3" /> <!--BackLights-->
            <light realLight="0>2|1|0|2" decoration="0>2|1|0|0" lightTypes="1" /> <!--WorklightBack  -->
            <light realLight="0>2|1|1|1" decoration="0>2|1|1|0" lightTypes="2"  /> <!--WorklightFront -->
            <light realLight="0>2|0|4"                          lightTypes="3" excludedLightTypes="2" /> <!--HighBeam-->
        </high>
        <states>
            <state lightTypes="0" />
            <state lightTypes="0 1" />
            <state lightTypes="0 1 2" />
        </states>
    </lights>

    <brakeLights>
        <brakeLight realLight="0>2|2|1" decoration="0>2|4|0" />
    </brakeLights>

    <beaconLights>
        <beaconLight index="0>2|5|0" speed="0.015" filename="$data/shared/beaconLights/beaconLight02.i3d" />
        <beaconLight index="0>2|5|1" speed="0.015" filename="$data/shared/beaconLights/beaconLight02.i3d" />
    </beaconLights>

    <turnLights>
        <turnLightLeft realLight="0>2|3|0|1" decoration="0>2|3|0|0" />
        <turnLightLeft realLight="0>2|3|0|2" />
        <turnLightRight realLight="0>2|3|1|1" decoration="0>2|3|1|0" />
        <turnLightRight realLight="0>2|3|1|2" />
    </turnLights>

    <mirrors>
        <mirror index="0>11|0" prio="2" />
        <mirror index="0>11|1" prio="1" />
        <mirror index="0>11|2" prio="1" />
    </mirrors>

    <indoorHud>
        <speed numbers="0>10|1" precision="1" />
        <time numbers="0>10|3" precision="2" />
        <operatingTime numbers="0>10|4" precision="1" />
        <rpm numbers="0>10|2" precision="0" animName="rpmDisplay" minValueAnim="0" maxValueAnim="2500" />
    </indoorHud>

    <enterReferenceNode index="0>"/>
    <exitPoint index="0>3"/>

    <attacherJoints comboDuration="2">
        <attacherJoint index="0>5|0|0|0|0" rotationNode="0>5|0|0" upperRotation="24 0 0" lowerRotation="-19 0 0" rotationNode2="0>5|0|0|0" upperDistanceToGround="1.15" lowerDistanceToGround="0.35" moveTime="3.2" ptoOutputNode="0>5|2|0" comboTime="1">
            <bottomArm rotationNode="0>5|0|1" translationNode="0>5|0|1|0" referenceNode="0>5|0|1|0|0" zScale="-1" startRotation="-17 0 0"/>
            <topArm baseNode="0>5|0|2" filename="$data/shared/vehicleParts/upperLink.i3d" zScale="-1" />
            <schema position="1 0" rotation="0" invertX="false" />
            <objectChange node="0>5|1|0" visibilityActive="false" visibilityInactive="true" />
        </attacherJoint>
        <attacherJoint index="0>5|0|3|0|0" rotationNode="0>5|0|3" upperRotation="-33 0 0" lowerRotation="27 0 0" rotationNode2="0>5|0|3|0" upperDistanceToGround="1.15" lowerDistanceToGround="0.35" moveTime="3.2" ptoOutputNode="0>5|2|1" comboTime="0">
            <bottomArm rotationNode="0>5|0|4" translationNode="0>5|0|4|0" referenceNode="0>5|0|4|0|0" zScale="1" />
            <topArm baseNode="0>5|0|5" filename="$data/shared/vehicleParts/upperLink.i3d" zScale="1" toggleVisibility="true" />
            <schema position="0 0" rotation="0" invertX="true" />
            <objectChange node="0>5|0|4|0|1" rotationActive="32 0 0" />
        </attacherJoint>
        <!-- trailer attacher -->
        <attacherJoint index="0>5|1|0|0" jointType="trailer" transNode="0>5|1|0" transNodeMinY="0.903" transNodeMaxY="1.232" mrOffsetY="-0.028" lowerRotLimit="20 66 50" upperRotRotationOffset="0" allowsJointLimitMovement="false" ptoOutputNode="0>5|2|0" comboTime="1">
            <schema position="1 0" rotation="0" invertX="false" />
            <objectChange node="0>5|1|1" visibilityActive="false"  visibilityInactive="true" />
        </attacherJoint>
        <attacherJoint index="0>5|1|1|0" transNode="0>5|1|1" transNodeMinY="0.4" transNodeMaxY="0.7" mrOffsetY="-0.028" jointType="trailerLow" lowerRotLimit="20 63 50" upperRotRotationOffset="0" allowsJointLimitMovement="false" ptoOutputNode="0>5|2|0" comboTime="1">
            <schema position="1 0" rotation="0" invertX="false" />
            <objectChange node="0>5|0|1" rotationActive="35 0 0"  rotationInactive="-17 0 0" />
            <objectChange node="0>5|1|0" visibilityActive="false"  visibilityInactive="true" />
            <steeringBars leftNode="0>5|1|1|1" rightNode="0>5|1|1|2" />
        </attacherJoint>
        <attacherJoint index="0>5|1|2" jointType="trailer" lowerRotLimit="20 75 50" upperRotRotationOffset="0" allowsJointLimitMovement="false" ptoOutputNode="0>5|2|1" comboTime="0" >
            <schema position="0 0" rotation="0" invertX="true" />
        </attacherJoint>
    </attacherJoints>

    <movingTools>
        <!-- attacher joint back bottom-->
        <movingTool index="0>5|0|1">
            <dependentPart index="0>9|2" />
        </movingTool>
        <!-- attacher joint front bottom-->
        <movingTool index="0>5|0|4">
            <!-- cylinder -->
            <dependentPart index="0>9|1" />
        </movingTool>
    </movingTools>

    <movingParts>
        <!-- front -->
        <movingPart index="0>9|1" referencePoint="0>5|0|4|0|1|0" referenceFrame="0>5|0|6">
            <translatingPart index="0>9|1|0" />
        </movingPart>

        <!-- back -->
        <movingPart index="0>9|2" referencePoint="0>5|0|1|0|1" localReferencePoint="0>9|2|0" referenceFrame="0>5|0|1|0" >
            <dependentPart index="0>9|2|0" />
        </movingPart>
        <movingPart index="0>9|2|0" referencePoint="0>5|0|1|0|1" referenceFrame="0>5|0|1|0|1" >
            <dependentPart index="0>9|3" />
            <dependentPart index="0>9|4" />
            <dependentPart index="0>9|5" />
        </movingPart>
        <movingPart index="0>9|4" referencePoint="0>5|0|1|0|2" referenceFrame="0>5|0|1|0|2" scaleZ="true" />
        <movingPart index="0>9|5" referencePoint="0>5|0|1|0|3" referenceFrame="0>5|0|1|0|3" scaleZ="true" />
        <!-- hydraulic -->
        <movingPart index="0>9|3" referencePoint="0>9|2|1" referenceFrame="0>9|2|1">
            <translatingPart index="0>9|3|0" />
            <dependentPart index="0>9|3|1" />
        </movingPart>
        <movingPart index="0>9|3|1" referencePoint="0>13|0|0" referenceFrame="0>13|0|0" scaleZ="true" />

        <!-- steering -->
        <movingPart index="0>0|0|0|2" referencePoint="0>9|0|0" referenceFrame="0>9|0|0" isActiveDirty="true" scaleZ="true" />
        <movingPart index="0>0|1|0|2" referencePoint="0>9|0|1" referenceFrame="0>9|0|1" isActiveDirty="true" scaleZ="true" />
    </movingParts>

    <animations>
        <animation name="rpmDisplay">
            <part node="0>10|0" startTime="0" endTime="1" startRot="0 0 0" endRot="-240 0 0" />
        </animation>

        <animation name="reverseDriving">
            <part node="0>4|0" startTime="0" endTime="0.3" startRot="0 0 0" endRot="50 0 0" />
            <part node="0>4|1" startTime="1.7" endTime="2" startRot="0 0 0" endRot="25 0 0" />
            <part node="0>6|2" startTime="0" endTime="0.3" startRot="0 0 0" endRot="-50 0 0" />
            <part node="0>6|2" startTime="1.7" endTime="2" startRot="-50 0 0" endRot="0 0 0" />

            <part node="0>6" startTime="0" endTime="2" startRot="0 0 0" endRot="0 180 0" />
            <part node="0>6" startTime="0" endTime="1" startTrans="-0.036 1.813 -1.114" endTrans="0.005 1.813 -0.917" />
        </animation>
    </animations>

    <reverseDriving animationName="reverseDriving">
        <target ikChain="rightFoot" targetNode="0>6|1|4" />
        <target ikChain="leftFoot"  targetNode="0>6|1|5" />
        <target ikChain="rightArm"  targetNode="0>6|1|3" setDirty="true"/>
        <target ikChain="leftArm"   targetNode="0>4|1|0|0|0" setDirty="true" />
        <steering reversedIndex="0>4|1|0|0" />
    </reverseDriving>

    <steering index="0>4|0|0|0" indoorRotation="540" outdoorRotation="50" />

    <characterNode index="0>6|1|0" cameraMinDistance="1.5" filename="$dataS2/character/player/player.xml" spineRotation="180 0 100" >
        <target ikChain="rightFoot" targetNode="0>6|1|1" />
        <target ikChain="leftFoot"  targetNode="0>6|1|2" />
        <target ikChain="rightArm"  targetNode="0>4|0|0|0|0" setDirty="true"/>
        <target ikChain="leftArm"   targetNode="0>4|0|0|0|1" setDirty="true" />
    </characterNode>

    <ai>
        <trafficCollisionTrigger index="0>7|0" />
    </ai>

    <exhaustEffects>
        <exhaustEffect index="0>8|0" filename="$data/particleSystems/shared/exhaust.i3d" minRpmColor="0.9 0.9 0.9 0.1" maxRpmColor="0.9 0.9 0.9 0.4" minRpmScale="0.05" maxRpmScale="0.5" xzRotationsOffset="100 0" xzRotationsForward="100 0" xzRotationsBackward="-80 0" xzRotationsLeft="-40 -150" xzRotationsRight="-40 150" />
    </exhaustEffects>

    <motorStartDuration>2500</motorStartDuration>
    <motorStartSound file="$data/vehicles/steerable/masseyFerguson/MF8700_start.wav" pitchOffset="0.95" volume="1.00" indoorVolumeFactor="0.42" indoorLowpassGain="0.75" />
    <motorSound file="$data/vehicles/steerable/masseyFerguson/MF8700_idle.wav"       pitchOffset="0.95" volume="1.00" indoorVolumeFactor="0.42" indoorLowpassGain="0.75" pitchMax="1.35" volumeMin="0.33" volumeMinSpeed="16" />
    <motorStopSound file="$data/vehicles/steerable/fendt/sisuAwi5_stop.wav"          pitchOffset="1.00" volume="1.25" indoorVolumeFactor="0.42" indoorLowpassGain="0.75" />

    <motorSoundRun file="$data/vehicles/steerable/fendt/fendt900_run.wav" pitchOffset="0.65" volume="0.95" indoorVolumeFactor="0.42" indoorLowpassGain="0.75" pitchMax="1.05"   />
    <motorSoundLoad file="$data/sounds/engine/loadHP360.wav"              pitchOffset="0.25" volume="0.95" indoorVolumeFactor="0.37" indoorLowpassGain="0.85" minimalVolumeFactor="0.05" pitchMax="1.15" />
    <gearboxSound file="$data/sounds/transmission/transmissionCVT_XL.wav" pitchOffset="0.50" volume="0.35" indoorVolumeFactor="0.82" indoorLowpassGain="0.75" reverseVolumeMax="0.85" volumeMax="0.90" pitchMax="1.06" />
    <retarderSound file="$data/sounds/transmission/transmissionCVT_X.wav" pitchOffset="0.57" volume="0.22" indoorVolumeFactor="0.57" indoorLowpassGain="0.80" pitchMax="2.00" volumeMax="0.50" minSpeed="0.1" />

    <attachSound file="$data/sounds/attach.wav"                           pitchOffset="1.00" volume="1.00" indoorVolumeFactor="0.60" indoorLowpassGain="0.75"  />
    <hydraulicSound file="$data/sounds/hydraulicUp.wav"                   pitchOffset="1.00" volume="0.25" indoorVolumeFactor="0.60" indoorLowpassGain="0.75" />
    <honkSound file="$data/sounds/hornBig.wav"                            pitchOffset="1.00" volume="1.00" indoorVolumeFactor="0.60" indoorLowpassGain="0.75" radius="70" innerRadius="10" />

    <brakeCompressor capacity="10000" fillSpeed="550" />
    <maximalAirConsumptionPerFullStop value="1500" />
    <brakeCompressorStartSound file="$data/sounds/technicalAccessories/compressor_controller.wav" pitchOffset="1.80" volume="1.60"  indoorVolumeFactor="0.60" indoorLowpassGain="0.75" />
    <brakeCompressorRunSound file="$data/sounds/technicalAccessories/compressor_idle.wav"         pitchOffset="0.82" volume="0.20"  indoorVolumeFactor="0.20" indoorLowpassGain="0.75" pitchMax="1.00" />
    <brakeCompressorStopSound file="$data/sounds/technicalAccessories/brakeSmall.wav"             pitchOffset="1.40" volume="0.95"  indoorVolumeFactor="0.55" indoorLowpassGain="0.75" />
    <compressedAirSound file="$data/sounds/technicalAccessories/brakeSmall.wav"                   pitchOffset="1.10" volume="0.75"  indoorVolumeFactor="0.55" indoorLowpassGain="0.75" />
    <airReleaseValveSound file="$data/sounds/technicalAccessories/regulator_valve.wav"            pitchOffset="0.95" volume="1.10"  indoorVolumeFactor="0.80" indoorLowpassGain="0.75" />

    <baseColorConfigurations useDefaultColors="true" price="2600" defaultColorIndex="8" icon="$dataS2/menu/hud/configurations/config_color.png">
        <colorNode node="0>13|0" />
    </baseColorConfigurations>

    <washable dirtDuration="50" washDuration="1" workMultiplier="4" />

    <components count="1">
        <component1 centerOfMass="0 1.1 -0.22" solverIterationCount="10" mrSetMass="9.35" />
    </components>

    <schemaOverlay file="$dataS2/menu/schemas/vehicleSchema.png" fileSelected="$dataS2/menu/schemas/vehicleSchemaSelected.png" width="0.5" height="0.5" attacherJointPosition="0.5 0" />

</vehicle>
