<?xml version="1.0" encoding="utf-8" standalone="no" ?>
<wheel>
    <configurations>
        <configuration index="basic" >
            <tire filename="wheels/wheels.i3d" indexLeft="0|0" indexRight="0|0" />
            <innerRim filename="wheels/wheels.i3d" indexLeft="0|2" indexRight="0|1"/>
        </configuration>
    </configurations>
    <size radius="0.4" maxDeformation="0.001" />
    <physics mass="0.061" frictionScale="2" maxLongStiffness="8" maxLatStiffness="100" maxLatStiffnessLoad="2" />
    <tire type="street" atlasIndex="4" />
</wheel>