﻿<?xml version="1.0" encoding="utf-8" standalone="no" ?>
<vehicle type="cultivator_jigglingParts">
    <annotation>Copyright (C) GIANTS Software GmbH, All Rights Reserved.</annotation>
	
	<!-- 
	MR
	
	bednar swifter SM18000 => not a "cultivator", only a seedbed preparation tool (not meant to be used a first tillage tool)
	=> somehow a cheating tool in the game because it does the same job as a cultivator with much less power needed
	in game, feature the std sweep tines (4 rows)
	
	about 14-15kph with 600Hp tractor on already cultivated/ploughed land
	
	neededPower
	powerConsumer
	wheels
	remove 2 useless dummywheels
	
	brake
	
	slower folding animation
	
	<mrDebug>		
		<drawPoint node="0>" translation="0 0.25 -0.5" />
		<drawPoint centerOfMass="0>" />
		<drawPoint centerOfMass="1>" />
		<drawPoint centerOfMass="2>" />
		<drawPoint centerOfMass="3>" />			
	</mrDebug>
	
	
	-->
	
	
	

    <storeData>
        <name>SWIFTER SM 18000</name>
        <specs>
            <neededPower>550</neededPower>
            <workingWidth>18.2</workingWidth>
        </specs>
        <functions>
            <function>$l10n_function_cultivator</function>
        </functions>
        <image>store_bednarSM18000.png</image>
        <price>120000</price>
        <dailyUpkeep>40</dailyUpkeep>
        <lifetime>600</lifetime>
        <rotation>0</rotation>
        <brand>BEDNAR</brand>
        <category>cultivators</category>
        <fieldJob sizeCategory="3" typeCategory="cultivator" />
        <vertexBufferMemoryUsage>6098860</vertexBufferMemoryUsage>
        <indexBufferMemoryUsage>1475286</indexBufferMemoryUsage>
        <textureMemoryUsage>18721984</textureMemoryUsage>
        <instanceVertexBufferMemoryUsage>0</instanceVertexBufferMemoryUsage>
        <instanceIndexBufferMemoryUsage>0</instanceIndexBufferMemoryUsage>
    </storeData>

    <typeDesc>$l10n_typeDesc_cultivator</typeDesc>
    <filename>vehicles/tools/bednar/bednarSM18000.i3d</filename>

    <size width="4.5" length="16" lengthOffset="-1.5"/>
    <speedLimit value="17" />

    <wheelConfigurations>
        <wheelConfiguration name="$l10n_configuration_valueDefault" price="0">
            <wheels>
                <wheel restLoad="5.3" repr="0>0|1|1|0|0"                           forcePointRatio="0.3" filename="$data/vehicles/wheels/trelleborg/T404_600_50R22_5.xml" isLeft="true"  color="0.2195 0.2233 0.2310 1" initialCompression="10" suspTravel="0.3" spring="70" damper="12" hasTireTracks="true" hasParticles="true" />
                <wheel restLoad="5.3" repr="0>0|1|1|0|1" driveNode="0>0|1|1|0|1|0" forcePointRatio="0.3" filename="$data/vehicles/wheels/trelleborg/T404_600_50R22_5.xml" isLeft="false" color="0.2195 0.2233 0.2310 1" initialCompression="10" suspTravel="0.3" spring="70" damper="12" hasTireTracks="true" hasParticles="true" />

                <wheel restLoad="2.2" repr="1>0"                           forcePointRatio="0.3" filename="$data/vehicles/wheels/trelleborg/AW305_360_65R16.xml" isLeft="true" color="0.2195 0.2233 0.2310 1" initialCompression="50" suspTravel="0.15" spring="50" damper="8" hasTireTracks="true" hasParticles="true" brakeFactor="0" mrPressureFx="2" />
                <wheel restLoad="1.0" repr="1>1|0" useReprDirection="true" forcePointRatio="0.3" filename="$data/vehicles/wheels/trelleborg/AW305_300_80R15_3.xml" isLeft="true" color="0.2195 0.2233 0.2310 1" initialCompression="110" suspTravel="0.1" spring="100" damper="10" brakeFactor="0" mrNotAWheel="true" />

                <wheel restLoad="2.2" repr="2>0"                           forcePointRatio="0.3" filename="$data/vehicles/wheels/trelleborg/AW305_360_65R16.xml" isLeft="false" color="0.2195 0.2233 0.2310 1" initialCompression="50" suspTravel="0.15" spring="50" damper="8" hasTireTracks="true" hasParticles="true" brakeFactor="0" mrPressureFx="2" />
                <wheel restLoad="1.0" repr="2>1|0" useReprDirection="true" forcePointRatio="0.3" filename="$data/vehicles/wheels/trelleborg/AW305_300_80R15_3.xml" isLeft="false" color="0.2195 0.2233 0.2310 1" initialCompression="110" suspTravel="0.1" spring="100" damper="10" brakeFactor="0" mrNotAWheel="true" />

                <wheel restLoad="1.5" repr="1>5" forcePointRatio="0.3" radius="0.5" mass="0.2" initialCompression="-50" suspTravel="0.2" spring="100" damper="20" isSynchronized="false" frictionScale="0.1" mrDummyWheel="true" />
                <!--<wheel restLoad="1.7" repr="1>6" forcePointRatio="0.3" radius="0.45" mass="0.2" initialCompression="50" suspTravel="0.15" spring="40" damper="20" isSynchronized="false" frictionScale="0.1" mrNotAWheel="true" />-->
                <wheel restLoad="1.5" repr="2>5" forcePointRatio="0.3" radius="0.5" mass="0.2" initialCompression="-50" suspTravel="0.2" spring="100" damper="20" isSynchronized="false" frictionScale="0.1" mrDummyWheel="true" />
                <!--<wheel restLoad="1.7" repr="2>6" forcePointRatio="0.3" radius="0.45" mass="0.2" initialCompression="50" suspTravel="0.15" spring="40" damper="20" isSynchronized="false" frictionScale="0.1" mrNotAWheel="true" />-->
            </wheels>
        </wheelConfiguration>
    </wheelConfigurations>

    <dynamicallyLoadedParts>
        <dynamicallyLoadedPart node="0" linkNode="0>0|1|1|0|1|1|0" filename="$data/shared/vehicleParts/wheelChock02.i3d" />
        <dynamicallyLoadedPart node="0" linkNode="0>0|1|1|0|1|1|1" filename="$data/shared/vehicleParts/wheelChock02.i3d" />
        <dynamicallyLoadedPart node="0" linkNode="0>0|5|0"         filename="$data/shared/vehicleParts/wheelChock02.i3d" />
        <dynamicallyLoadedPart node="0" linkNode="0>0|5|1"         filename="$data/shared/vehicleParts/wheelChock02.i3d" />
    </dynamicallyLoadedParts>

    <brakeForce>3</brakeForce>

    <lights>
        <low>
            <light                                 decoration="0>0|4|0|0"           lightTypes="0 3" />
            <light                                 decoration="0>0|1|2|0|1|0|8|0|0" lightTypes="0 3" />
            <light                                 decoration="0>0|1|2|0|3|0|7|0|0" lightTypes="0 3" />
        </low>
        <high>
            <light                                 decoration="0>0|4|0|0"           lightTypes="0 3" />
            <light realLight="0>0|1|2|0|1|0|8|0|1" decoration="0>0|1|2|0|1|0|8|0|0" lightTypes="0 3" />
            <light realLight="0>0|1|2|0|3|0|7|0|1" decoration="0>0|1|2|0|3|0|7|0|0" lightTypes="0 3" />
        </high>
    </lights>

    <brakeLights>
        <brakeLight realLight="0>0|1|2|0|1|0|8|0|1" decoration="0>0|1|2|0|1|0|8|2|0" />
        <brakeLight realLight="0>0|1|2|0|3|0|7|0|1" decoration="0>0|1|2|0|3|0|7|2|0" />
    </brakeLights>

    <turnLights>
        <turnLightLeft realLight="0>0|1|2|0|1|0|8|1|0|1" decoration="0>0|1|2|0|1|0|8|1|0|0" />
        <turnLightRight realLight="0>0|1|2|0|3|0|7|1|0|1" decoration="0>0|1|2|0|3|0|7|1|0|0" />
    </turnLights>

    <workAreas>
        <workArea startIndex="0>0|2|0|0" widthIndex="0>0|2|0|1" heightIndex="0>0|2|0|2" refNodeIndex="0" type="cultivator" foldMinLimit="0" foldMaxLimit="0.02" chargeValue="0.8" />
        <workArea startIndex="0>0|2|1|0" widthIndex="0>0|2|1|1" heightIndex="0>0|2|1|2" refNodeIndex="0" type="cultivator" foldMinLimit="0" foldMaxLimit="0.02" chargeValue="0.05" />
        <workArea startIndex="0>0|2|2|0" widthIndex="0>0|2|2|1" heightIndex="0>0|2|2|2" refNodeIndex="0" type="cultivator" foldMinLimit="0" foldMaxLimit="0.02" chargeValue="0.05" />
        <workArea startIndex="0>0|2|3|0" widthIndex="0>0|2|3|1" heightIndex="0>0|2|3|2" refNodeIndex="0" type="cultivator" foldMinLimit="0" foldMaxLimit="0.02" chargeValue="0.1" />
    </workAreas>

    <groundReferenceNodes>
        <groundReferenceNode index="0>0|1|2|0|1|0|0|0|0|0|2" threshold="0.1" depthNode="0>0|1|2|0|1|0|0|0|0|0|3|1" />
        <groundReferenceNode index="0>0|1|2|0|3|0|0|0|0|0|2" threshold="0.1" depthNode="0>0|1|2|0|3|0|0|0|0|0|3|1" />
    </groundReferenceNodes>

    <onlyActiveWhenLowered value="false" />

    <!-- recommended horsepower by manufacturer: 500 - 550 -->
    <powerConsumer neededPtoPower="0" forceNode="0>" forceNodeCOM="0 0.25 -0.5" loweredMaxForce="85" />

    <cultivatorSound file="$data/sounds/cultivatorSound.wav"               pitchOffset="1.00" volume="1.10" indoorVolumeFactor="0.50" />
    <cylinderedHydraulicSound file="$data/sounds/cultivatorHydraulic.wav"  pitchOffset="1.00" volume="1.00" indoorVolumeFactor="0.75" />

    <inputAttacherJoints>
        <inputAttacherJoint index="0>0|0" jointType="trailerLow" needsLowering="true" allowsLowering="true" />
    </inputAttacherJoints>

    <groundParticleAnimations>
        <groundParticleAnimation>
            <node index="0>0|6|4"                       refNodeIndex="0" materialType="SOIL" maxDepth="-0.01"/>
            <node index="0>0|1|2|0|1|0|0|0|0|0|3|0|4"   refNodeIndex="0" materialType="SOIL" maxDepth="-0.01"/>
            <node index="0>0|1|2|0|3|0|0|0|0|0|3|0|4"   refNodeIndex="0" materialType="SOIL" maxDepth="-0.01"/>
        </groundParticleAnimation>

        <groundParticle>
            <node index="0>0|6|0" refNodeIndex="0" particleType="SOIL" emitCountScale="3"/>
            <node index="0>0|6|1" refNodeIndex="0" particleType="SOIL" emitCountScale="3"/>
            <node index="0>0|6|2" refNodeIndex="0" particleType="SOIL"  />
            <node index="0>0|6|3" refNodeIndex="0" particleType="SOIL_SMOKE"  />

            <node index="0>0|1|2|0|1|0|0|0|0|0|3|0|0" refNodeIndex="0" particleType="SOIL"  />
            <node index="0>0|1|2|0|1|0|0|0|0|0|3|0|1" refNodeIndex="0" particleType="SOIL"  />
            <node index="0>0|1|2|0|1|0|0|0|0|0|3|0|2" refNodeIndex="0" particleType="SOIL"  />
            <node index="0>0|1|2|0|1|0|0|0|0|0|3|0|3" refNodeIndex="0" particleType="SOIL_SMOKE"  />

            <node index="0>0|1|2|0|3|0|0|0|0|0|3|0|0" refNodeIndex="0" particleType="SOIL"  />
            <node index="0>0|1|2|0|3|0|0|0|0|0|3|0|1" refNodeIndex="0" particleType="SOIL"  />
            <node index="0>0|1|2|0|3|0|0|0|0|0|3|0|2" refNodeIndex="0" particleType="SOIL"  />
            <node index="0>0|1|2|0|3|0|0|0|0|0|3|0|3" refNodeIndex="0" particleType="SOIL_SMOKE"  />
        </groundParticle>
    </groundParticleAnimations>

    <speedRotatingParts>
        <speedRotatingPart index="0>0|1|2|0|1|0|0|0|8|0" radius="0.181"  foldMinLimit="0" foldMaxLimit="0.02" refNodeIndex="0"/>
        <speedRotatingPart index="0>0|1|2|0|1|0|0|0|8|1" radius="0.181"  foldMinLimit="0" foldMaxLimit="0.02" refNodeIndex="0"/>
        <speedRotatingPart index="0>0|1|2|0|1|0|0|0|6"   radius="0.181"  foldMinLimit="0" foldMaxLimit="0.02" refNodeIndex="0"/>

        <speedRotatingPart index="0>0|1|2|0|3|0|0|0|8|0" radius="0.182"  foldMinLimit="0" foldMaxLimit="0.02" refNodeIndex="1"/>
        <speedRotatingPart index="0>0|1|2|0|3|0|0|0|8|1" radius="0.182"  foldMinLimit="0" foldMaxLimit="0.02" refNodeIndex="1"/>
        <speedRotatingPart index="0>0|1|2|0|3|0|0|0|6"   radius="0.182"  foldMinLimit="0" foldMaxLimit="0.02" refNodeIndex="0"/>
    </speedRotatingParts>

    <jigglingParts>
        <jigglingPart index="0>0|1|2|0|1|0|0|0|0|0|4" speedScale="2" amplitudeScale="4" shaderParameter="amplFreq" shaderParameterComponentSpeed="4" shaderParameterComponentAmplitude="1" refNodeIndex="0" />
        <jigglingPart index="0>0|1|2|0|3|0|0|0|0|0|4" speedScale="2" amplitudeScale="4" shaderParameter="amplFreq" shaderParameterComponentSpeed="4" shaderParameterComponentAmplitude="1" refNodeIndex="1" />
    </jigglingParts>

    <foldingParts startMoveDirection="1" foldMiddleAnimTime="0.13">
        <foldingPart animationName="folding" speedScale="0.5" />
    </foldingParts>

    <movingTools>
        <!-- support -->
        <movingTool index="0>0|1|0|0" playSound="true" >
            <dependentPart index="0>0|1|0|1" />
        </movingTool>

        <!-- main arm -->
        <movingTool index="0>0|1|2|0" playSound="true" >
            <componentJoint index="0" anchorActor="0" />
            <componentJoint index="1" anchorActor="0" />
            <dependentPart index="0>0|1|2|1" />
        </movingTool>

        <!-- arm 2 -->
        <movingTool index="0>0|1|2|0|0" playSound="true" >
            <componentJoint index="0" anchorActor="0" />
        </movingTool>
        <movingTool index="0>0|1|2|0|2" playSound="true" >
            <componentJoint index="1" anchorActor="0" />
        </movingTool>

        <!-- axis -->
        <movingTool index="0>0|1|1|0" wheelIndices="1 2">
            <dependentPart index="0>0|1|1|1" />
        </movingTool>

        <!-- eradicators -->
        <movingTool index="0>0|1|3|2" playSound="true" >
            <dependentPart index="0>0|1|3|3" />
        </movingTool>
        <movingTool index="0>0|1|3|0" playSound="true" >
            <dependentPart index="0>0|1|3|1" />
        </movingTool>

        <!-- front shares -->
        <movingTool index="0>0|1|2|0|1|0|2" playSound="true" >
            <dependentPart index="0>0|1|2|0|1|0|3" />
        </movingTool>
        <movingTool index="0>0|1|2|0|3|0|2" playSound="true" >
            <dependentPart index="0>0|1|2|0|1|0|3" />
        </movingTool>

        <!-- lift arms -->
        <movingTool index="0>0|1|2|0|1|0|0" playSound="true" >
            <dependentPart index="0>0|1|2|0|1|0|1" />
        </movingTool>
        <movingTool index="0>0|1|2|0|3|0|0" playSound="true" >
            <dependentPart index="0>0|1|2|0|3|0|1" />
        </movingTool>

        <!-- frames -->
        <movingTool index="0>0|1|2|0|1|0|0|0">
            <dependentPart index="0>0|1|2|0|1|0|4" />
            <dependentPart index="0>0|1|2|0|1|0|0|4" />
            <dependentPart index="0>0|1|2|0|1|0|0|1" />
            <dependentPart index="0>0|1|2|0|1|0|0|2" />
        </movingTool>
        <movingTool index="0>0|1|2|0|3|0|0|0">
            <dependentPart index="0>0|1|2|0|3|0|4" />
            <dependentPart index="0>0|1|2|0|3|0|0|4" />
            <dependentPart index="0>0|1|2|0|3|0|0|1" />
            <dependentPart index="0>0|1|2|0|3|0|0|2" />
        </movingTool>

        <!-- share units -->
        <movingTool index="0>0|1|2|0|1|0|0|0|0|0">
            <dependentPart index="0>0|1|2|0|1|0|0|0|1" />
            <dependentPart index="0>0|1|2|0|1|0|0|0|2" />
        </movingTool>
        <movingTool index="0>0|1|2|0|3|0|0|0|0|0">
            <dependentPart index="0>0|1|2|0|3|0|0|0|1" />
            <dependentPart index="0>0|1|2|0|3|0|0|0|2" />
        </movingTool>

        <!-- lock machanism -->
        <movingTool index="0>0|1|2|2">
            <dependentPart index="0>0|1|2|3" />
        </movingTool>
        <movingTool index="0>0|1|2|4">
            <dependentPart index="0>0|1|2|5" />
        </movingTool>

        <!-- connector joint -->
        <movingTool index="2>4" >
            <componentJoint index="3" anchorActor="0" />
        </movingTool>
    </movingTools>

    <movingParts isActiveDirtyTimeOffset="2" setDirtyCameraDistanceThreshold="100" >
        <!-- support -->
        <movingPart index="0>0|1|0|1" referencePoint="0>0|1|0|0|1" referenceFrame="0>0|1|0|0|1">
            <translatingPart index="0>0|1|0|1|0" />
        </movingPart>

        <!-- left arms -->
        <movingPart index="0>0|1|2|0|1"   referencePoint="1>2" referenceFrame="1>2" limitedAxis="3" isActiveDirty="true"/>
        <movingPart index="0>0|1|2|0|1|0" referencePoint="1>3" referenceFrame="1>3" limitedAxis="2" isActiveDirty="true"/>

        <!-- right arms -->
        <movingPart index="0>0|1|2|0|3"   referencePoint="2>2" referenceFrame="2>2" limitedAxis="3" isActiveDirty="true"/>
        <movingPart index="0>0|1|2|0|3|0" referencePoint="2>3" referenceFrame="2>3" limitedAxis="2" isActiveDirty="true"/>

        <!-- transport lock -->
        <movingPart index="0>0|1|2|0|1|0|7" referencePoint="0>0|1|2|0|3|0|6" referenceFrame="0>0|1|2|0|3|0|6" isActiveDirty="true"/>

        <!-- main hydraulic -->
        <movingPart index="0>0|1|2|1" referencePoint="0>0|1|2|0|4" referenceFrame="0>0|1|2|0|4">
            <translatingPart index="0>0|1|2|1|0" />
        </movingPart>

        <!-- bar lock - unlocked -->
        <movingPart index="0>0|1|2|8" localReferencePoint="0>0|1|2|8|0" referencePoint="0>0|1|2|0|1|0|5|1" referenceFrame="0>0|1|2|10" limitedAxis="2" isActiveDirty="true"/>
        <movingPart index="0>0|1|2|9" localReferencePoint="0>0|1|2|9|0" referencePoint="0>0|1|2|0|3|0|5|1" referenceFrame="0>0|1|2|11" limitedAxis="2" isActiveDirty="true"/>

        <movingPart index="0>0|1|2|0|1|0|5|1" referencePoint="0>0|1|2|8|1" referenceFrame="0>0|1|2|8|1" isActiveDirty="true"/>
        <movingPart index="0>0|1|2|0|3|0|5|1" referencePoint="0>0|1|2|9|1" referenceFrame="0>0|1|2|9|1" isActiveDirty="true"/>

        <!-- bar lock - locked -->
        <movingPart index="0>0|1|2|0|1|0|5|0" referencePoint="0>0|1|2|6|0" referenceFrame="0>0|1|2|6|0" isActiveDirty="true"/>
        <movingPart index="0>0|1|2|0|3|0|5|0" referencePoint="0>0|1|2|7|0" referenceFrame="0>0|1|2|7|0" isActiveDirty="true"/>

        <!-- axis -->
        <movingPart index="0>0|1|1|1" referencePoint="0>0|1|1|0|2" referenceFrame="0>0|1|1|0|2">
            <translatingPart index="0>0|1|1|1|0" />
        </movingPart>

        <!-- eradicators -->
        <movingPart index="0>0|1|3|3" referencePoint="0>0|1|3|2|0" referenceFrame="0>0|1|3|2|0">
            <translatingPart index="0>0|1|3|3|0" />
        </movingPart>
        <movingPart index="0>0|1|3|1" referencePoint="0>0|1|3|0|0" referenceFrame="0>0|1|3|0|0">
            <translatingPart index="0>0|1|3|1|0" />
        </movingPart>

        <!-- front shares -->
        <movingPart index="0>0|1|2|0|1|0|3" referencePoint="0>0|1|2|0|1|0|2|0" referenceFrame="0>0|1|2|0|1|0|2|0">
            <translatingPart index="0>0|1|2|0|1|0|3|0" />
        </movingPart>
        <movingPart index="0>0|1|2|0|3|0|3" referencePoint="0>0|1|2|0|3|0|2|0" referenceFrame="0>0|1|2|0|3|0|2|0">
            <translatingPart index="0>0|1|2|0|3|0|3" />
        </movingPart>

        <!-- lift arms -->
        <movingPart index="0>0|1|2|0|1|0|1" referencePoint="0>0|1|2|0|1|0|0|3" referenceFrame="0>0|1|2|0|1|0|0|3">
            <translatingPart index="0>0|1|2|0|1|0|1|0" />
        </movingPart>
        <movingPart index="0>0|1|2|0|3|0|1" referencePoint="0>0|1|2|0|3|0|0|3" referenceFrame="0>0|1|2|0|3|0|0|3">
            <translatingPart index="0>0|1|2|0|3|0|1|0" />
        </movingPart>

        <!-- parallel arms -->
        <movingPart index="0>0|1|2|0|1|0|4" referencePoint="0>0|1|2|0|1|0|0|0|9" referenceFrame="0>0|1|2|0|1|0|0|0|9"/>
        <movingPart index="0>0|1|2|0|3|0|4" referencePoint="0>0|1|2|0|3|0|0|0|9" referenceFrame="0>0|1|2|0|3|0|0|0|9"/>

        <!-- orientation arms -->
        <movingPart index="0>0|1|2|0|1|0|0|4" referencePoint="0>0|1|2|0|1|0|0|0|5" referenceFrame="0>0|1|2|0|1|0|0|0|5"/>
        <movingPart index="0>0|1|2|0|3|0|0|4" referencePoint="0>0|1|2|0|3|0|0|0|5" referenceFrame="0>0|1|2|0|3|0|0|0|5"/>

        <!-- share lowering arm 1 left -->
        <movingPart index="0>0|1|2|0|1|0|0|0|1" localReferencePoint="0>0|1|2|0|1|0|0|0|1|0" referencePoint="0>0|1|2|0|1|0|0|0|0|0|0" referenceFrame="0>0|1|2|0|1|0|0|0|0|0|0">
            <dependentPart index="0>0|1|2|0|1|0|0|0|1|0" />
        </movingPart>
        <movingPart index="0>0|1|2|0|1|0|0|0|1|0" referencePoint="0>0|1|2|0|1|0|0|0|0|0|0" referenceFrame="0>0|1|2|0|1|0|0|0|0|0|0"/>

        <!-- share lowering arm 1 right -->
        <movingPart index="0>0|1|2|0|3|0|0|0|1" localReferencePoint="0>0|1|2|0|3|0|0|0|1|0" referencePoint="0>0|1|2|0|3|0|0|0|0|0|0" referenceFrame="0>0|1|2|0|3|0|0|0|0|0|0">
            <dependentPart index="0>0|1|2|0|3|0|0|0|1|0" />
        </movingPart>
        <movingPart index="0>0|1|2|0|3|0|0|0|1|0" referencePoint="0>0|1|2|0|3|0|0|0|0|0|0" referenceFrame="0>0|1|2|0|3|0|0|0|0|0|0"/>

        <!-- share lowering arm 2 left -->
        <movingPart index="0>0|1|2|0|1|0|0|0|2" localReferencePoint="0>0|1|2|0|1|0|0|0|2|1" referencePoint="0>0|1|2|0|1|0|0|0|0|0|1" referenceFrame="0>0|1|2|0|1|0|0|0|0|0|1">
            <dependentPart index="0>0|1|2|0|1|0|0|0|2|1" />
            <dependentPart index="0>0|1|2|0|1|0|0|0|2|0" />
            <dependentPart index="0>0|1|2|0|1|0|0|0|3" />
            <dependentPart index="0>0|1|2|0|1|0|0|0|4" />
        </movingPart>
        <movingPart index="0>0|1|2|0|1|0|0|0|2|1" referencePoint="0>0|1|2|0|1|0|0|0|0|0|1" referenceFrame="0>0|1|2|0|1|0|0|0|0|0|1"/>
        <movingPart index="0>0|1|2|0|1|0|0|0|2|0" referencePoint="0>0|1|2|0|1|0|0|0|1|1" referenceFrame="0>0|1|2|0|1|0|0|0|1|1"/>
        <movingPart index="0>0|1|2|0|1|0|0|0|3" referencePoint="0>0|1|2|0|1|0|0|0|2|2" referenceFrame="0>0|1|2|0|1|0|0|0|2|2">
            <translatingPart index="0>0|1|2|0|1|0|0|0|3|0" />
        </movingPart>
        <movingPart index="0>0|1|2|0|1|0|0|0|4" referencePoint="0>0|1|2|0|1|0|0|0|2|3" referenceFrame="0>0|1|2|0|1|0|0|0|2|3"/>

        <!-- share lowering arm 2 right -->
        <movingPart index="0>0|1|2|0|3|0|0|0|2" localReferencePoint="0>0|1|2|0|3|0|0|0|2|1" referencePoint="0>0|1|2|0|3|0|0|0|0|0|1" referenceFrame="0>0|1|2|0|3|0|0|0|0|0|1">
            <dependentPart index="0>0|1|2|0|3|0|0|0|2|1" />
            <dependentPart index="0>0|1|2|0|3|0|0|0|2|0" />
            <dependentPart index="0>0|1|2|0|3|0|0|0|3" />
            <dependentPart index="0>0|1|2|0|3|0|0|0|4" />
        </movingPart>
        <movingPart index="0>0|1|2|0|3|0|0|0|2|1" referencePoint="0>0|1|2|0|3|0|0|0|0|0|1" referenceFrame="0>0|1|2|0|3|0|0|0|0|0|1"/>
        <movingPart index="0>0|1|2|0|3|0|0|0|2|0" referencePoint="0>0|1|2|0|3|0|0|0|1|1" referenceFrame="0>0|1|2|0|3|0|0|0|1|1"/>
        <movingPart index="0>0|1|2|0|3|0|0|0|3" referencePoint="0>0|1|2|0|3|0|0|0|2|2" referenceFrame="0>0|1|2|0|3|0|0|0|2|2">
            <translatingPart index="0>0|1|2|0|3|0|0|0|3|0" />
        </movingPart>
        <movingPart index="0>0|1|2|0|3|0|0|0|4" referencePoint="0>0|1|2|0|3|0|0|0|2|3" referenceFrame="0>0|1|2|0|3|0|0|0|2|3"/>

        <!-- cross arms -->
        <movingPart index="0>0|1|2|0|1|0|0|1" referencePoint="0>0|1|2|0|1|0|0|0|10" referenceFrame="0>0|1|2|0|1|0|0|0|10"/>
        <movingPart index="0>0|1|2|0|1|0|0|2" referencePoint="0>0|1|2|0|1|0|0|0|11" referenceFrame="0>0|1|2|0|1|0|0|0|11"/>
        <movingPart index="0>0|1|2|0|3|0|0|1" referencePoint="0>0|1|2|0|3|0|0|0|10" referenceFrame="0>0|1|2|0|1|0|0|0|10"/>
        <movingPart index="0>0|1|2|0|3|0|0|2" referencePoint="0>0|1|2|0|3|0|0|0|11" referenceFrame="0>0|1|2|0|1|0|0|0|11"/>

        <!-- lock machanism -->
        <movingPart index="0>0|1|2|3" referencePoint="0>0|1|2|2|0" referenceFrame="0>0|1|2|2|0">
            <translatingPart index="0>0|1|2|3|0" />
        </movingPart>
        <movingPart index="0>0|1|2|5" referencePoint="0>0|1|2|4|0" referenceFrame="0>0|1|2|4|0">
            <translatingPart index="0>0|1|2|5|0" />
        </movingPart>
    </movingParts>

    <animations>
        <animation name="moveSupport">
            <part node="0>0|1|1|0|1|1" startTime="0" endTime="0.05" visibility="false" />
            <part node="0>0|5" startTime="0" endTime="0.05" visibility="true" />
            <part node="0>0|1|1|0|1|1" startTime="0.05" endTime="0.1" visibility="true" />
            <part node="0>0|5" startTime="0.05" endTime="0.1" visibility="false" />

            <part node="0>0|1|0|0" startTime="0" duration="0.6" startRot="0 0 0" endRot="-45 0 0" />
            <part node="0>0|1|0|0|0" startTime="0" duration="0.6" startRot="0 0 0" endRot="37 0 0" />
        </animation>
        <animation name="folding">
            <!-- lowering -->

            <!-- axis -->
            <part node="0>0|1|1|0"        startTime="0" endTime="1" startRot="5 0 0" endRot="15 0 0"/>
            <part node="0>0|1|1|0"        startTime="1" endTime="2" startRot="15 0 0" endRot="0 0 0"/>
            <part node="0>0|1|1|0|1|1"        startTime="0" endTime="1" startRot="-5 0 0" endRot="-15 0 0"/>
            <part node="0>0|1|1|0|1|1"        startTime="1" endTime="2" startRot="-15 0 0" endRot="0 0 0"/>

            <!-- eradicators -->
            <part node="0>0|1|3|0"        startTime="0" endTime="1" startRot="-20 0 0" endRot="75 0 0"/>
            <part node="0>0|1|3|2"        startTime="0" endTime="1" startRot="0 0 0" endRot="70 0 0"/>

            <!-- front shares -->
            <part node="0>0|1|2|0|1|0|2"  startTime="0" endTime="1" startRot="0 -90 0" endRot="75 -90 0"/>
            <part node="0>0|1|2|0|3|0|2"  startTime="0" endTime="1" startRot="0 90 0"  endRot="75 90 0"/>

            <!-- lift arms -->
            <part node="0>0|1|2|0|1|0|0"  startTime="0" endTime="1" startRot="-8 -90 0" endRot="0 -90 0"/>
            <part node="0>0|1|2|0|1|0|0|0"  startTime="0" endTime="1" startRot="8 0 0" endRot="0 0 0"/>
            <part node="0>0|1|2|0|1|0|0|0"  startTime="0" endTime="1" startTrans="0.055 -0.429 -1.65" endTrans="0.055 -0.449 -1.62"/>

            <part node="0>0|1|2|0|1|0|0|0|0"    startTime="0" endTime="1" startRot="-10 0 0" endRot="0 0 0"/>
            <part node="0>0|1|2|0|1|0|0|0|0|0"  startTime="0" endTime="1" startRot="10 0 0" endRot="0 0 0"/>


            <part node="0>0|1|2|0|3|0|0"  startTime="0" endTime="1" startRot="-8 90 0" endRot="0 90 0"/>
            <part node="0>0|1|2|0|3|0|0|0"  startTime="0" endTime="1" startRot="8 0 0" endRot="0 0 0"/>
            <part node="0>0|1|2|0|3|0|0|0"  startTime="0" endTime="1" startTrans="-0.055 -0.429 -1.65" endTrans="-0.055 -0.449 -1.62"/>

            <part node="0>0|1|2|0|3|0|0|0|0"    startTime="0" endTime="1" startRot="-10 0 0" endRot="0 0 0"/>
            <part node="0>0|1|2|0|3|0|0|0|0|0"  startTime="0" endTime="1" startRot="10 0 0" endRot="0 0 0"/>

            <!-- folding -->

            <!-- lift parts up -->
            <part node="0>0|1|2|0"        startTime="1" endTime="4" startRot="0 0 0" endRot="90 0 0"/>

            <part node="0>0|1|2|0|1|0|5"        startTime="1" endTime="4" startRot="0 -90 0" endRot="-90 -90 0"/>
            <part node="0>0|1|2|0|3|0|5"        startTime="1" endTime="4" startRot="0 90 0" endRot="-90 90 0"/>

            <!-- fold to back -->
            <part node="0>0|1|2|0|0"        startTime="4" endTime="10" startRot="0 0 0" endRot="0 0 -90"/>
            <part node="0>0|1|2|0|2"        startTime="4" endTime="10" startRot="0 0 0" endRot="0 0 90"/>

            <!-- bar lock -->
            <part node="0>0|1|2|0|1|0|5|0" startTime="1" endTime="1.01" visibility="true"/>
            <part node="0>0|1|2|0|1|0|5|0" startTime="1.01" endTime="10.5" visibility="false"/>
            <part node="0>0|1|2|0|1|0|5|1" startTime="1" endTime="1.01" visibility="false"/>
            <part node="0>0|1|2|0|1|0|5|1" startTime="1.01" endTime="10.5" visibility="true"/>

            <part node="0>0|1|2|0|3|0|5|0" startTime="1" endTime="1.01" visibility="true"/>
            <part node="0>0|1|2|0|3|0|5|0" startTime="1.01" endTime="10.5" visibility="false"/>
            <part node="0>0|1|2|0|3|0|5|1" startTime="1" endTime="1.01" visibility="false"/>
            <part node="0>0|1|2|0|3|0|5|1" startTime="1.01" endTime="10.5" visibility="true"/>

            <part node="0>0|1|2|6" startTime="1" endTime="1.01" visibility="true"/>
            <part node="0>0|1|2|6" startTime="1.01" endTime="10.5" visibility="false"/>
            <part node="0>0|1|2|7" startTime="1" endTime="1.01" visibility="true"/>
            <part node="0>0|1|2|7" startTime="1.01" endTime="10.5" visibility="false"/>
            <part node="0>0|1|2|8" startTime="1" endTime="1.01" visibility="false"/>
            <part node="0>0|1|2|8" startTime="1.01" endTime="10.5" visibility="true"/>
            <part node="0>0|1|2|9" startTime="1" endTime="1.01" visibility="false"/>
            <part node="0>0|1|2|9" startTime="1.01" endTime="10.5" visibility="true"/>

            <part node="0>0|1|2|2" startTime="1" endTime="1.3" startRot="0 0 0" endRot="0 -25 0"/>
            <part node="0>0|1|2|4" startTime="1" endTime="1.3" startRot="0 0 0" endRot="0 25 0"/>

            <!-- set position of component joint -->
            <part node="2>4"              startTime="0" endTime="10.5" startTrans="-3.733 -0.109 1.26" endTrans="-3.733 -0.109 1.26"/>

            <!-- connect components together -->
            <part componentJointIndex="3" startTime="0" endTime="11" startRotLimit="180 180 180" endRotLimit="180 180 180" />
            <part componentJointIndex="2" startTime="7" endTime="11" startRotLimit="0 0 0" endRotLimit="0 15 180" />
			
            <part componentJointIndex="3" startTime="5.5" endTime="10" startTransLimit="20 20 20" endTransLimit="5 5 5" />
            <part componentJointIndex="3" startTime="10" endTime="10.3" startTransLimit="5 5 5" endTransLimit="1 1 1" />
            <part componentJointIndex="3" startTime="10.3" endTime="11" startTransLimit="1 1 1" endTransLimit="0 0 0" />

            <part componentJointIndex="0" startTime="1" endTime="2" startRotLimit="0 0 20" endRotLimit="0 0 0" />
            <part componentJointIndex="1" startTime="1" endTime="2" startRotLimit="0 0 20" endRotLimit="0 0 0" />

            <part componentJointIndex="0" startTime="10.5" endTime="11" startRotLimit="0 0 0" endRotLimit="0 10 45" />
            <part componentJointIndex="1" startTime="10.5" endTime="11" startRotLimit="0 0 0" endRotLimit="0 10 45" />

            <part componentJointIndex="0" startTime="0" endTime="1" startTransLimit="0 0.1 0" endTransLimit="0 0 0" />
            <part componentJointIndex="1" startTime="0" endTime="1" startTransLimit="0 0.1 0" endTransLimit="0 0 0" />

            <part node="0>0|1|2|0|1|0|6" startTime="0" endTime="10.59" visibility="true"/>
            <part node="0>0|1|2|0|1|0|6" startTime="10.6" endTime="11" visibility="false"/>

            <part node="0>0|1|2|0|1|0|7" startTime="0" endTime="10.59" visibility="false"/>
            <part node="0>0|1|2|0|1|0|7" startTime="10.6" endTime="11" visibility="true"/>
        </animation>
    </animations>

    <support animationName="moveSupport" />

    <ai>
        <areaMarkers leftIndex="0>0|3|0|0" rightIndex="0>0|3|0|1" backIndex="0>0|3|0|2" />
        <trafficCollisionTrigger index="0>0|3|1" />
        <needsLowering value="true"/>
        <forceTurnNoBackward value="true" />
        <turningRadiusLimitation rotationJointNode="0>0|0" wheelIndices="0 1" />
    </ai>

    <washable dirtDuration="30" washDuration="1" workMultiplier="20" />



    <components count="4">
        <component1 centerOfMass="0 0.55 2.7" solverIterationCount="10" mrSetMass="7" /> <!-- main body -->
        <component2 centerOfMass="-0.5 0 0.5" solverIterationCount="10" mrSetMass="4" /> <!-- left part -->
        <component3 centerOfMass="0.5 0 0.5" solverIterationCount="10" mrSetMass="4" /> <!-- right part -->
        <component4 solverIterationCount="10" mrSetMass="0.25" /> <!-- bar that connect both "wings" at the rear in transport mode -->

        <joint component1="0" component2="1" index="0>0|1|2|0|0" rotLimit="0 0 0" transLimit="0 0 0" rotLimitSpring="0 50000 4000" rotLimitDamping="0 1000 1000" />
        <joint component1="0" component2="2" index="0>0|1|2|0|2" rotLimit="0 0 0" transLimit="0 0 0" rotLimitSpring="0 50000 4000" rotLimitDamping="0 1000 1000" />

        <joint component1="1" component2="3" index="1>4" rotLimit="0 0 0" transLimit="0 0 0" />
        <joint component1="2" component2="3" index="2>4" rotLimit="180 180 180" transLimit="10 10 10" />
		
		<collisionPair component1="1" component2="2" enabled="false" />
		
    </components>

    <schemaOverlay file="$dataS2/menu/schemas/implementSchema.png" fileSelected="$dataS2/menu/schemas/implementSchemaSelected.png" width="0.5" height="0.5" attacherJointPosition="0 0"/>

</vehicle>
