﻿<?xml version="1.0" encoding="utf-8" standalone="no" ?>
<vehicle type="manureSpreader">
    <annotation>Copyright (C) GIANTS Software GmbH, All Rights Reserved.</annotation>
	
	<!-- MR
	
		world record = 4217T / 24H => avg load = 60T => 70 loads total
		time wasted not spreading (loading, headland, moving to heap) = 6min per load => total = 420min = 7 hours
		
		4217T in 17 spreading hours => 248T per hour instant output
		
		we want about 12T per Ha in the game => 20.67Ha per hour => 15m wide = 13.8kph
		speed limit set to 14kph => about 12min to empty the spreader
		
		neededPtoPower (beaters and moving floor) = 80
		
		steeringAxleAngleScale
		brakeForce
		
		capacity (DIN, not heaped)
		
		mass and center of mass (estimated weight with dual beaters at the rear = 20T)
		
		mrCOMtransWithMass
		
		<mrDebug>		
			<drawPoint centerOfMass="0>" />		
		</mrDebug>
		
	-->
	
	
	
	<moreRealistic>		
		<dragArea value="6.6" />		
	</moreRealistic>

    <storeData>
        <name>EV2200-120WR</name>
        <specs>
            <neededPower>500</neededPower>
            <workingWidth>15.0</workingWidth>
        </specs>
        <functions>
            <function>$l10n_function_manureSpreader</function>
        </functions>
        <image>store_brochardEV2200.png</image>
        <price>198000</price>
        <dailyUpkeep>240</dailyUpkeep>
        <lifetime>600</lifetime>
        <rotation>0</rotation>
        <brand>BROCHARD</brand>
        <category>manureSpreaders</category>
        <vertexBufferMemoryUsage>2320680</vertexBufferMemoryUsage>
        <indexBufferMemoryUsage>336216</indexBufferMemoryUsage>
        <textureMemoryUsage>15401672</textureMemoryUsage>
        <instanceVertexBufferMemoryUsage>0</instanceVertexBufferMemoryUsage>
        <instanceIndexBufferMemoryUsage>0</instanceIndexBufferMemoryUsage>
    </storeData>

    <typeDesc>$l10n_typeDesc_manureSpreader</typeDesc>
    <filename>vehicles/trailer/brochard/brochardEV2200.i3d</filename>

    <size width="4" length="16"/>
    <powerConsumer ptoRpm="540" neededPtoPower="80"/>
    <speedLimit value="14" />

    <wheelConfigurations>
        <wheelConfiguration name="$l10n_configuration_valueDefault" price="0">
            <wheels>
                <wheel tipOcclusionAreaGroupId="1" restLoad="2.2" repr="0>0|0|0" driveNode="0>0|0|0|0|0" forcePointRatio="0.2" filename="$data/vehicles/wheels/trelleborg/TwinRadial_710_50R26_5.xml" isLeft="true"  initialCompression="0" suspTravel="0.35" spring="80" damper="18" hasParticles="true" steeringAxleScale="0.1667" steeringAxleRotMax="10" steeringAxleRotMin="-10" />
                <wheel tipOcclusionAreaGroupId="2" restLoad="2.2" repr="0>0|1|0" driveNode="0>0|1|0|0|0" forcePointRatio="0.2" filename="$data/vehicles/wheels/trelleborg/TwinRadial_710_50R26_5.xml" isLeft="false" initialCompression="0" suspTravel="0.35" spring="80" damper="18" hasParticles="true" steeringAxleScale="0.1667" steeringAxleRotMax="10" steeringAxleRotMin="-10" />
                <wheel tipOcclusionAreaGroupId="1" restLoad="2.3" repr="0>0|2"                           forcePointRatio="0.3" filename="$data/vehicles/wheels/trelleborg/TwinRadial_710_50R26_5.xml" isLeft="true"  initialCompression="0" suspTravel="0.35" spring="80" damper="18" />
                <wheel tipOcclusionAreaGroupId="2" restLoad="2.3" repr="0>0|3"                           forcePointRatio="0.3" filename="$data/vehicles/wheels/trelleborg/TwinRadial_710_50R26_5.xml" isLeft="false"  initialCompression="0" suspTravel="0.35" spring="80" damper="18" />
                <wheel tipOcclusionAreaGroupId="1" restLoad="2.4" repr="0>0|4"                           forcePointRatio="0.3" filename="$data/vehicles/wheels/trelleborg/TwinRadial_710_50R26_5.xml" isLeft="true"  initialCompression="0" suspTravel="0.35" spring="80" damper="18" />
                <wheel tipOcclusionAreaGroupId="2" restLoad="2.4" repr="0>0|5"                           forcePointRatio="0.3" filename="$data/vehicles/wheels/trelleborg/TwinRadial_710_50R26_5.xml" isLeft="false" initialCompression="0" suspTravel="0.35" spring="80" damper="18" />
                <wheel tipOcclusionAreaGroupId="1" restLoad="2.5" repr="0>0|6|0" driveNode="0>0|6|0|0|0" forcePointRatio="0.3" filename="$data/vehicles/wheels/trelleborg/TwinRadial_710_50R26_5.xml" isLeft="true"  initialCompression="0" suspTravel="0.35" spring="80" damper="18" hasParticles="true" hasTireTracks="true" steeringAxleScale="-0.3" steeringAxleRotMax="18" steeringAxleRotMin="-18" />
                <wheel tipOcclusionAreaGroupId="2" restLoad="2.5" repr="0>0|7|0" driveNode="0>0|7|0|0|0" forcePointRatio="0.3" filename="$data/vehicles/wheels/trelleborg/TwinRadial_710_50R26_5.xml" isLeft="false" initialCompression="0" suspTravel="0.35" spring="80" damper="18" hasParticles="true" hasTireTracks="true" steeringAxleScale="-0.3" steeringAxleRotMax="18" steeringAxleRotMin="-18" />
            </wheels>
        </wheelConfiguration>
    </wheelConfigurations>

    <axisColor>0.8994 0.5174 0.0329 1</axisColor>

    <steeringAxleAngleScale startSpeed="20" endSpeed="120" backwards="true" />
    <brakeForce>2.9</brakeForce>
    <maximalAirConsumptionPerFullStop value="0.4" />

    <lights>
        <low>
            <light                     decoration="0>4|0|0" lightTypes="0 3" />
        </low>
        <high>
            <light realLight="0>4|0|1" decoration="0>4|0|0" lightTypes="0 3" />
        </high>
    </lights>

    <brakeLights>
        <brakeLight realLight="0>4|0|1" decoration="0>4|2|0" />
    </brakeLights>

    <turnLights>
        <turnLightLeft realLight="0>4|1|0|1" decoration="0>4|1|0|0" />
        <turnLightRight realLight="0>4|1|1|1" decoration="0>4|1|1|0" />
    </turnLights>

    <inputAttacherJoints>
        <inputAttacherJoint index="0>1" jointType="trailerLow" ptoInputNode="0>2" />
    </inputAttacherJoints>

    <workAreas>
        <workArea startIndex="0>10|0" widthIndex="0>10|1" heightIndex="0>10|2" type="sprayer" disableBackwards="false" />
    </workAreas>

    <fillUnits>
        <fillUnit unit="$l10n_unit_literShort" fillTypeCategories="manureSpreader" capacity="62500" />
    </fillUnits>

    <fillVolumes>
        <volumes>
            <volume index="0>9|0" scrollSpeedDischarge="0 0 0.03">
                <deformNode index="0>9|5|0" />
                <deformNode index="0>9|5|1" />
                <deformNode index="0>9|5|2" />
                <deformNode index="0>9|5|3" />
                <deformNode index="0>9|5|4" />
                <deformNode index="0>9|5|5" />
                <deformNode index="0>9|5|6" />
            </volume>
        </volumes>

        <dischargeInfos>
            <dischargeInfo> <!-- back -->
                <node index="0>9|1" width="1.4" length="1.0" alsoUseLoadInfoForDischarge="true" loadInfoFillFactor="0.98" loadInfoSizeScale="3 3.5" />
            </dischargeInfo>
        </dischargeInfos>

        <loadInfos>
            <loadInfo>
                <node index="0>9|2" width="1.4" length="1.0" />
            </loadInfo>
        </loadInfos>
    </fillVolumes>

    <fillRootNode index="0>" />
    <exactFillRootNode index="0>9|3" />
    <fillMassNode index="0>" mrCOMtransWithMass="0 0.01 -0.01" />

    <sprayer fillUnitIndex="1" unloadInfoIndex="1" loadInfoIndex="1" />

    <cylinderedHydraulicSound file="$data/sounds/hydraulicUp.wav"                 pitchOffset="0.80" volume="0.50" indoorVolumeFactor="0.75" indoorLowpassGain="0.75" />
    <fillSound                file="$data/sounds/manureFillSound.wav"             pitchOffset="1.00" volume="1.50" indoorVolumeFactor="0.65" indoorLowpassGain="0.75" />
    <spraySound               file="vehicles/trailer/brochard/brochardEV2200.wav" pitchOffset="1.00" volume="1.00" indoorVolumeFactor="0.50" indoorLowpassGain="0.75" />

    <turnedOnRotationNodes>
        <turnedOnRotationNode index="0>6|0"   type="manureSpreader" rotAxis="3" rotSpeed="-1000" turnOnFadeTime="1" turnOffFadeTime="2"/>
        <turnedOnRotationNode index="0>6|1"   type="manureSpreader" rotAxis="3" rotSpeed="1000"  turnOnFadeTime="1" turnOffFadeTime="2"/>
        <turnedOnRotationNode index="0>7|1"   type="manureSpreader" rotAxis="1" rotSpeed="-57.6"   turnOnFadeTime="1" turnOffFadeTime="1"/>
    </turnedOnRotationNodes>

    <manureSpreaderScrollers>
        <scrollerNode index="0>7|0" shaderParameterName="offsetUV" scrollSpeed="-0.03" shaderParameterComponent="1" turnOnFadeTime="1" turnOffFadeTime="1"/>
    </manureSpreaderScrollers>

    <sprayUsageScales workingWidth="15.0" scale="1" />

    <sprayParticles>
        <emitterShape node="0>12|0|1" particleType="SPREADER" worldSpace="false"/>
        <emitterShape node="0>12|0|2" particleType="SPREADER" worldSpace="false" emitCountScale="0.1"/>
        <emitterShape node="0>12|0|3" particleType="SPREADER_SMOKE" worldSpace="true"/>
    </sprayParticles>

    <sprayerEffects>
        <sprayerEffect>
            <effectNode effectNode="0>12|0|0" delay="0" foldMinLimit="0.3" foldMaxLimit="1.0" materialType="spreader" materialTypeId="1" />
        </sprayerEffect>
    </sprayerEffects>

    <movingTools>
        <movingTool index="0>5|0" playSound="true" >
            <dependentPart index="0>5|1"/>
        </movingTool>

        <!-- door indicator -->
        <movingTool index="0>9|4|0">
            <dependentPart index="0>9|4|1"/>
        </movingTool>
    </movingTools>

    <movingParts>
        <!-- steering bars -->
        <movingPart index="0>0|0|0|1" referencePoint="0>0|1|0|1" referenceFrame="0>" scaleZ="true" isActiveDirty="true">
            <dependentPart index="0>8|0" />
        </movingPart>
        <movingPart index="0>0|6|0|1" referencePoint="0>0|7|0|1" referenceFrame="0>" scaleZ="true" isActiveDirty="true">
            <dependentPart index="0>8|1" />
        </movingPart>
        <movingPart index="0>8|0" referencePoint="0>0|0|0|1|0" referenceFrame="0>">
            <translatingPart index="0>8|0|0" />
        </movingPart>
        <movingPart index="0>8|1" referencePoint="0>0|6|0|1|0" referenceFrame="0>">
            <translatingPart index="0>8|1|0" />
        </movingPart>

        <movingPart index="0>5|1" referencePoint="0>5|0|0" localReferencePoint="0>5|1|0" referenceFrame="0>5|3">
            <dependentPart index="0>5|1|0" />
            <dependentPart index="0>5|2" />
        </movingPart>
        <movingPart index="0>5|1|0" referencePoint="0>5|0|0" referenceFrame="0>5|0|0" />
        <movingPart index="0>5|2" referencePoint="0>5|1|1" referenceFrame="0>5|0|0">
            <translatingPart index="0>5|2|0" />
        </movingPart>

        <!-- door indicator -->
        <movingPart index="0>9|4|1" referencePoint="0>9|4|0|0" referenceFrame="0>9|4|0|0" scaleZ="true"/>
    </movingParts>

    <animations>
        <animation name="openBackDoor">
            <part node="0>5|0" startTime="0" endTime="2" startTrans="0 1.5 0" endTrans="0 0 0"/>
            <part node="0>9|4|0" startTime="0" endTime="2" startTrans="0 0 0.467" endTrans="0 0 0" />

            <!-- deform nodes -->
            <part node="0>9|5|0" startTime="1.5" endTime="2" startTrans="-1.107 3.445 -5.6" endTrans="-1.107 3.445 -5.8"    />
            <part node="0>9|5|1" startTime="1.5" endTime="2" startTrans="1.107 3.445 -5.6" endTrans="1.107 3.445 -5.8"     />
            <part node="0>9|5|2" startTime="1.5" endTime="2" startTrans="0.998 3.445 -5.8" endTrans="0.998 3.445 -6.03"    />
            <part node="0>9|5|3" startTime="1.5" endTime="2" startTrans="-0.997 3.445 -5.8" endTrans="-0.997 3.445 -6.03"   />
            <part node="0>9|5|4" startTime="1.5" endTime="2" startTrans="-0.469 3.445 -5.8" endTrans="-0.469 3.445 -6.03"   />
            <part node="0>9|5|5" startTime="1.5" endTime="2" startTrans="0.469 3.445 -5.8" endTrans="0.469 3.445 -6.03"    />
            <part node="0>9|5|6" startTime="1.5" endTime="2" startTrans="0 3.445 -5.8" endTrans="0 3.445 -6.03"        />
        </animation>

        <!-- move support wheel down/up -->
        <animation name="moveSupport">
            <part node="0>3|1"   startTime="0"   endTime="0.1" startTrans="0 0 -0.6" endTrans="0 0 0" />
            <part node="0>3|0"   startTime="0"   endTime="0.2" startRot="0 -90 0" endRot="0 0 0" />
            <part node="0>3|0|0" startTime="0.2" endTime="0.25" startTrans="0 0 -0.1" endTrans="0 0 0" />
        </animation>
    </animations>

    <support animationName="moveSupport" />

    <foldingParts startAnimTime="1" turnOnFoldDirection="-1" turnOnFoldMinLimit="0" turnOnFoldMaxLimit="0.5">
        <foldingPart animationName="openBackDoor" speedScale="1" />
    </foldingParts>

    <ai>
        <needsLowering value="false" />
        <areaMarkers leftIndex="0>11|0|0" rightIndex="0>11|0|1" backIndex="0>11|0|2" />
        <sizeMarkers leftIndex="0>11|1|1" rightIndex="0>11|1|1" backIndex="0>11|1|2" />
        <forceTurnNoBackward value="true" />
        <toolReverserDirectionNode index="0>11|1|2" />
        <turningRadiusLimitation radius="12" />
    </ai>

    <washable dirtDuration="30" washDuration="1" workMultiplier="4" />

    <tipOcclusionAreas>
        <tipOcclusionArea start="0>13|0" width="0>13|1" height="0>13|2" />
    </tipOcclusionAreas>

    <components count="1">
        <component1 centerOfMass="0 1.65 -1.3" solverIterationCount="10" mrSetMass="18" />
    </components>

    <schemaOverlay file="$dataS2/menu/schemas/implementSchema.png" fileSelected="$dataS2/menu/schemas/implementSchemaSelected.png" fileTurnedOn="$dataS2/menu/schemas/implementSchemaTurnedOn.png" fileSelectedTurnedOn="$dataS2/menu/schemas/implementSchemaSelectedTurnedOn.png" width="0.5" height="0.5" attacherJointPosition="0 0" />

</vehicle>