﻿<?xml version="1.0" encoding="utf-8" standalone="no" ?>
<vehicle type="forageWagon">
    <annotation>Copyright (C) GIANTS Software GmbH, All Rights Reserved.</annotation>
	
	<!-- mr
	
		power requirement
		
		cfs unit = 10% less flow dependant power requirement
		
		powerConsumer
		
		wheels
		steeringAxleAngleScale
		brakeforce
		
		inputAttacherJoint
		mrCOMtransWithMass
		dischargeEndTime
		
		mass / center of mass / rotLimitSpring
		
		
	-->
	
	<moreRealistic>
		<dragArea value="6.8" />	
		<forageWagon inputFlowDependantPtoPower="108" maxFillLiterPerSecond="265" />
		<trailer unloadingPtoPower="40" />
	</moreRealistic>

    <storeData>
        <name>Tera-Vitesse CFS 5201 DO</name>
        <specs>
            <neededPower>240</neededPower>
        </specs>
        <functions>
            <function>$l10n_function_forageWagon</function>
        </functions>
        <image>data/store/store_strautmannTeraVitesse5201.png</image>
        <price>131000</price>
        <dailyUpkeep>110</dailyUpkeep>
        <lifetime>600</lifetime>
        <rotation>0</rotation>
        <brand>STRAUTMANN</brand>
        <category>loaderWagons</category>
        <vertexBufferMemoryUsage>1593032</vertexBufferMemoryUsage>
        <indexBufferMemoryUsage>222738</indexBufferMemoryUsage>
        <textureMemoryUsage>9437392</textureMemoryUsage>
        <instanceVertexBufferMemoryUsage>0</instanceVertexBufferMemoryUsage>
        <instanceIndexBufferMemoryUsage>0</instanceIndexBufferMemoryUsage>
    </storeData>

    <typeDesc>$l10n_typeDesc_forageWagon</typeDesc>
    <filename>data/vehicles/trailers/strautmann/strautmannTeraVitesse5201.i3d</filename>

    <size width="3.5" length="12.5"/>
    <powerConsumer ptoRpm="540" neededPtoPower="20"/>
    <speedLimit value="20" />

    <wheelConfigurations>
        <wheelConfiguration name="$l10n_configuration_valueDefault" price="0">
            <wheels>
                <wheel                          tipOcclusionAreaGroupId="1" restLoad="1.9" repr="0>0|0|0" driveNode="0>0|0|0|0" forcePointRatio="0.2" filename="$data/vehicles/wheels/trelleborg/TwinRadial_710_50R26_5.xml" isLeft="true"  initialCompression="0" suspTravel="0.3" spring="45" damper="20" hasParticles="true" steeringAxleScale="0.3" steeringAxleRotMax="10" steeringAxleRotMin="-10" />
                <wheel                          tipOcclusionAreaGroupId="2" restLoad="1.9" repr="0>0|0|1" driveNode="0>0|0|1|0" forcePointRatio="0.2" filename="$data/vehicles/wheels/trelleborg/TwinRadial_710_50R26_5.xml" isLeft="false" initialCompression="0" suspTravel="0.3" spring="45" damper="20" hasParticles="true" steeringAxleScale="0.3" steeringAxleRotMax="10" steeringAxleRotMin="-10" />
                <wheel                          tipOcclusionAreaGroupId="1" restLoad="2.0" repr="0>0|0|2"                       forcePointRatio="0.3" filename="$data/vehicles/wheels/trelleborg/TwinRadial_710_50R26_5.xml" isLeft="true"  initialCompression="0" suspTravel="0.3" spring="45" damper="20" />
                <wheel                          tipOcclusionAreaGroupId="2" restLoad="2.0" repr="0>0|0|3"                       forcePointRatio="0.3" filename="$data/vehicles/wheels/trelleborg/TwinRadial_710_50R26_5.xml" isLeft="false" initialCompression="0" suspTravel="0.3" spring="45" damper="20" />
                <wheel                          tipOcclusionAreaGroupId="1" restLoad="2.1" repr="0>0|0|4" driveNode="0>0|0|4|0" forcePointRatio="0.3" filename="$data/vehicles/wheels/trelleborg/TwinRadial_710_50R26_5.xml" isLeft="true"  initialCompression="0" suspTravel="0.3" spring="45" damper="20" hasTireTracks="true" hasParticles="true" steeringAxleScale="-0.7" steeringAxleRotMax="25" steeringAxleRotMin="-25" />
                <wheel                          tipOcclusionAreaGroupId="2" restLoad="2.1" repr="0>0|0|5" driveNode="0>0|0|5|0" forcePointRatio="0.3" filename="$data/vehicles/wheels/trelleborg/TwinRadial_710_50R26_5.xml" isLeft="false" initialCompression="0" suspTravel="0.3" spring="45" damper="20" hasTireTracks="true" hasParticles="true" steeringAxleScale="-0.7" steeringAxleRotMax="25" steeringAxleRotMin="-25" />
                <wheel rotMin="-20" rotMax="30" tipOcclusionAreaGroupId="3" restLoad="0.1" repr="1>0"     driveNode="1>0|0"     forcePointRatio="0.3" radius="0.203" mass="0.01" initialCompression="60" suspTravel="0.05" spring="10" damper="1" brakeFactor="0" versatileYRot="true" isSynchronized="false" mrNotAWheel="true" />
                <wheel rotMin="-20" rotMax="30" tipOcclusionAreaGroupId="3" restLoad="0.1" repr="1>1"     driveNode="1>1|0"     forcePointRatio="0.3" radius="0.203" mass="0.01" initialCompression="60" suspTravel="0.05" spring="10" damper="1" brakeFactor="0" versatileYRot="true" isSynchronized="false" mrNotAWheel="true" />
            </wheels>
        </wheelConfiguration>
    </wheelConfigurations>

    <axisColor>0.4151 0.0210 0.0290 1</axisColor>

    <dynamicallyLoadedWheels>
        <dynamicallyLoadedWheel linkNode="0>0|4|1|0|0" filename="$data/vehicles/wheels/trelleborg/T510_16x6_50R8.xml" axisColor="0.294 0.294 0.294 1" isLeft="false"/>
        <dynamicallyLoadedWheel linkNode="0>0|4|1|1|0" filename="$data/vehicles/wheels/trelleborg/T510_16x6_50R8.xml" axisColor="0.294 0.294 0.294 1" isLeft="true"/>
    </dynamicallyLoadedWheels>

    <steeringAxleAngleScale startSpeed="20" endSpeed="120" backwards="true" />
    <brakeForce>2.6</brakeForce>
    <maximalAirConsumptionPerFullStop value="0.3" />

    <dynamicallyLoadedParts>
        <dynamicallyLoadedPart node="0" linkNode="0>0|0|5|1|0" filename="$data/shared/vehicleParts/wheelChock01.i3d" />
        <dynamicallyLoadedPart node="0" linkNode="0>0|0|5|1|1" filename="$data/shared/vehicleParts/wheelChock01.i3d" />
        <dynamicallyLoadedPart node="0" linkNode="0>0|13|0"    filename="$data/shared/vehicleParts/wheelChock01.i3d" />
        <dynamicallyLoadedPart node="0" linkNode="0>0|13|1"    filename="$data/shared/vehicleParts/wheelChock01.i3d" />
    </dynamicallyLoadedParts>

    <lights>
        <low>
            <light                           decoration="0>0|3|0|1|0|0" lightTypes="0 3" />
        </low>
        <high>
            <light realLight="0>0|3|0|1|0|1" decoration="0>0|3|0|1|0|0" lightTypes="0 3" />
        </high>
    </lights>

    <brakeLights>
        <brakeLight realLight="0>0|3|0|1|0|1" decoration="0>0|3|0|1|2|0" />
    </brakeLights>

    <turnLights>
        <turnLightLeft realLight="0>0|3|0|1|1|0|1" decoration="0>0|3|0|1|1|0|0" />
        <turnLightRight realLight="0>0|3|0|1|1|1|1" decoration="0>0|3|0|1|1|1|0" />
    </turnLights>

    <reverseLights>
        <reverseLight realLight="0>0|3|0|1|3|1" decoration="0>0|3|0|1|3|0" />
    </reverseLights>

    <inputAttacherJoints>
        <inputAttacherJoint index="0>0|1|0" jointType="trailerLow" attacherHeight="0.6" ptoInputNode="0>0|1|1" steeringBarRightNode="0>0|1|4" lowerRotLimitScale="1 0.95 1" />
    </inputAttacherJoints>

    <workAreas>
        <workArea startIndex="0>0|10|0" widthIndex="0>0|10|1" heightIndex="0>0|10|2" type="forageWagon" />
    </workAreas>

    <groundReferenceNodes>
        <groundReferenceNode index="0>0|4|2|1" threshold="0.7" />
    </groundReferenceNodes>

    <fillUnits>
        <fillUnit unit="$l10n_unit_literShort" fillTypeCategories="forageWagon" capacity="50000" />
    </fillUnits>

    <fillVolumes>
        <volumes>
            <volume index="0>0|8|0" scrollSpeedDischarge="0 0 0.4" scrollSpeedLoad="0 0 0.1" />
        </volumes>

        <unloadInfos>
            <unloadInfo> <!-- back -->
                <node index="0>0|8|1" width="1.4" length="1.0" alsoUseLoadInfoForDischarge="true" loadInfoFillFactor="0.98" loadInfoSizeScale="3 4" />
            </unloadInfo>
        </unloadInfos>

        <loadInfos>
            <loadInfo>
                <node index="0>0|8|2" width="1.4" length="1.0" />
            </loadInfo>
        </loadInfos>

        <heights>
            <height fillVolumeIndex="1" >
                <refNode index="0>0|8|3|0" />
                <refNode index="0>0|8|3|1" />
                <node index="0>0|12|0|0" baseScale="1 1 1" transAxis="0 1 0" scaleAxis="0 0 0" />
            </height>
        </heights>
    </fillVolumes>

    <fillRootNode index="0>" />
    <exactFillRootNode index="0>0|11|0" />
    <fillAutoAimTargetNode index="0>0|11|1" startZ="1.9" endZ="-4.5" invert="false" fillUnitIndex="1" startPercentage="25"/>
    <fillMassNode index="0>" mrCOMtransWithMass="0 0.035 -0.02" />

    <tipReferencePoints>
        <tipReferencePoint index="0>0|9" width="2.5" />
    </tipReferencePoints>

    <tipAnimations>
        <tipAnimation speedScale="1" animationName="tipAnimationBack" dischargeStartTime="1" dischargeEndTime="37" >
            <tipEffect>
                <effectNode effectNode="0>0|12|0|0" materialType="unloading" materialTypeId="3" fadeTime="0.5"/>
                <effectNode effectNode="0>0|12|0|1" materialType="smoke"     materialTypeId="1" fadeTime="0.5"/>
            </tipEffect>
            <emitterShape node="0>0|12|1|0" />
            <fillVolume>
                <unloadInfo index="1"/>
                <height index="1"/>
            </fillVolume>
        </tipAnimation>
    </tipAnimations>

    <forageWagon>
        <fillEffect>
            <effectNode effectClass="MorphPositionEffect" effectNode="0>0|15|0" materialType="pickup" materialTypeId="1" delay="0" fadeTime="0.5" speed="0.9" scrollLength="1.5" scrollSpeed="2"/>
        </fillEffect>
        <fillParticleSystems>
            <emitterShape node="0>0|4|2|3|0" particleType="PICKUP"         emitCountScale="6" worldSpace="false" />
            <emitterShape node="0>0|4|2|3|1" particleType="SMOKE"          emitCountScale="1"/>
            <!--emitterShape node="0>0|4|2|3|2" particleType="PICKUP_FALLING" emitCountScale="2" worldSpace="false"/>
            <emitterShape node="0>0|12|0|2"     particleType="PICKUP_FALLING" emitCountScale="2" worldSpace="false"/-->
        </fillParticleSystems>
        <runningSound file="$data/sounds/forageWagon.wav"         pitchOffset="1.05" volume="1.00" indoorVolumeFactor="0.55" />
        <alarmSound file="$data/sounds/horn.wav"                  pitchOffset="0.91" volume="0.25" indoorVolumeFactor="0.25" outdoorVolumeFactor="0.15" indoorLowpassGain="0.75" outdoorLowpassGain="0.75" />
    </forageWagon>

    <cylinderedHydraulicSound file="$data/sounds/hydraulicUp.wav" pitchOffset="0.80" volume="0.80" indoorVolumeFactor="0.65" />
    <fillSound file="$data/maps/sounds/siloFillSound.wav"         pitchOffset="1.00" volume="1.50" indoorVolumeFactor="0.65" />

    <turnedOnRotationNodes>
        <turnedOnRotationNode index="0>0|4|2|1" rotSpeed="-500" type="forageWagon" rotAxis="1" turnOnFadeTime="1" turnOffFadeTime="1"/>
        <turnedOnRotationNode index="0>0|4|2|5" rotSpeed="-500" type="forageWagon" rotAxis="1" turnOnFadeTime="1" turnOffFadeTime="1"/>
        <turnedOnRotationNode index="0>0|5|3" rotSpeed="400" type="forageWagon" rotAxis="1" turnOnFadeTime="1" turnOffFadeTime="1"/>
    </turnedOnRotationNodes>

    <speedRotatingParts>
        <speedRotatingPart index="0>0|4|1|0|0" wheelIndex="6" />
        <speedRotatingPart index="0>0|4|1|1|0" wheelIndex="7" />
        <speedRotatingPart index="0>0|4|2|2" radius="0.1" refNodeIndex="0" onlyActiveWhenLowered="true" rotateOnlyIfFillLevelIncreased="true" />
    </speedRotatingParts>

    <tipScrollerNodes>
        <tipScrollerNode index="0>0|6|1" shaderParameterName="scrollPosition" scrollSpeed="0.0195" scrollLength="7.877" shaderParameterComponent="1" turnOnFadeTime="1" turnOffFadeTime="1"/>
        <tipScrollerNode index="0>0|6|0" shaderParameterName="offsetUV"       scrollSpeed="0.2"                         shaderParameterComponent="1" turnOnFadeTime="1" turnOffFadeTime="1"/>
    </tipScrollerNodes>

    <tipRotationNodes>
        <tipRotationNode index="0>0|5|0" rotSpeed="1400"  type="trailer" rotAxis="1" turnOnFadeTime="1" turnOffFadeTime="1"/>
        <tipRotationNode index="0>0|5|1" rotSpeed="-1400" type="trailer" rotAxis="1" turnOnFadeTime="1" turnOffFadeTime="1"/>
        <tipRotationNode index="0>0|5|2" rotSpeed="1400"  type="trailer" rotAxis="1" turnOnFadeTime="1" turnOffFadeTime="1"/>
    </tipRotationNodes>

    <movingTools>
        <!-- attacher -->
        <movingTool index="0>0|1" playSound="true">
            <controls axis="AXIS_DRAWBAR" invertAxis="false" mouseSpeedFactor="0.6" iconFilename="$dataS2/menu/moveControls/drawbar_rotX.png" />
            <rotation rotSpeed="20" rotAcceleration="40" rotMax="25" rotMin="-10" rotationAxis="1"/>
            <inputAttacherJoint value="true" />
            <dependentPart index="0>0|1|2" />
            <dependentPart index="0>0|7|2" />
        </movingTool>

        <movingTool index="0>0|3|1" playSound="true">
            <controls axis="AXIS_DOOR" invertAxis="false" mouseSpeedFactor="0.8" iconFilename="$dataS2/menu/moveControls/topDoor.png" />
            <rotation rotSpeed="40" rotAcceleration="160" rotMax="140" rotMin="0" rotationAxis="1" />
            <dependentPart index="0>0|7|1" />
        </movingTool>

        <movingTool index="0>0|4|0" playSound="true">
            <componentJoint index="0" />
        </movingTool>

        <movingTool index="0>0|3|0" playSound="true">
            <dependentPart index="0>0|7|0" />
        </movingTool>
    </movingTools>

    <movingParts>
        <!-- attacher -->
        <movingPart index="0>0|7|2" referencePoint="0>0|1|3" referenceFrame="0>0|1|3">
            <translatingPart index="0>0|7|2|0" />
        </movingPart>
        <movingPart index="0>0|1|2" referencePoint="0>0|7|4" referenceFrame="0>0|7|4" scaleZ="true"/>

        <!-- pickup wheel arm -->
        <movingPart index="0>0|4|1" referencePoint="1>2" referenceFrame="1>2" isActiveDirty="true" >
            <dependentPart index="0>0|4|1|0" />
            <dependentPart index="0>0|4|1|1" />
            <dependentPart index="0>0|4|2" />
        </movingPart>
        <movingPart index="0>0|4|1|0" referenceFrame="1>0" limitedAxis="2" />
        <movingPart index="0>0|4|1|1" referenceFrame="1>1" limitedAxis="2" />
        <movingPart index="0>0|4|2" localReferencePoint="0>0|4|2|0" referencePoint="0>0|4|1|2" referenceFrame="0>">
            <dependentPart index="0>0|4|2|0" />
        </movingPart>
        <movingPart index="0>0|4|2|0" referencePoint="0>0|4|1|2" referenceFrame="0>0|4|1|2"/>

        <!-- top door -->
        <movingPart index="0>0|7|1" referencePoint="0>0|3|1|0" referenceFrame="0>0|7|3">
            <translatingPart index="0>0|7|1|0" />
        </movingPart>

        <!-- door hydraulics-->
        <movingPart index="0>0|7|0" referencePoint="0>0|3|0|0" referenceFrame="0>0|3|0|0">
            <translatingPart index="0>0|7|0|0" />
        </movingPart>

        <!-- steering bar-->
        <movingPart index="0>0|1|4" localReferencePoint="0>0|1|4|0" referencePoint="0>0|1|4|0|0" referenceFrame="0>0|1|5">
            <dependentPart index="0>0|1|4|0" />
        </movingPart>
        <movingPart index="0>0|1|4|0" referencePoint="0>0|1|4|0|0" referenceFrame="0>" />
    </movingParts>

    <animations>
        <!-- move support wheel down/up-->
        <animation name="moveSupport">
            <part node="0>0|0|5|1" startTime="0"    endTime="0.05" visibility="false" />
            <part node="0>0|13"    startTime="0"    endTime="0.05" visibility="true" />
            <part node="0>0|0|5|1" startTime="0.05" endTime="0.1" visibility="true" />
            <part node="0>0|13"    startTime="0.05" endTime="0.1" visibility="false" />
            <part node="0>0|2|0"   startTime="0"    endTime="1" startRot="0 0 180" endRot="0 0 0" />
            <part node="0>0|2|1"   startTime="0"    endTime="1" startTrans="0 0.65 0" endTrans="0 0 0" />
        </animation>

        <!-- rotate pickup down/up -->
        <animation name="rotatePickup">
            <part node="0>0|4|0" startTime="0" endTime="1" startRot="-19 0 0" endRot="-8 0 0" />
            <part                startTime="0" endTime="1" componentJointIndex="0" startRotLimit="0 0 0" endRotLimit="15 0 0"/>
        </animation>

        <!-- backtipping -->
        <animation name="tipAnimationBack">
            <part node="0>0|3|0" startTime="0" endTime="4" startRot="0 0 0" endRot="75 0 0" />
        </animation>
    </animations>

    <support animationName="moveSupport" />
    <pickupAnimation name="rotatePickup" lowerSpeed="1.5" liftSpeed="-1" />

    <washable dirtDuration="90" washDuration="1" workMultiplier="4" />

    <components count="2">
        <component1 centerOfMass="0 1.2 0" solverIterationCount="10" mrSetMass="12.3" />
        <component2 centerOfMass="0 0 0" solverIterationCount="10" mrSetMass="0.1" />
        <joint component1="0" component2="1" index="0>0|4|0" rotLimit="0 0 0" transLimit="0 0 0" rotLimitSpring="10 0 0" />
    </components>

    <schemaOverlay file="$dataS2/menu/schemas/implementSchema.png" fileSelected="$dataS2/menu/schemas/implementSchemaSelected.png" fileTurnedOn="$dataS2/menu/schemas/implementSchemaTurnedOn.png" fileSelectedTurnedOn="$dataS2/menu/schemas/implementSchemaSelectedTurnedOn.png" width="0.5" height="0.5" attacherJointPosition="0 0" />

</vehicle>