﻿<?xml version="1.0" encoding="utf-8" standalone="no" ?>
<vehicle type="tractor">
    <annotation>Copyright (C) GIANTS Software GmbH, All Rights Reserved.</annotation>

	<!-- mr
	
		T6.140 and 160 T4B AutoCommand
		
		data comes from profi 03/15
		
		
		engine max pto hp
		140 = 74.5KW / 88.6KW with boost
		160 = 88KW / 101.3KW with boost
		
	
	-->
	<moreRealistic useMrTransmission="true">		
		<dragArea value="4.7" />
		<engine rotInertiaFx="1" transmissionEfficiency="0.909" minSpeed="3" fuelUsageFactor="1" engineBrakeForceFx="0.85" />
		<lateralForces useSingleComponent="false" />
	</moreRealistic>
	
    <storeData>
        <name>T6</name>
        <specs>
            <power>143</power>
            <maxSpeed>50</maxSpeed>
        </specs>
        <functions>
            <function>$l10n_function_tractor</function>
            <function>$l10n_function_tractorFrontloader</function>
        </functions>
        <image>data/store/store_newHollandT6.png</image>
        <price>117000</price>
        <dailyUpkeep>170</dailyUpkeep>
        <lifetime>600</lifetime>
        <rotation>0</rotation>
        <brand>NEWHOLLAND</brand>
        <category>tractors</category>
        <fieldJob sizeCategory="2" typeCategory="tractor" hasFrontAndBackHydraulics="true" />
        <vertexBufferMemoryUsage>1917560</vertexBufferMemoryUsage>
        <indexBufferMemoryUsage>314382</indexBufferMemoryUsage>
        <textureMemoryUsage>22894520</textureMemoryUsage>
        <instanceVertexBufferMemoryUsage>0</instanceVertexBufferMemoryUsage>
        <instanceIndexBufferMemoryUsage>0</instanceIndexBufferMemoryUsage>
    </storeData>

    <typeDesc>$l10n_typeDesc_tractor</typeDesc>
    <filename>data/vehicles/steerable/newHolland/newHollandT6.i3d</filename>

    <size width="3" length="4.5" lengthOffset="-0.3"/>

    <wheelConfigurations>
        <wheelConfiguration name="$l10n_configuration_valueDefault" price="0">
            <wheels autoRotateBackSpeed="1.7">
                <wheel rotSpeed="1" restLoad="1.7" repr="1>0|0|0" driveNode="1>0|0|0|0|0" forcePointRatio="0.2" filename="$data/vehicles/wheels/trelleborg/TM800_540_65R28.xml" configIndex="n8v10" isLeft="true"  color="0.9157 0.9157 0.9157 1" initialCompression="0" suspTravel="0.2" spring="36" damper="9.3" hasTireTracks="true" hasParticles="true" fenderNode="1>0|0|0|1" fenderRotMax="28" />
                <wheel rotSpeed="1" restLoad="1.7" repr="1>0|1|0" driveNode="1>0|1|0|0|0" forcePointRatio="0.2" filename="$data/vehicles/wheels/trelleborg/TM800_540_65R28.xml" configIndex="n8v10" isLeft="false" color="0.9157 0.9157 0.9157 1" initialCompression="0" suspTravel="0.2" spring="36" damper="9.3" hasTireTracks="true" hasParticles="true" fenderNode="1>0|1|0|1" fenderRotMin="-28" />
                <wheel rotSpeed="0" restLoad="1.7" repr="0>0|0"                           forcePointRatio="0.3" filename="$data/vehicles/wheels/trelleborg/TM800_650_65R38_HS.xml"                  isLeft="true"  color="0.9157 0.9157 0.9157 1" initialCompression="15" suspTravel="0.2" spring="84" damper="14.5" hasTireTracks="true" hasParticles="true" />
                <wheel rotSpeed="0" restLoad="1.7" repr="0>0|1"                           forcePointRatio="0.3" filename="$data/vehicles/wheels/trelleborg/TM800_650_65R38_HS.xml"                  isLeft="false" color="0.9157 0.9157 0.9157 1" initialCompression="15" suspTravel="0.2" spring="84" damper="14.5" hasTireTracks="true" hasParticles="true" />
            </wheels>
        </wheelConfiguration>
        <wheelConfiguration name="$l10n_configuration_valueWheelNarrow" price="800" icon="$dataS2/menu/hud/configurations/config_wheel_thin.png" >
            <wheels autoRotateBackSpeed="1.7" ackermannSteeringIndex="2">
                <wheel rotSpeed="1" restLoad="1.6" repr="1>0|0|0" driveNode="1>0|0|0|0|0" forcePointRatio="0.2" filename="$data/vehicles/wheels/trelleborg/TM100_230_95R36.xml" configIndex="n8v10" isLeft="true"  color="0.9157 0.9157 0.9157 1" initialCompression="4" suspTravel="0.2" spring="54" damper="9.4" hasTireTracks="true" hasParticles="true" fenderNode="1>0|0|0|1" fenderRotMax="28" mrPressureFx="1.2" />
                <wheel rotSpeed="1" restLoad="1.6" repr="1>0|1|0" driveNode="1>0|1|0|0|0" forcePointRatio="0.2" filename="$data/vehicles/wheels/trelleborg/TM100_230_95R36.xml" configIndex="n8v10" isLeft="false" color="0.9157 0.9157 0.9157 1" initialCompression="4" suspTravel="0.2" spring="54" damper="9.4" hasTireTracks="true" hasParticles="true" fenderNode="1>0|1|0|1" fenderRotMin="-28" mrPressureFx="1.2" />
                <wheel rotSpeed="0" restLoad="1.6" repr="0>0|0"                           forcePointRatio="0.3" filename="$data/vehicles/wheels/trelleborg/TM100_300_95R52.xml" configIndex="n8v7"  isLeft="true"  color="0.9157 0.9157 0.9157 1" initialCompression="-11" suspTravel="0.2" spring="126" damper="13.6" hasTireTracks="true" hasParticles="true" mrPressureFx="1.1" />
                <wheel rotSpeed="0" restLoad="1.6" repr="0>0|1"                           forcePointRatio="0.3" filename="$data/vehicles/wheels/trelleborg/TM100_300_95R52.xml" configIndex="n8v7"  isLeft="false" color="0.9157 0.9157 0.9157 1" initialCompression="-11" suspTravel="0.2" spring="126" damper="13.6" hasTireTracks="true" hasParticles="true" mrPressureFx="1.1" />
            </wheels>
        </wheelConfiguration>
    </wheelConfigurations>

	<ackermannSteeringConfigurations>
		<ackermannSteering rotSpeed="60" rotMax="47" rotCenterWheel1="2" rotCenterWheel2="3" />
		<ackermannSteering rotSpeed="60" rotMax="55" rotCenterWheel1="2" rotCenterWheel2="3" />
    </ackermannSteeringConfigurations>

    <differentials>
        <differential torqueRatio="0.5" maxSpeedRatio="1" wheelIndex1="0" wheelIndex2="1" /> <!-- front left-right -->
        <differential torqueRatio="0.5" maxSpeedRatio="1" wheelIndex1="2" wheelIndex2="3" /> <!-- back left-right -->
        <differential torqueRatio="0.5" maxSpeedRatio="1" differentialIndex1="0" differentialIndex2="1" /> <!-- front-back -->
    </differentials>

    <motorConfigurations>
        <motorConfiguration name="T6.140" hp="143" price="0">
            <motor torqueScale="0.436" minRpm="850" maxRpm="2360" maxForwardSpeed="50" maxBackwardSpeed="20" brakeForce="4" lowBrakeForceScale="0.22" lowBrakeForceSpeedLimit="1" rotInertia="0.001" minForwardGearRatio="13.195" maxForwardGearRatio="150" minBackwardGearRatio="22.62" maxBackwardGearRatio="150" ptoMotorRpmRatio="3.5055" >
                <torque normRpm="0.36" torque="0.777"/>
                <torque normRpm="0.4237" torque="0.874"/>
                <torque normRpm="0.5085" torque="0.922"/>
                <torque normRpm="0.593" torque="1"/>
                <torque normRpm="0.678" torque="0.961"/>
				<torque normRpm="0.7627" torque="0.9065"/>
				<torque normRpm="0.932" torque="0.641"/>				
                <torque normRpm="1" torque="0"/>
            </motor>
            <objectChange node="0>12|0" visibilityActive="true"/>
            <objectChange node="0>12|1" visibilityActive="false"/>
			<mrBoost ptoBoostTorqueRatio="1.189" speedBoostTorqueRatio="1.189" speedBoostStartKph="15" speedBoostFullKph="25" maxBoostRatio="1.189" />
        </motorConfiguration>
        <motorConfiguration name="T6.160" hp="163" price="10000" dailyUpkeep="20" icon="$dataS2/menu/hud/configurations/config_engine.png">
            <motor torqueScale="0.515" />
            <objectChange node="0>12|0" visibilityActive="false"/>
            <objectChange node="0>12|1" visibilityActive="true"/>
			<mrBoost ptoBoostTorqueRatio="1.151" speedBoostTorqueRatio="1.151" speedBoostStartKph="15" speedBoostFullKph="25" maxBoostRatio="1.151" />
        </motorConfiguration>
    </motorConfigurations>

    <fuelCapacity>175</fuelCapacity>

    <cameras count="2">
        <camera1 index="0>1|0|0" rotatable="true" rotateNode="0>1|0" limit="true" useWorldXZRotation="true" rotMinX="-1.4" rotMaxX="1" transMin="4" transMax="35" >
            <raycastNode index="0>1|2"/>
            <raycastNode index="0>1|3"/>
        </camera1>
        <camera2 index="0>1|1" rotatable="true" limit="true" rotMinX="-1.1" rotMaxX="0.4" transMin="0" transMax="0" useMirror="true" isInside="true" />
    </cameras>

    <lights>
        <low>
            <light                       decoration="0>2|0|0"   lightTypes="0 3" />
            <light realLight="0>2|0|1"                          lightTypes="0" excludedLightTypes="3" /> <!--FrontLights-->
            <light                       decoration="0>2|2|0"   lightTypes="0 1"/> <!--BackLights-->
            <light realLight="0>2|1|0|1" decoration="0>2|1|0|0" lightTypes="1"/> <!--WorklightBack-->
            <light                       decoration="0>2|1|1|0" lightTypes="2"/> <!--WorklightFront-->
            <light realLight="0>2|0|2"                          lightTypes="3"/> <!--HighBeam -->
        </low>
        <high>
            <light                       decoration="0>2|0|0"   lightTypes="0 3" />
            <light realLight="0>2|0|3"                          lightTypes="0" excludedLightTypes="2 3" /> <!--FrontLights-->
            <light realLight="0>2|2|1"   decoration="0>2|2|0"   lightTypes="0 3" /> <!--BackLights-->
            <light realLight="0>2|1|0|2" decoration="0>2|1|0|0" lightTypes="1" /> <!--WorklightBack  -->
            <light realLight="0>2|1|1|1" decoration="0>2|1|1|0" lightTypes="2"  /> <!--WorklightFront -->
            <light realLight="0>2|0|4"                          lightTypes="3" excludedLightTypes="2" /> <!--HighBeam-->
        </high>
        <states>
            <state lightTypes="0" />
            <state lightTypes="0 1" />
            <state lightTypes="0 1 2" />
        </states>
    </lights>

    <brakeLights>
        <brakeLight realLight="0>2|2|1" decoration="0>2|4|0" />
    </brakeLights>

    <beaconLights>
        <beaconLight index="0>2|5|0" speed="0.015" filename="$data/shared/beaconLights/beaconLight02.i3d" />
        <beaconLight index="0>2|5|1" speed="0.015" filename="$data/shared/beaconLights/beaconLight02.i3d" />
    </beaconLights>

    <turnLights>
        <turnLightLeft realLight="0>2|3|0|1" decoration="0>2|3|0|0" />
        <turnLightLeft realLight="0>2|3|0|2" />
        <turnLightRight realLight="0>2|3|1|1" decoration="0>2|3|1|0" />
        <turnLightRight realLight="0>2|3|1|2" />
    </turnLights>

    <reverseLights>
        <reverseLight realLight="0>2|6|1" decoration="0>2|6|0" />
    </reverseLights>

    <mirrors>
        <mirror index="0>11|0" prio="2" />
        <mirror index="0>11|1" prio="1" />
        <mirror index="0>11|2" prio="1" />
    </mirrors>

    <indoorHud>
        <speed numbers="0>10|1" precision="1" />
        <speed numbers="0>10|2" precision="1" />
        <rpm animName="rpmDisplay" minValueAnim="0" maxValueAnim="2700" />
        <fuel animName="fuelDisplay" />
    </indoorHud>

    <enterReferenceNode index="0>"/>
    <exitPoint index="0>3"/>

    <attacherJoints comboDuration="2">
        <attacherJoint index="0>5|0|0|0|0" rotationNode="0>5|0|0" rotationNode2="0>5|0|0|0" upperRotation="35 0 0" lowerRotation="-15 0 0" upperDistanceToGround="1.28" lowerDistanceToGround="0.439" upperRotationOffset="1.4" moveTime="3.36" ptoOutputNode="0>5|2|0" comboTime="1">
            <bottomArm rotationNode="0>5|0|1" translationNode="0>5|0|1|0" referenceNode="0>5|0|1|0|0" zScale="-1" startRotation="-17 0 0" />
            <topArm baseNode="0>5|0|2" filename="$data/shared/vehicleParts/upperLink.i3d" zScale="-1" />
            <schema position="1 0" rotation="0" invertX="false" />
            <objectChange node="0>5|1|0" visibilityActive="false" visibilityInactive="true" />
        </attacherJoint>
        <attacherJoint index="0>5|0|3|0|0" rotationNode="0>5|0|3" rotationNode2="0>5|0|3|0" upperRotation="-26 0 0" lowerRotation="21 0 0" upperDistanceToGround="1.06" lowerDistanceToGround="0.33" upperRotationOffset="-1.4" moveTime="2.92" ptoOutputNode="0>5|2|1" comboTime="0">
            <bottomArm rotationNode="0>5|0|4" translationNode="0>5|0|4|0" referenceNode="0>5|0|4|0|0" zScale="1" startRotation="0 0 0"/>
            <topArm baseNode="0>5|0|5" filename="$data/shared/vehicleParts/upperLink.i3d" zScale="1" toggleVisibility="true" />
            <schema position="0 0" rotation="0" invertX="true" />
            <objectChange node="0>5|0|4|0|2" rotationActive="0 0 0" />
        </attacherJoint>
        <!-- trailer attacher -->
        <attacherJoint index="0>5|1|0|0" transNode="0>5|1|0" transNodeMinY="0.555" transNodeMaxY="1.023" mrOffsetY="0.03" jointType="trailer" lowerRotLimit="20 75 50" upperRotRotationOffset="0" allowsJointLimitMovement="false" ptoOutputNode="0>5|2|0" comboTime="1">
            <schema position="1 0" rotation="0" invertX="false" />
            <objectChange node="0>5|1|1" visibilityActive="false"  visibilityInactive="true" />
        </attacherJoint>
        <attacherJoint index="0>5|1|1|0" transNode="0>5|1|1" transNodeMinY="0.4" transNodeMaxY="0.7" mrOffsetY="0.03" jointType="trailerLow" lowerRotLimit="20 68 50" upperRotRotationOffset="0" allowsJointLimitMovement="false" ptoOutputNode="0>5|2|0" comboTime="1">
            <schema position="1 0" rotation="0" invertX="false" />
            <objectChange node="0>5|0|1" rotationActive="35 0 0"  rotationInactive="-17 0 0" />
            <objectChange node="0>5|1|0" visibilityActive="false"  visibilityInactive="true" />
            <steeringBars leftNode="0>5|1|1|1" rightNode="0>5|1|1|2" />
        </attacherJoint>
        <attacherJoint index="0>5|1|2" jointType="trailer" lowerRotLimit="20 75 50" upperRotRotationOffset="0" allowsJointLimitMovement="false" ptoOutputNode="0>5|2|1" comboTime="0">
            <schema position="0 0" rotation="0" invertX="true" />
            <objectChange node="0>5|0|4|0|2" visibilityActive="false" visibilityInactive="true" />
        </attacherJoint>
    </attacherJoints>

    <frontloaderConfigurations>
        <frontloaderConfiguration name="$l10n_ui_no" price="0" >
            <objectChange node="0>5|3|0" visibilityActive="false" />
        </frontloaderConfiguration>
        <frontloaderConfiguration name="$l10n_ui_yes" price="800" icon="$dataS2/menu/hud/configurations/config_loader.png" >
            <objectChange node="0>5|3|0" visibilityActive="true" visibilityInactive="false"/>
            <!-- frontloader attacher -->
            <attacherJoint index="0>5|3|0|0" jointType="attachableFrontloader" upperRotation="0 0 0" lowerRotation="0 0 0" lowerTransLimit="0 0 0" lowerRotLimit="0 0 0" moveTime="2" >
                <schema position="0 0.4" rotation="0" invertX="true" />
            </attacherJoint>
        </frontloaderConfiguration>
    </frontloaderConfigurations>

    <movingTools>
        <!-- attacher joint back bottom-->
        <movingTool index="0>5|0|1">
            <dependentPart index="0>9|0" />
        </movingTool>
        <!-- attacher joint front bottom-->
        <movingTool index="0>5|0|4">
            <!-- cylinder -->
            <dependentPart index="0>9|2" />
        </movingTool>
    </movingTools>

    <movingParts>
        <!-- front -->
        <movingPart index="0>9|2" referencePoint="0>5|0|4|0|1" referenceFrame="0>9|5">
            <translatingPart index="0>9|2|0" />
        </movingPart>

        <!-- back -->
        <movingPart index="0>9|0" referencePoint="0>5|0|1|0|1" localReferencePoint="0>9|0|0" referenceFrame="0>5|0|1|0">
            <dependentPart index="0>9|0|0" />
        </movingPart>
        <movingPart index="0>9|0|0" referencePoint="0>5|0|1|0|1" referenceFrame="0>5|0|1|0|1">
            <dependentPart index="0>9|1" />
            <dependentPart index="0>9|3" />
            <dependentPart index="0>9|4" />
        </movingPart>
        <!-- hydraulic -->
        <movingPart index="0>9|1" referencePoint="0>9|0|1" referenceFrame="0>9|5">
            <translatingPart index="0>9|1|0" />
        </movingPart>
        <movingPart index="0>9|3" referencePoint="0>5|0|1|0|2" referenceFrame="0>5|0|1|0|2">
            <translatingPart index="0>9|3|0" />
        </movingPart>
        <movingPart index="0>9|4" referencePoint="0>5|0|1|0|3" referenceFrame="0>5|0|1|0|3">
            <translatingPart index="0>9|4|0" />
        </movingPart>

        <!-- steering -->
        <movingPart index="1>0|0|0|2" referencePoint="1>0|1|0|2" referenceFrame="1>0|1|0|2" isActiveDirty="true" scaleZ="true">
            <dependentPart index="1>0|2" />
            <dependentPart index="1>0|3" />
        </movingPart>
        <movingPart index="1>0|2" referencePoint="1>0|0|0|3" referenceFrame="1>0|0|0|3">
            <translatingPart index="1>0|2|0" />
        </movingPart>
        <movingPart index="1>0|3" referencePoint="1>0|1|0|3" referenceFrame="1>0|1|0|3">
            <translatingPart index="1>0|3|0" />
        </movingPart>
    </movingParts>

    <animations>
        <animation name="rpmDisplay">
            <part node="0>10|0|0" startTime="0" endTime="1" startRot="0 0 5" endRot="0 0 -216.4" />
        </animation>
        <animation name="fuelDisplay">
            <part node="0>10|0|1" startTime="0" endTime="1" startRot="0 0 0" endRot="0 0 100" />
        </animation>
    </animations>

    <steering index="0>4|0" indoorRotation="540" outdoorRotation="60" />

    <characterNode index="0>6|0" cameraMinDistance="1.5" filename="$dataS2/character/player/player.xml" spineRotation="180 0 105" >
        <target ikChain="rightFoot" targetNode="0>6|1" />
        <target ikChain="leftFoot"  targetNode="0>6|2" />
        <target ikChain="rightArm"  targetNode="0>4|0|0" setDirty="true"/>
        <target ikChain="leftArm"   targetNode="0>4|0|1" setDirty="true" />
    </characterNode>

    <ai>
        <trafficCollisionTrigger index="0>7|0" />
    </ai>

    <exhaustEffects>
        <exhaustEffect index="0>8|0" filename="$data/particleSystems/shared/exhaust.i3d" minRpmColor="0.9 0.9 0.9 0.1" maxRpmColor="0.9 0.9 0.9 0.4" minRpmScale="0.05" maxRpmScale="0.5" xzRotationsOffset="50 0" xzRotationsForward="150 0" xzRotationsBackward="-50 0" xzRotationsLeft="-20 -100" xzRotationsRight="-20 100" />
    </exhaustEffects>

    <motorStartDuration>2500</motorStartDuration>
    <motorStartSound file="$data/vehicles/steerable/newHolland/newHollandT6160_start.wav" pitchOffset="0.95"  volume="1.00"   indoorVolumeFactor="0.45" indoorLowpassGain="0.85" />
    <motorSound file="$data/vehicles/steerable/newHolland/newHollandT6160_idle.wav"       pitchOffset="0.95"  volume="1.00"   indoorVolumeFactor="0.45" indoorLowpassGain="0.85"  volumeMin="0.75" volumeMinSpeed="24" pitchMax="1.25"  />
    <motorStopSound file="$data/vehicles/steerable/newHolland/newHollandT8320_stop.wav"   pitchOffset="1.00"  volume="1.00"   indoorVolumeFactor="0.45" indoorLowpassGain="0.85" />

    <motorSoundRun file="$data/vehicles/steerable/jcb/jcbFastrac3000_run.wav"      pitchOffset="0.69" volume="0.90" indoorVolumeFactor="0.55" indoorLowpassGain="0.85" pitchMax="1.10" />
    <motorSoundLoad file="$data/sounds/engine/loadHP300.wav"                       pitchOffset="0.69" volume="0.92" indoorVolumeFactor="0.45" indoorLowpassGain="0.85" pitchMax="1.10" minimalVolumeFactor="0.0" />

    <gearboxSound file="$data/sounds/transmission/transmissionCVT_XL.wav"          pitchOffset="0.60" volume="0.30" indoorVolumeFactor="0.80" indoorLowpassGain="0.75" volumeMax="1.30" pitchMax="1.10" reverseVolumeMax="0.8"  />
    <retarderSound file="$data/sounds/transmission/hs115LE.wav"                    pitchOffset="0.15" volume="0.21" indoorVolumeFactor="0.67" indoorLowpassGain="0.75" volumeMax="0.46" minSpeed="0.1" pitchMax="1.64" />

    <brakeCompressor capacity="10000" fillSpeed="550" />
    <maximalAirConsumptionPerFullStop value="2500" />
    <brakeCompressorStartSound file="$data/sounds/technicalAccessories/compressor_controller.wav" pitchOffset="1.00" volume="0.95"  indoorVolumeFactor="0.60" indoorLowpassGain="0.75" />
    <brakeCompressorRunSound file="$data/sounds/technicalAccessories/compressor_idle.wav"         pitchOffset="0.88" volume="0.26"  indoorVolumeFactor="0.20" indoorLowpassGain="0.75" pitchMax="1.00" />
    <brakeCompressorStopSound file="$data/sounds/technicalAccessories/brakeSmall.wav"             pitchOffset="1.60" volume="2.00"  indoorVolumeFactor="0.55" indoorLowpassGain="0.75" />
    <compressedAirSound file="$data/sounds/technicalAccessories/brakeSmall.wav"                   pitchOffset="0.95" volume="0.75"  indoorVolumeFactor="0.55" indoorLowpassGain="0.75" />
    <airReleaseValveSound file="$data/sounds/technicalAccessories/regulator_valve.wav"            pitchOffset="1.02" volume="1.10"  indoorVolumeFactor="0.75" indoorLowpassGain="0.75" />

    <hydraulicSound file="$data/sounds/hydraulicUp.wav"                                           pitchOffset="0.90" volume="0.65"  indoorVolumeFactor="0.65" indoorLowpassGain="0.80" />
    <attachSound file="$data/sounds/attach.wav"                                                   pitchOffset="1.00" volume="1.00"  indoorVolumeFactor="0.75" indoorLowpassGain="0.80" />
    <honkSound file="$data/sounds/horn.wav"                                                       pitchOffset="1.00" volume="1.50"  indoorVolumeFactor="0.70" indoorLowpassGain="0.80" radius="70" innerRadius="10" />

    <washable dirtDuration="50" washDuration="1" workMultiplier="4" />

    <components count="2">
        <component1 centerOfMass="0 1 -0.57" solverIterationCount="10" mrSetMass="4.75" />
        <component2 centerOfMass="0 0 0" solverIterationCount="20" mrSetMass="0.7" />
        <joint component1="0" component2="1" index="0>0|2" rotLimit="0 0 10" transLimit="0 0 0" maxRotDriveForce="0 0 0" rotDriveRotation="- - 0" rotDriveSpring="0 0 0" rotDriveDamping="0 0 0" breakable="false"/>
    </components>

    <schemaOverlay file="$dataS2/menu/schemas/vehicleSchema.png" fileSelected="$dataS2/menu/schemas/vehicleSchemaSelected.png" width="0.5" height="0.5" attacherJointPosition="0.5 0" />

</vehicle>