﻿<?xml version="1.0" encoding="utf-8" standalone="no" ?>
<vehicle type="tractor_crawler">
    <annotation>Copyright (C) GIANTS Software GmbH, All Rights Reserved.</annotation>
	
	<!-- mr
	
		data come from nebraska test 2148A, 2149, 2150A, 2124A, 2125, 2126A
	
		Note : T8.320 does not exist in smarttrax version IRL	
		Note 2 : model wrongly detailed concerning the rear axle (should be farther on the back of the tractor. Look weird with the cab)
		Note 3 : "poor" hud display figures compared to the T7 (rpm ? target speed ?)
		
		engine pto power = 
		t8.435 : 278KW		
		t8.380 : 231KW
		t8.320 : 189KW
		
		mass = 12.5T
		
		smarttrax :
		max forward speed = 40kph 
		fuel capacity = 670L
		mass = 17.2T
	
	-->
	<moreRealistic useMrTransmission="true">		
		<dragArea value="5.7" />
		<engine rotInertiaFx="1" transmissionEfficiency="0.89" minSpeed="3" engineBrakeForceFx="1.2" fuelUsageFactor="0.94" />
		<lateralForces useSingleComponent="false" />
	</moreRealistic>


    <storeData>
        <name>T8</name>
        <specs>
            <power>320</power>
            <maxSpeed>50</maxSpeed>
        </specs>
        <functions>
            <function>$l10n_function_tractor</function>
        </functions>
        <image>data/store/store_newHollandT8.png</image>
        <price>262000</price>
        <dailyUpkeep>390</dailyUpkeep>
        <lifetime>600</lifetime>
        <rotation>0</rotation>
        <brand>NEWHOLLAND</brand>
        <category>tractors</category>
        <fieldJob sizeCategory="3" typeCategory="tractor" hasFrontAndBackHydraulics="true" />
        <vertexBufferMemoryUsage>1953608</vertexBufferMemoryUsage>
        <indexBufferMemoryUsage>343152</indexBufferMemoryUsage>
        <textureMemoryUsage>37224856</textureMemoryUsage>
        <instanceVertexBufferMemoryUsage>0</instanceVertexBufferMemoryUsage>
        <instanceIndexBufferMemoryUsage>0</instanceIndexBufferMemoryUsage>
    </storeData>

    <typeDesc>$l10n_typeDesc_tractor</typeDesc>
    <filename>data/vehicles/steerable/newHolland/newHollandT8.i3d</filename>
    <size width="3.5" length="5.5"/>

    <wheelConfigurations>
        <wheelConfiguration name="$l10n_configuration_valueDefault" price="0">
            <wheels autoRotateBackSpeed="1.7">
                <wheel rotSpeed="1" restLoad="2.9" repr="1>0|0|0" driveNode="1>0|0|0|0" forcePointRatio="0.2" filename="$data/vehicles/wheels/trelleborg/TM900_600_70R30.xml" isLeft="true"  initialCompression="0" suspTravel="0.2" spring="68" damper="17" hasTireTracks="true" hasParticles="true" fenderNode="1>0|0|0|1" fenderRotMax="28" />
                <wheel rotSpeed="1" restLoad="2.9" repr="1>0|1|0" driveNode="1>0|1|0|0" forcePointRatio="0.2" filename="$data/vehicles/wheels/trelleborg/TM900_600_70R30.xml" isLeft="false" initialCompression="0" suspTravel="0.2" spring="68" damper="17" hasTireTracks="true" hasParticles="true" fenderNode="1>0|1|0|1" fenderRotMin="-28" />
                <wheel rotSpeed="0" restLoad="2.4" repr="0>0|0"                         forcePointRatio="0.3" filename="$data/vehicles/wheels/trelleborg/TM900_710_70R42.xml" isLeft="true"  initialCompression="0" suspTravel="0.2" spring="130" damper="22" hasTireTracks="true" hasParticles="true" mrPositionZ="-1.65" />
                <wheel rotSpeed="0" restLoad="2.4" repr="0>0|1"                         forcePointRatio="0.3" filename="$data/vehicles/wheels/trelleborg/TM900_710_70R42.xml" isLeft="false" initialCompression="0" suspTravel="0.2" spring="130" damper="22" hasTireTracks="true" hasParticles="true" mrPositionZ="-1.65" />
            </wheels>
        </wheelConfiguration>
        <wheelConfiguration name="$l10n_configuration_valueWheelWeights" price="1800" icon="$dataS2/menu/hud/configurations/config_wheel_weight.png">
            <wheels autoRotateBackSpeed="1.7">
                <wheel rotSpeed="1" restLoad="2.9" repr="1>0|0|0" driveNode="1>0|0|0|0" forcePointRatio="0.2" filename="$data/vehicles/wheels/trelleborg/TM900_600_70R30.xml"                       isLeft="true"                                           initialCompression="0" suspTravel="0.2" spring="68" damper="17" hasTireTracks="true" hasParticles="true" fenderNode="1>0|0|0|1" fenderRotMax="28" />
                <wheel rotSpeed="1" restLoad="2.9" repr="1>0|1|0" driveNode="1>0|1|0|0" forcePointRatio="0.2" filename="$data/vehicles/wheels/trelleborg/TM900_600_70R30.xml"                       isLeft="false"                                          initialCompression="0" suspTravel="0.2" spring="68" damper="17" hasTireTracks="true" hasParticles="true" fenderNode="1>0|1|0|1" fenderRotMin="-28" />
                <wheel rotSpeed="0" restLoad="3.0" repr="0>0|0"                         forcePointRatio="0.3" filename="$data/vehicles/wheels/trelleborg/TM900_710_70R42.xml" configIndex="n10v1w3" isLeft="true"  additionalColor="0.0161 0.0134 0.0120 1" initialCompression="0" suspTravel="0.2" spring="130" damper="22" hasTireTracks="true" hasParticles="true" mrPositionZ="-1.65" />
                <wheel rotSpeed="0" restLoad="3.0" repr="0>0|1"                         forcePointRatio="0.3" filename="$data/vehicles/wheels/trelleborg/TM900_710_70R42.xml" configIndex="n10v1w3" isLeft="false" additionalColor="0.0161 0.0134 0.0120 1" initialCompression="0" suspTravel="0.2" spring="130" damper="22" hasTireTracks="true" hasParticles="true" mrPositionZ="-1.65" />
            </wheels>
        </wheelConfiguration>
        <wheelConfiguration name="$l10n_configuration_valueWheelBroad" price="1800" icon="$dataS2/menu/hud/configurations/config_wheel_broad.png">
            <wheels autoRotateBackSpeed="1.7">
                <wheel rotSpeed="1" restLoad="2.9" repr="1>0|0|0" driveNode="1>0|0|0|0" forcePointRatio="0.2" filename="$data/vehicles/wheels/trelleborg/TM900_650_60R34.xml"                     isLeft="true"  initialCompression="0" suspTravel="0.2" spring="68" damper="18" hasTireTracks="true" hasParticles="true" fenderNode="1>0|0|0|1" fenderRotMax="28" />
                <wheel rotSpeed="1" restLoad="2.9" repr="1>0|1|0" driveNode="1>0|1|0|0" forcePointRatio="0.2" filename="$data/vehicles/wheels/trelleborg/TM900_650_60R34.xml"                     isLeft="false" initialCompression="0" suspTravel="0.2" spring="68" damper="18" hasTireTracks="true" hasParticles="true" fenderNode="1>0|1|0|1" fenderRotMin="-28" />
                <wheel rotSpeed="0" restLoad="2.5" repr="0>0|0"                         forcePointRatio="0.3" filename="$data/vehicles/wheels/trelleborg/TM900_900_60R42.xml" configIndex="n10v1" isLeft="true"  initialCompression="-20" suspTravel="0.2" spring="130" damper="24" hasTireTracks="true" hasParticles="true" mrPositionZ="-1.65" />
                <wheel rotSpeed="0" restLoad="2.5" repr="0>0|1"                         forcePointRatio="0.3" filename="$data/vehicles/wheels/trelleborg/TM900_900_60R42.xml" configIndex="n10v1" isLeft="false" initialCompression="-20" suspTravel="0.2" spring="130" damper="24" hasTireTracks="true" hasParticles="true" mrPositionZ="-1.65" />
            </wheels>
            <objectChange node="0>0|0" translationActive="0.95 1.023 -1.592" />
            <objectChange node="0>0|1" translationActive="-0.95 1.023 -1.592" />
            <objectChange node="1>0|0|0|0" translationActive="0.18 0 0" />
            <objectChange node="1>0|1|0|0" translationActive="-0.18 0 0" />
        </wheelConfiguration>
        <wheelConfiguration name="$l10n_configuration_valueCrawler" price="20000" icon="$dataS2/menu/hud/configurations/config_wheel_track.png">
            <wheels autoRotateBackSpeed="1.7" maxForwardSpeed="40">
                <wheel rotSpeed="1" restLoad="2.9" repr="1>0|0|0" driveNode="1>0|0|0|0" forcePointRatio="0.2" filename="$data/vehicles/wheels/trelleborg/TM900_600_70R30.xml" isLeft="true"                                     initialCompression="0" suspTravel="0.2" spring="68" damper="17" hasTireTracks="true" hasParticles="true" fenderNode="1>0|0|0|1" fenderRotMax="22" />
                <wheel rotSpeed="1" restLoad="2.9" repr="1>0|1|0" driveNode="1>0|1|0|0" forcePointRatio="0.2" filename="$data/vehicles/wheels/trelleborg/TM900_600_70R30.xml" isLeft="false"                                    initialCompression="0" suspTravel="0.2" spring="68" damper="17" hasTireTracks="true" hasParticles="true" fenderNode="1>0|1|0|1" fenderRotMin="-22" />
                <wheel rotSpeed="0" restLoad="2.5" repr="0>0|0"   driveNode="0>0|0|0"   forcePointRatio="0.3" radius="1.0" width="0.71" frictionScale="2" mass="2.7" tireType="crawler" tireTrackAtlasIndex="7" xOffset="0.05"  initialCompression="10" suspTravel="0.2" spring="180" damper="24" hasTireTracks="true" hasParticles="true" mrPositionZ="-1.65" />
                <wheel rotSpeed="0" restLoad="2.5" repr="0>0|1"   driveNode="0>0|1|0"   forcePointRatio="0.3" radius="1.0" width="0.71" frictionScale="2" mass="2.7" tireType="crawler" tireTrackAtlasIndex="7" xOffset="-0.05" initialCompression="10" suspTravel="0.2" spring="180" damper="24" hasTireTracks="true" hasParticles="true" mrPositionZ="-1.65" />
            </wheels>
            <crawlers>
                <crawler index="0" speedRefWheel="4" scrollSpeed="0.148" scrollLength="6.76" shaderParameterName="offsetUV" shaderParameterComponent="1" length="1" filename="$data/vehicles/wheels/lizard/crawler.i3d" linkIndex="0>0|0" offset="-0.15 0 0" crawlerIndex="0|1">
                    <rotatingPart index="1" radius="0.578" />
                    <rotatingPart index="2" radius="0.331" />
                    <rotatingPart index="3" radius="0.331" />
                    <rotatingPart index="4" radius="0.171" />
                    <rotatingPart index="5" radius="0.171" />
                    <rotatingPart index="6" radius="0.171" />
                </crawler>
                <crawler index="0" speedRefWheel="3" scrollSpeed="0.148" scrollLength="6.76" shaderParameterName="offsetUV" shaderParameterComponent="1" length="1" filename="$data/vehicles/wheels/lizard/crawler.i3d" linkIndex="0>0|1" offset="0.15 0 0" crawlerIndex="0|0" >
                    <rotatingPart index="1" radius="0.578" />
                    <rotatingPart index="2" radius="0.331" />
                    <rotatingPart index="3" radius="0.331" />
                    <rotatingPart index="4" radius="0.171" />
                    <rotatingPart index="5" radius="0.171" />
                    <rotatingPart index="6" radius="0.171" />
                </crawler>
            </crawlers>
            <objectChange node="0>12|0|0" visibilityActive="false" />
            <objectChange node="0>12|0|1" visibilityActive="true" />
            <fuelCapacity>670</fuelCapacity>			
        </wheelConfiguration>
		<wheelConfiguration name="$l10n_configuration_valueTwinWheelsAll" price="6000" icon="$dataS2/menu/hud/configurations/config_wheel_twin.png" >
            <wheels autoRotateBackSpeed="1.7">
                <wheel rotSpeed="1" restLoad="3.1" repr="1>0|0|0" driveNode="1>0|0|0|0" forcePointRatio="0.2" filename="$data/vehicles/wheels/trelleborg/TM900_600_70R30.xml" isLeft="true"  initialCompression="0" suspTravel="0.2" spring="68" damper="20" hasTireTracks="true" hasParticles="true" fenderNode="1>0|0|0|1" fenderRotMax="28" >
                    <additionalWheel filename="$data/vehicles/wheels/trelleborg/TM900_600_70R30.xml" configIndex="dual" isLeft="true" offset="0.2" addRaycast="true" hasTireTracks="true" hasParticles="true" >
                        <connector filename="$data/vehicles/wheels/rims/dual001.i3d" index="1|0" />
                    </additionalWheel>
                </wheel>
                <wheel rotSpeed="1" restLoad="3.1" repr="1>0|1|0" driveNode="1>0|1|0|0" forcePointRatio="0.2" filename="$data/vehicles/wheels/trelleborg/TM900_600_70R30.xml" isLeft="false" initialCompression="0" suspTravel="0.2" spring="68" damper="20" hasTireTracks="true" hasParticles="true" fenderNode="1>0|1|0|1" fenderRotMin="-28" >
                    <additionalWheel filename="$data/vehicles/wheels/trelleborg/TM900_600_70R30.xml" configIndex="dual" isLeft="false" offset="0.2" addRaycast="true" hasTireTracks="true" hasParticles="true" >
                        <connector filename="$data/vehicles/wheels/rims/dual001.i3d" index="1|1" />
                    </additionalWheel>
                </wheel>
                <wheel rotSpeed="0" restLoad="2.7" repr="0>0|0"                         forcePointRatio="0.3" filename="$data/vehicles/wheels/trelleborg/TM900_710_70R42.xml" isLeft="true"  initialCompression="0" suspTravel="0.2" spring="130" damper="26" hasTireTracks="true" hasParticles="true" mass="0.8" mrForcePointOffsetX="1.1" mrPressureFx="0.7" >
                    <additionalWheel filename="$data/vehicles/wheels/trelleborg/TM900_710_70R42.xml" configIndex="dual" isLeft="true" offset="0.2" addRaycast="true" hasTireTracks="true" hasParticles="true" >
                        <connector filename="$data/vehicles/wheels/rims/dual001.i3d" index="1|0" />
                    </additionalWheel>
                </wheel>
                <wheel rotSpeed="0" restLoad="2.7" repr="0>0|1"                         forcePointRatio="0.3" filename="$data/vehicles/wheels/trelleborg/TM900_710_70R42.xml" isLeft="false" initialCompression="0" suspTravel="0.2" spring="130" damper="26" hasTireTracks="true" hasParticles="true" mass="0.8" mrForcePointOffsetX="1.1" mrPressureFx="0.7" >
                    <additionalWheel filename="$data/vehicles/wheels/trelleborg/TM900_710_70R42.xml" configIndex="dual" isLeft="false" offset="0.2" addRaycast="true" hasTireTracks="true" hasParticles="true" >
                        <connector filename="$data/vehicles/wheels/rims/dual001.i3d" index="1|1" />
                    </additionalWheel>
                </wheel>
            </wheels>
            <objectChange node="0>14|2"  translationActive="1.64 1.432 -1.592" />
            <objectChange node="0>14|3"  translationActive="-1.70 1.432 -1.592" />
            <objectChange node="1>3|2"   translationActive="1.58 1.134 1.79" />
            <objectChange node="1>3|3"   translationActive="-1.61 1.134 1.79" />
            <size width="5" />
        </wheelConfiguration>
        <wheelConfiguration name="$l10n_configuration_valueTwinWheelsBack" price="4000" icon="$dataS2/menu/hud/configurations/config_wheel_twin.png" >
            <wheels autoRotateBackSpeed="1.7">
                <wheel rotSpeed="1" restLoad="2.9" repr="1>0|0|0" driveNode="1>0|0|0|0" forcePointRatio="0.2" filename="$data/vehicles/wheels/trelleborg/TM900_600_70R30.xml" isLeft="true"  initialCompression="0" suspTravel="0.2" spring="68" damper="17" hasTireTracks="true" hasParticles="true" fenderNode="1>0|0|0|1" fenderRotMax="28" mass="0.5" mrForcePointOffsetX="0.9" mrPressureFx="0.7" />
                <wheel rotSpeed="1" restLoad="2.9" repr="1>0|1|0" driveNode="1>0|1|0|0" forcePointRatio="0.2" filename="$data/vehicles/wheels/trelleborg/TM900_600_70R30.xml" isLeft="false" initialCompression="0" suspTravel="0.2" spring="68" damper="17" hasTireTracks="true" hasParticles="true" fenderNode="1>0|1|0|1" fenderRotMin="-28" mass="0.5" mrForcePointOffsetX="0.9" mrPressureFx="0.7" />
                <wheel rotSpeed="0" restLoad="2.7" repr="0>0|0"                         forcePointRatio="0.3" filename="$data/vehicles/wheels/trelleborg/TM900_710_70R42.xml" isLeft="true"  initialCompression="0" suspTravel="0.2" spring="130" damper="26" hasTireTracks="true" hasParticles="true" mass="0.8" mrForcePointOffsetX="1.1" mrPressureFx="0.7" >
                    <additionalWheel filename="$data/vehicles/wheels/trelleborg/TM900_710_70R42.xml" configIndex="dual" isLeft="true" offset="0.2" addRaycast="true" hasTireTracks="true" hasParticles="true" >
                        <connector filename="$data/vehicles/wheels/rims/dual001.i3d" index="1|0" />
                    </additionalWheel>
                </wheel>
                <wheel rotSpeed="0" restLoad="2.7" repr="0>0|1"                         forcePointRatio="0.3" filename="$data/vehicles/wheels/trelleborg/TM900_710_70R42.xml" isLeft="false" initialCompression="0" suspTravel="0.2" spring="130" damper="26" hasTireTracks="true" hasParticles="true" mass="0.8" mrForcePointOffsetX="1.1" mrPressureFx="0.7" >
                    <additionalWheel filename="$data/vehicles/wheels/trelleborg/TM900_710_70R42.xml" configIndex="dual" isLeft="false" offset="0.2" addRaycast="true" hasTireTracks="true" hasParticles="true" >
                        <connector filename="$data/vehicles/wheels/rims/dual001.i3d" index="1|1" />
                    </additionalWheel>
                </wheel>
            </wheels>
            <objectChange node="0>14|2"  translationActive="1.64 1.432 -1.592" />
            <objectChange node="0>14|3"  translationActive="-1.70 1.432 -1.592" />
            <size width="5" />
        </wheelConfiguration>
    </wheelConfigurations>

    <rimColor>0.9157 0.9157 0.9157 1</rimColor>

    <ackermannSteering rotSpeed="60" rotMax="47" rotCenterWheel1="2" rotCenterWheel2="3" />

    <differentials>
        <differential torqueRatio="0.5" maxSpeedRatio="1" wheelIndex1="0" wheelIndex2="1" /> <!-- front left-right -->
        <differential torqueRatio="0.5" maxSpeedRatio="1" wheelIndex1="2" wheelIndex2="3" /> <!-- back left-right -->
        <differential torqueRatio="0.5" maxSpeedRatio="1" differentialIndex1="0" differentialIndex2="1" /> <!-- front-back -->
    </differentials>

    <motorConfigurations>
        <motorConfiguration name="T8.320" hp="320" price="0">
            <motor torqueScale="1.165" minRpm="900" maxRpm="2250" maxForwardSpeed="50" maxBackwardSpeed="25" brakeForce="8.8" lowBrakeForceScale="0.22" lowBrakeForceSpeedLimit="1" rotInertia="0.002" minForwardGearRatio="13" maxForwardGearRatio="150" minBackwardGearRatio="26" maxBackwardGearRatio="150" ptoMotorRpmRatio="3.3407" >
                <torque normRpm="0.4" torque="0.72"/>
				<torque normRpm="0.441" torque="0.8"/>
                <torque normRpm="0.561" torque="0.957"/>
                <torque normRpm="0.641" torque="1"/>
                <torque normRpm="0.681" torque="0.987"/>
                <torque normRpm="0.721" torque="0.945"/>
                <torque normRpm="0.801" torque="0.862"/>
				<torque normRpm="0.946" torque="0.618"/>
				<torque normRpm="1" torque="0"/>
            </motor>
            <objectChange node="0>12|1|0" visibilityActive="true"/>
            <objectChange node="0>12|1|1" visibilityActive="false"/>
            <objectChange node="0>12|1|2" visibilityActive="false"/>
			<mrBoost ptoBoostTorqueRatio="1.124" speedBoostTorqueRatio="1.124" speedBoostStartKph="15" speedBoostFullKph="25" maxBoostRatio="1.124" />
        </motorConfiguration>
        <motorConfiguration name="T8.380" hp="381" price="30500" dailyUpkeep="61" icon="$dataS2/menu/hud/configurations/config_engine.png">
            <motor torqueScale="1.422" />
            <objectChange node="0>12|1|0" visibilityActive="false"/>
            <objectChange node="0>12|1|1" visibilityActive="true"/>
            <objectChange node="0>12|1|2" visibilityActive="false"/>
			<mrBoost ptoBoostTorqueRatio="1.102" speedBoostTorqueRatio="1.102" speedBoostStartKph="15" speedBoostFullKph="25" maxBoostRatio="1.102" />
        </motorConfiguration>
        <motorConfiguration name="T8.435" hp="435" price="57500" dailyUpkeep="115" icon="$dataS2/menu/hud/configurations/config_engine.png">
            <motor torqueScale="1.711" />
            <objectChange node="0>12|1|0" visibilityActive="false"/>
            <objectChange node="0>12|1|1" visibilityActive="false"/>
            <objectChange node="0>12|1|2" visibilityActive="true"/>
			<mrBoost ptoBoostTorqueRatio="1.042" speedBoostTorqueRatio="1.042" speedBoostStartKph="15" speedBoostFullKph="25" maxBoostRatio="1.042" />
        </motorConfiguration>
    </motorConfigurations>

    <fuelCapacity>609</fuelCapacity>

    <cameras count="2">
        <camera1 index="0>1|0|0" rotatable="true" rotateNode="0>1|0" limit="true" useWorldXZRotation="true" rotMinX="-1.4" rotMaxX="1" transMin="4" transMax="40" >
            <raycastNode index="0>1|2"/>
            <raycastNode index="0>1|3"/>
        </camera1>
        <camera2 index="0>1|1" rotatable="true" limit="true" rotMinX="-1.1" rotMaxX="0.4" transMin="0" transMax="0" useMirror="true" isInside="true" />
    </cameras>

    <lights>
        <low>
            <light                       decoration="0>2|0|0"   lightTypes="0 3" />
            <light realLight="0>2|0|1"                          lightTypes="0" excludedLightTypes="3" /> <!--FrontLights-->
            <light                       decoration="0>2|2|0"   lightTypes="0 1"/> <!--BackLights-->
            <light realLight="0>2|1|0|1" decoration="0>2|1|0|0" lightTypes="1"/> <!--WorklightBack-->
            <light                       decoration="0>2|1|1|0" lightTypes="2"/> <!--WorklightFront-->
            <light realLight="0>2|0|2"                          lightTypes="3"/> <!--HighBeam -->
        </low>
        <high>
            <light                       decoration="0>2|0|0"   lightTypes="0 3" />
            <light realLight="0>2|0|3"                          lightTypes="0" excludedLightTypes="2 3" /> <!--FrontLights-->
            <light realLight="0>2|2|1"   decoration="0>2|2|0"   lightTypes="0 3" /> <!--BackLights-->
            <light realLight="0>2|1|0|2" decoration="0>2|1|0|0" lightTypes="1" /> <!--WorklightBack  -->
            <light realLight="0>2|1|1|1" decoration="0>2|1|1|0" lightTypes="2"  /> <!--WorklightFront -->
            <light realLight="0>2|0|4"                          lightTypes="3" excludedLightTypes="2" /> <!--HighBeam-->
        </high>
        <states>
            <state lightTypes="0" />
            <state lightTypes="0 1" />
            <state lightTypes="0 1 2" />
        </states>
    </lights>

    <brakeLights>
        <brakeLight realLight="0>2|2|1" decoration="0>2|4|0" />
    </brakeLights>

    <beaconLights>
        <beaconLight index="0>2|5|0" speed="0.015" filename="$data/shared/beaconLights/beaconLight02.i3d" />
        <beaconLight index="0>2|5|1" speed="0.015" filename="$data/shared/beaconLights/beaconLight02.i3d" />
    </beaconLights>

    <turnLights>
        <turnLightLeft realLight="0>2|3|0|1" decoration="0>2|3|0|0" />
        <turnLightLeft realLight="0>2|3|0|2" />
        <turnLightRight realLight="0>2|3|1|1" decoration="0>2|3|1|0" />
        <turnLightRight realLight="0>2|3|1|2" />
    </turnLights>

    <reverseLights>
        <reverseLight realLight="0>2|6|1" decoration="0>2|6|0" />
    </reverseLights>

    <mirrors>
        <mirror index="0>11|0" prio="1" />
        <mirror index="0>11|1" prio="1" />
        <mirror index="0>11|2" prio="2" />
    </mirrors>

    <indoorHud>
        <speed numbers="0>10|1" precision="1" />
        <fuel animName="fuelDisplay" />
    </indoorHud>

    <enterReferenceNode index="0>"/>
    <exitPoint index="0>3"/>

    <attacherJoints comboDuration="2">
        <attacherJoint index="0>5|0|0|0|0" rotationNode="0>5|0|0" rotationNode2="0>5|0|0|0" upperRotation="35 0 0" lowerRotation="-15 0 0" upperDistanceToGround="1.228" lowerDistanceToGround="0.324" upperRotationOffset="-0.165" moveTime="3.6" ptoOutputNode="0>5|2|0" comboTime="1">
            <bottomArm rotationNode="0>5|0|1" translationNode="0>5|0|1|0" referenceNode="0>5|0|1|0|0" zScale="-1" startRotation="-17 0 0" />
            <topArm baseNode="0>5|0|2" filename="$data/shared/vehicleParts/upperLink.i3d" zScale="-1" />
            <schema position="1 0" rotation="0" invertX="false" />
            <objectChange node="0>5|1|1" visibilityActive="false" visibilityInactive="true" />
            <objectChange node="0>5|1|2" visibilityActive="false" visibilityInactive="true" />
        </attacherJoint>
        <attacherJoint index="0>5|0|3|0|0" rotationNode="0>5|0|3" rotationNode2="0>5|0|3|0" upperRotation="-26 0 0" lowerRotation="27 0 0" upperDistanceToGround="1.035" lowerDistanceToGround="0.33" upperRotationOffset="0.164" moveTime="2.82" ptoOutputNode="0>5|2|1" comboTime="0">
            <bottomArm rotationNode="0>5|0|4" translationNode="0>5|0|4|0" referenceNode="0>5|0|4|0|0" zScale="1" startRotation="-33 0 0"/>
            <topArm baseNode="0>5|0|5" filename="$data/shared/vehicleParts/upperLink.i3d" zScale="1" toggleVisibility="true" />
            <schema position="0 0" rotation="0" invertX="true" />
            <objectChange node="0>5|0|4|0|2" rotationActive="-119.618 20.661 4.190" />
            <objectChange node="0>5|0|4|0|3" rotationActive="-177.378 20.661 175.810" />
        </attacherJoint>
        <attacherJoint index="0>5|1|1|0" transNode="0>5|1|1" transNodeMinY="0.555" transNodeMaxY="1.023" mrOffsetY="-0.018" jointType="trailer" lowerRotLimit="20 67 50" upperRotRotationOffset="0" allowsJointLimitMovement="false" ptoOutputNode="0>5|2|0" comboTime="1">
            <schema position="1 0" rotation="0" invertX="false" />
            <objectChange node="0>5|1|2" visibilityActive="false"  visibilityInactive="true" />
        </attacherJoint>
        <attacherJoint index="0>5|1|2|0" transNode="0>5|1|2" transNodeMinY="0.4" transNodeMaxY="0.7" mrOffsetY="-0.018" jointType="trailerLow" lowerRotLimit="20 63 50" upperRotRotationOffset="0" allowsJointLimitMovement="false" ptoOutputNode="0>5|2|0" comboTime="1">
            <schema position="1 0" rotation="0" invertX="false" />
            <objectChange node="0>5|0|1" rotationActive="35 0 0"  rotationInactive="-17 0 0" />
            <objectChange node="0>5|1|1" visibilityActive="false"  visibilityInactive="true" />
            <steeringBars leftNode="0>5|1|2|1" rightNode="0>5|1|2|2" />
        </attacherJoint>
        <attacherJoint index="0>5|1|0" jointType="trailer" lowerRotLimit="20 78 50" upperRotRotationOffset="0" allowsJointLimitMovement="false" ptoOutputNode="0>5|2|1" comboTime="0">
            <schema position="0 0" rotation="0" invertX="true" />
            <objectChange node="0>5|0|4|0|2" visibilityActive="false" visibilityInactive="true" />
            <objectChange node="0>5|0|4|0|3" visibilityActive="false" visibilityInactive="true" />
        </attacherJoint>
    </attacherJoints>

    <movingTools>
        <!-- attacher joint back bottom-->
        <movingTool index="0>5|0|1">
            <dependentPart index="0>9|0" />
        </movingTool>
        <!-- attacher joint front bottom-->
        <movingTool index="0>5|0|4">
            <!-- cylinder -->
            <dependentPart index="0>9|2" />
        </movingTool>
    </movingTools>

    <movingParts>
        <movingPart index="0>9|2" referencePoint="0>5|0|4|0|1" referenceFrame="0>5|0|4|0|1">
            <translatingPart index="0>9|2|0" />
        </movingPart>

        <movingPart index="0>9|0" referencePoint="0>5|0|1|0|1" localReferencePoint="0>9|0|0" referenceFrame="0>5|0|1|0">
            <dependentPart index="0>9|0|0" />
        </movingPart>
        <movingPart index="0>9|0|0" referencePoint="0>5|0|1|0|1" referenceFrame="0>5|0|1|0|1">
            <dependentPart index="0>9|1" />
        </movingPart>
        <!-- hydraulic -->
        <movingPart index="0>9|1" referencePoint="0>9|0|1" referenceFrame="0>9|0|1">
            <translatingPart index="0>9|1|0" />
        </movingPart>

        <!-- steering -->
        <movingPart index="1>0|0|0|2" referencePoint="1>0|1|0|2" referenceFrame="1>0|1|0|2" isActiveDirty="true" scaleZ="true" />
        <movingPart index="0>9|3" referencePoint="1>1|0" referenceFrame="1>1|0" isActiveDirty="true">
            <translatingPart index="0>9|3|0" />
        </movingPart>
        <movingPart index="0>9|4" referencePoint="1>1|1" referenceFrame="1>1|1" isActiveDirty="true">
            <translatingPart index="0>9|4|0" />
        </movingPart>
    </movingParts>

    <animations>
        <animation name="fuelDisplay">
            <part node="0>10|0" startTime="0" endTime="1" startRot="0 0 0" endRot="0 0 -104" />
        </animation>
    </animations>

    <steering index="0>4|0" indoorRotation="540" outdoorRotation="50" />

    <characterNode index="0>6|0" cameraMinDistance="1.5" filename="$dataS2/character/player/player.xml" spineRotation="180 0 105" >
        <target ikChain="rightFoot" targetNode="0>6|1" />
        <target ikChain="leftFoot"  targetNode="0>6|2" />
        <target ikChain="rightArm"  targetNode="0>4|0|0" setDirty="true"/>
        <target ikChain="leftArm"   targetNode="0>4|0|1" setDirty="true" />
    </characterNode>

    <ai>
        <trafficCollisionTrigger index="0>7|0" />
    </ai>

    <exhaustEffects>
        <exhaustEffect index="0>8|0" filename="$data/particleSystems/shared/exhaust.i3d" minRpmColor="0.9 0.9 0.9 0.1" maxRpmColor="0.9 0.9 0.9 0.4" minRpmScale="0.05" maxRpmScale="0.5" xzRotationsOffset="50 0" xzRotationsForward="150 0" xzRotationsBackward="-50 0" xzRotationsLeft="-20 -100" xzRotationsRight="-20 100" />
    </exhaustEffects>

    <motorStartDuration>2500</motorStartDuration>
    <motorStartSound file="$data/vehicles/steerable/newHolland/newHollandT8320_start.wav" pitchOffset="0.80" volume="1.00" indoorVolumeFactor="0.45" indoorLowpassGain="0.65" />
    <motorSound file="$data/vehicles/steerable/newHolland/newHollandT8320_idle.wav"       pitchOffset="0.80" volume="1.00" indoorVolumeFactor="0.50" indoorLowpassGain="0.65" pitchScale="0.022"  volumeMin="0.65" volumeMinSpeed="12" pitchMax="1.40" />
    <motorStopSound file="$data/vehicles/steerable/newHolland/newHollandT8320_stop.wav"   pitchOffset="0.80" volume="1.00" indoorVolumeFactor="0.45" indoorLowpassGain="0.65" />

    <motorSoundRun file="$data/vehicles/steerable/jcb/jcbFastrac8000_run.wav"             pitchOffset="0.62" volume="1.04" indoorVolumeFactor="0.56" indoorLowpassGain="0.85" pitchMax="1.10" />
    <motorSoundLoad file="$data/sounds/engine/loadHP360.wav"                              pitchOffset="0.50" volume="1.10" indoorVolumeFactor="0.35" indoorLowpassGain="0.85" minimalVolumeFactor="0.0" pitchMax="1.24" />

    <gearboxSound file="$data/sounds/transmission/transmissionCVT_XL.wav"                 pitchOffset="0.65" volume="0.24" indoorVolumeFactor="0.65" indoorLowpassGain="0.75" reverseVolumeMax="0.95" volumeMax="0.707" pitchMax="1.00"   />
    <retarderSound file="$data/sounds/transmission/transmissionCVT_X.wav"                 pitchOffset="0.64" volume="0.24" indoorVolumeFactor="0.65" indoorLowpassGain="0.80" pitchMax="1.85" volumeMax="0.63" minSpeed="0.1" />

    <hydraulicSound file="$data/sounds/hydraulicUp.wav"                                   pitchOffset="0.90" volume="0.65" indoorVolumeFactor="0.45" indoorLowpassGain="0.80" />
    <attachSound file="$data/sounds/attach.wav"                                           pitchOffset="1.00" volume="1.00" indoorVolumeFactor="0.45" indoorLowpassGain="0.80" />
    <honkSound file="$data/sounds/hornBig.wav"                                            pitchOffset="1.00" volume="1.50" indoorVolumeFactor="0.45" indoorLowpassGain="0.80" radius="70" innerRadius="10" />

    <brakeCompressor capacity="10000" fillSpeed="900" />
    <maximalAirConsumptionPerFullStop value="1400" />
    <brakeCompressorStartSound file="$data/sounds/technicalAccessories/pressure_regulator.wav"    pitchOffset="1.10"  volume="0.90" indoorVolumeFactor="0.80" indoorLowpassGain="0.75" />
    <brakeCompressorRunSound file="$data/sounds/technicalAccessories/compressor_idle.wav"         pitchOffset="0.98"  volume="0.24" indoorVolumeFactor="0.20" indoorLowpassGain="0.75"  pitchMax="1.3" />
    <brakeCompressorStopSound file="$data/sounds/technicalAccessories/compressor_controller.wav"  pitchOffset="1.10"  volume="0.90" indoorVolumeFactor="0.50" indoorLowpassGain="0.75" />
    <compressedAirSound file="$data/sounds/technicalAccessories/brakeSmall.wav"                   pitchOffset="0.95"  volume="0.85" indoorVolumeFactor="0.40" indoorLowpassGain="0.75" />
    <airReleaseValveSound file="$data/vehicles/steerable/jcb/jcb_module.wav"                      pitchOffset="0.97"  volume="0.95" indoorVolumeFactor="0.80" indoorLowpassGain="0.75" />

    <washable dirtDuration="50" washDuration="1" workMultiplier="4" />

    <components count="2">
        <component1 centerOfMass="0 1 -0.29" solverIterationCount="10" mrSetMass="10.38" />
        <component2 centerOfMass="0 0 0" solverIterationCount="20" mrSetMass="1" />
        <joint component1="0" component2="1" index="0>0|2" rotLimit="0 0 10" transLimit="0 0 0" maxRotDriveForce="0 0 0" rotDriveRotation="- - 0" rotDriveSpring="0 0 30" rotDriveDamping="0 0 0" breakable="false"/>
    </components>

    <schemaOverlay file="$dataS2/menu/schemas/vehicleSchema.png" fileSelected="$dataS2/menu/schemas/vehicleSchemaSelected.png" width="0.5" height="0.5" attacherJointPosition="0.5 0" />

</vehicle>