﻿<?xml version="1.0" encoding="utf-8" standalone="no" ?>
<vehicle type="combine_animated">
    <annotation>Copyright (C) GIANTS Software GmbH, All Rights Reserved.</annotation>
	
	<moreRealistic useMrTransmission="true">		
		<dragArea value="8.5" />
		<engine transmissionEfficiency="0.75" fuelUsageFactor="1" minSpeed="3" engineBrakeRpm="2100" engineBrakeForceFx="1.5" />
		<combine turnedOnPtoPower="120" areaDependantPtoPower="16" basePerf="4800" /> <!-- base perf = about 350-400T/Hour -->
		<lateralForces useSingleComponent="false" />
	</moreRealistic>
	
	<!-- mr 
	
	engine = FPT vector 20
	
	component joint
	
	ackermannSteering
	differentials
	
	steering angle = 55° IRL => 
	rear tires = 600/65R28
	front tires = 900/60R38
	
	spout (pipe) rotation irl is limited to 210° (105° left and right)
	
	40kph at 1200rpm
	
	weight/center of mass
	13.260kgs + 4 counterweights (900kgs total) + fuel tanks full + big tyres + operator = 15650kgs
	
	attacherJoint
	
	pipe
	
	-->

    <storeData>
        <name>FR850</name>
        <specs>
            <power>824</power>
            <maxSpeed>40</maxSpeed>
            <combination>900SFI</combination>
        </specs>
        <functions>
            <function>$l10n_function_combineForage</function>
            <function>$l10n_function_combineNeedsForageCutter</function>
        </functions>
        <image>data/store/store_newHollandFR850.png</image>
        <price>374000</price>
        <dailyUpkeep>1480</dailyUpkeep>
        <lifetime>600</lifetime>
        <rotation>0</rotation>
        <brand>NEWHOLLAND</brand>
        <category>forageHarvesters</category>
        <vertexBufferMemoryUsage>3441700</vertexBufferMemoryUsage>
        <indexBufferMemoryUsage>899982</indexBufferMemoryUsage>
        <textureMemoryUsage>27613080</textureMemoryUsage>
        <instanceVertexBufferMemoryUsage>0</instanceVertexBufferMemoryUsage>
        <instanceIndexBufferMemoryUsage>0</instanceIndexBufferMemoryUsage>
    </storeData>

    <typeDesc>$l10n_typeDesc_harvester</typeDesc>
    <filename>data/vehicles/steerable/newHolland/newHollandFR850.i3d</filename>

    <size width="3.5" length="8" lengthOffset="-0.7" />

    <wheelConfigurations>
        <wheelConfiguration name="$l10n_configuration_valueDefault" price="0">
            <wheels autoRotateBackSpeed="1.7" differentialIndex="1" ackermannSteeringIndex="1">
                <wheel rotSpeed="0" restLoad="2.1" repr="0>0|0"                           filename="$MR/data/wheels/TM900_900_60R38.xml" configIndex="n10v7" isLeft="true"  color="0.9157 0.9157 0.9157 1" initialCompression="0" suspTravel="0.2" spring="125" damper="20" hasTireTracks="true" hasParticles="true" />
                <wheel rotSpeed="0" restLoad="2.1" repr="0>0|1"                           filename="$MR/data/wheels/TM900_900_60R38.xml" configIndex="n10v7" isLeft="false" color="0.9157 0.9157 0.9157 1" initialCompression="0" suspTravel="0.2" spring="125" damper="20" hasTireTracks="true" hasParticles="true" />
                <wheel rotSpeed="1" restLoad="5.1" repr="1>0|0|0" driveNode="1>0|0|0|0|0" filename="$MR/data/wheels/TM800_600_65R28.xml" configIndex="n8v4"  isLeft="true"  color="0.9157 0.9157 0.9157 1" initialCompression="-20" suspTravel="0.2" spring="80" damper="12" hasTireTracks="true" hasParticles="true" steeringNode="1>1|0" steeringNodeMinTransX="-0.14" steeringNodeMaxTransX="0.14" brakeFactor="0"  />
                <wheel rotSpeed="1" restLoad="5.1" repr="1>0|1|0" driveNode="1>0|1|0|0|0" filename="$MR/data/wheels/TM800_600_65R28.xml" configIndex="n8v4"  isLeft="false" color="0.9157 0.9157 0.9157 1" initialCompression="-20" suspTravel="0.2" spring="80" damper="12" hasTireTracks="true" hasParticles="true" brakeFactor="0"  />
            </wheels>
        </wheelConfiguration>
    </wheelConfigurations>

    <ackermannSteeringConfigurations>
        <ackermannSteering rotSpeed="60" rotMax="50" rotCenterWheel1="0" rotCenterWheel2="1" />
    </ackermannSteeringConfigurations>

    <differentialConfigurations>
        <differentials>
			<differential torqueRatio="0.5" maxSpeedRatio="1" wheelIndex1="2" wheelIndex2="3" /> <!-- back left-right -->
            <differential torqueRatio="0.5" maxSpeedRatio="1" wheelIndex1="0" wheelIndex2="1" /> <!-- front left-right -->            
            <differential torqueRatio="0.5" maxSpeedRatio="1" differentialIndex1="0" differentialIndex2="1" /> <!-- ratio back/front -->
        </differentials>
    </differentialConfigurations>

    <motorConfigurations>
        <motorConfiguration name="l10n_configuration_valueDefault">
            <motor torqueScale="3.533" minRpm="600" maxRpm="2300" maxForwardSpeed="40" maxBackwardSpeed="15" brakeForce="20" lowBrakeForceScale="0.22" lowBrakeForceSpeedLimit="1" rotInertia="0.004" minForwardGearRatio="11.31" maxForwardGearRatio="230" minBackwardGearRatio="45.24" maxBackwardGearRatio="150" ptoMotorRpmRatio="3.3333" >
                <torque normRpm="0.26" torque="0.6"/>
                <torque normRpm="0.435" torque="0.96"/>
                <torque normRpm="0.652" torque="1"/>
                <torque normRpm="0.783" torque="0.91"/>
                <torque normRpm="0.913" torque="0.727"/>
                <torque normRpm="1" torque="0"/>
            </motor>
        </motorConfiguration>
    </motorConfigurations>

    <fuelCapacity>1400</fuelCapacity>

    <cameras count="2">
        <camera1 index="0>1|0|0" rotatable="true" rotateNode="0>1|0" limit="true" useWorldXZRotation="true" rotMinX="-1.4" rotMaxX="1" transMin="7" transMax="35" >
            <raycastNode index="0>1|2"/>
            <raycastNode index="0>1|3"/>
        </camera1>
        <camera2 index="0>1|1" rotatable="true" limit="true" rotMinX="-1.1" rotMaxX="0.4" transMin="0" transMax="0" useMirror="true" isInside="true" />
    </cameras>

    <lights>
        <low>
            <light                        decoration="0>2|0|0"   lightTypes="0 3" /> <!--Decoration for FrontLights and Highbeams-->
            <light realLight="0>2|0|1"                           lightTypes="0" excludedLightTypes="3" /> <!--FrontLights-->
            <light                        decoration="0>2|2|0"   lightTypes="0 1"/> <!--BackLights-->
            <light realLight="0>2|1|0|1"  decoration="0>2|1|0|0" lightTypes="1"/> <!--WorklightBack-->
            <light                        decoration="0>5|2|0|2|0|0|0" lightTypes="1"/> <!--WorklightPipe-->
            <light                        decoration="0>2|1|1|0" lightTypes="2"/> <!--WorklightFront-->
            <light realLight="0>2|0|2"                           lightTypes="3" /> <!--HighBeams-->
        </low>
        <high>
            <light                        decoration="0>2|0|0"   lightTypes="0 3" /> <!--Decoration for FrontLights and Highbeams-->
            <light realLight="0>2|0|3"                           lightTypes="0" excludedLightTypes="2 3" /> <!--FrontLights-->
            <light realLight="0>2|2|1"    decoration="0>2|2|0"   lightTypes="0 3" /> <!--BackLights-->
            <light realLight="0>2|2|2"    decoration="0>2|2|0"   lightTypes="0 3" /> <!--BackLights-->
            <light realLight="0>2|1|0|2"  decoration="0>2|1|0|0" lightTypes="1" /> <!--WorklightBack  -->
            <light realLight="0>5|2|0|2|0|0|1"  decoration="0>5|2|0|2|0|0|0" lightTypes="1" /> <!--WorklightPipe  -->
            <light realLight="0>2|1|1|1"  decoration="0>2|1|1|0" lightTypes="2"  /> <!--WorklightFront -->
            <light realLight="0>2|0|4"                           lightTypes="3" excludedLightTypes="2" /> <!--HighBeams-->
        </high>
        <states>
            <state lightTypes="0" />
            <state lightTypes="0 1" />
            <state lightTypes="0 1 2" />
        </states>
    </lights>

    <brakeLights>
        <brakeLight realLight="0>2|2|1" decoration="0>2|4|0" />
        <brakeLight realLight="0>2|2|2" decoration="0>2|4|0" />
    </brakeLights>

    <beaconLights>
        <beaconLight index="0>2|5|0" speed="0.015" filename="$data/shared/beaconLights/beaconLight02.i3d"/>
        <beaconLight index="0>2|5|1" speed="0.015" filename="$data/shared/beaconLights/beaconLight02.i3d"/>
    </beaconLights>

    <turnLights>
        <turnLightLeft  realLight="0>2|3|0|1" decoration="0>2|3|0|0" />
        <turnLightLeft  realLight="0>2|3|0|2" />
        <turnLightRight realLight="0>2|3|1|1" decoration="0>2|3|1|0" />
        <turnLightRight realLight="0>2|3|1|2" />
    </turnLights>

    <reverseLights>
        <reverseLight realLight="0>2|6|1" decoration="0>2|6|0" />
    </reverseLights>

    <mirrors>
        <mirror index="0>11|0" prio="1" />
        <mirror index="0>11|1" prio="1" />
        <mirror index="0>11|2" prio="1" />
        <mirror index="0>11|3" prio="1" />
    </mirrors>

    <indoorHud>
        <speed numbers="0>10|0" precision="1" />
        <rpm numbers="0>10|1" precision="0" />
    </indoorHud>

    <attacherJoints>
        <attacherJoint jointType="cutterHarvester" index="0>5|0|0|0" jointPositionOffset="0 0 -0.997" rotationNode="0>5|0|0" upperRotation="-32 0 0" lowerRotation="0 0 0" lowerTransLimit="0 0.2 0" lowerRotLimit="0 0 15" lockDownRotLimit="true" upperDistanceToGround="1.74" lowerDistanceToGround="1.21" moveTime="2.5" rotLimitSpring="400 0 0" rotLimitDamping="120 0 0" ptoOutputNode="0>5|0|1|5" ptoFilename="$data/shared/vehicleParts/powerTakeoffBlack.i3d" comboTime="0" >
            <bottomArm rotationNode="0>5|0|1" referenceNode="0>5|0|1|0" startRotation="-25 0 0" />
            <schema position="0 0" rotation="0" invertX="true" />
        </attacherJoint>
        <!-- trailer attacher -->
        <attacherJoint index="0>5|1|0" jointType="trailerLow" allowsJointLimitMovement="false" allowsLowering="false" lowerRotLimit="20 70 50" lowerTransLimit="0 0 0" canTurnOnImplement="false" comboTime="1" >
            <schema position="1 0" rotation="0" invertX="false" />
        </attacherJoint>
        <attacherJoint index="0>5|1|0" jointType="trailer"    allowsJointLimitMovement="false" allowsLowering="false" lowerRotLimit="20 70 50" lowerTransLimit="0 0 0" canTurnOnImplement="false" comboTime="1" >
            <schema position="1 0" rotation="0" invertX="false" />
        </attacherJoint>
    </attacherJoints>

    <enterReferenceNode index="0>" />
    <exitPoint index="0>3" />

    <motorStartDuration>2800</motorStartDuration>
    <motorStartSound file="$data/vehicles/steerable/newHolland/newHollandFR850_start.wav"  pitchOffset="1.00" volume="1.00" indoorVolumeFactor="0.40" indoorLowpassGain="0.75"/>
    <motorSound file="$data/vehicles/steerable/newHolland/newHollandFR850_idle.wav"        pitchOffset="1.00" volume="1.00" indoorVolumeFactor="0.40" indoorLowpassGain="0.75" pitchMax="1.55" />
    <motorSoundRun file="$data/vehicles/steerable/newHolland/newHollandFR850_run.wav"      pitchOffset="0.60" volume="1.00" indoorVolumeFactor="0.55" indoorLowpassGain="0.85" pitchMax="1.05" />
    <motorStopSound file="$data/vehicles/steerable/caseIH/caseIH230Series_stop.wav"        pitchOffset="1.00" volume="1.00" indoorVolumeFactor="0.35" indoorLowpassGain="0.75"/>

    <gearboxSound file="$data/sounds/transmission/transmissionOmega.wav"                   pitchOffset="0.95" volume="0.20" indoorVolumeFactor="0.60" indoorLowpassGain="0.7"  pitchMax="1.45" reverseVolumeMax="0.15" volumeMax="0.45" />
    <retarderSound file="$data/sounds/transmission/module1.wav"                            pitchOffset="0.85" volume="0.10" indoorVolumeFactor="1.00" indoorLowpassGain="0.75" pitchMax="1.40" volumeMax="0.20" minSpeed="1.75"/>
    <reverseDriveSound file="$data/sounds/reverseDrivingBeep_4.wav"                        pitchOffset="1.00" volume="1.40" indoorVolumeFactor="0.15" indoorLowpassGain="0.75"  />

    <threshingStartSound file="$data/vehicles/steerable/newHolland/newHollandFR850_workstart.wav" pitchOffset="1.00"  volume="1.00" indoorVolumeFactor="0.40" indoorLowpassGain="0.75" />
    <threshingSound file="$data/vehicles/steerable/newHolland/newHollandFR850_work.wav"           pitchOffset="1.00"  volume="1.00" indoorVolumeFactor="0.35" indoorLowpassGain="0.75" cuttingPitchOffset="0.96" />
    <threshingStopSound file="$data/vehicles/steerable/newHolland/newHollandFR850_workstop.wav"   pitchOffset="1.00"  volume="1.00" indoorVolumeFactor="0.45" indoorLowpassGain="0.75" />

    <brakeCompressor capacity="10000" fillSpeed="500" />
    <maximalAirConsumptionPerFullStop value="4000" />
    <brakeCompressorStartSound file="$data/sounds/technicalAccessories/brakeSmall.wav"        pitchOffset="1.90" volume="0.85" indoorVolumeFactor="0.85" indoorLowpassGain="0.90" />
    <brakeCompressorRunSound file="$data/sounds/technicalAccessories/compressor_idle.wav"     pitchOffset="0.90" volume="0.12" indoorVolumeFactor="0.15" indoorLowpassGain="0.90" pitchMax="1.1" />
    <brakeCompressorStopSound file="$data/sounds/technicalAccessories/pressure_regulator.wav" pitchOffset="0.67" volume="0.35" indoorVolumeFactor="0.50" indoorLowpassGain="0.90" />
    <airReleaseValveSound file="$data/sounds/technicalAccessories/airValveSound.wav"          pitchOffset="0.80" volume="0.65" indoorVolumeFactor="0.55" indoorLowpassGain="0.95"/>

    <cylinderedHydraulicSound file="$data/sounds/hydraulicUp.wav"                             pitchOffset="0.95" volume="0.55" indoorVolumeFactor="0.35" indoorLowpassGain="0.75" />
    <hydraulicSound file="$data/sounds/cultivatorHydraulic.wav"                               pitchOffset="0.95" volume="0.75" indoorVolumeFactor="0.35" indoorLowpassGain="0.75" />
    <attachSound file="$data/sounds/header_attach.wav"                                        pitchOffset="1.00" volume="1.00" indoorVolumeFactor="0.35" indoorLowpassGain="0.75" />
    <honkSound file="$data/sounds/hornBig.wav"                                                pitchOffset="1.00" volume="1.50" indoorVolumeFactor="0.30" indoorLowpassGain="0.75" />

    <pipe numStates="2" unloadingStates="2" turnOnAllowedStates="2" raycastNodeIndex="0>5|2|0|1|0|1" raycastDistance="32" autoAimStates="2" unloadingEffectStopTime="0.75" effectExtraDistanceOnTrailer="-1">
        <node index="0>5|2" rotationSpeeds="0 35 0" autoAimYRotation="true" autoAimInvertZ="true">
            <state1 rotation="0 0 0" />
            <state2 rotation="0 0 0"/>
        </node>
        <node index="0>5|2|0" rotationSpeeds="15 0 0">
            <state1 rotation="0 0 0"/>
            <state2 rotation="38 0 0"/>
        </node>
        <node index="0>5|2|0|1" rotationSpeeds="40 0 0">
            <state1 rotation="-10 0 0"/>
            <state2 rotation="20 0 0"/>
        </node>
        <node index="0>5|2|0|1|0" rotationSpeeds="80 0 0" autoAimXRotation="true">
            <state1 rotation="77 0 0"/>
            <state2 rotation="77 0 0"/>
        </node>
    </pipe>

    <fillUnits>
        <fillUnit unit="$l10n_unit_literShort" fillTypeCategories="forageHarvester" capacity="0" />
    </fillUnits>

    <overloading stopOverloadIfEmpty="false" capacity="0">
        <trailerTriggers>
            <trailerTrigger index="0>7|1" />
        </trailerTriggers>
    </overloading>

    <allowFillFromAir value="false" />
    <combine allowThreshingDuringRain="true" />

    <fillVolumes>
        <dischargeInfos>
            <dischargeInfo>
                <node index="0>5|2|0|1|0|2" width="0.4" length="0.4" />
            </dischargeInfo>
        </dischargeInfos>
    </fillVolumes>

    <turnedOnRotationNodes>
        <turnedOnRotationNode index="0>5|0|1|1" type="combine" rotSpeed="600" rotAxis="1" turnOnFadeTime="4" turnOffFadeTime="8"/>
        <turnedOnRotationNode index="0>5|0|1|2" type="combine" rotSpeed="-600"  rotAxis="1" turnOnFadeTime="4" turnOffFadeTime="8"/>
    </turnedOnRotationNodes>

    <movingTools>
        <movingTool index="0>5|0|1">
            <dependentPart index="0>5|0|1|3" />
            <dependentPart index="0>5|0|1|4" />
            <dependentPart index="0>9|2|0" />
        </movingTool>

        <movingTool index="0>5|2|0">
            <dependentPart index="0>5|2|1" />
        </movingTool>
        <movingTool index="0>5|2|0|1">
            <dependentPart index="0>5|2|0|5" />
            <dependentPart index="0>5|2|0|3" />
            <dependentPart index="0>5|2|0|4" />
        </movingTool>
        <movingTool index="0>5|2|0|1|0|0">
            <dependentPart index="0>5|2|0|3" />
            <dependentPart index="0>5|2|0|4" />
        </movingTool>
    </movingTools>

    <movingParts>
        <movingPart index="0>5|2|1" referencePoint="0>5|2|0|0" referenceFrame="0>5|2|0" playSound="true" >
            <translatingPart index="0>5|2|1|0" />
        </movingPart>

        <movingPart index="0>5|0|1|3" referencePoint="0>9|0" referenceFrame="0>" scaleZ="true" />
        <movingPart index="0>5|0|1|4" referencePoint="0>9|1" referenceFrame="0>" scaleZ="true" />
        <movingPart index="0>9|2|0" referenceFrame="0>5|0|1|6"  />

        <movingPart index="0>5|2|0|5" referencePoint="0>5|2|0|1|1" referenceFrame="0>5|2|0">
            <translatingPart index="0>5|2|0|5|0" />
        </movingPart>
        <movingPart index="0>5|2|0|3" referencePoint="0>5|2|0|1|0|0|0" referenceFrame="0>" scaleZ="true" />
        <movingPart index="0>5|2|0|4" referencePoint="0>5|2|0|1|0|0|1" referenceFrame="0>" scaleZ="true" />

        <movingPart index="1>0|0|0|1" referencePoint="1>1|0|0" referenceFrame="0>" isActiveDirty="true" />
        <movingPart index="1>0|1|0|1" referencePoint="1>1|0|1" referenceFrame="0>" isActiveDirty="true" />
    </movingParts>

    <pipeEffect>
        <effectNode                          effectNode="0>5|2|0|6|0"     delay="0"   materialType="unloading" materialTypeId="1" />
        <effectNode                          effectNode="0>5|2|0|1|2|0"   delay="0.1" materialType="unloading" materialTypeId="1" />
        <effectNode effectClass="PipeEffect" effectNode="0>5|2|0|1|0|0|2" delay="0.2" materialType="pipe"      materialTypeId="1" maxBending="0.07" shapeScaleSpread="1.03 1 1 0"/>
    </pipeEffect>

    <exhaustEffects>
        <exhaustEffect index="0>8|0" filename="$data/particleSystems/shared/exhaust.i3d" minRpmColor="0.9 0.9 0.9 0.1" maxRpmColor="0.9 0.9 0.9 0.4" minRpmScale="0.1" maxRpmScale="0.55" xzRotationsOffset="0 0" xzRotationsForward="-40 0" xzRotationsBackward="150 0" xzRotationsLeft="0 -150" xzRotationsRight="0 150" />
        <exhaustEffect index="0>8|1" filename="$data/particleSystems/shared/exhaust.i3d" minRpmColor="0.9 0.9 0.9 0.1" maxRpmColor="0.9 0.9 0.9 0.4" minRpmScale="0.1" maxRpmScale="0.55" xzRotationsOffset="0 0" xzRotationsForward="-40 0" xzRotationsBackward="150 0" xzRotationsLeft="0 -150" xzRotationsRight="0 150" />
    </exhaustEffects>

    <steering index="0>4|0" indoorRotation="540" outdoorRotation="35" />

    <characterNode index="0>6|0" cameraMinDistance="1.5" filename="$dataS2/character/player/player.xml" spineRotation="180 0 100" >
        <target ikChain="rightFoot" targetNode="0>6|1" />
        <target ikChain="leftFoot"  targetNode="0>6|2" />
        <target ikChain="rightArm"  targetNode="0>6|3" />
        <target ikChain="leftArm"   targetNode="0>4|0|0" setDirty="true" />
    </characterNode>

    <ai>
        <trafficCollisionTrigger index="0>7|0" />
    </ai>

    <washable dirtDuration="300" washDuration="1" workMultiplier="2" />

    <components count="2">
        <component1 centerOfMass="0 1 -0.3" solverIterationCount="10" mrSetMass="13" />
        <component2 centerOfMass="0 0 0" solverIterationCount="20" mrSetMass="1.5" />
        <joint component1="0" component2="1" index="0>0|2" rotLimit="0 0 8" transLimit="0 0 0" maxRotDriveForce="0 0 0" rotDriveRotation="- - 0" rotDriveSpring="0 0 5" rotDriveDamping="0 0 0" breakable="false"/>
    </components>

    <schemaOverlay file="$dataS2/menu/schemas/vehicleSchema.png" fileSelected="$dataS2/menu/schemas/vehicleSchemaSelected.png" fileTurnedOn="$dataS2/menu/schemas/vehicleSchemaTurnedOn.png" fileSelectedTurnedOn="$dataS2/menu/schemas/vehicleSchemaSelectedTurnedOn.png" width="0.5" height="0.5" attacherJointPosition="0.5 0" />

</vehicle>