﻿<?xml version="1.0" encoding="utf-8" standalone="no" ?>
<vehicle type="combine_animated_crawler">
    <annotation>Copyright (C) GIANTS Software GmbH, All Rights Reserved.</annotation>
	
	<moreRealistic useMrTransmission="true">		
		<dragArea value="10.5" />
		<engine transmissionEfficiency="0.8" fuelUsageFactor="1" minSpeed="2" engineBrakeRpm="2100" engineBrakeForceFx="1.5" />
		<combine turnedOnPtoPower="80" areaDependantPtoPower="35" chopperPtoPower="38" unloadingAugerPtoPower="16" basePerf="963" strawFactor="0.6" />
		<lateralForces useSingleComponent="false" />
	</moreRealistic>
	
	<!--
		center of mass
		
		differentials
		ackermannSteering
		
		no brakes on the rear wheels
		
		add fillmassnode
		
		overloading
		
		lowerTransLimit / rotLimitSpring / rotLimitDamping
	-->
	
	<!-- modify windrow drop area width - default = 1.2m wide -->
	<mrManageNodes>
		<manageNode node="0>15|0" setTranslation="0.25 0 -5" />
		<manageNode node="0>15|1" setTranslation="-0.25 0 -5" />
		<manageNode node="0>15|2" setTranslation="0.25 0 -5.75" />
	</mrManageNodes>
	
	

    <storeData>
        <name>CR10.90</name>
        <specs>
            <power>653</power>
            <maxSpeed>40</maxSpeed>
            <combination>NH 41ft,980CF 12</combination>
        </specs>
        <functions>
            <function>$l10n_function_combine</function>
            <function>$l10n_function_combineNeedsCutter</function>
        </functions>
        <image>data/store/store_newHollandCR1090.png</image>
        <price>430000</price>
        <dailyUpkeep>1760</dailyUpkeep>
        <lifetime>600</lifetime>
        <rotation>0</rotation>
        <brand>NEWHOLLAND</brand>
        <category>harvesters</category>
        <vertexBufferMemoryUsage>2697664</vertexBufferMemoryUsage>
        <indexBufferMemoryUsage>462864</indexBufferMemoryUsage>
        <textureMemoryUsage>28311984</textureMemoryUsage>
        <instanceVertexBufferMemoryUsage>0</instanceVertexBufferMemoryUsage>
        <instanceIndexBufferMemoryUsage>0</instanceIndexBufferMemoryUsage>
    </storeData>

    <typeDesc>$l10n_typeDesc_combine</typeDesc>
    <filename>data/vehicles/steerable/newHolland/newHollandCR1090.i3d</filename>

    <size width="5.5" length="10" />

    <wheelConfigurations>
        <wheelConfiguration name="$l10n_configuration_valueDefault" price="0">
            <wheels autoRotateBackSpeed="1.7">
                <wheel rotSpeed="1"  restLoad="1.8" repr="0>0|0|0" driveNode="0>0|0|0|0" radius="0.43" width="0.8" mass="0.2" frictionScale="2" tireType="crawler" tireTrackAtlasIndex="7"                                   initialCompression="32" suspTravel="0.2" spring="90" damper="18" hasTireTracks="true" hasParticles="true" />
                <wheel rotSpeed="1"  restLoad="2.8" repr="0>0|0|1"                       radius="0.43" width="0.8" mass="0.2" frictionScale="2" tireType="crawler"                                                           initialCompression="22" suspTravel="0.2" spring="90" damper="18" />
                <wheel rotSpeed="1"  restLoad="1.8" repr="0>0|1|0" driveNode="0>0|1|0|0" radius="0.43" width="0.8" mass="0.2" frictionScale="2" tireType="crawler" tireTrackAtlasIndex="7"                                   initialCompression="32" suspTravel="0.2" spring="90" damper="18" hasTireTracks="true" hasParticles="true" />
                <wheel rotSpeed="1"  restLoad="2.8" repr="0>0|1|1"                       radius="0.43" width="0.8" mass="0.2" frictionScale="2" tireType="crawler"                                                           initialCompression="22" suspTravel="0.2" spring="90" damper="18" />
                <wheel rotSpeed="-1" restLoad="6.3" repr="1>0|0|0" driveNode="1>0|0|0|0|0" filename="$data/vehicles/wheels/trelleborg/TM800_600_65R28.xml" configIndex="n10v6" isLeft="true"  color="0.9157 0.9157 0.9157 1" initialCompression="30" suspTravel="0.2" spring="60" damper="9" hasTireTracks="true" hasParticles="true" brakeFactor="0" mrPressureFx="1.2" /> <!-- no brake on the rear wheels -->
                <wheel rotSpeed="-1" restLoad="6.3" repr="1>0|1|0" driveNode="1>0|1|0|0|0" filename="$data/vehicles/wheels/trelleborg/TM800_600_65R28.xml" configIndex="n10v6" isLeft="false" color="0.9157 0.9157 0.9157 1" initialCompression="30" suspTravel="0.2" spring="60" damper="9" hasTireTracks="true" hasParticles="true" brakeFactor="0" mrPressureFx="1.2" /> <!-- no brake on the rear wheels -->
            </wheels>
            <crawlers>
                <crawler index="0" speedRefWheel="1" scrollSpeed="0.148" scrollLength="6.76" shaderParameterName="offsetUV" shaderParameterComponent="1" length="1" filename="$data/vehicles/wheels/lizard/crawler.i3d" linkIndex="0>0|0|0" crawlerIndex="2|1">
                    <rotatingPart index="1" radius="0.46" />
                    <rotatingPart index="2" radius="0.317" />
                    <rotatingPart index="3" radius="0.317" />
                    <rotatingPart index="4" radius="0.177" />
                    <rotatingPart index="5" radius="0.177" />
                    <rotatingPart index="6" radius="0.177" />
                    <rotatingPart index="7" radius="0.177" />
                </crawler>
                <crawler index="0" speedRefWheel="3" scrollSpeed="0.148" scrollLength="6.76" shaderParameterName="offsetUV" shaderParameterComponent="1" length="1" filename="$data/vehicles/wheels/lizard/crawler.i3d" linkIndex="0>0|1|0" crawlerIndex="2|0">
                    <rotatingPart index="1" radius="0.46" />
                    <rotatingPart index="2" radius="0.317" />
                    <rotatingPart index="3" radius="0.317" />
                    <rotatingPart index="4" radius="0.177" />
                    <rotatingPart index="5" radius="0.177" />
                    <rotatingPart index="6" radius="0.177" />
                    <rotatingPart index="7" radius="0.177" />
                </crawler>
            </crawlers>
        </wheelConfiguration>
    </wheelConfigurations>

    <ackermannSteering rotSpeed="60" rotMax="45" rotCenter="0 2.0" />

    <differentials>
        <differential torqueRatio="0.5" maxSpeedRatio="1" wheelIndex1="0" wheelIndex2="1" />
        <differential torqueRatio="0.5" maxSpeedRatio="1" wheelIndex1="2" wheelIndex2="3" />
        <differential torqueRatio="0.5" maxSpeedRatio="1" differentialIndex1="0" differentialIndex2="1" /> <!-- front left-right -->
        <differential torqueRatio="0.5" maxSpeedRatio="1" wheelIndex1="4" wheelIndex2="5" /> <!-- back left-right -->
        <differential torqueRatio="0.2" maxSpeedRatio="1" differentialIndex1="3" differentialIndex2="2" /> <!-- back-front -->
    </differentials>

    <motorConfigurations>
        <motorConfiguration name="$l10n_configuration_valueDefault" price="0">
            <motor torqueScale="2.75" minRpm="920" maxRpm="2300" maxForwardSpeed="40" maxBackwardSpeed="15" brakeForce="11" lowBrakeForceScale="0.22" lowBrakeForceSpeedLimit="1" rotInertia="0.004" minForwardGearRatio="19.79" maxForwardGearRatio="395" minBackwardGearRatio="52.8" maxBackwardGearRatio="200" ptoMotorRpmRatio="3.888889">
                <torque normRpm="0.39" torque="0.7"/>
                <torque normRpm="0.53" torque="0.89"/>
                <torque normRpm="0.652" torque="1"/>
                <torque normRpm="0.739" torque="0.94"/>
				<torque normRpm="0.870" torque="0.835"/>
                <torque normRpm="0.935" torque="0.672"/>
                <torque normRpm="1" torque="0"/>
            </motor>
        </motorConfiguration>
    </motorConfigurations>

    <fuelCapacity>1300</fuelCapacity>

    <cameras count="2">
        <camera1 index="0>1|0|0" rotatable="true" rotateNode="0>1|0" limit="true" useWorldXZRotation="true" rotMinX="-1.4" rotMaxX="1" transMin="7" transMax="25" >
            <raycastNode index="0>16"/>
            <raycastNode index="0>17"/>
        </camera1>
        <camera2 index="0>1|1" rotatable="true" limit="true" rotMinX="-1.1" rotMaxX="0.4" transMin="0" transMax="0" useMirror="true" isInside="true" />
    </cameras>

    <lights>
        <low>
            <light                       decoration="0>2|0|0"   lightTypes="0 3" />
            <light realLight="0>2|0|1"                          lightTypes="0" excludedLightTypes="3" /> <!--FrontLights-->
            <light                       decoration="0>2|2|0"   lightTypes="0 1"/> <!--BackLights-->
            <light realLight="0>2|1|0|1" decoration="0>2|1|0|0" lightTypes="1"/> <!--WorklightBack-->
            <light                       decoration="0>5|2|0|0|0|3|0" lightTypes="1"/> <!--WorklightBack-->
            <light                       decoration="0>9|1|0|1|0" lightTypes="1"/> <!--WorklightBack-->
            <light                       decoration="0>2|1|1|0" lightTypes="2"/> <!--WorklightFront-->
            <light realLight="0>2|0|2"                          lightTypes="3"/> <!--HighBeam -->
        </low>
        <high>
            <light                       decoration="0>2|0|0"   lightTypes="0 3" />
            <light realLight="0>2|0|3"                          lightTypes="0" excludedLightTypes="2 3" /> <!--FrontLights-->
            <light realLight="0>2|2|1"   decoration="0>2|2|0"   lightTypes="0 3" /> <!--BackLights-->
            <light realLight="0>2|2|2"   decoration="0>2|2|0"   lightTypes="0 3" /> <!--BackLights-->
            <light realLight="0>2|1|0|2" decoration="0>2|1|0|0" lightTypes="1" /> <!--WorklightBack  -->
            <light realLight="0>5|2|0|0|0|3|1" decoration="0>5|2|0|0|0|3|0" lightTypes="1" /> <!--WorklightBack  -->
            <light                             decoration="0>9|1|0|1|0" lightTypes="1" /> <!--WorklightBack  -->
            <light realLight="0>2|1|1|1" decoration="0>2|1|1|0" lightTypes="2"  /> <!--WorklightFront -->
            <light realLight="0>2|0|4"                          lightTypes="3" excludedLightTypes="2" /> <!--HighBeam-->
        </high>
        <states>
            <state lightTypes="0" />
            <state lightTypes="0 1" />
            <state lightTypes="0 1 2" />
        </states>
    </lights>

    <brakeLights>
        <brakeLight realLight="0>2|2|1" decoration="0>2|4|0" />
        <brakeLight realLight="0>2|2|2" decoration="0>2|4|0" />
    </brakeLights>

    <beaconLights>
        <beaconLight index="0>2|5|0" speed="0.015" filename="$data/shared/beaconLights/beaconLight06.i3d" />
        <beaconLight index="0>2|5|1" speed="0.015" filename="$data/shared/beaconLights/beaconLight06.i3d" />
        <beaconLight index="0>2|5|2" speed="0.015" filename="$data/shared/beaconLights/beaconLight06.i3d" />
    </beaconLights>

    <turnLights>
        <turnLightLeft  realLight="0>2|3|0|1" decoration="0>2|3|0|0" />
        <turnLightLeft  realLight="0>2|3|0|2" />
        <turnLightRight realLight="0>2|3|1|1" decoration="0>2|3|1|0" />
        <turnLightRight realLight="0>2|3|1|2" />
    </turnLights>

    <mirrors>
        <mirror index="0>12|0" prio="2" />
        <mirror index="0>12|1" prio="1" />
        <mirror index="0>12|2" prio="2" />
        <mirror index="0>12|3" prio="1" />
    </mirrors>

    <indoorHud>
        <speed         numbers="0>11|0" precision="1" />
        <rpm           numbers="0>11|0" precision="0" />
    </indoorHud>

    <steering index="0>4|0" indoorRotation="360" outdoorRotation="30" />

    <characterNode index="0>6|0" cameraMinDistance="1.5" filename="$dataS2/character/player/player.xml" spineRotation="180 0 100" >
        <target ikChain="rightFoot" targetNode="0>6|1" />
        <target ikChain="leftFoot"  targetNode="0>6|2" />
        <target ikChain="rightArm"  targetNode="0>6|3" setDirty="true"/>
        <target ikChain="leftArm"   targetNode="0>4|0|0" setDirty="true" />
    </characterNode>

    <attacherJoints>
        <attacherJoint jointType="cutter" index="0>5|0|0|0" jointPositionOffset="0 0 -1.504" rotationNode="0>5|0|0" upperRotation="-19 0 0" lowerRotation="20 0 0" lowerTransLimit="0 0.2 0" lowerRotLimit="0 0 15" lockDownRotLimit="true" upperDistanceToGround="1.92" lowerDistanceToGround="0.9" rotLimitSpring="500 0 0" rotLimitDamping="200 0 0" moveTime="4" ptoOutputNode="0>5|0|1|0|4" ptoFilename="$data/shared/vehicleParts/powerTakeoffBlack.i3d" pto2OutputNode="0>5|0|1|0|5" pto2Filename="$data/shared/vehicleParts/powerTakeoffBlack.i3d" comboTime="0">
            <bottomArm rotationNode="0>5|0|1" />
            <schema position="0 0" rotation="0" invertX="true" />
        </attacherJoint>
        <attacherJoint index="0>5|1|0" jointType="trailerLow" lowerRotLimit="50 90 50" upperRotationOffset="0" allowsJointLimitMovement="false" canTurnOnImplement="false" comboTime="1" >
            <schema position="1 0" rotation="0" invertX="false" />
        </attacherJoint>
        <attacherJoint index="0>5|1|0" jointType="trailer"   lowerRotLimit="50 90 50" upperRotationOffset="0" allowsJointLimitMovement="false" canTurnOnImplement="false" comboTime="1" >
            <schema position="1 0" rotation="0" invertX="false" />
        </attacherJoint>
    </attacherJoints>

    <enterReferenceNode index="0>" />
    <exitPoint index="0>3" />

    <motorStartDuration>4000</motorStartDuration>
    <motorStartSound      file="$data/vehicles/steerable/newHolland/newHollandCR1090_start.wav"     pitchOffset="0.95" volume="1.00" indoorVolumeFactor="0.50" indoorLowpassGain="0.75"  />
    <motorSound           file="$data/vehicles/steerable/newHolland/newHollandCR1090_idle.wav"      pitchOffset="0.95" volume="1.00" indoorVolumeFactor="0.50" indoorLowpassGain="0.75" pitchMax="1.10" volumeMin="0.90" volumeMinSpeed="10"   radius="50" innerRadius="20" />
    <motorStopSound       file="$data/vehicles/steerable/caseIH/caseIH130Series_stop.wav"           pitchOffset="0.95" volume="1.00" indoorVolumeFactor="0.50" indoorLowpassGain="0.75"/>
    <motorSoundRun file="$data/vehicles/steerable/caseIH/caseIH1455_run.wav"                        pitchOffset="1.00" volume="0.20" indoorVolumeFactor="0.50" indoorLowpassGain="0.85" pitchMax="1.15" />

    <gearboxSound         file="$data/sounds/transmission/transmissionOmega.wav"                    pitchOffset="0.95" volume="0.10" indoorVolumeFactor="0.40" indoorLowpassGain="0.75" reverseVolumeMax="0.15" volumeMax="0.60" pitchMax="1.35" />
    <retarderSound        file="$data/sounds/transmission/retarderET2015.wav"                       pitchOffset="0.67" volume="0.14" indoorVolumeFactor="0.40" indoorLowpassGain="0.75" pitchMax="1.50" volumeMax="0.20" minSpeed="0.75" />
    <reverseDriveSound    file="$data/sounds/reverseDrivingBeep_3.wav"                              pitchOffset="1.00" volume="1.00" indoorVolumeFactor="0.30" indoorLowpassGain="0.75" />


    <threshingStartSound  file="$data/vehicles/steerable/newHolland/newHollandCR1090_startwork.wav" pitchOffset="0.90" volume="0.90" indoorVolumeFactor="0.40" indoorLowpassGain="0.75" />
    <threshingSound       file="$data/vehicles/steerable/newHolland/newHollandCR1090_work.wav"      pitchOffset="0.90" volume="0.90" indoorVolumeFactor="0.40" indoorLowpassGain="0.75" cuttingPitchOffset="1.05" radius="35" innerRadius="25" />
    <threshingStopSound   file="$data/vehicles/steerable/newHolland/newHollandCR1090_stopwork.wav"  pitchOffset="0.95" volume="0.90" indoorVolumeFactor="0.40" indoorLowpassGain="0.75"/>



    <brakeCompressor capacity="10000" fillSpeed="500" />
    <maximalAirConsumptionPerFullStop value="4000" />
    <brakeCompressorStartSound    file="$data/sounds/technicalAccessories/brakeSmall.wav"           pitchOffset="1.70" volume="0.55" indoorVolumeFactor="0.80" indoorLowpassGain="0.90" />
    <brakeCompressorRunSound      file="$data/sounds/technicalAccessories/compressor_idle.wav"      pitchOffset="1.15" volume="0.19" indoorVolumeFactor="0.00" indoorLowpassGain="0.90" pitchMax="1.15" />
    <brakeCompressorStopSound     file="$data/sounds/technicalAccessories/pressure_regulator.wav"   pitchOffset="1.77" volume="0.50" indoorVolumeFactor="0.70" indoorLowpassGain="0.90" />
    <airReleaseValveSound         file="$data/sounds/technicalAccessories/regulator_valve.wav"      pitchOffset="1.00" volume="0.90" indoorVolumeFactor="1.00" indoorLowpassGain="0.95"/>

    <attachSound                 file="$data/sounds/header_attach.wav"                              pitchOffset="1.00" volume="1.00" indoorVolumeFactor="0.75" />
    <honkSound                   file="$data/sounds/hornBig.wav"                                    pitchOffset="1.00" volume="1.00" indoorVolumeFactor="0.55" indoorLowpassGain="0.75" radius="70" innerRadius="10" />
    <hydraulicSound              file="$data/sounds/cultivatorHydraulic.wav"                        pitchOffset="0.66" volume="1.20" indoorVolumeFactor="0.85" indoorLowpassGain="0.75" />
    <cylinderedHydraulicSound    file="$data/sounds/hydraulicUp.wav"                                pitchOffset="0.80" volume="0.60" indoorVolumeFactor="0.85" indoorLowpassGain="0.75" />

    <fillSound                 file="$data/maps/sounds/siloFillSound.wav"                           pitchOffset="1.00" volume="0.70" indoorVolumeFactor="0.55" indoorLowpassGain="0.75"/>

    <overloading capacity="284" > <!-- 142L/s IRL - 2 times = 284L -->
        <trailerTriggers>
            <trailerTrigger index="0>7|1" />
        </trailerTriggers>
    </overloading>
    <allowFillFromAir value="false" />

    <pipe numStates="2" unloadingStates="2" raycastNodeIndex="0>5|2|0|0|0|1|2" raycastDistance="6" foldMinState="0" foldMaxState="2" foldMinLimit="0" foldMaxLimit="0" delay="0.5" effectExtraDistanceOnTrailer="-1">
        <node index="0>5|2|0" rotationSpeeds="0 15 0">
            <state1 rotation="0 0 0"/>
            <state2 rotation="0 -95 0"/>
        </node>
    </pipe>

    <turnedOnRotationNodes>
        <turnedOnRotationNode index="0>9|0|0"     type="motor" rotSpeed="600"     rotAxis="1" turnOnFadeTime="4" turnOffFadeTime="3" />
        <turnedOnRotationNode index="0>9|0|1"     type="motor" rotSpeed="600"     rotAxis="1" turnOnFadeTime="4" turnOffFadeTime="3" />
        <turnedOnRotationNode index="0>11|1|3"    type="combine" rotSpeed="400"   rotAxis="1" turnOnFadeTime="4" turnOffFadeTime="3" />
        <turnedOnRotationNode index="0>9|1|6|0|0" type="combine" rotSpeed="-550"  rotAxis="3" turnOnFadeTime="4" turnOffFadeTime="3" />
        <turnedOnRotationNode index="0>9|2|3|0"   type="combine" rotSpeed="-1200" rotAxis="2" turnOnFadeTime="5" turnOffFadeTime="4" />
        <turnedOnRotationNode index="0>9|2|3|1"   type="combine" rotSpeed="1200"  rotAxis="2" turnOnFadeTime="5" turnOffFadeTime="4" />
        <turnedOnRotationNode index="0>9|2|0|0|0" type="combine" rotSpeed="-1200" rotAxis="2" turnOnFadeTime="5" turnOffFadeTime="4" />
        <turnedOnRotationNode index="0>9|2|0|0|1" type="combine" rotSpeed="1200"  rotAxis="2" turnOnFadeTime="5" turnOffFadeTime="4" />
    </turnedOnRotationNodes>

    <foldingParts startMoveDirection="1" turnOnFoldMinLimit="0" turnOnFoldMaxLimit="0.02" >
        <foldingPart animationName="foldGrainTank" speedScale="1" />
    </foldingParts>

    <animations>
        <animation name="foldGrainTank">
            <!-- grain tank -->
            <part node="0>9|1|0" startTime="0" endTime="1" startRot="0 0 0" endRot="-38.793 0 0"/>
            <part node="0>9|1|0" startTime="1" endTime="2" startRot="-38.793 0 0" endRot="-81.897 0 0"/>
            <part node="0>9|1|0" startTime="2" endTime="3" startRot="-81.897 0 0" endRot="-125 0 0"/>
            <part node="0>9|1|0" startTime="3" endTime="4" startRot="-125 0 0" endRot="-140 0 0"/>

            <part node="0>9|1|1" startTime="0" endTime="1" startRot="0 0 0" endRot="38.793 0 0"/>
            <part node="0>9|1|1" startTime="1" endTime="2" startRot="38.793 0 0" endRot="81.897 0 0"/>
            <part node="0>9|1|1" startTime="2" endTime="3" startRot="81.897 0 0" endRot="125 0 0"/>
            <part node="0>9|1|1" startTime="3" endTime="4" startRot="125 0 0" endRot="143 0 0"/>

            <part node="0>9|1|2" startTime="0" endTime="1" startRot="0 0 0" endRot="0 0 32.423"/>
            <part node="0>9|1|2" startTime="1" endTime="1.5" startRot="0 0 32.423" endRot="0 0 50.436"/>
            <part node="0>9|1|2" startTime="1.5" endTime="2" startRot="0 0 50.436" endRot="0 0 68.449"/>
            <part node="0>9|1|2" startTime="2" endTime="3" startRot="0 0 68.449" endRot="0 0 104.474"/>
            <part node="0>9|1|2" startTime="3" endTime="4" startRot="0 0 104.474" endRot="0 0 140.5"/>

            <part node="0>9|1|3" startTime="0" endTime="1" startRot="0 0 0" endRot="0 0 -37.552"/>
            <part node="0>9|1|3" startTime="1" endTime="2" startRot="0 0 -37.552" endRot="0 0 -79.276"/>
            <part node="0>9|1|3" startTime="2" endTime="3" startRot="0 0 -79.276" endRot="0 0 -121"/>
            <part node="0>9|1|3" startTime="3" endTime="4" startRot="0 0 -121" endRot="0 0 -141"/>

            <!-- grain rotor -->
            <part node="0>9|1|6|0" startTime="0" endTime="4" startRot="0 0 0" endRot="50 0 0" />
            <!-- pipe end -->
            <part node="0>5|2|0|0|0" startTime="0" duration="2.5" startRot="0 0 0" endRot="0 90 0"/>

            <!-- rubber flaps front left -->
            <part node="0>9|1|4|0|0" startTime="0" duration="0.5" startTrans="-0.506 0.556 0.677" endTrans="-0.506 0.728 0.471"/>
            <part node="0>9|1|4|0|0" startTime="0.5" duration="0.5" startTrans="-0.506 0.728 0.471" endTrans="-0.506 0.845 0.157"/>
            <part node="0>9|1|4|0|0" startTime="1" duration="0.5" startTrans="-0.506 0.845 0.157" endTrans="-0.506 0.838 -0.179"/>
            <part node="0>9|1|4|0|0" startTime="1.5" duration="0.5" startTrans="-0.506 0.838 -0.179" endTrans="-0.506 0.709 -0.488"/>
            <part node="0>9|1|4|0|0" startTime="2.0" duration="0.5" startTrans="-0.506 0.709 -0.488" endTrans="-0.506 0.475 -0.728"/>
            <part node="0>9|1|4|0|0" startTime="2.5" duration="0.5" startTrans="-0.506 0.475 -0.728" endTrans="-0.506 0.169 -0.865"/>
            <part node="0>9|1|4|0|0" startTime="3" duration="0.5" startTrans="-0.506 0.169 -0.865" endTrans="-0.506 0.053 -0.885"/>
            <part node="0>9|1|4|0|0" startTime="3.5" duration="0.5" startTrans="-0.506 0.053 -0.885" endTrans="-0.506 -0.064 -0.889"/>

            <part node="0>9|1|4|0|1" startTime="0" duration="0.5" startTrans="0.255 0.562 0.401" endTrans="0.211 0.657 0.362"/>
            <part node="0>9|1|4|0|1" startTime="0.5" duration="0.5" startTrans="0.211 0.657 0.362" endTrans="0.103 0.784 0.236"/>
            <part node="0>9|1|4|0|1" startTime="1" duration="0.5" startTrans="0.103 0.784 0.236" endTrans="-0.119 0.845 -0.017"/>
            <part node="0>9|1|4|0|1" startTime="1.5" duration="0.5" startTrans="-0.024 0.845 -0.017" endTrans="-0.348 0.798 -0.415"/>
            <part node="0>9|1|4|0|1" startTime="2" duration="0.5" startTrans="-0.348 0.798 -0.415" endTrans="-0.603 0.63 -0.754"/>
            <part node="0>9|1|4|0|1" startTime="2.5" duration="0.5" startTrans="-0.603 0.63 -0.754" endTrans="-0.688 0.297 -0.724"/>
            <part node="0>9|1|4|0|1" startTime="3" duration="1" startTrans="-0.688 0.297 -0.724" endTrans="-0.688 -0.024 -0.724"/>

            <part node="0>9|1|4|0|2" startTime="0" duration="0.5" startTrans="0.669 0.556 -0.498" endTrans="0.524 0.69 -0.498"/>
            <part node="0>9|1|4|0|2" startTime="0.5" duration="0.5" startTrans="0.524 0.69 -0.498" endTrans="0.302 0.8 -0.498"/>
            <part node="0>9|1|4|0|2" startTime="1" duration="0.5" startTrans="0.302 0.8 -0.498" endTrans="0.058 0.836 -0.498"/>
            <part node="0>9|1|4|0|2" startTime="1.5" duration="0.5" startTrans="0.058 0.836 -0.498" endTrans="-0.185 0.794 -0.498"/>
            <part node="0>9|1|4|0|2" startTime="2" duration="0.5" startTrans="-0.185 0.794 -0.498" endTrans="-0.404 0.68 -0.498"/>
            <part node="0>9|1|4|0|2" startTime="2.5" duration="0.5" startTrans="-0.404 0.68 -0.498" endTrans="-0.577 0.503 -0.498"/>
            <part node="0>9|1|4|0|2" startTime="3" duration="0.5" startTrans="-0.577 0.503 -0.498" endTrans="-0.687 0.282 -0.498"/>
            <part node="0>9|1|4|0|2" startTime="3.5" duration="0.5" startTrans="-0.687 0.282 -0.498" endTrans="-0.723 0.037 -0.498"/>

            <!-- rubber flaps front right -->
            <part node="0>9|1|4|1|0" startTime="0" duration="0.5" startTrans="0.518 0.553 0.668" endTrans="0.518 0.723 0.463"/>
            <part node="0>9|1|4|1|0" startTime="0.5" duration="0.5" startTrans="0.518 0.723 0.463" endTrans="0.518 0.838 0.151"/>
            <part node="0>9|1|4|1|0" startTime="1" duration="0.5" startTrans="0.518 0.838 0.151" endTrans="0.518 0.83 -0.181"/>
            <part node="0>9|1|4|1|0" startTime="1.5" duration="0.5" startTrans="0.518 0.83 -0.181" endTrans="0.518 0.701 -0.488"/>
            <part node="0>9|1|4|1|0" startTime="2.0" duration="0.5" startTrans="0.518 0.701 -0.488" endTrans="0.518 0.468 -0.725"/>
            <part node="0>9|1|4|1|0" startTime="2.5" duration="0.5" startTrans="0.518 0.468 -0.725" endTrans="0.518 0.164 -0.86"/>
            <part node="0>9|1|4|1|0" startTime="3" duration="0.5" startTrans="0.518 0.164 -0.86" endTrans="0.518 0.05 -0.879"/>
            <part node="0>9|1|4|1|0" startTime="3.5" duration="0.5" startTrans="0.518 0.05 -0.879" endTrans="0.518 -0.067 -0.883"/>

            <part node="0>9|1|4|1|1" startTime="0" duration="0.5" startTrans="-0.275 0.562 0.313" endTrans="-0.275 0.712 0.132"/>
            <part node="0>9|1|4|1|1" startTime="0.5" duration="0.5" startTrans="-0.275 0.712 0.132" endTrans="-0.062 0.802 0.038"/>
            <part node="0>9|1|4|1|1" startTime="1" duration="0.5" startTrans="-0.062 0.802 0.038" endTrans="0.171 0.81 -0.197"/>
            <part node="0>9|1|4|1|1" startTime="1.5" duration="0.5" startTrans="0.171 0.81 -0.197" endTrans="0.328 0.666 -0.197"/>
            <part node="0>9|1|4|1|1" startTime="2" duration="0.5" startTrans="0.328 0.666 -0.197" endTrans="0.642 0.376 -0.197"/>
            <part node="0>9|1|4|1|1" startTime="2.5" duration="0.5" startTrans="0.642 0.376 -0.197" endTrans="0.642 0.148 -0.197"/>
            <part node="0>9|1|4|1|1" startTime="3" duration="1" startTrans="0.642 0.148 -0.197" endTrans="0.642 -0.028 -0.197"/>

            <part node="0>9|1|4|1|2" startTime="0" duration="0.5" startTrans="-0.619 0.556 -0.47" endTrans="-0.45 0.69 -0.47"/>
            <part node="0>9|1|4|1|2" startTime="0.5" duration="0.5" startTrans="-0.45 0.69 -0.47" endTrans="-0.196 0.78 -0.47"/>
            <part node="0>9|1|4|1|2" startTime="1" duration="0.5" startTrans="-0.196 0.78 -0.47" endTrans="0.073 0.775 -0.47"/>
            <part node="0>9|1|4|1|2" startTime="1.5" duration="0.5" startTrans="0.073 0.775 -0.47" endTrans="0.322 0.673 -0.47"/>
            <part node="0>9|1|4|1|2" startTime="2" duration="0.5" startTrans="0.322 0.673 -0.47" endTrans="0.519 0.49 -0.47"/>
            <part node="0>9|1|4|1|2" startTime="2.5" duration="0.5" startTrans="0.519 0.49 -0.47" endTrans="0.638 0.249 -0.47"/>
            <part node="0>9|1|4|1|2" startTime="3" duration="0.5" startTrans="0.638 0.249 -0.47" endTrans="0.662 0.121 -0.47"/>
            <part node="0>9|1|4|1|2" startTime="3.5" duration="0.5" startTrans="0.662 0.121 -0.47" endTrans="0.664 -0.008 -0.47"/>

            <!-- rubber flaps back left -->
            <part node="0>9|1|4|2|0" startTime="0" duration="0.5" startTrans="0.687 0.5 0.513" endTrans="0.541 0.634 0.513"/>
            <part node="0>9|1|4|2|0" startTime="0.5" duration="0.5" startTrans="0.541 0.634 0.513" endTrans="0.32 0.744 0.513"/>
            <part node="0>9|1|4|2|0" startTime="1" duration="0.5" startTrans="0.32 0.744 0.513" endTrans="0.075 0.78 0.513"/>
            <part node="0>9|1|4|2|0" startTime="1.5" duration="0.5" startTrans="0.075 0.78 0.513" endTrans="-0.168 0.739 0.513"/>
            <part node="0>9|1|4|2|0" startTime="2.0" duration="0.5" startTrans="-0.168 0.739 0.513" endTrans="-0.387 0.624 0.513"/>
            <part node="0>9|1|4|2|0" startTime="2.5" duration="0.5" startTrans="-0.387 0.624 0.513" endTrans="-0.56 0.448 0.513"/>
            <part node="0>9|1|4|2|0" startTime="3" duration="0.5" startTrans="-0.56 0.448 0.513" endTrans="-0.67 0.226 0.513"/>
            <part node="0>9|1|4|2|0" startTime="3.5" duration="0.5" startTrans="-0.67 0.226 0.513" endTrans="-0.705 -0.018 0.513"/>

            <part node="0>9|1|4|2|1" startTime="0" duration="0.5" startTrans="0.273 0.506 -0.377" endTrans="0.214 0.635 -0.204"/>
            <part node="0>9|1|4|2|1" startTime="0.5" duration="0.5" startTrans="0.214 0.635 -0.204" endTrans="-0.001 0.774 0.044"/>
            <part node="0>9|1|4|2|1" startTime="1" duration="0.5" startTrans="-0.001 0.774 0.044" endTrans="-0.113 0.801 0.121"/>
            <part node="0>9|1|4|2|1" startTime="1.5" duration="0.5" startTrans="-0.113 0.801 0.121" endTrans="-0.312 0.742 0.097"/>
            <part node="0>9|1|4|2|1" startTime="2" duration="0.5" startTrans="-0.312 0.742 0.097" endTrans="-0.403 0.468 0.466"/>
            <part node="0>9|1|4|2|1" startTime="2.5" duration="0.5" startTrans="-0.403 0.468 0.466" endTrans="-0.523 0.269 0.411"/>
            <part node="0>9|1|4|2|1" startTime="3" duration="1" startTrans="-0.523 0.269 0.411" endTrans="-0.562 -0.098 0.308"/>

            <part node="0>9|1|4|2|2" startTime="0" duration="0.5" startTrans="-0.516 0.458 -0.676" endTrans="-0.516 0.637 -0.482"/>
            <part node="0>9|1|4|2|2" startTime="0.5" duration="0.5" startTrans="-0.516 0.637 -0.482" endTrans="-0.516 0.767 -0.178"/>
            <part node="0>9|1|4|2|2" startTime="1" duration="0.5" startTrans="-0.516 0.767 -0.178" endTrans="-0.516 0.777 0.152"/>
            <part node="0>9|1|4|2|2" startTime="1.5" duration="0.5" startTrans="-0.516 0.777 0.152" endTrans="-0.516 0.664 0.462"/>
            <part node="0>9|1|4|2|2" startTime="2" duration="0.5" startTrans="-0.516 0.664 0.462" endTrans="-0.516 0.446 0.709"/>
            <part node="0>9|1|4|2|2" startTime="2.5" duration="0.5" startTrans="-0.516 0.446 0.709" endTrans="-0.516 0.152 0.859"/>
            <part node="0>9|1|4|2|2" startTime="3" duration="0.5" startTrans="-0.516 0.152 0.859" endTrans="-0.516 0.016 0.887"/>
            <part node="0>9|1|4|2|2" startTime="3.5" duration="0.5" startTrans="-0.516 0.016 0.887" endTrans="-0.516 -0.122 0.894"/>

            <!-- rubber flaps back right  -->
            <part node="0>9|1|4|3|0" startTime="0" duration="0.5" startTrans="-0.68 0.5 0.502" endTrans="-0.509 0.651 0.502"/>
            <part node="0>9|1|4|3|0" startTime="0.5" duration="0.5" startTrans="-0.509 0.651 0.502" endTrans="-0.245 0.761 0.502"/>
            <part node="0>9|1|4|3|0" startTime="1" duration="0.5" startTrans="-0.245 0.761 0.502" endTrans="0.04 0.77 0.502"/>
            <part node="0>9|1|4|3|0" startTime="1.5" duration="0.5" startTrans="0.04 0.77 0.502" endTrans="0.309 0.677 0.502"/>
            <part node="0>9|1|4|3|0" startTime="2.0" duration="0.5" startTrans="0.309 0.677 0.502" endTrans="0.528 0.493 0.502"/>
            <part node="0>9|1|4|3|0" startTime="2.5" duration="0.5" startTrans="0.528 0.493 0.502" endTrans="0.667 0.244 0.502"/>
            <part node="0>9|1|4|3|0" startTime="3" duration="0.5" startTrans="0.667 0.244 0.502" endTrans="0.7 0.111 0.502"/>
            <part node="0>9|1|4|3|0" startTime="3.5" duration="0.5" startTrans="0.7 0.111 0.502" endTrans="0.709 -0.026 0.502"/>

            <part node="0>9|1|4|3|1" startTime="0" duration="0.5" startTrans="-0.364 0.506 -0.293" endTrans="-0.227 0.663 -0.128"/>
            <part node="0>9|1|4|3|1" startTime="0.5" duration="0.5" startTrans="-0.227 0.663 -0.128" endTrans="-0.172 0.774 0.044"/>
            <part node="0>9|1|4|3|1" startTime="1" duration="0.5" startTrans="-0.172 0.774 0.044" endTrans="0.117 0.801 0.121"/>
            <part node="0>9|1|4|3|1" startTime="1.5" duration="0.5" startTrans="0.117 0.801 0.121" endTrans="0.424 0.742 0.097"/>
            <part node="0>9|1|4|3|1" startTime="2" duration="0.5" startTrans="0.424 0.742 0.097" endTrans="0.631 0.468 0.466"/>
            <part node="0>9|1|4|3|1" startTime="2.5" duration="0.5" startTrans="0.631 0.468 0.466" endTrans="0.58 0.109 0.411"/>
            <part node="0>9|1|4|3|1" startTime="3" duration="1" startTrans="0.58 0.109 0.411" endTrans="0.58 -0.098 0.411"/>

            <part node="0>9|1|4|3|2" startTime="0" duration="0.5" startTrans="0.527 0.458 -0.683" endTrans="0.527 0.639 -0.488"/>
            <part node="0>9|1|4|3|2" startTime="0.5" duration="0.5" startTrans="0.527 0.639 -0.488" endTrans="0.527 0.771 -0.183"/>
            <part node="0>9|1|4|3|2" startTime="1" duration="0.5" startTrans="0.527 0.771 -0.183" endTrans="0.527 0.782 0.148"/>
            <part node="0>9|1|4|3|2" startTime="1.5" duration="0.5" startTrans="0.527 0.782 0.148" endTrans="0.527 0.671 0.461"/>
            <part node="0>9|1|4|3|2" startTime="2" duration="0.5" startTrans="0.527 0.671 0.461" endTrans="0.527 0.452 0.711"/>
            <part node="0>9|1|4|3|2" startTime="2.5" duration="0.5" startTrans="0.527 0.452 0.711" endTrans="0.527 0.157 0.863"/>
            <part node="0>9|1|4|3|2" startTime="3" duration="0.5" startTrans="0.527 0.157 0.863" endTrans="0.527 0.021 0.892"/>
            <part node="0>9|1|4|3|2" startTime="3.5" duration="0.5" startTrans="0.527 0.021 0.892" endTrans="0.527 -0.118 0.899"/>
        </animation>

        <animation name="toggleChopper">
            <part node="0>9|2|0" startTime="0" duration="1.5" startRot="-7 0 0" endRot="0 0 0"/>
            <part node="0>9|2|2" startTime="0" duration="1.5" startRot="-33 0 0" endRot="0 0 0"/>
        </animation>
        <animation name="enterAnimation">
            <part node="0>9|3" startTime="0" duration="1" startRot="0 0 0" endRot="0 -90 0" />
        </animation>
    </animations>

    <movingTools>
        <!-- pipe -->
        <movingTool index="0>5|2|0" playSound="true">
            <dependentPart index="0>10|2" />
            <dependentPart index="0>10|3" />
        </movingTool>
        <!-- pipePart -->
        <movingTool index="0>5|2|0|0|0" playSound="true">
            <dependentPart index="0>5|2|0|0|1" />
        </movingTool>
        <!-- pipe end -->
        <movingTool index="0>5|2|0|0|0|1" playSound="true">
            <controls axis="AXIS_PIPE" invertAxis="true" mouseSpeedFactor="0.7" iconFilename="$dataS2/menu/moveControls/pipe_end.png"/>
            <rotation rotSpeed="20" rotAcceleration="300" rotMax="17.9" rotMin="0" rotationAxis="1" startRot="17.9"/>
            <dependentPart index="0>5|2|0|0|0|2" />
        </movingTool>
        <!-- attacher -->
        <movingTool index="0>5|0|1">
            <dependentPart index="0>10|0" />
        </movingTool>
        <!-- chopper -->
        <movingTool index="0>9|2|0">
            <dependentPart index="0>9|2|1" />
        </movingTool>
        <movingTool index="0>9|2|2">
            <dependentPart index="0>10|1" />
        </movingTool>
        <!-- graindoor left -->
        <movingTool index="0>9|1|2" playSound="true">
            <dependentPart index="0>9|1|8" />
            <dependentPart index="0>9|1|2|1" />
        </movingTool>
        <!-- graindoor right -->
        <movingTool index="0>9|1|3" playSound="true">
            <dependentPart index="0>9|1|7" />
            <dependentPart index="0>9|1|3|1" />
        </movingTool>
        <!-- grain rotor -->
        <movingTool index="0>9|1|6|0">
            <dependentPart index="0>9|1|6|0|1" />
        </movingTool>
    </movingTools>

    <movingParts>
        <!-- pipe -->
        <movingPart index="0>10|2" referencePoint="0>5|2|0|1" referenceFrame="0>" >
            <translatingPart index="0>10|2|0" />
        </movingPart>
        <movingPart index="0>10|3" referencePoint="0>5|2|0|2" referenceFrame="0>" scaleZ="true"/>
        <!-- pipe part arm -->
        <movingPart index="0>5|2|0|0|1" localReferencePoint="0>5|2|0|0|1|0" referencePoint="0>5|2|0|0|0|4" referenceFrame="0>5|2|0|0|3">
            <dependentPart index="0>5|2|0|0|1|0" />
            <dependentPart index="0>5|2|0|0|2" />
        </movingPart>
        <movingPart index="0>5|2|0|0|1|0" referencePoint="0>5|2|0|0|0|4" referenceFrame="0>5|2|0|0|1|1" scaleZ="true"/>
        <movingPart index="0>5|2|0|0|2" referencePoint="0>5|2|0|0|1|2" referenceFrame="0>" >
            <translatingPart index="0>5|2|0|0|2|0" />
        </movingPart>
        <!-- pipe end -->
        <movingPart index="0>5|2|0|0|0|2" referencePoint="0>5|2|0|0|0|1|1" referenceFrame="0>5|2|0|0|0|1|1" >
            <translatingPart index="0>5|2|0|0|0|2|0" />
        </movingPart>
        <!-- attacher -->
        <movingPart index="0>10|0" referencePoint="0>5|0|1|0|1" referenceFrame="0>" >
            <translatingPart index="0>10|0|0" />
        </movingPart>
        <!-- chopper -->
        <movingPart index="0>10|1" referencePoint="0>9|2|2|0" referenceFrame="0>" >
            <translatingPart index="0>10|1|0" />
        </movingPart>
        <movingPart index="0>9|2|1" localReferencePoint="0>9|2|1|0" referencePoint="0>9|2|0|2" referenceFrame="0>" >
            <dependentPart index="0>9|2|1|0" />
        </movingPart>
        <movingPart index="0>9|2|1|0" referencePoint="0>9|2|0|2" referenceFrame="0>" scaleZ="true"/>

        <!-- graindoorrotor left -->
        <movingPart index="0>9|1|8" localReferencePoint="0>9|1|8|0" referencePoint="0>9|1|2|0" referenceFrame="0>9|1|2|0" >
            <dependentPart index="0>9|1|8|0" />
            <dependentPart index="0>9|1|7|1" />
        </movingPart>
        <movingPart index="0>9|1|8|0" referencePoint="0>9|1|2|0" referenceFrame="0>" scaleZ="true"/>

        <!-- graindoorrotor right -->
        <movingPart index="0>9|1|7" localReferencePoint="0>9|1|7|0" referencePoint="0>9|1|3|0" referenceFrame="0>9|1|3|0" >
            <dependentPart index="0>9|1|7|0" />
            <dependentPart index="0>9|1|7|1" />
            <dependentPart index="0>9|1|0|0" />
            <dependentPart index="0>9|1|1|0" />
            <dependentPart index="0>9|1|6|0|1" />
        </movingPart>
        <movingPart index="0>9|1|7|0" referencePoint="0>9|1|3|0" referenceFrame="0>" scaleZ="true"/>

        <!-- graindoorrotor hydraulic -->
        <movingPart index="0>9|1|7|1" referencePoint="0>9|1|8|1" referenceFrame="0>" >
            <translatingPart index="0>9|1|7|1|0" />
        </movingPart>

        <!-- graindoor chain -->
        <movingPart index="0>9|1|2|1" referencePoint="0>9|1|9" referenceFrame="0>9|1|11" scaleZ="true"/>
        <movingPart index="0>9|1|3|1" referencePoint="0>9|1|10" referenceFrame="0>9|1|12" scaleZ="true"/>
        <movingPart index="0>9|1|0|0" referencePoint="0>9|1|7|3" referenceFrame="0>9|1|12" scaleZ="true"/>
        <movingPart index="0>9|1|1|0" referencePoint="0>9|1|7|4" referenceFrame="0>9|1|12" scaleZ="true"/>
        <movingPart index="0>9|1|6|0|1" referencePoint="0>9|1|7|2" referenceFrame="0>9|1|6|0|3" scaleZ="true"/>

        <!-- steering -->
        <movingPart index="0>0|0|0" referencePoint="0>0|0|1" referenceFrame="0>" isActiveDirty="true" />
        <movingPart index="0>0|1|0" referencePoint="0>0|1|1" referenceFrame="0>" isActiveDirty="true" />
        <movingPart index="1>0|0|0|1" referencePoint="1>0|1|0|1" referenceFrame="0>" isActiveDirty="true" />
        <movingPart index="1>1|0" referencePoint="1>0|0|0|2" referenceFrame="0>" isActiveDirty="true" >
            <translatingPart index="1>1|0|0" />
        </movingPart>
        <movingPart index="1>1|1" referencePoint="1>0|1|0|2" referenceFrame="0>" isActiveDirty="true" >
            <translatingPart index="1>1|1|0" />
        </movingPart>
    </movingParts>

    <pipeEffect>
        <effectNode effectClass="PipeEffect" effectNode="0>5|2|0|0|0|1|0|0" materialType="pipe"  materialTypeId="1" delay="0"   maxBending="1" positionUpdateNodes="0>5|2|0|0|0|1|0|1" />
        <effectNode                          effectNode="0>5|2|0|0|0|1|0|1" materialType="smoke" materialTypeId="1" delay="0.1" alignToWorldY="true" />
    </pipeEffect>

    <combine toggleTime="4300">
        <chopperSwitch available="true" />
        <threshingScrollers>
            <threshingScroller index="0>5|0|1|0|2" scrollSpeed="1" scrollLength="1" shaderParameterName="offsetUV" shaderParameterComponent="1" toggleVisibility="false" turnOnFadeTime="1" turnOffFadeTime="1"/>
        </threshingScrollers>
        <chopperEffect>
            <effectNode effectNode="0>8|1|0" materialType="chopper" materialTypeId="1" delay="0" />
            <effectNode effectNode="0>8|1|1" materialType="chopper" materialTypeId="1" delay="0" />
            <effectNode effectNode="0>8|1|2" materialType="chopper" materialTypeId="1" delay="0" />
        </chopperEffect>
        <strawEffect>
            <effectNode effectNode="0>8|2|0" materialType="straw"   materialTypeId="1" delay="0" />
            <effectNode effectNode="0>8|2|1" materialType="chopper" materialTypeId="1" delay="0" />
            <effectNode effectNode="0>8|2|2" materialType="chopper" materialTypeId="1" delay="0" />
        </strawEffect>
        <fillEffect>
            <effectNode effectNode="0>9|1|6|0|2|0" materialType="unloading" materialTypeId="3" delay="0" />
            <effectNode effectNode="0>9|1|6|0|2|1" materialType="smoke"     materialTypeId="1" delay="0.1" />
        </fillEffect>
        <chopperParticleSystems>
            <emitterShape node="0>8|1|3" particleType="chopper" worldSpace="false"/>
            <emitterShape node="0>8|1|4" particleType="smoke" />
        </chopperParticleSystems>
        <strawParticleSystems>
            <emitterShape node="0>8|2|3" particleType="smoke" />
        </strawParticleSystems>
    </combine>

    <exhaustEffects>
        <exhaustEffect index="0>8|0|0" filename="$data/particleSystems/shared/exhaust.i3d" minRpmColor="0.9 0.9 0.9 0.05" maxRpmColor="0.9 0.9 0.9 0.2" minRpmScale="0.08" maxRpmScale="0.6" xzRotationsOffset="0 0" xzRotationsForward="-150 0" xzRotationsBackward="100 0" xzRotationsLeft="0 -150" xzRotationsRight="0 150" />
    </exhaustEffects>

    <exhaustFlap index="0>8|0|1" maxRot="90" />

    <fillUnits>
        <fillUnit unit="$l10n_unit_literShort" fillTypeCategories="combine" capacity="14500" />
    </fillUnits>
	<fillMassNode index="0>" mrCOMtransWithMass="0 0.03 0" />

    <fillVolumes>
        <volumes>
            <volume index="0>14|0" maxAllowedHeapAngle="20" maxDelta="0.5" />
        </volumes>

        <unloadInfos>
            <unloadInfo>
                <node index="0>14|1" width="0.4" length="0.4" />
            </unloadInfo>
        </unloadInfos>

        <loadInfos>
            <loadInfo>
                <node index="0>14|2" width="0.4" length="0.4" />
            </loadInfo>
        </loadInfos>

        <dischargeInfos>
            <dischargeInfo>
                <node index="0>5|2|0|0|0|0" width="0.4" length="0.4" />
            </dischargeInfo>
        </dischargeInfos>
    </fillVolumes>

    <enterAnimation name="enterAnimation" />

    <workAreas>
        <workArea startIndex="0>15|0" widthIndex="0>15|1" heightIndex="0>15|2" type="combine" />
    </workAreas>

    <ai>
        <trafficCollisionTrigger index="0>7|0" />
    </ai>

    <washable dirtDuration="300" washDuration="1" workMultiplier="2" />

    <components count="2">
        <component1 centerOfMass="0 1.20 1.3" solverIterationCount="10" mrSetMass="17" />
        <component2 centerOfMass="0 0 0" solverIterationCount="10" mrSetMass="3" />
        <joint component1="0" component2="1" index="0>0|2" rotLimit="0 0 10" transLimit="0 0 0" maxRotDriveForce="0 0 0" rotDriveRotation="- - 0" rotDriveSpring="0 0 0" rotDriveDamping="0 0 0" breakable="false"/>
    </components>

    <schemaOverlay file="$dataS2/menu/schemas/vehicleSchema.png" fileSelected="$dataS2/menu/schemas/vehicleSchemaSelected.png" fileTurnedOn="$dataS2/menu/schemas/vehicleSchemaTurnedOn.png" fileSelectedTurnedOn="$dataS2/menu/schemas/vehicleSchemaSelectedTurnedOn.png" width="0.5" height="0.5" attacherJointPosition="0.5 0" />

</vehicle>