﻿<?xml version="1.0" encoding="utf-8" standalone="no" ?>
<vehicle type="tractor">
    <annotation>Copyright (C) GIANTS Software GmbH, All Rights Reserved.</annotation>
	
	<!-- mr
	
		Lamborghini mach VRT 210 230 250
		equivalent Deutz Fahr 7210, 7230, 7250TTV		
		
		data comes from profi test 9/2014 = 7250TTV, dynamometer test "7230TTV", "materiel agricole decembre 2012 - n°183"
		
		pto max power (measured) =		
		230 = 159KW (boost ?)   | test mat183 = 149.7KW (176.7KW with boost)
		250 = 181KW (184.5 with boost)
		
		pto max power "guessed"
		210 = 148KW (161.5KW boost)
		230 = 159KW (176.5KW boost)
		250 = 172KW (185KW boost)
		
		wheel weight set to 1200kgs total (600kgs per rear wheel)
		
		fuel capacity
	
	-->
	<moreRealistic useMrTransmission="true">		
		<dragArea value="5.5" />
		<engine rotInertiaFx="1" transmissionEfficiency="0.91" minSpeed="3" engineBrakeForceFx="1" fuelUsageFactor="1" engineBrakeRpm="2480" />
		<lateralForces useSingleComponent="false" />
	</moreRealistic>

    <storeData>
        <name>Mach VRT</name>
        <specs>
            <power>224</power>
            <maxSpeed>60</maxSpeed>
        </specs>
        <functions>
            <function>$l10n_function_tractor</function>
            <function>$l10n_function_tractorFrontloader</function>
        </functions>
        <image>data/store/store_lamborghiniMach230VRT.png</image>
        <price>189000</price>
        <dailyUpkeep>270</dailyUpkeep>
        <lifetime>600</lifetime>
        <rotation>0</rotation>
        <brand>LAMBORGHINI</brand>
        <category>tractors</category>
        <fieldJob sizeCategory="2" typeCategory="tractor" hasFrontAndBackHydraulics="true" />
        <vertexBufferMemoryUsage>2050136</vertexBufferMemoryUsage>
        <indexBufferMemoryUsage>336186</indexBufferMemoryUsage>
        <textureMemoryUsage>20447728</textureMemoryUsage>
        <instanceVertexBufferMemoryUsage>0</instanceVertexBufferMemoryUsage>
        <instanceIndexBufferMemoryUsage>0</instanceIndexBufferMemoryUsage>
    </storeData>

    <typeDesc>$l10n_typeDesc_tractor</typeDesc>
    <filename>data/vehicles/steerable/lamborghini/Mach230VRT.i3d</filename>

    <size width="3" length="5"/>

    <wheelConfigurations>
        <wheelConfiguration name="$l10n_configuration_valueDefault" price="0">
            <wheels autoRotateBackSpeed="1.7">
                <wheel rotSpeed="1" restLoad="2.6" repr="1>0|0|0" driveNode="1>0|0|0|0|0" forcePointRatio="0.2" filename="$data/vehicles/wheels/trelleborg/TM900_600_70R30.xml"                      isLeft="true"  initialCompression="10" suspTravel="0.2" spring="45" damper="12" hasTireTracks="true" hasParticles="true" fenderNode="1>0|0|0|1" fenderRotMax="28" steeringNode="1>1|0" steeringNodeMinTransX="-0.125" steeringNodeMaxTransX="0.125"/>
                <wheel rotSpeed="1" restLoad="2.6" repr="1>0|1|0" driveNode="1>0|1|0|0|0" forcePointRatio="0.2" filename="$data/vehicles/wheels/trelleborg/TM900_600_70R30.xml"                      isLeft="false" initialCompression="10" suspTravel="0.2" spring="45" damper="12" hasTireTracks="true" hasParticles="true" fenderNode="1>0|1|0|1" fenderRotMin="-28" />
                <wheel rotSpeed="0" restLoad="2.2" repr="0>0|0"                           forcePointRatio="0.3" filename="$data/vehicles/wheels/trelleborg/TM800_710_70R38.xml" configIndex="n10v15" isLeft="true"  initialCompression="5" suspTravel="0.2" spring="114" damper="20" hasTireTracks="true" hasParticles="true" />
                <wheel rotSpeed="0" restLoad="2.2" repr="0>0|1"                           forcePointRatio="0.3" filename="$data/vehicles/wheels/trelleborg/TM800_710_70R38.xml" configIndex="n10v15" isLeft="false" initialCompression="5" suspTravel="0.2" spring="114" damper="20" hasTireTracks="true" hasParticles="true" />
            </wheels>
        </wheelConfiguration>
        <wheelConfiguration name="$l10n_configuration_valueWheelWeights" price="1300" icon="$dataS2/menu/hud/configurations/config_wheel_weight.png">
            <wheels autoRotateBackSpeed="1.7">
                <wheel rotSpeed="1" restLoad="2.6" repr="1>0|0|0" driveNode="1>0|0|0|0|0" forcePointRatio="0.2" filename="$data/vehicles/wheels/trelleborg/TM900_600_70R30.xml"                        isLeft="true"  initialCompression="10" suspTravel="0.2" spring="45" damper="12" hasTireTracks="true" hasParticles="true" fenderNode="1>0|0|0|1" fenderRotMax="28" steeringNode="1>1|0" steeringNodeMinTransX="-0.125" steeringNodeMaxTransX="0.125"/>
                <wheel rotSpeed="1" restLoad="2.6" repr="1>0|1|0" driveNode="1>0|1|0|0|0" forcePointRatio="0.2" filename="$data/vehicles/wheels/trelleborg/TM900_600_70R30.xml"                        isLeft="false" initialCompression="10" suspTravel="0.2" spring="45" damper="12" hasTireTracks="true" hasParticles="true" fenderNode="1>0|1|0|1" fenderRotMin="-28" />
                <wheel rotSpeed="0" restLoad="2.6" repr="0>0|0"                           forcePointRatio="0.3" filename="$data/vehicles/wheels/trelleborg/TM800_710_70R38.xml" configIndex="n10v15w1" isLeft="true"  initialCompression="5" suspTravel="0.2" spring="114" damper="20" hasTireTracks="true" hasParticles="true" mass="0.915" />
                <wheel rotSpeed="0" restLoad="2.6" repr="0>0|1"                           forcePointRatio="0.3" filename="$data/vehicles/wheels/trelleborg/TM800_710_70R38.xml" configIndex="n10v15w1" isLeft="false" initialCompression="5" suspTravel="0.2" spring="114" damper="20" hasTireTracks="true" hasParticles="true" mass="0.915"/>
            </wheels>
        </wheelConfiguration>
        <wheelConfiguration name="$l10n_configuration_valueWheelBroad" price="1800" icon="$dataS2/menu/hud/configurations/config_wheel_broad.png">
            <wheels autoRotateBackSpeed="1.7">
                <wheel rotSpeed="1" restLoad="2.6" repr="1>0|0|0" driveNode="1>0|0|0|0|0" forcePointRatio="0.2" filename="$data/vehicles/wheels/trelleborg/TM900_600_70R30.xml"                      isLeft="true"  initialCompression="10" suspTravel="0.2" spring="45" damper="12" hasTireTracks="true" hasParticles="true" fenderNode="1>0|0|0|1" fenderRotMax="28" steeringNode="1>1|0" steeringNodeMinTransX="-0.125" steeringNodeMaxTransX="0.125"/>
                <wheel rotSpeed="1" restLoad="2.6" repr="1>0|1|0" driveNode="1>0|1|0|0|0" forcePointRatio="0.2" filename="$data/vehicles/wheels/trelleborg/TM900_600_70R30.xml"                      isLeft="false" initialCompression="10" suspTravel="0.2" spring="45" damper="12" hasTireTracks="true" hasParticles="true" fenderNode="1>0|1|0|1" fenderRotMin="-28" />
                <wheel rotSpeed="0" restLoad="2.3" repr="0>0|0"                           forcePointRatio="0.3" filename="$data/vehicles/wheels/trelleborg/TM900_900_60R38.xml" configIndex="n10v15" isLeft="true"  initialCompression="-10" suspTravel="0.2" spring="114" damper="22" hasTireTracks="true" hasParticles="true" />
                <wheel rotSpeed="0" restLoad="2.3" repr="0>0|1"                           forcePointRatio="0.3" filename="$data/vehicles/wheels/trelleborg/TM900_900_60R38.xml" configIndex="n10v15" isLeft="false" initialCompression="-10" suspTravel="0.2" spring="114" damper="22" hasTireTracks="true" hasParticles="true" />
            </wheels>
            <objectChange node="0>0|0" translationActive="0.958 0.937 -1.24" />
            <objectChange node="0>0|1" translationActive="-0.958 0.937 -1.24" />
        </wheelConfiguration>
		<wheelConfiguration name="$l10n_configuration_valueTwinWheelsBack" price="4000" icon="$dataS2/menu/hud/configurations/config_wheel_twin.png" >
            <wheels autoRotateBackSpeed="1.6">
                <wheel rotSpeed="1" restLoad="2.9" repr="1>0|0|0" driveNode="1>0|0|0|0|0" forcePointRatio="0.2" filename="$data/vehicles/wheels/trelleborg/TM900_600_70R30.xml"                      isLeft="true"  initialCompression="10" suspTravel="0.2" spring="45" damper="12" hasTireTracks="true" hasParticles="true" fenderNode="1>0|0|0|1" fenderRotMax="28" steeringNode="1>1|0" steeringNodeMinTransX="-0.125" steeringNodeMaxTransX="0.125"/>
                <wheel rotSpeed="1" restLoad="2.9" repr="1>0|1|0" driveNode="1>0|1|0|0|0" forcePointRatio="0.2" filename="$data/vehicles/wheels/trelleborg/TM900_600_70R30.xml"                      isLeft="false" initialCompression="10" suspTravel="0.2" spring="45" damper="12" hasTireTracks="true" hasParticles="true" fenderNode="1>0|1|0|1" fenderRotMin="-28" />
                <wheel rotSpeed="0" restLoad="2.9" repr="0>0|0"                           forcePointRatio="0.3" filename="$data/vehicles/wheels/trelleborg/TM800_710_70R38.xml" configIndex="n10v15" isLeft="true"  initialCompression="5" suspTravel="0.2" spring="114" damper="24" hasTireTracks="true" hasParticles="true" mass="0.55" mrForcePointOffsetX="1.1" mrPressureFx="0.7" >
                    <additionalWheel filename="$data/vehicles/wheels/trelleborg/TM800_710_70R38.xml" configIndex="dual" isLeft="true" offset="0.2" addRaycast="true" hasTireTracks="true" hasParticles="true" >
                        <connector filename="$data/vehicles/wheels/rims/dual001.i3d" index="1|0" />
                    </additionalWheel>
                </wheel>
                <wheel rotSpeed="0" restLoad="2.9" repr="0>0|1"                           forcePointRatio="0.3" filename="$data/vehicles/wheels/trelleborg/TM800_710_70R38.xml" configIndex="n10v15" isLeft="false" initialCompression="5" suspTravel="0.2" spring="114" damper="24" hasTireTracks="true" hasParticles="true" mass="0.55" mrForcePointOffsetX="1.1" mrPressureFx="0.7" >
                    <additionalWheel filename="$data/vehicles/wheels/trelleborg/TM800_710_70R38.xml" configIndex="dual" isLeft="false" offset="0.2" addRaycast="true" hasTireTracks="true" hasParticles="true" >
                        <connector filename="$data/vehicles/wheels/rims/dual001.i3d" index="1|1" />
                    </additionalWheel>
                </wheel>
            </wheels>
            <objectChange node="0>14|3"  translationActive="1.50 1.342 -1.162" />
            <objectChange node="0>14|4"  translationActive="-1.57 1.342 -1.162" />
            <size width="5" />
        </wheelConfiguration>
    </wheelConfigurations>

    <ackermannSteeringConfigurations>        
        <ackermannSteering rotSpeed="60" rotMax="37" rotCenterWheel1="2" rotCenterWheel2="3" />
    </ackermannSteeringConfigurations>

    <differentials>
        <differential torqueRatio="0.5" maxSpeedRatio="1" wheelIndex1="0" wheelIndex2="1" /> <!-- front left-right -->
        <differential torqueRatio="0.5" maxSpeedRatio="1" wheelIndex1="2" wheelIndex2="3" /> <!-- back left-right -->
        <differential torqueRatio="0.5" maxSpeedRatio="1" differentialIndex1="0" differentialIndex2="1" /> <!-- front-back -->
    </differentials>

    <motorConfigurations>
        <motorConfiguration name="Mach 210 VRT" hp="224" price="0">
            <motor torqueScale="0.825" minRpm="800" maxRpm="2220" maxForwardSpeed="60" maxBackwardSpeed="60" brakeForce="6.4" lowBrakeForceScale="0.22" lowBrakeForceSpeedLimit="1" rotInertia="0.002" minForwardGearRatio="12.25" maxForwardGearRatio="150" minBackwardGearRatio="12.25" maxBackwardGearRatio="150" ptoMotorRpmRatio="3.598">
                <torque normRpm="0.36" torque="0.778"/>
                <torque normRpm="0.428" torque="0.889"/>
                <torque normRpm="0.54" torque="1"/>
                <torque normRpm="0.81" torque="0.95"/>
                <torque normRpm="0.856" torque="0.9"/>
                <torque normRpm="0.878" torque="0.88"/>
				<torque normRpm="0.946" torque="0.8"/>
				<torque normRpm="0.968" torque="0.44"/>
				<torque normRpm="1" torque="0"/>				
            </motor>
            <objectChange node="0>12|0" visibilityActive="true"/>
            <objectChange node="0>12|1" visibilityActive="false"/>
            <objectChange node="0>12|2" visibilityActive="false"/>
			<mrBoost ptoBoostTorqueRatio="1.093" speedBoostTorqueRatio="1.093" speedBoostStartKph="20" speedBoostFullKph="30" maxBoostRatio="1.093" />
        </motorConfiguration>
        <motorConfiguration name="Mach 230 VRT" hp="245" price="10500" dailyUpkeep="21" icon="$dataS2/menu/hud/configurations/config_engine.png">
            <motor torqueScale="0.890" />
            <objectChange node="0>12|0" visibilityActive="false"/>
            <objectChange node="0>12|1" visibilityActive="true"/>
            <objectChange node="0>12|2" visibilityActive="false"/>
			<mrBoost ptoBoostTorqueRatio="1.11" speedBoostTorqueRatio="1.11" speedBoostStartKph="20" speedBoostFullKph="30" maxBoostRatio="1.11" />
        </motorConfiguration>
        <motorConfiguration name="Mach 250 VRT" hp="263" price="19500" dailyUpkeep="39" icon="$dataS2/menu/hud/configurations/config_engine.png">
            <motor torqueScale="0.960" />
            <objectChange node="0>12|0" visibilityActive="false"/>
            <objectChange node="0>12|1" visibilityActive="false"/>
            <objectChange node="0>12|2" visibilityActive="true"/>
			<mrBoost ptoBoostTorqueRatio="1.08" speedBoostTorqueRatio="1.08" speedBoostStartKph="20" speedBoostFullKph="30" maxBoostRatio="1.08" />
        </motorConfiguration>
    </motorConfigurations>

    <fuelCapacity>435</fuelCapacity>

    <cameras count="2">
        <camera1 index="0>1|0|0" rotatable="true" rotateNode="0>1|0" limit="true" useWorldXZRotation="true" rotMinX="-1.4" rotMaxX="1" transMin="4" transMax="40" >
            <raycastNode index="0>1|2"/>
            <raycastNode index="0>1|3"/>
        </camera1>
        <camera2 index="0>1|1" rotatable="true" limit="true" rotMinX="-1.1" rotMaxX="0.4" transMin="0" transMax="0" useMirror="true" isInside="true" />
    </cameras>

    <lights>
        <low>
            <light                       decoration="0>2|0|0"   lightTypes="0 3" />
            <light realLight="0>2|0|1"                          lightTypes="0" excludedLightTypes="3" /> <!--FrontLights-->
            <light                       decoration="0>2|2|0"   lightTypes="0 1"/> <!--BackLights-->
            <light realLight="0>2|1|0|1" decoration="0>2|1|0|0" lightTypes="1"/> <!--WorklightBack-->
            <light                       decoration="0>2|1|1|0" lightTypes="2"/> <!--WorklightFront-->
            <light realLight="0>2|0|2"                          lightTypes="3"/> <!--HighBeam -->
        </low>
        <high>
            <light                       decoration="0>2|0|0"   lightTypes="0 3" />
            <light realLight="0>2|0|3"                          lightTypes="0" excludedLightTypes="2 3" /> <!--FrontLights-->
            <light realLight="0>2|2|1"   decoration="0>2|2|0"   lightTypes="0 3" /> <!--BackLights-->
            <light realLight="0>2|1|0|2" decoration="0>2|1|0|0" lightTypes="1" /> <!--WorklightBack  -->
            <light realLight="0>2|1|1|1" decoration="0>2|1|1|0" lightTypes="2"  /> <!--WorklightFront -->
            <light realLight="0>2|0|4"                          lightTypes="3" excludedLightTypes="2" /> <!--HighBeam-->
        </high>
        <states>
            <state lightTypes="0" />
            <state lightTypes="0 1" />
            <state lightTypes="0 1 2" />
        </states>
    </lights>

    <brakeLights>
        <brakeLight realLight="0>2|2|1" decoration="0>2|4|0" />
    </brakeLights>

    <beaconLights>
        <beaconLight index="0>2|5|0" speed="0.015" filename="$data/shared/beaconLights/beaconLight02.i3d" />
    </beaconLights>

    <turnLights>
        <turnLightLeft realLight="0>2|3|0|1" decoration="0>2|3|0|0" />
        <turnLightLeft realLight="0>2|3|0|2" />
        <turnLightRight realLight="0>2|3|1|1" decoration="0>2|3|1|0" />
        <turnLightRight realLight="0>2|3|1|2" />
    </turnLights>

    <reverseLights>
        <reverseLight realLight="0>2|6|1" decoration="0>2|6|0" />
    </reverseLights>

    <mirrors>
        <mirror index="0>11|0" prio="1" />
        <mirror index="0>11|1" prio="1" />
    </mirrors>

    <indoorHud>
        <speed numbers="0>10|2" precision="1" />
        <operatingTime numbers="0>10|4" precision="1" />
        <time numbers="0>10|5" precision="2" />
        <rpm animName="rpmDisplay" minValueAnim="500" maxValueAnim="2500" />
        <fuel animName="fuelDisplay" />
    </indoorHud>

    <enterReferenceNode index="0>"/>
    <exitPoint index="0>3"/>

    <attacherJoints comboDuration="2">
        <attacherJoint index="0>5|0|0|0|0" rotationNode="0>5|0|0" rotationNode2="0>5|0|0|0" upperRotation="35 0 0" lowerRotation="-22 0 0" upperDistanceToGround="1.17" lowerDistanceToGround="0.35" upperRotationOffset="-0.3" moveTime="3.3" ptoOutputNode="0>5|2|0" comboTime="1">
            <bottomArm rotationNode="0>5|0|1" translationNode="0>5|0|1|0" referenceNode="0>5|0|1|0|0" zScale="-1" startRotation="-17 0 0" />
            <topArm baseNode="0>5|0|2" filename="$data/shared/vehicleParts/upperLink.i3d" zScale="-1" />
            <schema position="1 0" rotation="0" invertX="false" />
            <objectChange node="0>5|1|0" visibilityActive="false" visibilityInactive="true" />
        </attacherJoint>
        <attacherJoint index="0>5|0|3|0|0" rotationNode="0>5|0|3" rotationNode2="0>5|0|3|0" upperRotation="-26 0 0" lowerRotation="24 0 0" upperDistanceToGround="1.04" lowerDistanceToGround="0.34" upperRotationOffset="0.3" moveTime="2.8" ptoOutputNode="0>5|2|1" comboTime="0">
            <bottomArm rotationNode="0>5|0|4" translationNode="0>5|0|4|0" referenceNode="0>5|0|4|0|0" zScale="1" startRotation="-8 0 0"/>
            <topArm baseNode="0>5|0|5" filename="$data/shared/vehicleParts/upperLink.i3d" zScale="1" toggleVisibility="true" />
            <schema position="0 0" rotation="0" invertX="true" />
            <objectChange node="0>5|0|4|0|2" rotationActive="-103.234 25.365 -0.864" />
            <objectChange node="0>5|0|4|0|3" rotationActive="0.564 154.635 0.864" />
        </attacherJoint>
        <!-- trailer attacher -->
        <attacherJoint index="0>5|1|0|0" transNode="0>5|1|0" transNodeMinY="0.56" transNodeMaxY="1.11" mrOffsetY="0.029" jointType="trailer" lowerRotLimit="20 65 50" upperRotRotationOffset="0" allowsJointLimitMovement="false" ptoOutputNode="0>5|2|0" comboTime="1">
            <schema position="1 0" rotation="0" invertX="false" />
            <objectChange node="0>5|1|1" visibilityActive="false"  visibilityInactive="true" />
        </attacherJoint>
        <attacherJoint index="0>5|1|1|0" transNode="0>5|1|1" transNodeMinY="0.4" transNodeMaxY="0.7" mrOffsetY="0.029" jointType="trailerLow" lowerRotLimit="20 60 50" upperRotRotationOffset="0" allowsJointLimitMovement="false" ptoOutputNode="0>5|2|0" comboTime="1">
            <schema position="1 0" rotation="0" invertX="false" />
            <objectChange node="0>5|0|1" rotationActive="35 0 0"  rotationInactive="-17 0 0" />
            <objectChange node="0>5|1|0" visibilityActive="false"  visibilityInactive="true" />
            <steeringBars leftNode="0>5|1|1|1" rightNode="0>5|1|1|2" />
        </attacherJoint>
        <attacherJoint index="0>5|1|2" jointType="trailer" lowerRotLimit="20 80 50" upperRotRotationOffset="0" allowsJointLimitMovement="false" ptoOutputNode="0>5|2|1" comboTime="0">
            <schema position="0 0" rotation="0" invertX="true" />
            <objectChange node="0>5|0|4|0|2" visibilityActive="false" visibilityInactive="true" />
            <objectChange node="0>5|0|4|0|3" visibilityActive="false" visibilityInactive="true" />
        </attacherJoint>
    </attacherJoints>

    <frontloaderConfigurations>
        <frontloaderConfiguration name="$l10n_ui_no" price="0" >
            <objectChange node="0>5|3|0" visibilityActive="false" />
        </frontloaderConfiguration>
        <frontloaderConfiguration name="$l10n_ui_yes" price="800" icon="$dataS2/menu/hud/configurations/config_loader.png" >
            <objectChange node="0>5|3|0" visibilityActive="true" visibilityInactive="false"/>
            <!-- frontloader attacher -->
            <attacherJoint index="0>5|3|0|0" jointType="attachableFrontloader" upperRotation="0 0 0" lowerRotation="0 0 0" lowerTransLimit="0 0 0" lowerRotLimit="0 0 0" moveTime="2">
                <schema position="0 0.4" rotation="0" invertX="true" />
            </attacherJoint>
        </frontloaderConfiguration>
    </frontloaderConfigurations>

    <movingTools>
        <!-- attacher joint back bottom-->
        <movingTool index="0>5|0|1">
            <dependentPart index="0>9|0" />
        </movingTool>
        <!-- attacher joint front bottom-->
        <movingTool index="0>5|0|4">
            <!-- cylinder -->
            <dependentPart index="0>9|3" />
        </movingTool>
    </movingTools>

    <movingParts>
        <!-- front -->
        <movingPart index="0>9|3" referencePoint="0>5|0|4|0|1" referenceFrame="0>9|4">
            <translatingPart index="0>9|3|0" />
        </movingPart>

        <!-- back -->
        <movingPart index="0>9|0" referencePoint="0>5|0|1|0|1" localReferencePoint="0>9|0|0" referenceFrame="0>">
            <dependentPart index="0>9|0|0" />
        </movingPart>
        <!-- attacher joint back bottom cylinder 2b -->
        <movingPart index="0>9|0|0" referencePoint="0>5|0|1|0|1" referenceFrame="0>9|2">
            <translatingPart index="0>9|0|0|0" />
            <dependentPart index="0>9|1" />
        </movingPart>
        <!-- hydraulic -->
        <movingPart index="0>9|1" referencePoint="0>9|0|1" referenceFrame="0>9|4">
            <translatingPart index="0>9|1|0" />
        </movingPart>

        <!-- steering -->
        <movingPart index="1>0|0|0|2" referencePoint="1>1|0|0" referenceFrame="1>1|0|0" isActiveDirty="true" scaleZ="true" />
        <movingPart index="1>0|1|0|2" referencePoint="1>1|0|1" referenceFrame="1>1|0|1" isActiveDirty="true" scaleZ="true" />
    </movingParts>

    <animations>
        <animation name="rpmDisplay">
            <part node="0>10|1" startTime="0" endTime="0.5" startRot="0 0 0" endRot="0 -126 0" />
            <part node="0>10|1" startTime="0.5" endTime="1"    startRot="0 -126 0" endRot="0 -247 0" />
        </animation>
        <animation name="fuelDisplay">
            <part node="0>10|0" startTime="0" endTime="1" startRot="0 0 0" endRot="0 -110 0" />
            <part node="0>10|3|0" startTime="0"     endTime="0.001" visibility="false" />
            <part node="0>10|3|0" startTime="0.001" endTime="0.002" visibility="true" />
            <part node="0>10|3|1" startTime="0.1249" endTime="0.1250" visibility="false" />
            <part node="0>10|3|1" startTime="0.1250" endTime="0.1251" visibility="true" />
            <part node="0>10|3|2" startTime="0.249" endTime="0.250" visibility="false" />
            <part node="0>10|3|2" startTime="0.250" endTime="0.251" visibility="true" />
            <part node="0>10|3|3" startTime="0.3749" endTime="0.3750" visibility="false" />
            <part node="0>10|3|3" startTime="0.3750" endTime="0.3751" visibility="true" />
            <part node="0>10|3|4" startTime="0.499" endTime="0.500" visibility="false" />
            <part node="0>10|3|4" startTime="0.500" endTime="0.501" visibility="true" />
            <part node="0>10|3|5" startTime="0.6249" endTime="0.6250" visibility="false" />
            <part node="0>10|3|5" startTime="0.6250" endTime="0.6251" visibility="true" />
            <part node="0>10|3|6" startTime="0.749" endTime="0.750" visibility="false" />
            <part node="0>10|3|6" startTime="0.750" endTime="0.751" visibility="true" />
            <part node="0>10|3|7" startTime="0.8749" endTime="0.8750" visibility="false" />
            <part node="0>10|3|7" startTime="0.8750" endTime="0.8751" visibility="true" />
            <part node="0>10|3|7" startTime="0.8751" endTime="1" visibility="true" />
        </animation>
    </animations>

    <steering index="0>4|0" indoorRotation="540" outdoorRotation="50" />

    <characterNode index="0>6|0" cameraMinDistance="1.5" filename="$dataS2/character/player/player.xml" spineRotation="180 0 108" >
        <target ikChain="rightFoot" targetNode="0>6|1" />
        <target ikChain="leftFoot"  targetNode="0>6|2" />
        <target ikChain="rightArm"  targetNode="0>4|0|0" setDirty="true"/>
        <target ikChain="leftArm"   targetNode="0>4|0|1" setDirty="true" />
    </characterNode>

    <ai>
        <trafficCollisionTrigger index="0>7|0" />
    </ai>

    <exhaustEffects>
        <exhaustEffect index="0>8|0" filename="$data/particleSystems/shared/exhaust.i3d" minRpmColor="0.9 0.9 0.9 0.1" maxRpmColor="0.9 0.9 0.9 0.4" minRpmScale="0.05" maxRpmScale="0.5" xzRotationsOffset="-150 0" xzRotationsForward="0 300" xzRotationsBackward="150 0" xzRotationsLeft="20 80" xzRotationsRight="40 -200" />
    </exhaustEffects>

    <motorStartDuration>2200</motorStartDuration>
    <motorStartSound file="$data/vehicles/steerable/deutz/deutzFahr7250_start.wav"       pitchOffset="0.84" volume="0.85" indoorVolumeFactor="0.55" indoorLowpassGain="0.75"  />
    <motorStopSound file="$data/vehicles/steerable/newHolland/newHollandT8320_stop.wav"  pitchOffset="1.00" volume="0.90" indoorVolumeFactor="0.55" indoorLowpassGain="0.75"  />
    <motorSound file="$data/vehicles/steerable/deutz/deutzFahr7250_idle.wav"             pitchOffset="0.84" volume="0.85" indoorVolumeFactor="0.55" indoorLowpassGain="0.75"  pitchMax="1.46"  volumeMin="0.80" volumeMinSpeed="20" />
    <motorSoundRun file="$data/vehicles/steerable/deutz/deutzFahr7250_run.wav"           pitchOffset="0.62" volume="0.95" indoorVolumeFactor="0.50" indoorLowpassGain="0.65"  pitchMax="1.00" />
    <motorSoundLoad file="$data/vehicles/steerable/deutz/deutzFahr7250_load.wav"         pitchOffset="0.55" volume="1.15" indoorVolumeFactor="0.55" indoorLowpassGain="0.75"  pitchMax="1.35"  minimalVolumeFactor="0.10" />

    <gearboxSound file="$data/sounds/transmission/transmissionCVT_X.wav"      pitchOffset="0.84" volume="0.24" indoorVolumeFactor="0.74" indoorLowpassGain="0.25" pitchMax="1.15" volumeMax="0.52" reverseVolumeMax="0.85"  />
    <retarderSound file="$data/sounds/transmission/hs115LE.wav"               pitchOffset="0.75" volume="0.20" indoorVolumeFactor="0.70" indoorLowpassGain="0.60" pitchMax="1.80" volumeMax="0.46" minSpeed="6" />

    <hydraulicSound file="$data/sounds/hydraulicUp.wav"                       pitchOffset="0.90" volume="0.65" indoorVolumeFactor="0.60" indoorLowpassGain="0.70"  />
    <attachSound file="$data/sounds/attach.wav"                               pitchOffset="1.00" volume="1.00" indoorVolumeFactor="0.45" indoorLowpassGain="0.85"  />
    <honkSound file="$data/sounds/hornBig.wav"                                pitchOffset="1.00" volume="1.50" indoorVolumeFactor="0.50" indoorLowpassGain="0.85" radius="70" innerRadius="10" />

    <brakeCompressor capacity="10000" fillSpeed="650" />
    <maximalAirConsumptionPerFullStop value="3000" />
    <brakeCompressorStartSound file="$data/vehicles/steerable/jcb/jcb_module.wav"             pitchOffset="1.30"   volume="0.85" indoorVolumeFactor="0.65" indoorLowpassGain="0.85" />
    <brakeCompressorRunSound file="$data/sounds/technicalAccessories/compressor_idle.wav"     pitchOffset="0.00"   volume="0.00" indoorVolumeFactor="0.00" indoorLowpassGain="0.00" pitchMax="0.00" />
    <brakeCompressorStopSound file="$data/sounds/technicalAccessories/brakeBig.wav"           pitchOffset="3.00"   volume="1.85" indoorVolumeFactor="0.60" indoorLowpassGain="0.85" />
    <compressedAirSound file="$data/sounds/technicalAccessories/brakeSmall.wav"               pitchOffset="1.34"   volume="1.10" indoorVolumeFactor="0.65" indoorLowpassGain="0.85" />
    <airReleaseValveSound file="$data/sounds/technicalAccessories/regulator_valve.wav"        pitchOffset="0.97"   volume="1.05" indoorVolumeFactor="0.90" indoorLowpassGain="0.95"/>


    <washable dirtDuration="50" washDuration="1" workMultiplier="4" />

    <components count="2">
        <component1 centerOfMass="0 1.08 -0.26" solverIterationCount="10" mrSetMass="6.85" />
        <component2 centerOfMass="0 0 0" solverIterationCount="20" mrSetMass="1" />
        <joint component1="0" component2="1" index="0>0|2" rotLimit="0 0 10" transLimit="0 0 0" maxRotDriveForce="0 0 0" rotDriveRotation="- - 0" rotDriveSpring="0 0 30" rotDriveDamping="0 0 0" breakable="false"/>
    </components>

    <schemaOverlay file="$dataS2/menu/schemas/vehicleSchema.png" fileSelected="$dataS2/menu/schemas/vehicleSchemaSelected.png" width="0.5" height="0.5" attacherJointPosition="0.5 0" />

</vehicle>