﻿<?xml version="1.0" encoding="utf-8" standalone="no" ?>
<vehicle type="attachableCombine">
    <annotation>Copyright (C) GIANTS Software GmbH, All Rights Reserved.</annotation>
	
	<moreRealistic>		
		<dragArea value="8.5" />		
		<combine turnedOnPtoPower="30" unloadingAugerPtoPower="15" basePerf="150" speedDependantPtoPowerWhenFilling="17" />
	</moreRealistic>
	
	<powerConsumer forceNode="0>" loweredMaxForce="4" forceNodeCOM="0.7 0 3.3" />
	
	<!--
		center of mass
		
		wheels
		
		add fillmassnode
		
		overloading
		
	-->
	
	

    <storeData>
        <name>SE 260</name>
        <specs>
            <neededPower>110</neededPower>
            <workingWidth>2.0</workingWidth>
        </specs>
        <functions>
            <function>$l10n_function_harvestingPotato</function>
        </functions>
        <image>data/store/store_grimmeSE260.png</image>
        <price>112000</price>
        <dailyUpkeep>190</dailyUpkeep>
        <lifetime>600</lifetime>
        <rotation>0</rotation>
        <brand>GRIMME</brand>
        <category>potatoHarvesting</category>
        <vertexBufferMemoryUsage>2995504</vertexBufferMemoryUsage>
        <indexBufferMemoryUsage>458040</indexBufferMemoryUsage>
        <textureMemoryUsage>24467032</textureMemoryUsage>
        <instanceVertexBufferMemoryUsage>0</instanceVertexBufferMemoryUsage>
        <instanceIndexBufferMemoryUsage>0</instanceIndexBufferMemoryUsage>
    </storeData>

    <typeDesc>$l10n_typeDesc_harvester</typeDesc>
    <filename>data/vehicles/trailers/grimme/grimmeSE260.i3d</filename>

    <size width="4" length="11.5" lengthOffset="0.5"/>
    
    <speedLimit value="12" />

    <wheelConfigurations>
        <wheelConfiguration name="$l10n_configuration_valueDefault" price="0">
            <wheels>
                <wheel restLoad="4.5" repr="0>0|0|0|0" driveNode="0>0|0|0|0|0|0" forcePointRatio="0.2" filename="$data/vehicles/wheels/trelleborg/TwinRadial_600_55R26_5.xml" configIndex="n8v6" isLeft="false" initialCompression="10" suspTravel="0.15" spring="180" damper="30" hasTireTracks="true" hasParticles="true" steeringAxleScale="-0.7" steeringAxleRotMax="25" steeringAxleRotMin="-25" />
                <wheel restLoad="4.5" repr="0>0|0|1|0" driveNode="0>0|0|1|0|0|0" forcePointRatio="0.2" filename="$data/vehicles/wheels/trelleborg/TwinRadial_600_55R26_5.xml" configIndex="n8v6" isLeft="true"  initialCompression="10" suspTravel="0.15" spring="180" damper="30" hasTireTracks="true" hasParticles="true" steeringAxleScale="-0.7" steeringAxleRotMax="25" steeringAxleRotMin="-25" />
            </wheels>
        </wheelConfiguration>
    </wheelConfigurations>

    <steeringAxleAngleScale startSpeed="40" endSpeed="200" backwards="true" />
    <brakeForce>2</brakeForce>

    <lights>
        <low>
            <light realLight="0>0|5|0|2|1" decoration="0>0|5|0|2|0" lightTypes="0 3" />
            <light                         decoration="0>0|8|0"     lightTypes="0 3" />
        </low>
        <high>
            <light realLight="0>0|5|0|2|2" decoration="0>0|5|0|2|0" lightTypes="0 3" />
            <light realLight="0>0|8|1"     decoration="0>0|8|0"     lightTypes="0 3" />
        </high>
    </lights>

    <brakeLights>
        <brakeLight realLight="0>0|8|1" decoration="0>0|9|0" />
    </brakeLights>

    <turnLights>
        <turnLightLeft  realLight="0>0|10|0|1" decoration="0>0|10|0|0" />
        <turnLightRight realLight="0>0|10|1|1" decoration="0>0|10|1|0" />
    </turnLights>

    <workAreas>
        <workArea startIndex="0>1|0" widthIndex="0>1|1" heightIndex="0>1|2" foldMinLimit="0" foldMaxLimit="0.1" type="cutter" />
    </workAreas>

    <inputAttacherJoints>
        <inputAttacherJoint index="0>0|1|0" jointType="trailerLow" attacherHeight="0.55" ptoAboveAttacher="true" ptoInputNode="0>0|1|1" lowerRotLimitScale="1 0.8 1" />
    </inputAttacherJoints>

    <fillUnits>
        <fillUnit unit="$l10n_unit_literShort" fillTypes="potato" capacity="9276" />
    </fillUnits>
	<fillMassNode index="0>" mrCOMtransWithMass="0 0.08 0.04" />

    <fillVolumes>
        <volumes>
            <volume index="0>0|6|1|0|8" />
        </volumes>

        <loadInfos>
            <loadInfo fillVolumeIndex="1" >
                <node index="0>0|7|0|3" width="0.45" length="0.2" />
            </loadInfo>
        </loadInfos>
        <unloadInfos>
            <unloadInfo fillVolumeIndex="1" >
                <node index="0>0|6|1|0|9" width="1.0" length="0.7" minHeight="0.3" priority="2" />
                <node index="0>0|6|1|0|10" width="1.0" length="0.7" />
            </unloadInfo>
        </unloadInfos>
        <dischargeInfos>
            <dischargeInfo fillVolumeIndex="1" >
                <node index="0>0|6|1|0|0|0|0|5" width="1.0" length="0.4" />
            </dischargeInfo>
        </dischargeInfos>
    </fillVolumes>

    <overloading capacity="300">
        <trailerTriggers>
            <trailerTrigger index="0>0|14" pipeState="2" />
        </trailerTriggers>
    </overloading>

    <allowFillFromAir value="false" />

    <speedRotatingParts>
        <speedRotatingPart index="0>0|5|0|1|0" radius="0.296" wheelIndex="0" foldMinLimit="0" foldMaxLimit="0.01" />
        <speedRotatingPart index="0>0|5|0|1|1" radius="0.322" wheelIndex="0" foldMinLimit="0" foldMaxLimit="0.01" />
        <speedRotatingPart index="0>0|5|0|1|2" radius="0.212" wheelIndex="0" foldMinLimit="0" foldMaxLimit="0.01" />
    </speedRotatingParts>

    <combine>
        <threshingFillParticleSystems>
            <emitterShape node="0>4|0" particleType="SOIL_HARVESTING" />
            <emitterShape node="0>4|1" particleType="CLEANING_SOIL" />
            <emitterShape node="0>4|2" particleType="CLEANING_DUST" />
        </threshingFillParticleSystems>
        <threshingScrollers>
            <threshingScroller index="0>0|13|0"    scrollSpeed="-0.12" scrollLength="1" shaderParameterName="offsetUV" shaderParameterComponent="1" toggleVisibility="false" turnOnFadeTime="1" turnOffFadeTime="1"/>
            <threshingScroller index="0>0|7|0|1|0" scrollSpeed="-0.12" scrollLength="1" shaderParameterName="offsetUV" shaderParameterComponent="1" toggleVisibility="false" turnOnFadeTime="1" turnOffFadeTime="1"/>
            <threshingScroller index="0>0|7|0|1|1" scrollSpeed="-0.12" scrollLength="1" shaderParameterName="offsetUV" shaderParameterComponent="1" toggleVisibility="false" turnOnFadeTime="1" turnOffFadeTime="1"/>
            <threshingScroller index="0>0|7|0|1|2" scrollSpeed="-0.12" scrollLength="1" shaderParameterName="offsetUV" shaderParameterComponent="1" toggleVisibility="false" turnOnFadeTime="1" turnOffFadeTime="1"/>
            <threshingScroller index="0>0|5|0|4|0" scrollSpeed="-0.12" scrollLength="1" shaderParameterName="offsetUV" shaderParameterComponent="1" toggleVisibility="false" turnOnFadeTime="1" turnOffFadeTime="1"/>
            <threshingScroller index="0>0|5|0|4|1" scrollSpeed="-0.12" scrollLength="1" shaderParameterName="offsetUV" shaderParameterComponent="1" toggleVisibility="false" turnOnFadeTime="1" turnOffFadeTime="1"/>
            <threshingScroller index="0>0|5|0|4|2" scrollSpeed="-0.12" scrollLength="1" shaderParameterName="offsetUV" shaderParameterComponent="1" toggleVisibility="false" turnOnFadeTime="1" turnOffFadeTime="1"/>
        </threshingScrollers>
        <fillEffect>
            <effectNode effectClass="MorphPositionEffect" effectNode="0>4|3" materialType="belt" delay="0" fadeTime="4" scrollLength="12" scrollSpeed="0.8" />
        </fillEffect>
    </combine>

    <turnedOnRotationNodes>
        <turnedOnRotationNode index="0>0|13|1|0"   type="combine" rotSpeed="-500" rotAxis="3" />
        <turnedOnRotationNode index="0>0|13|1|1|0" type="combine" rotSpeed="-500" rotAxis="2" />
    </turnedOnRotationNodes>

    <pipeScrollers>
        <pipeScroller type="potato" index="0>0|6|1|0|0|0|0|1|0" scrollSpeed="-0.6" scrollLength="1" shaderParameterName="offsetUV" shaderParameterComponent="1" turnOnFadeTime="0.6" turnOffFadeTime="1"/>
        <pipeScroller type="potato" index="0>0|6|1|0|0|0|0|1|1" scrollSpeed="-0.6" scrollLength="1" shaderParameterName="offsetUV" shaderParameterComponent="1" turnOnFadeTime="0.6" turnOffFadeTime="1"/>
        <pipeScroller type="potato" index="0>0|6|1|0|0|0|0|1|2" scrollSpeed="-0.6" scrollLength="1" shaderParameterName="offsetUV" shaderParameterComponent="1" turnOnFadeTime="0.6" turnOffFadeTime="1"/>
        <pipeScroller type="potato" index="0>0|6|1|0|0|0|5|0"   scrollSpeed="-0.6" scrollLength="1" shaderParameterName="offsetUV" shaderParameterComponent="1" turnOnFadeTime="0.6" turnOffFadeTime="1"/>
        <pipeScroller type="potato" index="0>0|6|1|0|0|0|5|1"   scrollSpeed="-0.6" scrollLength="1" shaderParameterName="offsetUV" shaderParameterComponent="1" turnOnFadeTime="0.6" turnOffFadeTime="1"/>
        <pipeScroller type="potato" index="0>0|6|1|0|4"         scrollSpeed="-0.6" scrollLength="1" shaderParameterName="offsetUV" shaderParameterComponent="1" turnOnFadeTime="0.6" turnOffFadeTime="1"/>
    </pipeScrollers>

    <pipeEffect>
        <effectNode effectClass="MorphPositionEffect" effectNode="0>4|4" materialType="belt" delay="0" fadeTime="1.5" speed="0.9" scrollLength="4" scrollSpeed="1.2" />
    </pipeEffect>

    <pipeParticleSystems>
        <emitterShape node="0>0|6|1|0|0|0|0|3" particleType="UNLOADING" emitCountScale="4" delay="1.5" lifespan="0.11"/>
    </pipeParticleSystems>

    <pipe numStates="2" unloadingStates="2" raycastNodeIndex="0>0|6|1|0|0|0|0|4" raycastDistance="6" foldMinTime="0" foldMaxTime="0.31" foldMinState="1" foldMaxState="1" delay="2.2">
        <node index="0>0|6|0" rotationSpeeds="0 0 10">
            <state1 rotation="0 0 0"/>
            <state2 rotation="0 0 -50"/>
        </node>
        <node index="0>0|6|1|0|2|0" rotationSpeeds="0 0 2.4">
            <state1 rotation="0 0 0"/>
            <state2 rotation="0 0 -12"/>
        </node>
    </pipe>

    <threshingSound file="$data/sounds/fruitPreparer.wav" pitchOffset="1" indoorVolumeFactor="0.65" radius="50" innerRadius="25" />
    <cylinderedHydraulicSound file="$data/sounds/hydraulicUp.wav" pitchOffset="1.00" volume="0.6" indoorVolumeFactor="0.45" indoorLowpassGain="0.75"/>

    <foldingParts startMoveDirection="1" foldMiddleAnimTime="0.3" turnOnFoldMaxLimit="0.301" turnOnFoldMinLimit="0" turnOffOnFold="true">
        <foldingPart componentJointIndex="0" anchorActor="0" animationName="folding" speedScale="1" />
    </foldingParts>

    <movingTools>
        <!-- drawbar -->
        <movingTool index="0>0|1" playSound="true">
            <inputAttacherJoint value="true" />
            <dependentPart index="0>0|2" />
            <dependentPart index="0>0|3" />
        </movingTool>
        <!-- tank -->
        <movingTool index="0>0|6|0" playSound="true">
            <dependentPart index="0>0|6|1" />
            <dependentPart index="0>0|6|1|0|0|0|0|4" />
        </movingTool>
        <!-- tank part 1-->
        <movingTool index="0>0|6|1|0|0|0" playSound="true">
            <dependentPart index="0>0|6|1|0|0|0|1" />
            <dependentPart index="0>0|6|2|0|0" />
            <dependentPart index="0>0|6|1|0|0|0|5|0" />
            <dependentPart index="0>0|6|1|0|0|0|5|1" />
            <dependentPart index="0>0|6|1|0|0|0|0|4" />
        </movingTool>
        <!-- tank part 2 -->
        <movingTool index="0>0|6|1|0|0|0|0" playSound="true">
            <controls axis="AXIS_FRONTLOADER_ARM" invertAxis="false" mouseSpeedFactor="0.7" iconFilename="$dataS2/menu/moveControls/pipe_end.png" />
            <rotation rotSpeed="20" rotAcceleration="300" rotMax="0" rotMin="-45" rotationAxis="3" />
            <dependentPart index="0>0|6|1|0|0|0|2" />
            <dependentPart index="0>0|6|1|0|0|0|0|1|1" />
            <dependentPart index="0>0|6|1|0|0|0|0|1|2" />
            <dependentPart index="0>0|6|1|0|0|0|0|3" />
            <dependentPart index="0>0|6|1|0|0|0|0|4" />
        </movingTool>
        <!-- cutter -->
        <movingTool index="0>0|5|0" playSound="true">
            <dependentPart index="0>0|5|1" />
            <dependentPart index="0>0|5|2" />
            <dependentPart index="0>0|5|0|4|1" />
            <dependentPart index="0>0|5|0|4|2" />
        </movingTool>
    </movingTools>

    <movingParts>
        <movingPart index="0>0|2" referencePoint="0>0|1|3" referenceFrame="0>0|1|3">
            <translatingPart index="0>0|2|0" />
        </movingPart>
        <movingPart index="0>0|3" referencePoint="0>0|1|2" referenceFrame="0>0|1|2">
            <translatingPart index="0>0|3|0" />
        </movingPart>

        <!-- tank -->
        <movingPart index="0>0|6|1" localReferencePoint="0>0|6|1|0" referencePoint="0>0|6|0|0" referenceFrame="0>">
            <dependentPart index="0>0|6|1|0" />
        </movingPart>
        <movingPart index="0>0|6|1|0" referencePoint="0>0|6|0|0" referenceFrame="0>0|6|0|0" >
            <dependentPart index="0>0|6|2" />
            <dependentPart index="0>0|6|1|0|2|0|0" />
            <dependentPart index="0>0|7|0" />
            <dependentPart index="0>0|6|1|0|0|0|0|3" />
        </movingPart>
        <!-- tank hydraulic -->
        <movingPart index="0>0|6|2" referencePoint="0>0|6|1|0|1" referenceFrame="0>0|6|1|0|1">
            <translatingPart index="0>0|6|2|0" />
            <dependentPart   index="0>0|6|2|0|0" />
        </movingPart>
        <!-- rope -->
        <movingPart index="0>0|6|2|0|0" referencePoint="0>0|6|1|0|0|0|3" referenceFrame="0>" >
            <translatingPart index="0>0|6|2|0|0|0" />
            <dependentPart index="0>0|6|2|0|0|1" />
        </movingPart>
        <movingPart index="0>0|6|2|0|0|1" referencePoint="0>0|6|1|0|0|0|3" referenceFrame="0>" scaleZ="true" />

        <!-- hydraulictankPart1 -->
        <movingPart index="0>0|6|1|0|0|0|1" referencePoint="0>0|6|1|0|3" referenceFrame="0>0|6|1|0|3" >
            <translatingPart index="0>0|6|1|0|0|0|1|0" />
        </movingPart>
        <!-- hydraulicTankPart2 -->
        <movingPart index="0>0|6|1|0|0|0|2" referencePoint="0>0|6|1|0|0|0|0|0" referenceFrame="0>0|6|1|0|0|0|0|0" >
            <translatingPart index="0>0|6|1|0|0|0|2|0" />
        </movingPart>

        <!-- rampArm -->
        <movingPart index="0>0|6|1|0|2|0|0" referencePoint="0>0|7|0|0|0" referenceFrame="0>0|7|1" >
            <dependentPart index="0>0|7|0|0" />
        </movingPart>
        <!-- ramp -->
        <movingPart index="0>0|7|0" referencePoint="0>0|6|1|0|7" referenceFrame="0>" limitedAxis="1">
            <dependentPart index="0>0|7|0|1|1" />
            <dependentPart index="0>0|7|0|1|2" />
            <dependentPart index="0>0|7|0|3" />
        </movingPart>
        <movingPart index="0>0|7|0|0" referencePoint="0>0|6|1|0|2|0|0|0" referenceFrame="0>0|7|1" limitedAxis="1">
            <translatingPart index="0>0|7|0|0|0" />
        </movingPart>
        <!-- cutter -->
        <movingPart index="0>0|5|1" referencePoint="0>0|5|0|0" referenceFrame="0>0|5|0|0" >
            <translatingPart index="0>0|5|1|0" />
        </movingPart>
        <movingPart index="0>0|5|2" localReferencePoint="0>0|5|2|0" referencePoint="0>0|5|0|3" referenceFrame="0>" >
            <dependentPart index="0>0|5|2|0" />
            <dependentPart index="0>0|5|2|0|0" />
            <dependentPart index="0>0|5|3" />
        </movingPart>
        <movingPart index="0>0|5|2|0" referencePoint="0>0|5|0|3" referenceFrame="0>0|5|0|3" limitedAxis="1"/>
        <movingPart index="0>0|5|3" referencePoint="0>0|5|2|1" referenceFrame="0>0|5|2|1" />
        <movingPart index="0>0|5|2|0|0" referenceFrame="0>" />

        <!-- raycast node -->
        <movingPart index="0>0|6|1|0|0|0|0|4" referenceFrame="0>" />

        <!-- cutter belts -->
        <movingPart index="0>0|5|0|4|1" referencePoint="0>0|13|0|0" referenceFrame="0>0|13|0|0" scaleZ="true"/>
        <movingPart index="0>0|5|0|4|2" referencePoint="0>0|13|0|1" referenceFrame="0>0|13|0|1" scaleZ="true"/>
        <!-- tank 1 belts -->
        <movingPart index="0>0|6|1|0|0|0|5|0" referencePoint="0>0|6|1|0|5" referenceFrame="0>0|6|1|0|0|0" scaleZ="true"/>
        <movingPart index="0>0|6|1|0|0|0|5|1" referencePoint="0>0|6|1|0|6" referenceFrame="0>0|6|1|0|0|0" scaleZ="true"/>
        <!-- tank 2 belts -->
        <movingPart index="0>0|6|1|0|0|0|0|1|1" referencePoint="0>0|6|1|0|0|0|5|2" referenceFrame="0>0|6|1|0|0|0|0" scaleZ="true"/>
        <movingPart index="0>0|6|1|0|0|0|0|1|2" referencePoint="0>0|6|1|0|0|0|5|3" referenceFrame="0>0|6|1|0|0|0|0" scaleZ="true"/>
        <!-- ramp belts -->
        <movingPart index="0>0|7|0|1|1" referencePoint="0>0|13|0|2" referenceFrame="0>0|13|0|2" scaleZ="true"/>
        <movingPart index="0>0|7|0|1|2" referencePoint="0>0|13|0|3" referenceFrame="0>0|13|0|3" scaleZ="true"/>
        <!-- particles tank -->
        <movingPart index="0>0|6|1|0|0|0|0|3" referenceFrame="0>" />
        <movingPart index="0>0|7|0|3" referenceFrame="0>0|7|2" />

        <!-- steering -->
        <movingPart index="0>0|0|1|0|1" referencePoint="0>0|0|0|0|1" referenceFrame="0>0|0|0|0|1" scaleZ="true" isActiveDirty="true" />
        <movingPart index="0>0|0|2" referencePoint="0>0|0|1|0|2" referenceFrame="0>0|0|1|0|2" isActiveDirty="true">
            <translatingPart index="0>0|0|2|0" />
        </movingPart>
    </movingParts>

    <animations>
        <!-- move support wheel down/up -->
        <animation name="moveSupport">
            <part node="0>0|4|1" startTime="0" duration="0.2" startTrans="0 0 0.038" endTrans="0 -0.545 0.038" />
            <part node="0>0|4|0" startTime="0" duration="0.2" startRot="90 0 0" endRot="0 0 0" />
        </animation>

        <!-- folding -->
        <animation name="folding">
            <part node="0>0|5|0"       startTime="0"   endTime="1.5" startRot="0 0 0" endRot="-11 0 0" />
            <part node="0>0|1"         startTime="1.5" endTime="4"   startRot="0 10 0" endRot="0 -18.5 0" />
            <part node="0>0|1|0"       startTime="1.5" endTime="4"   startRot="0 80 0" endRot="0 108.5 0" />
            <part node="0>0|6|1|0|0|0" startTime="1.5" endTime="5"   startRot="0 0 0"  endRot="0 0 80" />
        </animation>
    </animations>

    <support animationName="moveSupport" />

    <ai>
        <areaMarkers leftIndex="0>2|0|0" rightIndex="0>2|0|1" backIndex="0>2|0|2" />
        <sizeMarkers leftIndex="0>2|1|0" rightIndex="0>2|1|1" backIndex="0>2|1|2" />
        <needsLowering value="true"/>
        <forceTurnNoBackward value="true" />
        <toolReverserDirectionNode index="0>2|2" />
        <turningRadiusLimitation rotationJointNode="0>0|1|0" wheelIndices="0 1" />
        <trafficCollisionTrigger index="0>2|3" />
    </ai>

    <!-- Cutter fruit type -->
    <cutter fruitTypes="potato"/>

    <washable dirtDuration="90" washDuration="1" workMultiplier="20" />

    <tipOcclusionAreas>
        <tipOcclusionArea start="0>3|0" width="0>3|1" height="0>3|2" />
    </tipOcclusionAreas>

    <components count="1">
        <component1 centerOfMass="0 1.5 -0.5" solverIterationCount="10" />
    </components>

    <schemaOverlay file="$dataS2/menu/schemas/implementSchema.png" fileSelected="$dataS2/menu/schemas/implementSchemaSelected.png" fileTurnedOn="$dataS2/menu/schemas/implementSchemaTurnedOn.png" fileSelectedTurnedOn="$dataS2/menu/schemas/implementSchemaSelectedTurnedOn.png" width="0.5" height="0.5" attacherJointPosition="0 0"/>

</vehicle>
