﻿<?xml version="1.0" encoding="utf-8" standalone="no" ?>
<vehicle type="baleLoader">
    <annotation>Copyright (C) GIANTS Software GmbH, All Rights Reserved.</annotation>
	
	<!--mr
	
	mass / center of mass
	wheels
	
	brakeforce => no brakes on this vehicle
	
	remove 'powerConsumer' since the "baleLoader" vehicleType does not feature the "powerconsumer" specialization
	
	add spec neededPower
	
	we should lower the "static friction" and "dynamic friction" of the collision part of the "picker". 
	But this is not possible by script (only in i3d file) and so, to get a better success rate when trying to "eat" bales, dummy wheels have been added
	
	FIX the attacherJoint rotLimit changing between transport and work position => not possible to turn towards right hand side with default vehicle, especially when loading a game with the autostacker already attached in workmode (very large turning radius)
	1. modify the "baleGrabberTransportToWork" animation to keep the rotation of the attacherJoint to 117 => remove the line
	2. add a new line (trick) to the support animation to set the rotation to 117 (we want to override the value set in the i3d file)
	3. add the lowerRotLimitScale to the inputAttacherJoint to fine tune the turning radius
	
	inputAttacherJoint attacherHeight
	
	-->
	
	<moreRealistic>				
		<!--<baleLoader ptoRpm="470" animationPtoPower="5" workingPositionPtoPower="0" /> not useful, too low power consumption-->
	</moreRealistic>


    <storeData>
        <name>ForStack 12</name>
        <functions>
            <function>$l10n_function_baleStacker</function>
        </functions>
		<specs>
            <neededPower>100</neededPower>
        </specs>
        <image>data/store/store_arcusinForstack12.png</image>
        <price>25000</price>
        <dailyUpkeep>90</dailyUpkeep>
        <lifetime>600</lifetime>
        <rotation>0</rotation>
        <brand>ARCUSIN</brand>
        <category>baling</category>
        <vertexBufferMemoryUsage>1187208</vertexBufferMemoryUsage>
        <indexBufferMemoryUsage>189186</indexBufferMemoryUsage>
        <textureMemoryUsage>11359808</textureMemoryUsage>
        <instanceVertexBufferMemoryUsage>96</instanceVertexBufferMemoryUsage>
        <instanceIndexBufferMemoryUsage>12</instanceIndexBufferMemoryUsage>
    </storeData>

    <typeDesc>$l10n_typeDesc_baleLoader</typeDesc>
    <filename>data/vehicles/trailers/arcusin/arcusinForstack12.i3d</filename>

    <size width="4" length="6" widthOffset="0.4" lengthOffset="-0.2" />
    

    <wheelConfigurations>
        <wheelConfiguration name="$l10n_configuration_valueDefault" price="0">
            <wheels>
                <wheel tipOcclusionAreaGroupId="1" restLoad="0.5" repr="0>0|0" driveNode="0>0|0|0" forcePointRatio="0.3" filename="$data/vehicles/wheels/trelleborg/AW305_260_70R15_3.xml" isLeft="true"  initialCompression="20" suspTravel="0.2" spring="15" damper="3" />
                <wheel tipOcclusionAreaGroupId="2" restLoad="0.5" repr="0>0|1"                     forcePointRatio="0.3" filename="$data/vehicles/wheels/trelleborg/AW305_260_70R15_3.xml" isLeft="false" initialCompression="20" suspTravel="0.2" spring="15" damper="3" />
                <wheel tipOcclusionAreaGroupId="1" restLoad="0.8" repr="0>0|2"                     forcePointRatio="0.3" filename="$data/vehicles/wheels/trelleborg/AW305_260_70R15_3.xml" isLeft="true"  initialCompression="20" suspTravel="0.2" spring="15" damper="3" hasTireTracks="true" hasParticles="true" />
                <wheel tipOcclusionAreaGroupId="2" restLoad="0.8" repr="0>0|3"                     forcePointRatio="0.3" filename="$data/vehicles/wheels/trelleborg/AW305_260_70R15_3.xml" isLeft="false" initialCompression="20" suspTravel="0.2" spring="15" damper="3" hasTireTracks="true" hasParticles="true" />
				
				<wheel repr="0" mrPositionX="0.8" mrPositionY="0.4" mrPositionZ="1.2" radius="0.2" deltaY="0" suspTravel="0.1" spring="1" damper="1" frictionScale="0" mrDummyWheel="true" mrDummyWheelAxleDirectionX="0" mrDummyWheelAxleDirectionY="1" mrDummyWheelAxleDirectionZ="0" mrDummyWheelDirectionX="-1" mrDummyWheelDirectionY="0" mrDummyWheelDirectionZ="0"  /> <!-- left side of the picker -->
				<wheel repr="0" mrPositionX="-1" mrPositionY="0.4" mrPositionZ="-0.25" radius="0.3" deltaY="0" suspTravel="0.1" spring="1" damper="1" frictionScale="0" mrDummyWheel="true" mrDummyWheelAxleDirectionX="0" mrDummyWheelAxleDirectionY="1" mrDummyWheelAxleDirectionZ="0" mrDummyWheelDirectionX="1" mrDummyWheelDirectionY="0" mrDummyWheelDirectionZ="0"  /> <!-- right side of the picker -->
            </wheels>
        </wheelConfiguration>
    </wheelConfigurations>

    <brakeForce>0</brakeForce>
    <maximalAirConsumptionPerFullStop value="0.5" />

    <dynamicallyLoadedParts>
        <dynamicallyLoadedPart node="0" linkNode="0>0|0|1|0" filename="$data/shared/vehicleParts/wheelChock01.i3d" />
        <dynamicallyLoadedPart node="0" linkNode="0>0|0|1|1" filename="$data/shared/vehicleParts/wheelChock01.i3d" />
        <dynamicallyLoadedPart node="0" linkNode="0>1|0|3|0" filename="$data/shared/vehicleParts/wheelChock01.i3d" />
        <dynamicallyLoadedPart node="0" linkNode="0>1|0|3|1" filename="$data/shared/vehicleParts/wheelChock01.i3d" />
    </dynamicallyLoadedParts>

    <lights>
        <low>
            <light                         decoration="0>1|1|0|0" lightTypes="0 3" />
        </low>
        <high>
            <light realLight="0>1|1|0|1" decoration="0>1|1|0|0" lightTypes="0 3" />
        </high>
    </lights>

    <brakeLights>
        <brakeLight realLight="0>1|1|0|1" decoration="0>1|1|2|0" />
    </brakeLights>

    <turnLights>
        <turnLightLeft  realLight="0>1|1|1|0|1" decoration="0>1|1|1|0|0" />
        <turnLightRight realLight="0>1|1|1|1|1" decoration="0>1|1|1|1|0" />
    </turnLights>

    <beaconLights>
        <beaconLight index="0>1|1|3|0" speed="0.015" filename="$data/shared/beaconLights/beaconLight02.i3d" />
    </beaconLights>

    <inputAttacherJoints>
        <inputAttacherJoint index="0>1|0|0" jointType="trailerLow" attacherHeight="0.5" lowerRotLimitScale="1 0.94 1" />
    </inputAttacherJoints>

    <fillUnits>
        <fillUnit unit="$l10n_unit_bale" capacity="3" fillTypes="squareBale" />
    </fillUnits>
	
	<fillMassNode index="0>" mrCOMtransWithMass="0 0.2 -0.02" />

    <allowFillFromAir value="false" />
    <allowTipDischarge value="false" />

    <movingTools>

        <!-- back door -->
        <movingTool index="0>1|3">
            <dependentPart index="0>1|4|0" />
        </movingTool>
        <!-- left claw -->
        <movingTool index="0>1|2|0|1">
            <dependentPart index="0>1|2|0|3" />
        </movingTool>
        <!-- left claw -->
        <movingTool index="0>1|2|0|2">
            <dependentPart index="0>1|2|0|4" />
        </movingTool>

        <!-- drawbar -->
        <movingTool index="0>1|0">
            <dependentPart index="0>1|0|2" />
            <inputAttacherJoint value="true" />
        </movingTool>
    </movingTools>

    <movingParts>
        <!-- back door cylinder -->
        <movingPart index="0>1|4|0" referencePoint="0>1|3|0" referenceFrame="0>1|3|0">
            <translatingPart index="0>1|4|0|0" />
        </movingPart>
        <!-- left claw cylinder -->
        <movingPart index="0>1|2|0|3" referencePoint="0>1|2|0|1|0" referenceFrame="0>1|2|0|1|0">
            <translatingPart index="0>1|2|0|3|0" />
        </movingPart>
        <!-- right claw cylinder -->
        <movingPart index="0>1|2|0|4" referencePoint="0>1|2|0|2|0" referenceFrame="0>1|2|0|2|0">
            <translatingPart index="0>1|2|0|4|0" />
        </movingPart>
        <!-- arm cylinder -->
        <movingPart index="0>1|0|2" referencePoint="0>1|4|2" referenceFrame="0>1|4|2">
            <translatingPart index="0>1|0|2|0" />
        </movingPart>
    </movingParts>

    <animations>
        <!-- move from transport to work position -->
        <animation name="baleGrabberTransportToWork">
            <part node="0>1|0" startTime="0" duration="2.5" startRot="0 -38.5 0" endRot="0 0 0"/>
            <!--MR <part node="0>1|0|0" startTime="0" duration="2.5" startRot="0 117 0" endRot="0 117 0"/> we want the rotation to be kept at 117-->
        </animation>

        <!-- move from work to drop position -->
        <animation name="baleGrabberWorkToDrop">
        </animation>

        <!-- drop bale from grabber to platform -->
        <animation name="baleGrabberDropBale">
        </animation>

        <animation name="frontBalePusher">
        </animation>
        <animation name="balesToOtherRow">
        </animation>

        <animation name="rotatePlatform">
        </animation>

        <animation name="emptyRotate">
            <part node="0>1|3" startTime="0" duration="1" startRot="0 0 0" endRot="0 -77 0" />
        </animation>

        <animation name="moveBalePlaces">
            <part node="0>1|2|0"   startTime="0"   endTime="3"                         endTrans="0 0 0" />
            <part node="0>1|2|0|1" startTime="3"   endTime="3.5" startRot="0 0 0"      endRot="0 0 -17" />
            <part node="0>1|2|0|2" startTime="3"   endTime="3.5" startRot="0 0 0"      endRot="0 0 17" />
            <part node="0>1|2|0"   startTime="3.5" endTime="6"   startTrans="0 0 0"    endTrans="0 0.95 0" />
            <part node="0>1|2|1"   startTime="3.5" endTime="6"   startTrans="0 0 0"    endTrans="0 0.95 0" />
            <part node="0>1|2|1|1" startTime="3.5" endTime="6"   startTrans="0 -0.8 0" endTrans="0 -0.95 0" />

            <part node="0>1|2|0"   startTime="6" endTime="6.4"   startTrans="0 0.95 0"    endTrans="0 0.8 0" />
            <part node="0>1|2|1"   startTime="6" endTime="6.4"   startTrans="0 0.95 0"    endTrans="0 0.8 0" />
            <part node="0>1|2|1|1" startTime="6" endTime="6.4"   startTrans="0 -0.95 0"    endTrans="0 -0.8 0" />
            <part node="0>1|2|0|1" startTime="6.4" endTime="6.9" startRot="0 0 -17"       endRot="0 0 0" />
            <part node="0>1|2|0|2" startTime="6.4" endTime="6.9" startRot="0 0 17"        endRot="0 0 0" />
            <part node="0>1|2|0"   startTime="6.9" endTime="9"   startTrans="0 0.8 0"     endTrans="0 0 0" />
            <part node="0>1|2|1"   startTime="6.9" endTime="9"   startTrans="0 0.8 0"     endTrans="0 0 0" />
            <part node="0>1|2|1|0" startTime="6.9" endTime="9"   startTrans="0 0 0"       endTrans="0 0.8 0" />
            <part node="0>1|2|1|1" startTime="6.9" endTime="9"   startTrans="0 -0.8 0"    endTrans="0 0 0" />
            <part node="0>1|2|0|1" startTime="9"   endTime="9.5"  startRot="0 0 0"        endRot="0 0 -17" />
            <part node="0>1|2|0|2" startTime="9"   endTime="9.5"  startRot="0 0 0"        endRot="0 0 17" />
            <part node="0>1|2|0"   startTime="9.5" endTime="12"   startTrans="0 0 0"       endTrans="0 0.95 0" />
            <part node="0>1|2|1"   startTime="9.5" endTime="12"   startTrans="0 0 0"       endTrans="0 0.95 0" />
            <part node="0>1|2|1|2" startTime="9.5" endTime="12"   startTrans="0 -1.6 0" endTrans="0 -0.95 0" />

            <part node="0>1|2|0"   startTime="12" endTime="12.4"   startTrans="0 0.95 0"    endTrans="0 0.8 0" />
            <part node="0>1|2|1"   startTime="12" endTime="12.4"   startTrans="0 0.95 0"    endTrans="0 0.8 0" />
            <part node="0>1|2|1|2" startTime="12" endTime="12.4"   startTrans="0 -0.95 0"    endTrans="0 -0.8 0" />
            <part node="0>1|2|0|1" startTime="12.4" endTime="12.9" startRot="0 0 -17"       endRot="0 0 0" />
            <part node="0>1|2|0|2" startTime="12.4" endTime="12.9" startRot="0 0 17"        endRot="0 0 0" />

            <part node="0>1|2|0"   startTime="12.9" endTime="15"   startTrans="0 0.8 0"     endTrans="0 0 0" />
            <part node="0>1|2|1"   startTime="12.9" endTime="15"   startTrans="0 0.8 0"     endTrans="0 0 0" />
            <part node="0>1|2|1|0" startTime="12.9" endTime="15"   startTrans="0 0.8 0"     endTrans="0 1.6 0" />
            <part node="0>1|2|1|1" startTime="12.9" endTime="15"   startTrans="0 0 0"       endTrans="0 0.8 0" />
            <part node="0>1|2|1|2" startTime="12.9" endTime="15"   startTrans="0 -0.8 0"    endTrans="0 0 0" />
            <part node="0>1|2|0|1" startTime="15"   endTime="15.5" startRot="0 0 0"        endRot="0 0 -17" />
            <part node="0>1|2|0|2" startTime="15"   endTime="15.5" startRot="0 0 0"        endRot="0 0 17" />
            <part node="0>1|2|0"   startTime="15.5" endTime="18"   startTrans="0 0 0"       endTrans="0 0.15 0" />
            <part node="0>1|2|1"   startTime="15.5" endTime="18"   startTrans="0 0 0"       endTrans="0 0.15 0" />
        </animation>
        <animation name="moveBalePlacesToEmpty">
            <part node="0>1|2|0" startTime="0" duration="2.5" endTrans="0 0 0" />
            <part node="0>1|2|1" startTime="0" duration="2.5" endTrans="0 0 0" />
        </animation>
        <animation name="moveBalePusherToEmpty">
            <part node="0>1|2|0" startTime="0" duration="2.5" endTrans="0 0 0" />
            <part node="0>1|2|1" startTime="0" duration="2.5" endTrans="0 0 0" />
        </animation>

        <animation name="emptyHidePusher1">
        </animation>

        <animation name="releaseFrontplattform">
            <part node="0>1|2|0|1" startTime="0" endTime="0.3" startRot="0 0 -17" endRot="0 0 0" />
            <part node="0>1|2|0|2" startTime="0" endTime="0.3" startRot="0 0 17"  endRot="0 0 0" />

            <part node="0>1|2|1|0" startTime="0" endTime="0.3" endTrans="0 0 0" />
            <part node="0>1|2|1|1" startTime="0" endTime="0.3" endTrans="0 -0.8 0" />
            <part node="0>1|2|1|2" startTime="0" endTime="0.3" endTrans="0 -1.6 0" />
        </animation>

        <animation name="closeGrippers">
        </animation>

        <!-- move support wheel down/up -->
        <animation name="moveSupport">
            <part node="0>0|0|1" startTime="0" endTime="0.05" visibility="false" />
            <part node="0>1|0|3" startTime="0" endTime="0.05" visibility="true" />
            <part node="0>0|0|1" startTime="0.05" endTime="0.1" visibility="true" />
            <part node="0>1|0|3" startTime="0.05" endTime="0.1" visibility="false" />
            <part node="0>1|0|1|1" startTime="0"   endTime="0.5" startTrans="0 0.2 0" endTrans="0 -0.2 0" />
            <part node="0>1|0|1|0" startTime="0"   endTime="0.5" startRot="90 0 0"  endRot="0 0 0" />			
			
			<part node="0>1|0|0" startTime="0" duration="0.1" startRot="0 117 0" endRot="0 117 0"/>
			
        </animation>
    </animations>

    <baleGrabber grabNode="0>1|2|0|0"/>
    <balePlaces startBalePlace="0>1|2|2">
        <balePlace node="0>1|2|1|0" collision="0>1|2|1|0|0"/>
        <balePlace node="0>1|2|1|1" collision="0>1|2|1|1|0"/>
        <balePlace node="0>1|2|1|2" collision="0>1|2|1|2|0"/>
    </balePlaces>
    <baleLoader alwaysMoveBalePlaces="true" pickupRange="1.5" textLowerPlattform="action_closeBack" textLowering="info_balestackerLoweringTable" textTilting="info_balestackerTiltingTable" transportPositionAfterUnloading="false"/>

    <baleTypes>
        <baleType minBaleWidth="1.2"  maxBaleWidth="1.2" minBaleHeight="0.8" maxBaleHeight="0.9" minBaleLength="2.2" maxBaleLength="2.4"/>
    </baleTypes>

    <baleGrabSound file="$data/vehicles/trailers/arcusin/arcusinForstack12.wav"                     pitchOffset="1.00" volume="0.75"  indoorVolumeFactor="0.70" indoorLowpassGain="0.75"/>
    <baleLoaderHydraulicSound file="$data/vehicles/steerable/liebherr/liebherrL538_hydraulic.wav"   pitchOffset="1.10" volume="0.28"  indoorVolumeFactor="0.75" indoorLowpassGain="0.75"  />
    <baleGrabParticleSystem disableDuration="0.6" position="0 0.5 -1.5" rotation="0 0 0" file="$data/particleSystems/shared/threshingStrawParticles.i3d" />

    <support animationName="moveSupport" />

    <washable dirtDuration="90" washDuration="1" workMultiplier="4" />

    <tipOcclusionAreas>
        <tipOcclusionArea start="0>1|5|0" width="0>1|5|1" height="0>1|5|2" />
        <tipOcclusionArea start="0>1|0|4|0" width="0>1|0|4|1" height="0>1|0|4|2" />
    </tipOcclusionAreas>

    <components count="1">
        <component1 centerOfMass="0 0.8 -1.5" solverIterationCount="10" mrSetMass="2.7" />
    </components>

    <schemaOverlay file="$dataS2/menu/schemas/implementSchema.png" fileSelected="$dataS2/menu/schemas/implementSchemaSelected.png" width="0.5" height="0.5" attacherJointPosition="0 0"/>

</vehicle>
