﻿<?xml version="1.0" encoding="utf-8" standalone="no" ?>
<vehicle type="baleLoader">
    <annotation>Copyright (C) GIANTS Software GmbH, All Rights Reserved.</annotation>
	
	<!-- mr
	
	mass / center of mass
	wheels
	
	brakeforce
	
	remove 'powerConsumer' since the "baleLoader" vehicleType does not feature the "powerconsumer" specialization
	
	add spec neededPower
	
	add steeringAxleAngleScale to simulate wheel lateral deformation when tight turning
	
	add fillMassNode
	
	-->
	
	<moreRealistic>				
		<baleLoader ptoRpm="470" animationPtoPower="20" workingPositionPtoPower="0" /> 
	</moreRealistic>

    <storeData>
        <name>FSX 63.72</name>
		<specs>
            <neededPower>150</neededPower>
        </specs>
        <functions>
            <function>$l10n_function_baleStacker</function>
        </functions>
        <image>data/store/store_arcusinFSX6372.png</image>
        <price>70000</price>
        <dailyUpkeep>170</dailyUpkeep>
        <lifetime>600</lifetime>
        <rotation>0</rotation>
        <brand>ARCUSIN</brand>
        <category>baling</category>
        <vertexBufferMemoryUsage>1645264</vertexBufferMemoryUsage>
        <indexBufferMemoryUsage>273396</indexBufferMemoryUsage>
        <textureMemoryUsage>12583272</textureMemoryUsage>
        <instanceVertexBufferMemoryUsage>96</instanceVertexBufferMemoryUsage>
        <instanceIndexBufferMemoryUsage>12</instanceIndexBufferMemoryUsage>
    </storeData>

    <typeDesc>$l10n_typeDesc_baleLoader</typeDesc>
    <filename>data/vehicles/trailers/arcusin/arcusinFSX6372.i3d</filename>

    <size width="3" length="12" />
    
    <wheelConfigurations>
        <wheelConfiguration name="$l10n_configuration_valueDefault" price="0">
            <wheels>
                <wheel tipOcclusionAreaGroupId="1" restLoad="2.2" repr="0>0|0" forcePointRatio="0.3" filename="$data/vehicles/wheels/trelleborg/T404_560_45R22_5.xml" configIndex="n8v6" isLeft="true"  initialCompression="15" suspTravel="0.3" spring="31" damper="13" />
                <wheel tipOcclusionAreaGroupId="2" restLoad="2.2" repr="0>0|1" forcePointRatio="0.3" filename="$data/vehicles/wheels/trelleborg/T404_560_45R22_5.xml" configIndex="n8v6" isLeft="false" initialCompression="15" suspTravel="0.3" spring="31" damper="13" />
                <wheel tipOcclusionAreaGroupId="1" restLoad="2.2" repr="0>0|2" forcePointRatio="0.3" filename="$data/vehicles/wheels/trelleborg/T404_560_45R22_5.xml" configIndex="n8v6" isLeft="true"  initialCompression="15" suspTravel="0.3" spring="31" damper="13" hasTireTracks="true" hasParticles="true" steeringAxleScale="-0.1" steeringAxleRotMax="0.5" steeringAxleRotMin="-0.5" />
                <wheel tipOcclusionAreaGroupId="2" restLoad="2.2" repr="0>0|3" forcePointRatio="0.3" filename="$data/vehicles/wheels/trelleborg/T404_560_45R22_5.xml" configIndex="n8v6" isLeft="false" initialCompression="15" suspTravel="0.3" spring="31" damper="13" hasTireTracks="true" hasParticles="true" steeringAxleScale="-0.1" steeringAxleRotMax="0.5" steeringAxleRotMin="-0.5" />
            </wheels>
        </wheelConfiguration>
    </wheelConfigurations>

    <axisColor>0.5356 0.0254 0.0254 1</axisColor>

    <brakeForce>1.7</brakeForce>
	<steeringAxleAngleScale startSpeed="180" endSpeed="200" />
    <maximalAirConsumptionPerFullStop value="0.5" />

    <lights>
        <low>
            <light                         decoration="0>1|3|3|0|0" lightTypes="0 3" />
        </low>
        <high>
            <light realLight="0>1|3|3|0|1" decoration="0>1|3|3|0|0" lightTypes="0 3" />
        </high>
    </lights>

    <brakeLights>
        <brakeLight realLight="0>1|3|3|0|1" decoration="0>1|3|3|2|0" />
    </brakeLights>

    <turnLights>
        <turnLightLeft  realLight="0>1|3|3|1|0|1" decoration="0>1|3|3|1|0|0" />
        <turnLightRight realLight="0>1|3|3|1|1|1" decoration="0>1|3|3|1|1|0" />
    </turnLights>

    <inputAttacherJoints>
        <inputAttacherJoint index="0>1|0" jointType="trailerLow" attacherHeight="0.625" ptoInputNode="0>1|1" />
    </inputAttacherJoints>

    <fillUnits>
        <fillUnit unit="$l10n_unit_bale" capacity="16" fillTypes="squareBale" />
    </fillUnits>
	
	<fillMassNode index="0>" mrCOMtransWithMass="0 0.02 -0.01" />

    <allowFillFromAir value="false" />
    <allowTipDischarge value="false" />

    <movingTools>
        <!-- front platform -->
        <movingTool index="0>1|3|0">
            <dependentPart index="0>1|3|1" />
        </movingTool>
        <!-- main platform -->
        <movingTool index="0>1|3">
            <dependentPart index="0>1|7|0" />
            <dependentPart index="0>1|7|1" />
        </movingTool>

        <!-- bale catcher -->
        <movingTool index="0>1|4|1|0">
            <dependentPart index="0>1|4|2" />
        </movingTool>

        <!-- arm -->
        <movingTool index="0>1|4">
            <dependentPart index="0>1|7|2" />
        </movingTool>
    </movingTools>

    <movingParts>
        <!-- front platform cylinder -->
        <movingPart index="0>1|3|1" referencePoint="0>1|3|0|0" referenceFrame="0>1|3|0|0">
            <translatingPart index="0>1|3|1|0" />
        </movingPart>
        <!-- main platform cylinder -->
        <movingPart index="0>1|7|0" referencePoint="0>1|3|4" referenceFrame="0>">
            <translatingPart index="0>1|7|0|0" />
        </movingPart>
        <movingPart index="0>1|7|1" referencePoint="0>1|8|0" referenceFrame="0>1|7|3">
            <translatingPart index="0>1|7|1|0" />
            <translatingPart index="0>1|7|1|0|0" />
            <translatingPart index="0>1|7|1|0|0|0" />
            <translatingPart index="0>1|7|1|0|0|0|0" />
            <translatingPart index="0>1|7|1|0|0|0|0|0" />
        </movingPart>
        <!-- bale catcher cylinder -->
        <movingPart index="0>1|4|2" referencePoint="0>1|4|1|0|1" referenceFrame="0>1|4|4">
            <translatingPart index="0>1|4|2|0" />
        </movingPart>
        <!-- arm cylinder -->
        <movingPart index="0>1|7|2" referencePoint="0>1|4|3" referenceFrame="0>1|4|3">
            <translatingPart index="0>1|7|2|0" />
        </movingPart>
    </movingParts>

    <animations>
        <!-- move from work to drop position -->
        <animation name="baleGrabberWorkToDrop">
            <part node="0>1|4|1|0" startTime="0" duration="0.6" startRot="0 0 0" endRot="0 0 -94"/>
        </animation>
        <!-- drop bale from grabber to platform -->
        <animation name="baleGrabberDropBale">
            <part node="0>1|4|1|0|0|0"   startTime="0" duration="1" endTrans="0.012 -0.093 -2.396" endRot="-4.568 0.023 0.484"/>
            <part node="0>1|4|1|0|0|1|0" startTime="0" duration="1" startRot="0 0 0" endRot="-1080 0 0" />
        </animation>
        <!-- move from transform to work position -->
        <animation name="baleGrabberTransportToWork">
            <part node="0>1|4" startTime="0" duration="2.5" startRot="0 0 -105" endRot="0 0 0"/>
        </animation>

        <animation name="frontBalePusher">
            <part node="0>1|6" startTime="0" duration="0.77" startTrans="0 0 0" endTrans="0 0 -1.491" />
        </animation>
        <animation name="balesToOtherRow">
            <part node="0>1|3|0|1|0" startTime="0" duration="0.77" startTrans="0.075 0 0" endTrans="-1.416 0 0" />
        </animation>

        <animation name="rotatePlatform">
            <part node="0>1|3|0|1|1" startTime="0"    duration="0.16" startTrans="0.075 0 0"  endTrans="-0.220 0 0" />
            <part node="0>1|6"       startTime="0"    duration="0.16" startTrans="0 0 0"      endTrans="0 0 -0.295" />
            <part node="0>1|6"       startTime="0.16" duration="0.32" startTrans="0 0 -0.295" endTrans="0 0 0" />
            <part node="0>1|3|0"     startTime="0.32" duration="2"    startRot="0 0 0"        endRot="-90.4 0 0" />
        </animation>

        <animation name="emptyRotate">
            <part node="0>1|3" startTime="0" duration="10" endRot="-87 0 0" />
            <part node="0>1|8" startTime="0" duration="5" endRot="-43.5 0 0" />
        </animation>

        <animation name="moveBalePlaces">
            <part node="0>1|3|2|0"   startTime="0" duration="20" startTrans="0 0 0" endTrans="0 0 -5.5" />
            <part node="0>1|3|7"     startTime="0" duration="20" shaderParameter="beltPos" shaderStartValues="0 0 0 0" shaderEndValues="-2.747 0 0 0" />
            <part node="0>1|3|5|0"   startTime="0" duration="20" startTrans="0 0 0" endTrans="0 0 -1.536" />
            <part node="0>1|3|5|0|0" startTime="0" duration="20" startTrans="0 0 0" endTrans="0 0 -1.21" />
        </animation>
        <animation name="moveBalePlacesToEmpty">
            <part node="0>1|3|2|0"   startTime="0" duration="20" startTrans="0 0 0" endTrans="0 0 -5.5" />
            <part node="0>1|3|7"     startTime="0" duration="20" shaderParameter="beltPos" shaderStartValues="0 0 0 0" shaderEndValues="-2.747 0 0 0" />
            <part node="0>1|3|5|0"   startTime="0" duration="20" startTrans="0 0 0" endTrans="0 0 -1.536" />
            <part node="0>1|3|5|0|0" startTime="0" duration="20" startTrans="0 0 0" endTrans="0 0 -1.21" />
        </animation>
        <animation name="moveBalePusherToEmpty">
        </animation>

        <animation name="emptyHidePusher1">
        </animation>

        <animation name="releaseFrontplattform">
            <part node="0>1|3|0" startTime="0" duration="1" startRot="-90.4 0 0" endRot="-75 0 0" />
        </animation>

        <animation name="closeGrippers">
        </animation>

        <!-- move support wheel down/up -->
        <animation name="moveSupport">
            <part node="0>1|2|1"   startTime="0"   endTime="0.2" startTrans="0 0 0"      endTrans="0 -0.4 0" />
            <part node="0>1|2|0|0" startTime="0.1" endTime="0.4" startTrans="0 -0.229 0" endTrans="0 -0.4 0" />
            <part node="0>1|2|0"   startTime="0"   endTime="0.2" startRot="0 0 -90"      endRot="0 0 0" />
        </animation>
    </animations>

    <baleGrabber grabNode="0>1|4|1|0|0|0"/>
    <balePlaces startBalePlace="0>1|3|0|1" >
        <balePlace node="0>1|3|2|0|0|0" />
        <balePlace node="0>1|3|2|0|0|1" />
        <balePlace node="0>1|3|2|0|0|2" />
        <balePlace node="0>1|3|2|0|0|3" />
        <balePlace node="0>1|3|2|0|0|4" />
        <balePlace node="0>1|3|2|0|0|5" />
        <balePlace node="0>1|3|2|0|0|6" />
        <balePlace node="0>1|3|2|0|0|7" />
    </balePlaces>

    <baleTypes>
        <baleType minBaleWidth="1.2"  maxBaleWidth="1.2" minBaleHeight="0.8" maxBaleHeight="0.9" minBaleLength="2.2" maxBaleLength="2.4"/>
    </baleTypes>

    <baleloaderTurnedOnScrollers>
        <baleloaderTurnedOnScroller index="0>1|4|1|0|0|2" scrollSpeed="-1" scrollLength="1" shaderParameterName="offsetUV" shaderParameterComponent="1" toggleVisibility="false" turnOnFadeTime="2" turnOffFadeTime="2"/>
    </baleloaderTurnedOnScrollers>

    <baleGrabSound file="$data/vehicles/trailers/arcusin/arcusin_mechanic.wav"                pitchOffset="1.0" volume="1.00"   indoorVolumeFactor="0.55" />
    <baleLoaderHydraulicSound file="$data/sounds/cultivatorHydraulic.wav"                     pitchOffset="1.0" volume="1.00"   indoorVolumeFactor="0.45" />
    <baleGrabParticleSystem disableDuration="0.6" position="-2 0.6 4.7" rotation="0 0 0" file="$data/particleSystems/shared/threshingStrawParticles.i3d" />

    <support animationName="moveSupport" />

    <washable dirtDuration="90" washDuration="1" workMultiplier="4" />

    <tipOcclusionAreas>
        <tipOcclusionArea start="0>2|0" width="0>2|1" height="0>2|2" />
    </tipOcclusionAreas>

    <components count="1">
        <component1 centerOfMass="0 1 -1.5" solverIterationCount="10" mrSetMass="8.4" />
    </components>

    <schemaOverlay file="$dataS2/menu/schemas/implementSchema.png" fileSelected="$dataS2/menu/schemas/implementSchemaSelected.png" width="0.5" height="0.5" attacherJointPosition="0 0"/>

</vehicle>
