﻿<?xml version="1.0" encoding="utf-8" standalone="no" ?>
<vehicle type="subsoiler">
    <annotation>Copyright (C) GIANTS Software GmbH, All Rights Reserved.</annotation>
	
	<!-- MR
	
		30-40cm depth
		600hp = about 10kph
		
		working speed range = 5 to 10kph
		
		dailyUpkeep (can be very expensive depending on the ground type)
		
		wheels
		brakeforce
		
		powerConsumer
		
		work area => chargeValue of refnode
		
	
	
	
	<mrDebug>		
		<drawPoint node="0>" translation="0 0 0" />
		<drawPoint centerOfMass="0>" />
		<drawPoint centerOfMass="1>" />
		<drawPoint centerOfMass="2>" />
		<drawPoint centerOfMass="3>" />	
		<drawPoint centerOfMass="4>" />	
	</mrDebug>
	
	-->

    <storeData>
        <name>Cultiplow Platinum 8m</name>
        <specs>
            <neededPower>420</neededPower>
            <workingWidth>8.0</workingWidth>
        </specs>
        <functions>
            <function>$l10n_function_subsoiler</function>
        </functions>
        <image>store_agrisemCultiplowPlatinum8m.png</image>
        <price>82000</price>
        <dailyUpkeep>60</dailyUpkeep>
        <lifetime>600</lifetime>
        <rotation>0</rotation>
        <brand>AGRISEM</brand>
        <category>cultivators</category>
        <fieldJob sizeCategory="2" typeCategory="plough" />
        <vertexBufferMemoryUsage>3090248</vertexBufferMemoryUsage>
        <indexBufferMemoryUsage>879180</indexBufferMemoryUsage>
        <textureMemoryUsage>11425640</textureMemoryUsage>
        <instanceVertexBufferMemoryUsage>0</instanceVertexBufferMemoryUsage>
        <instanceIndexBufferMemoryUsage>0</instanceIndexBufferMemoryUsage>
    </storeData>

    <typeDesc>$l10n_typeDesc_cultivator</typeDesc>
    <filename>vehicles/tools/agrisem/agrisemCultiplowPlatinum8m.i3d</filename>

    <wheelConfigurations>
        <wheelConfiguration name="$l10n_configuration_valueDefault" price="0">
            <wheels>
                <wheel restLoad="1.8" repr="0>0|0|1|0|0" forcePointRatio="0.3" filename="$data/vehicles/wheels/trelleborg/T404_560_50R22_5.xml" isLeft="true"  initialCompression="0" suspTravel="0.15" spring="60" damper="10" hasTireTracks="true" mrPressureFx="1.3" />
                <wheel restLoad="1.8" repr="0>0|0|1|0|1" forcePointRatio="0.3" filename="$data/vehicles/wheels/trelleborg/T404_560_50R22_5.xml" isLeft="false" initialCompression="0" suspTravel="0.15" spring="60" damper="10" hasTireTracks="true" mrPressureFx="1.3" />
                <wheel restLoad="0.3" repr="0>0|0|2|0|3" forcePointRatio="0.3" filename="$data/vehicles/wheels/trelleborg/AW305_380_55R17.xml"  isLeft="true"  initialCompression="0" suspTravel="0.10" spring="30" damper="5" />
                <wheel restLoad="0.3" repr="0>0|0|2|3|3" forcePointRatio="0.3" filename="$data/vehicles/wheels/trelleborg/AW305_380_55R17.xml"  isLeft="false" initialCompression="0" suspTravel="0.10" spring="30" damper="5" />

                <wheel restLoad="0.2" repr="2>1" forcePointRatio="0.3" radius="0.24" initialCompression="0" suspTravel="0.1" spring="50" damper="1" mass="0.1" isSynchronized="false" mrDummyWheel="true" />
                <wheel restLoad="0.2" repr="2>2" forcePointRatio="0.3" radius="0.24" initialCompression="0" suspTravel="0.1" spring="50" damper="1" mass="0.1" isSynchronized="false" mrDummyWheel="true" />
                <wheel restLoad="0.3" repr="3>1" forcePointRatio="0.3" radius="0.28" initialCompression="0" suspTravel="0.1" spring="50" damper="1" mass="0.1" isSynchronized="false" mrDummyWheel="true" />
                <wheel restLoad="0.3" repr="3>2" forcePointRatio="0.3" radius="0.28" initialCompression="0" suspTravel="0.1" spring="50" damper="1" mass="0.1" isSynchronized="false" mrDummyWheel="true" />
                <wheel restLoad="0.3" repr="4>1" forcePointRatio="0.3" radius="0.28" initialCompression="0" suspTravel="0.1" spring="50" damper="1" mass="0.1" isSynchronized="false" mrDummyWheel="true" />
                <wheel restLoad="0.3" repr="4>2" forcePointRatio="0.3" radius="0.28" initialCompression="0" suspTravel="0.1" spring="50" damper="1" mass="0.1" isSynchronized="false" mrDummyWheel="true" />
            </wheels>
        </wheelConfiguration>
    </wheelConfigurations>

    <brakeForce>1.6</brakeForce>

    <axisColor>1 0.6592 0 1</axisColor>

    <rimColor>0.0161 0.0134 0.0120 1</rimColor>

    <size width="4.5" length="8" lengthOffset="1"/>
    <speedLimit value="12" />

    <lights>
        <low>
            <light                             decoration="0>0|0|1|3|1|0|0" lightTypes="0 3" />
        </low>
        <high>
            <light realLight="0>0|0|1|3|1|0|1" decoration="0>0|0|1|3|1|0|0" lightTypes="0 3" />
        </high>
    </lights>

    <brakeLights>
        <brakeLight realLight="0>0|0|1|3|1|0|1" decoration="0>0|0|1|3|1|2|0" />
    </brakeLights>

    <turnLights>
        <turnLightLeft  realLight="0>0|0|1|3|1|1|0|1" decoration="0>0|0|1|3|1|1|0|0" />
        <turnLightRight realLight="0>0|0|1|3|1|1|1|1" decoration="0>0|0|1|3|1|1|1|0" />
    </turnLights>

    <workAreas>
        <workArea startIndex="0>0|1|0|0" widthIndex="0>0|1|0|1" heightIndex="0>0|1|0|2" refNodeIndex="0" type="cultivator" foldMinLimit="0" foldMaxLimit="0.1" />
        <workArea startIndex="0>0|1|1|0" widthIndex="0>0|1|1|1" heightIndex="0>0|1|1|2" refNodeIndex="3" type="cultivator" foldMinLimit="0" foldMaxLimit="0.1" />
    </workAreas>

    <groundReferenceNodes>
        <groundReferenceNode index="0>0|1|2" threshold="0.05" depthNode="0>0|3|1" chargeValue="1" />		
        <groundReferenceNode index="0>0|0|2|0|4|1" threshold="0.05" depthNode="0>0|0|2|0|4|1" /> <!-- left -->
        <groundReferenceNode index="0>0|0|2|3|4|1" threshold="0.05" depthNode="0>0|0|2|3|4|1" /> <!-- right -->
		<groundReferenceNode index="0>0|1|2" threshold="0.05" depthNode="0>0|3|1" chargeValue="0" />
    </groundReferenceNodes>

    <onlyActiveWhenLowered value="false" />

    <!-- recommended horsepower by manufacturer: 420 - 550 -->
    <powerConsumer neededPtoPower="0" forceNode="0>" forceNodeCOM="0 0.15 0" loweredMaxForce="85" />

    <cultivatorSound file="vehicles/tools/agrisem/agrisemCultiplowPlatinum8m.wav" pitchOffset="0.95" volume="1.10" indoorVolumeFactor="0.50"  />
    <cylinderedHydraulicSound file="$data/sounds/cultivatorHydraulic.wav"         pitchOffset="1.00" volume="1.00" indoorVolumeFactor="0.75" indoorLowpassGain="0.95"  />

    <inputAttacherJoints>
        <inputAttacherJoint jointType="trailerLow" index="1>0" rootNode="1>" attacherHeight="0.5"/>
    </inputAttacherJoints>

    <speedRotatingParts>
        <speedRotatingPart index="0>0|0|1|3|0"       radius="-0.285"  foldMinLimit="0" foldMaxLimit="1"   refNodeIndex="0"/>
        <speedRotatingPart index="0>0|0|2|0|2|3"     radius="-0.285"  foldMinLimit="0" foldMaxLimit="0.1" refNodeIndex="1"/>
        <speedRotatingPart index="0>0|0|2|0|2|0|0|0" radius="0.285"  foldMinLimit="0" foldMaxLimit="0.1" refNodeIndex="1"/>
        <speedRotatingPart index="0>0|0|2|3|2|3"     radius="-0.285"  foldMinLimit="0" foldMaxLimit="0.1" refNodeIndex="2"/>
        <speedRotatingPart index="0>0|0|2|3|2|0|0|0" radius="0.285"  foldMinLimit="0" foldMaxLimit="0.1" refNodeIndex="2"/>
    </speedRotatingParts>

    <foldingParts foldMiddleAnimTime="0.15" startMoveDirection="1" detachingMinLimit="0.15" detachingMaxLimit="1">
        <foldingPart animationName="folding" speedScale="0.45" />
    </foldingParts>

    <movingTools>
        <!-- drawbar -->
        <movingTool index="0>0|0|0|0" playSound="true">
            <componentJoint index="0" />
        </movingTool>

        <!-- axis -->
        <movingTool index="0>0|0|1|0" playSound="true" wheelIndices="1 2">
            <dependentPart index="0>0|0|1|1"/>
        </movingTool>

        <!-- leftArm1 -->
        <movingTool index="0>0|0|2|0" playSound="true" wheelIndices="3">
            <componentJoint index="2" />
            <dependentPart index="0>0|0|2|2"/>
        </movingTool>

        <!-- rightArm1 -->
        <movingTool index="0>0|0|2|3" playSound="true" wheelIndices="4">
            <componentJoint index="3" />
            <dependentPart index="0>0|0|2|5"/>
        </movingTool>

        <!-- leftArm2Fold -->
        <movingTool index="0>0|0|2|0|2|0|0" playSound="true">
            <dependentPart index="0>0|0|2|0|2|2"/>
        </movingTool>

        <!-- rightArm2Fold -->
        <movingTool index="0>0|0|2|3|2|0|0" playSound="true">
            <dependentPart index="0>0|0|2|3|2|2"/>
        </movingTool>
    </movingTools>

    <movingParts isActiveDirtyTimeOffset="2">
        <!-- drawbar -->
        <movingPart index="0>0|0|0|1" referencePoint="1>1" referenceFrame="0>" isActiveDirty="true">
            <dependentPart index="0>0|0|0|1|0" />
        </movingPart>
        <movingPart index="0>0|0|0|1|0" referencePoint="0>0|0|0|2" referenceFrame="0>0|0|0|2">
            <translatingPart index="0>0|0|0|1|0|0" />
        </movingPart>

        <!-- axis -->
        <movingPart index="0>0|0|1|1" referencePoint="0>0|0|1|0|2" referenceFrame="0>0|0|1|0|2">
            <translatingPart index="0>0|0|1|1|0" />
        </movingPart>

        <!-- backParts -->
        <movingPart index="0>0|0|1|3" referencePoint="2>0" referenceFrame="0>0|0|1|4" isActiveDirty="true" limitedAxis="1"/>
        <movingPart index="0>0|0|2|0|2" referencePoint="3>0" referenceFrame="0>0|0|2|0|6" isActiveDirty="true" limitedAxis="1"/>
        <movingPart index="0>0|0|2|3|2" referencePoint="4>0" referenceFrame="0>0|0|2|3|6" isActiveDirty="true" limitedAxis="1"/>

        <!-- leftArm1 -->
        <movingPart index="0>0|0|2|2" localReferencePoint="0>0|0|2|2|0" referencePoint="0>0|0|2|0|5" referenceFrame="0>0|0|2|6">
            <dependentPart index="0>0|0|2|2|0" />
            <dependentPart index="0>0|0|2|1" />
        </movingPart>
        <movingPart index="0>0|0|2|2|0" referencePoint="0>0|0|2|0|5" referenceFrame="0>0|0|2|2|2"/>
        <movingPart index="0>0|0|2|1" referencePoint="0>0|0|2|2|1" referenceFrame="0>0|0|2|2|1">
            <translatingPart index="0>0|0|2|1|0" />
        </movingPart>

        <!-- rightArm1 -->
        <movingPart index="0>0|0|2|5" localReferencePoint="0>0|0|2|5|0" referencePoint="0>0|0|2|3|5" referenceFrame="0>0|0|2|7">
            <dependentPart index="0>0|0|2|5|0" />
            <dependentPart index="0>0|0|2|4" />
        </movingPart>
        <movingPart index="0>0|0|2|5|0" referencePoint="0>0|0|2|3|5" referenceFrame="0>0|0|2|5|2"/>
        <movingPart index="0>0|0|2|4" referencePoint="0>0|0|2|5|1" referenceFrame="0>0|0|2|5|1">
            <translatingPart index="0>0|0|2|4|0" />
        </movingPart>

        <!-- leftArm2Fold -->
        <movingPart index="0>0|0|2|0|2|2" localReferencePoint="0>0|0|2|0|2|2|0" referencePoint="0>0|0|2|0|2|0|0|1" referenceFrame="0>0|0|2|0|2|4">
            <dependentPart index="0>0|0|2|0|2|2|0" />
            <dependentPart index="0>0|0|2|0|2|1" />
        </movingPart>
        <movingPart index="0>0|0|2|0|2|2|0" referencePoint="0>0|0|2|0|2|0|0|1" referenceFrame="0>0|0|2|0|2|0|0|1"/>
        <movingPart index="0>0|0|2|0|2|1" referencePoint="0>0|0|2|0|2|2|1" referenceFrame="0>0|0|2|0|2|2|1">
            <translatingPart index="0>0|0|2|0|2|1|0" />
        </movingPart>

        <!-- rightArm2Fold -->
        <movingPart index="0>0|0|2|3|2|2" localReferencePoint="0>0|0|2|3|2|2|0" referencePoint="0>0|0|2|3|2|0|0|1" referenceFrame="0>0|0|2|3|2|4">
            <dependentPart index="0>0|0|2|3|2|2|0" />
            <dependentPart index="0>0|0|2|3|2|1" />
        </movingPart>
        <movingPart index="0>0|0|2|3|2|2|0" referencePoint="0>0|0|2|3|2|0|0|1" referenceFrame="0>0|0|2|3|2|0|0|1"/>
        <movingPart index="0>0|0|2|3|2|1" referencePoint="0>0|0|2|3|2|2|1" referenceFrame="0>0|0|2|3|2|2|1">
            <translatingPart index="0>0|0|2|3|2|1|0" />
        </movingPart>
    </movingParts>

    <animations>
        <animation name="moveSupport">
            <part node="0>0|0|3"     startTime="0" endTime="0.2" startTrans="0 1.486 1.416"        endTrans="0 0.582 1.416" />
            <part node="0>0|0|4"     startTime="0" endTime="0.2" startTrans="0 0.754 0.102"        endTrans="0 0.214 0.102" />
            <part node="0>0|0|2|0|7" startTime="0" endTime="0.2" startTrans="0.659 -0.641 -0.875"  endTrans="0.659 -1.163 -0.875" />
            <part node="0>0|0|2|3|7" startTime="0" endTime="0.2" startTrans="-0.659 -0.641 -0.875" endTrans="-0.659 -1.163 -0.875" />

            <part node="0>0|0|1|0" startTime="0.0" endTime="0.5"  startRot="0.0 0.0 0.0" endRot="15.0 0.0 0.0" />
            <part node="0>0|0|0|0" startTime="0.0" endTime="1"  startRot="-2.0 0.0 0.0" endRot="-10.0 0.0 0.0" />
        </animation>
        <animation name="folding">
            <part node="0>0|0|2|0"       startTime="2.0" endTime="6.0"  startRot="0.0 -0.0 0.0"          endRot="0.0 -0.0 179.99" />
            <part node="0>0|0|2|0|0"     startTime="1.0" endTime="2.0"  startTrans="1.546 -0.346 -0.105" endTrans="1.15 -0.346 -0.105" />
            <part node="0>0|0|2|0|2|0|0" startTime="1.0" endTime="2.0"  startRot="-0.0 -0.0 0.0"         endRot="0.0 -0.0 179.99" />

            <part node="0>0|0|2|3"       startTime="2.0" endTime="6.0"  startRot="0.0 -0.0 0.0"           endRot="0.0 -0.0 -179.99" />
            <part node="0>0|0|2|3|0"     startTime="1.0" endTime="2.0"  startTrans="-1.546 -0.346 -0.105" endTrans="-1.15 -0.346 -0.105" />
            <part node="0>0|0|2|3|2|0|0" startTime="1.0" endTime="2.0"  startRot="0.0 -0.0 0.0"           endRot="0.0 -0.0 -179.99" />

            <part node="0>0|0|1|0" startTime="0.0" endTime="0.9"  startRot="25.0 0.0 0.0" endRot="0.0 0.0 0.0" />
            <part node="0>0|0|0|0" startTime="0.0" endTime="0.9"  startRot="-7.0 0.0 0.0" endRot="-2.0 0.0 0.0" />
            <part componentJointIndex="0" startTime="0.0" endTime="0.9" startRotLimit="10 0 0" endRotLimit="0 0 0" startTransLimit="0 0 0" endTransLimit="0 0 0"/>

            <part node="0>0|0|2|0|8"       startTime="0" endTime="2"  visibility="true" />
            <part node="0>0|0|2|0|8"       startTime="2" endTime="6"  visibility="false" />
            <part node="0>0|0|2|3|8"       startTime="0" endTime="2"  visibility="true" />
            <part node="0>0|0|2|3|8"       startTime="2" endTime="6"  visibility="false" />
        </animation>
    </animations>

    <support animationName="moveSupport" />

    <groundParticleAnimations>
        <groundParticleAnimation>
            <node index="0>0|3|0|0"       refNodeIndex="0" materialType="SOIL" />
            <node index="0>0|0|2|0|4|0|0" refNodeIndex="1" materialType="SOIL" />
            <node index="0>0|0|2|3|4|0|0" refNodeIndex="2" materialType="SOIL" />
        </groundParticleAnimation>

        <groundParticle>
            <node index="0>0|3|0|1" refNodeIndex="0" particleType="SOIL"  />
            <node index="0>0|3|0|2" refNodeIndex="0" particleType="SOIL_SMOKE"  />
            <node index="0>0|3|0|3" refNodeIndex="0" particleType="SOIL_CHUNKS"     worldSpace="false" />
            <node index="0>0|3|0|4" refNodeIndex="0" particleType="SOIL_BIG_CHUNKS" worldSpace="false" />

            <node index="0>0|0|2|0|4|0|1" refNodeIndex="1" particleType="SOIL"  />
            <node index="0>0|0|2|0|4|0|2" refNodeIndex="1" particleType="SOIL_SMOKE"  />
            <node index="0>0|0|2|0|4|0|3" refNodeIndex="1" particleType="SOIL_CHUNKS"     worldSpace="false" />
            <node index="0>0|0|2|0|4|0|4" refNodeIndex="1" particleType="SOIL_BIG_CHUNKS" worldSpace="false" />

            <node index="0>0|0|2|3|4|0|1" refNodeIndex="2" particleType="SOIL"  />
            <node index="0>0|0|2|3|4|0|2" refNodeIndex="2" particleType="SOIL_SMOKE"  />
            <node index="0>0|0|2|3|4|0|3" refNodeIndex="2" particleType="SOIL_CHUNKS"     worldSpace="false" />
            <node index="0>0|0|2|3|4|0|4" refNodeIndex="2" particleType="SOIL_BIG_CHUNKS" worldSpace="false" />
        </groundParticle>
    </groundParticleAnimations>

    <ai>
        <areaMarkers leftIndex="0>0|2|0|0" rightIndex="0>0|2|0|1" backIndex="0>0|2|0|2" />
        <trafficCollisionTrigger index="0>0|2|1" />
        <needsLowering value="true"/>
        <forceTurnNoBackward value="true" />
        <turningRadiusLimitation radius="5" />
    </ai>

    <washable dirtDuration="30" washDuration="1" workMultiplier="20" />

    <components count="5">
        <component1 centerOfMass="0 0.7 0.4" solverIterationCount="10" mrSetMass="4.5" /> <!-- main body -->
        <component2 centerOfMass="0 0 -0.2" solverIterationCount="10" mrSetMass="0.6" /> <!-- drawbar -->
        <component3 centerOfMass="0 -0.1 0" solverIterationCount="10" mrSetMass="1.5" /> <!-- back part -->
        <component4 centerOfMass="0 0 0.7" solverIterationCount="10" mrSetMass="1" /> <!-- left wing -->
        <component5 centerOfMass="0 0 0.7" solverIterationCount="10" mrSetMass="1" /> <!-- right wing -->
        <joint component1="0" component2="1" index="0>0|0|0|0" rotLimit="0 0 0" transLimit="0 0 0" breakable="false"/>
        <joint component1="0" component2="2" index="0>0|0|1|2" rotLimit="0 0 0" transLimit="0 0 0" breakable="false" rotLimitSpring="400 0 400" rotLimitDamping="100 0 100" />
        <joint component1="0" component2="3" index="0>0|0|2|0|1" rotLimit="0 0 0" transLimit="0 0 0" breakable="false" rotLimitSpring="400 0 400" rotLimitDamping="100 0 100" />
        <joint component1="0" component2="4" index="0>0|0|2|3|1" rotLimit="0 0 0" transLimit="0 0 0" breakable="false" rotLimitSpring="400 0 400" rotLimitDamping="100 0 100" />

        <collisionPair component1="3" component2="4" enabled="false" />
        <collisionPair component1="2" component2="3" enabled="false" />
        <collisionPair component1="2" component2="4" enabled="false" />
    </components>

    <schemaOverlay file="$dataS2/menu/schemas/implementSchema.png" fileSelected="$dataS2/menu/schemas/implementSchemaSelected.png" width="0.5" height="0.5" attacherJointPosition="0 0"/>

</vehicle>
