﻿<?xml version="1.0" encoding="utf-8" standalone="no" ?>
<vehicle type="manureBarrel">
    <annotation>Copyright (C) GIANTS Software GmbH, All Rights Reserved.</annotation>
	
	<!-- mr
	
	mass, center of mass
	mrCOMtransWithMass
	capacity (vacuum pump = impossible to fully filled the tank. there is always some air/foam "trapped" inside the tank when filling)
	about 96% on this tank => 8000 * 0.96 = 7600
	
	brakeforce
	
	wheels
	
	sprayUsageScales = 1.1 since this is a "scatterer"
	
	liquid manure = 13.38M3 per ha
	digestate = 14.84M3/Ha
	since the "scale" is set to 1.1 for this slurry tank, it means the max amount per ha is 14.84 * 1.1 = 16.324M3/Ha
	
	compressor = vacuum pump 9000L/min air => the unloading capacity at work does not depend on the pump capacity but on the "vacuum" created (which is the approximatively the same whatever the vacuum pump = about 0.9 bar max)
	unloading capacity depends on the "output hose diameter" and the "scatterer" and also the slurry "viscosity" = something like 3000L/min
	per hour = 180M3/hour
	
	
	
	"jurop PN8400" => max pto power = 15KW
	http://www.jurop.it/fra/schede/PN-scheda-tecnica.pdf
	
	speedLimit is set by the 
	<sprayer mrMaxOutputCapacity="3000" />
	
	in the worst case (long straight field) = 2.57min to empty the tank (0.47Ha and 524m)
	
	(vacuum pump = about 90% vacuum when "filling" => speed depends on the hose diameter and slurry kind and pumping depth => about 4500L per minute in our case)
	fillLitersPerSecond => 225 (3 times faster than "theorical" best filling speed IRL => 4500 * 3 /60  
	
	-->
	
	<moreRealistic>		
		<dragArea value="3.7" />		
	</moreRealistic>

    <storeData>
        <name>VE 8000</name>
        <specs>
            <neededPower>85</neededPower>
            <workingWidth>9.0</workingWidth>
        </specs>
        <functions>
            <function>$l10n_function_slurrySpreader</function>
        </functions>
        <image>data/store/store_kotteVE8000.png</image>
        <price>12000</price>
        <dailyUpkeep>30</dailyUpkeep>
        <lifetime>600</lifetime>
        <rotation>0</rotation>
        <brand>KOTTE</brand>
        <category>slurryTanks</category>
        <fieldJob sizeCategory="1" typeCategory="liquidManureBarrel" />
        <vertexBufferMemoryUsage>1019908</vertexBufferMemoryUsage>
        <indexBufferMemoryUsage>181056</indexBufferMemoryUsage>
        <textureMemoryUsage>12451424</textureMemoryUsage>
        <instanceVertexBufferMemoryUsage>0</instanceVertexBufferMemoryUsage>
        <instanceIndexBufferMemoryUsage>0</instanceIndexBufferMemoryUsage>
    </storeData>

    <typeDesc>$l10n_typeDesc_manureBarrel</typeDesc>
    <filename>data/vehicles/trailers/kotte/VE8000.i3d</filename>

    <size width="3.5" length="8.5"/>

    <powerConsumer ptoRpm="430" neededPtoPower="15"/>
    <speedLimit value="20" />

    <wheelConfigurations>
        <wheelConfiguration name="$l10n_configuration_valueDefault" price="0">
            <wheels>
                <wheel tipOcclusionAreaGroupId="1" restLoad="1.5" repr="0>0|0|0" forcePointRatio="0.2" filename="$data/vehicles/wheels/trelleborg/TwinRadial_710_50R26_5.xml" isLeft="true"  initialCompression="0" suspTravel="0.12" spring="65" damper="1" hasTireTracks="true" hasParticles="true" />
                <wheel tipOcclusionAreaGroupId="2" restLoad="1.5" repr="0>0|0|1" forcePointRatio="0.2" filename="$data/vehicles/wheels/trelleborg/TwinRadial_710_50R26_5.xml" isLeft="false" initialCompression="0" suspTravel="0.12" spring="65" damper="1" hasTireTracks="true" hasParticles="true" />
            </wheels>
        </wheelConfiguration>
    </wheelConfigurations>

    <rimColorConfigurations useDefaultColors="true" price="100" icon="$dataS2/menu/hud/configurations/config_rimColor.png">
        <rimColorConfiguration color="0.294 0.294 0.294 1" />
        <colorNode node="0>0|0" />
    </rimColorConfigurations>

    <brakeForce>2.5</brakeForce>
    <maximalAirConsumptionPerFullStop value="0.2" />

    <lights>
        <low>
            <light                       decoration="0>0|4|0|0" lightTypes="0 3" />
        </low>
        <high>
            <light realLight="0>0|4|0|1" decoration="0>0|4|0|0" lightTypes="0 3" />
        </high>
    </lights>

    <brakeLights>
        <brakeLight realLight="0>0|4|0|1" decoration="0>0|4|2|0" />
    </brakeLights>

    <turnLights>
        <turnLightLeft  realLight="0>0|4|1|0|1" decoration="0>0|4|1|0|0" />
        <turnLightRight realLight="0>0|4|1|1|1" decoration="0>0|4|1|1|0" />
    </turnLights>

    <fillUnits>
        <fillUnit unit="$l10n_unit_literShort" fillTypeCategories="slurryTank" capacity="7700" />
    </fillUnits>

    <measurementNodes>
        <measurementNode index="0>0|5|0" fillUnitIndex="1" />
    </measurementNodes>

    <workAreas>
        <workArea startIndex="0>0|6|0" widthIndex="0>0|6|1" heightIndex="0>0|6|2" type="sprayer" disableBackwards="false" />
    </workAreas>

    <allowFillFromAir value="false"/>
    <fillRootNode index="0>" />
    <fillMassNode index="0>" mrCOMtransWithMass="0 0.03 -0.015" />

    <spraySound file="$data/sounds/garantPump_small.wav" pitchOffset="1" volume="0.6" volume3D="0.6" innerRadius="10" radius="40" linkNode="0>"/>
    <fillSound file="$data/sounds/garantPump_small.wav" pitchOffset="1.0" volume="0.6" volume3D="0.6" innerRadius="10" radius="40" linkNode="0>"/>

    <inputAttacherJoints>
        <inputAttacherJoint index="0>0|1" jointType="trailer" attacherHeight="0.7685" ptoInputNode="0>0|2" ptoAboveAttacher="false"/>
    </inputAttacherJoints>

    <animations>
        <!-- move support wheel down/up -->
        <animation name="moveSupport">
            <part node="0>0|3|0" startTime="0" endTime="0.3" startTrans="0 0.35 0" endTrans="0 0 0" />
        </animation>
        <animation name="sprayerAnimation" looping="true">
            <part node="0>0|8|0" startTime="0"   endTime="0.5" startRot="0 -50 0" endRot="0 50 0" />
            <part node="0>0|8|0" startTime="0.5" endTime="1.0" startRot="0 50 0"  endRot="0 -50 0" />
        </animation>
    </animations>

    <movingTools>
        <movingTool index="0>0|8|0" >
            <dependentPart index="0>0|8|0|0" />
        </movingTool>
    </movingTools>

    <movingParts>
        <movingPart index="0>0|8|0|0" referencePoint="0>0|8|1" referenceFrame="0>0|8|1" />
    </movingParts>

    <sprayingAnimation name="sprayerAnimation" />
    <support animationName="moveSupport" />

    <sprayUsageScales workingWidth="9.0" scale="1.1" />
	<sprayer mrMaxOutputCapacity="3000" />
	<fillLitersPerSecond>225</fillLitersPerSecond>

    <sprayerEffects>
        <sprayerEffect>
            <effectNode effectClass="SlurrySideToSideEffect" effectNode="0>0|8|2" delay="0" materialType="sprayer" materialTypeId="2" fadeOutTime="0.1" fadeInTime="1" startDelay="0.2" stopDelay="0" refAnimation="sprayerAnimation" />
        </sprayerEffect>
    </sprayerEffects>

    <ai>
        <areaMarkers leftIndex="0>0|7|0|0" rightIndex="0>0|7|0|1" backIndex="0>0|7|0|2" />
        <sizeMarkers leftIndex="0>0|7|1|0" rightIndex="0>0|7|1|1" backIndex="0>0|7|1|2" />
        <forceTurnNoBackward value="true" />
        <toolReverserDirectionNode index="0>0|7|1|2" />
    </ai>

    <baseColorConfigurations useDefaultColors="true" price="800" icon="$dataS2/menu/hud/configurations/config_color.png">
        <baseColorConfiguration color="0.037 0.138 0.034 1.0" />
        <colorNode node="0>0" />
    </baseColorConfigurations>
    
    <designConfigurations>
        <designConfiguration name="$l10n_configuration_valueWhite" price="0" icon="$dataS2/menu/hud/configurations/config_edition.png">
            <objectChange node="0>0|11|0" visibilityActive="true" visibilityInactive="false"/>            
        </designConfiguration>
        <designConfiguration name="$l10n_configuration_valueColor" price="0" icon="$dataS2/menu/hud/configurations/config_edition.png">
            <objectChange node="0>0|11|1" visibilityActive="true" visibilityInactive="false"/>            
        </designConfiguration>
    </designConfigurations>

    <washable dirtDuration="90" washDuration="1" workMultiplier="4" />

    <tipOcclusionAreas>
        <tipOcclusionArea start="0>0|9|0" width="0>0|9|1" height="0>0|9|2" />
    </tipOcclusionAreas>

    <components count="1">
        <component1 centerOfMass="0 1.1 -0.17" solverIterationCount="10" mrSetMass="2" />
    </components>

    <schemaOverlay file="$dataS2/menu/schemas/implementSchema.png" fileSelected="$dataS2/menu/schemas/implementSchemaSelected.png" fileTurnedOn="$dataS2/menu/schemas/implementSchemaTurnedOn.png" fileSelectedTurnedOn="$dataS2/menu/schemas/implementSchemaSelectedTurnedOn.png" width="0.5" height="0.5" attacherJointPosition="0 0" />

</vehicle>