﻿<?xml version="1.0" encoding="utf-8" standalone="no" ?>
<vehicle type="mixerWagon">
    <annotation>Copyright (C) GIANTS Software GmbH, All Rights Reserved.</annotation>
	
	<!-- MR
	
		siloking / kverneland trailedLine duo 1814-16 => name
		
		powerConsumer : depends on the actual fill mass
	
		rotSpeed set to 35 rpm (220 rad per min)
		
		brakeForce
		
		component mass/center of mass
		
		wheels : change tyre from 295_70R18 to AW309_500_50R17 (IRL default tyre = 435/50R19.5)
		indeed, IRL, 295/70R18 are for ligth truck only. They are absolutely not meant to withstand more than 4T each (2T max at 4bar in the best case)
	
		reduced unloading speed
		
		mrCOMtransWithMass
		
		mixerWagonFillTypes maxPercentage to suit the 16m3 capacity and 3000/4000L bales when playing with mrGameplay
	
	-->
		
	<moreRealistic needEngineRunningForTorque="true">			
		<mixerWagon fillMassDependantPtoPower="10" mixingActiveTimerMax="60000" /> <!-- KW per Ton, 1min mixing when the fillLevel is changed -->		
		<dragArea value="4.1" />
	</moreRealistic>

    <storeData>
        <name>TrailedLine Duo 1814-16</name>
        <specs>
            <neededPower>85</neededPower>
        </specs>
        <functions>
            <function>$l10n_function_feeder</function>
        </functions>
        <image>data/store/store_siloKingTrailedLineDuo1814.png</image>
        <price>41000</price>
        <dailyUpkeep>90</dailyUpkeep>
        <lifetime>600</lifetime>
        <rotation>0</rotation>
        <brand>SILOKING</brand>
        <category>animals</category>
        <vertexBufferMemoryUsage>894008</vertexBufferMemoryUsage>
        <indexBufferMemoryUsage>140640</indexBufferMemoryUsage>
        <textureMemoryUsage>11884080</textureMemoryUsage>
        <instanceVertexBufferMemoryUsage>0</instanceVertexBufferMemoryUsage>
        <instanceIndexBufferMemoryUsage>0</instanceIndexBufferMemoryUsage>
    </storeData>

    <typeDesc>$l10n_typeDesc_mixerWagon</typeDesc>
    <filename>data/vehicles/trailers/siloking/siloKingTrailedLineDuo1814.i3d</filename>

    <size width="3" length="8" />
    <powerConsumer ptoRpm="540" neededPtoPower="40" mrNoLoadPtoPower="10" />

    <wheelConfigurations>
        <wheelConfiguration name="$l10n_configuration_valueDefault" price="0">
            <wheels>
                <wheel restLoad="2.3" repr="0>0" driveNode="0>0|0" forcePointRatio="0.2" filename="$data/vehicles/wheels/trelleborg/AW309_500_50R17.xml" isLeft="true"  initialCompression="30" suspTravel="0.1" spring="65" damper="10" hasTireTracks="true" hasParticles="true" mrPressureFx="1.2" />
                <wheel restLoad="2.3" repr="0>1"                   forcePointRatio="0.2" filename="$data/vehicles/wheels/trelleborg/AW309_500_50R17.xml" isLeft="false" initialCompression="30" suspTravel="0.1" spring="65" damper="10" hasTireTracks="true" hasParticles="true" mrPressureFx="1.2" />
            </wheels>
        </wheelConfiguration>
    </wheelConfigurations>

    <axisColor>0.0194 0.0482 0.2122 1</axisColor>

    <dynamicallyLoadedParts>
        <dynamicallyLoadedPart node="0" linkNode="0>0|1|0" filename="$data/shared/vehicleParts/wheelChock02.i3d" />
        <dynamicallyLoadedPart node="0" linkNode="0>0|1|1" filename="$data/shared/vehicleParts/wheelChock02.i3d" />
        <dynamicallyLoadedPart node="0" linkNode="0>2|9|0" filename="$data/shared/vehicleParts/wheelChock02.i3d" />
        <dynamicallyLoadedPart node="0" linkNode="0>2|9|1" filename="$data/shared/vehicleParts/wheelChock02.i3d" />
    </dynamicallyLoadedParts>

    <brakeForce>1.6</brakeForce>

    <lights>
        <low>
            <light                        decoration="0>2|2|0|0"   lightTypes="0 3"/> <!--BackLights-->
        </low>
        <high>
            <light realLight="0>2|2|0|1"  decoration="0>2|2|0|0"   lightTypes="0 3" /> <!--BackLights-->
        </high>
    </lights>

    <brakeLights>
        <brakeLight realLight="0>2|2|0|1" decoration="0>2|2|2|0" />
    </brakeLights>

    <turnLights>
        <turnLightLeft realLight="0>2|2|1|0|1" decoration="0>2|2|1|0|0" />
        <turnLightRight realLight="0>2|2|1|1|1" decoration="0>2|2|1|1|0" />
    </turnLights>

    <reverseLights>
        <reverseLight realLight="0>2|2|3|1" decoration="0>2|2|3|0" />
    </reverseLights>

    <inputAttacherJoints>
        <inputAttacherJoint index="0>2|1" jointType="trailer" attacherHeight="0.95" ptoAboveAttacher="false" ptoInputNode="0>2|4" />
    </inputAttacherJoints>

    <fillUnits>
        <fillUnit unit="$l10n_unit_literShort" fillTypes="forage forage_mixing dryGrass_windrow silage straw" capacity="16000" />
    </fillUnits>

    <fillVolumes>
        <volumes>
            <volume index="0>2|3" maxDelta="0.2" />
        </volumes>

        <unloadInfos>
            <unloadInfo fillVolumeIndex="1" >
                <node index="0>5"   width="2" length="4.0" />
                <node index="0>5|0" width="2" length="1.0" minHeight="1.2" priority="2" />
            </unloadInfo>
        </unloadInfos>
    </fillVolumes>

    <fillRootNode index="0>" />
    <exactFillRootNode index="0>9" />
    <fillMassNode index="0>" mrCOMtransWithMass="0 0.05 0" />

    <mixerWagonFillTypes>
        <mixerWagonFillType minPercentage="20" maxPercentage="70" name="dryGrass">
            <fillType fillType="dryGrass_windrow" />
        </mixerWagonFillType>
        <mixerWagonFillType minPercentage="20" maxPercentage="70" name="silage">
            <fillType fillType="silage" />
        </mixerWagonFillType>
        <mixerWagonFillType minPercentage="0" maxPercentage="30" name="straw">
            <fillType fillType="straw" />
        </mixerWagonFillType>
    </mixerWagonFillTypes>

    <mixerWagonBaleTrigger index="0>6" />

    <mixerWagonRotatingParts>
        <mixerWagonRotatingPart index="0>2|7|0" type="mixerWagonMix"    rotSpeed="-220" rotAxis="2" turnOnFadeTime="2" turnOffFadeTime="1" />
        <mixerWagonRotatingPart index="0>2|7|1" type="mixerWagonMix"    rotSpeed="-220" rotAxis="2" turnOnFadeTime="2" turnOffFadeTime="1" />
    </mixerWagonRotatingParts>

    <mixerWagonPickupStartSound file="$data/vehicles/steerable/siloking/siloKingSelfLineCompact1612_startWork.wav"    pitchoffset="1.00" volume="0.85" indoorVolumeFactor="0.65"/>
    <mixerWagonPickupSound      file="$data/maps/sounds/bgaSilageCatcher.wav"                                         pitchoffset="1.00" volume="0.55" indoorVolumeFactor="0.65"  radius="44" innerRadius="19" />
    <mixerWagonPickupStopSound  file="$data/vehicles/steerable/siloking/siloKingSelfLineCompact1612_stopWork.wav"     pitchoffset="1.00" volume="1.00" indoorVolumeFactor="0.65"/>
    <cylinderedHydraulicSound   file="$data/sounds/hydraulicUp.wav" pitchOffset="0.75" volume="0.6" indoorVolumeFactor="0.65"/>

    <trailer stopTipToGroundIfEmpty="true" />

    <support animationName="moveSupport" />

    <animations>
        <animation name="tipLeft">
            <part node="0>2|5|0" startTime="0" endTime="1" startTrans="0 0 0" endTrans="0 0.701 0"/>
            <part node="0>2|12" startTime="0.7" endTime="1" startRot="0 0 0" endRot="0 0 42"/>
        </animation>
        <animation name="tipRight">
            <part node="0>2|5|0" startTime="0" endTime="1" startTrans="0 0 0" endTrans="0 0.701 0"/>
            <part node="0>2|13" startTime="0.7" endTime="1" startRot="0 0 0" endRot="0 0 -42"/>
        </animation>

        <!-- move support wheel down/up -->
        <animation name="moveSupport">
            <part node="0>0|1" startTime="0" endTime="0.05" visibility="false" />
            <part node="0>0|1" startTime="0.05" endTime="0.1" visibility="true" />
            <part node="0>2|9" startTime="0" endTime="0.05" visibility="true" />
            <part node="0>2|9" startTime="0.05" endTime="0.1" visibility="false" />

			<!-- mr : support often get caught in the "discharge windrow" -->
			<part node="0>2|0|0" startTime="0" duration="0.1" startTrans="0.52 1 2.706" endTrans="0.52 0.46 2.706" />
            <part node="0>2|0|0" startTime="0.1" duration="1" startTrans="0.52 0.46 2.706" endTrans="0.52 0.084 2.706" />
            <part node="0>2|0|1|0" startTime="0" duration="1" startRot="0 0 0" endRot="0 0 400" />
        </animation>
    </animations>

    <tipReferencePoints>
        <tipReferencePoint index="0>7" width="1" />
        <tipReferencePoint index="0>8" width="1" />
    </tipReferencePoints>

    <tipAnimations>
        <tipAnimation speedScale="1" animationName="tipLeft" dischargeStartTime="0.9" dischargeEndTime="75" name="info_tipSideLeft" >
            <tipEffect>
                <effectNode effectNode="0>3|0"  materialType="unloading" materialTypeId="1" defaultFillType="silage" fadeTime="0.5" />
            </tipEffect>
            <fillVolume unloadInfoIndex="1" />
        </tipAnimation>
        <tipAnimation speedScale="1" animationName="tipRight" dischargeStartTime="0.9" dischargeEndTime="75" name="info_tipSideRight" >
            <tipEffect>
                <effectNode effectNode="0>4|0"  materialType="unloading" materialTypeId="1" defaultFillType="silage" fadeTime="0.5"/>
            </tipEffect>
            <fillVolume unloadInfoIndex="1" />
        </tipAnimation>
    </tipAnimations>

    <movingTools>
        <!-- door -->
        <movingTool index="0>2|5|0">
            <!-- door cylinder -->
            <dependentPart index="0>2|6" />
        </movingTool>
    </movingTools>

    <movingParts>
        <!-- door cylinder -->
        <movingPart index="0>2|6" referencePoint="0>2|5|0|0" referenceFrame="0>2|5|0|0">
            <translatingPart index="0>2|6|0" />
        </movingPart>
    </movingParts>

    <tipOcclusionAreas>
        <tipOcclusionArea start="0>11|0|0" width="0>11|0|1" height="0>11|0|2" />
        <tipOcclusionArea start="0>11|1|0" width="0>11|1|1" height="0>11|1|2" />
    </tipOcclusionAreas>

    <washable dirtDuration="90" washDuration="1" workMultiplier="4" />

    <components count="1">
        <component1 centerOfMass="0 1 -0.5" solverIterationCount="10" mrSetMass="5.9" />
    </components>

    <schemaOverlay file="$dataS2/menu/schemas/implementSchema.png" fileSelected="$dataS2/menu/schemas/implementSchemaSelected.png" fileTurnedOn="$dataS2/menu/schemas/implementSchemaTurnedOn.png" fileSelectedTurnedOn="$dataS2/menu/schemas/implementSchemaSelectedTurnedOn.png" width="0.5" height="0.5" attacherJointPosition="0 0"/>

</vehicle>
