﻿<?xml version="1.0" encoding="utf-8" standalone="no" ?>
<vehicle type="tractor">
    <annotation>Copyright (C) GIANTS Software GmbH, All Rights Reserved.</annotation>

		<!--		
	
	ackermann
	differentials
	
	daff TGS 18.480 Euro6
	based on AMAG High Speed MFT version (90km/h)
	
	engine = 2676 LF07
	gearbox = 12AS2130 DD	
	
	susptravel, spring damper compression
	
	rotLimitSpring and rotLimitDamping instead of x and z rotLimit
	
	mass : we want 9.2T
	
	attacherJoint (back attacher - low trailer and trailer) rotation
	
	20171216 - add ptoMotorRpmRatio (this truck can have PTO driven implements attached)
	
	-->
	
	<moreRealistic useMrTransmission="true">		
		<dragArea value="5.6" />
		<engine transmissionEfficiency="0.94" minSpeed="5" engineBrakeForceFx="1.3" />		
	</moreRealistic>
	
    <storeData>
        <name>TGS 18.480</name>
        <specs>
            <power>480</power>
            <maxSpeed>90</maxSpeed>
        </specs>
        <functions>
            <function>$l10n_function_truck</function>
        </functions>
        <image>data/store/store_manTGS18480.png</image>
        <price>165000</price>
        <dailyUpkeep>540</dailyUpkeep>
        <lifetime>600</lifetime>
        <rotation>0</rotation>
        <brand>MAN</brand>
        <category>trucks</category>
        <vertexBufferMemoryUsage>2234164</vertexBufferMemoryUsage>
        <indexBufferMemoryUsage>396138</indexBufferMemoryUsage>
        <textureMemoryUsage>35651920</textureMemoryUsage>
        <instanceVertexBufferMemoryUsage>0</instanceVertexBufferMemoryUsage>
        <instanceIndexBufferMemoryUsage>0</instanceIndexBufferMemoryUsage>
    </storeData>

    <typeDesc>$l10n_typeDesc_truck</typeDesc>
    <filename>data/vehicles/steerable/man/manTGS18480.i3d</filename>

    <size width="3" length="7"/>

    <wheelConfigurations>
        <wheelConfiguration name="$l10n_configuration_valueDefault" price="0">
            <wheels autoRotateBackSpeed="1.7">
                <wheel rotSpeed="1" restLoad="3.3" repr="0>0|0|0" driveNode="0>0|0|0|0|0" forcePointRatio="0.2" filename="$data/vehicles/wheels/trelleborg/TwinRadial_500_60R22_5.xml" configIndex="manFront" isLeft="true"  initialCompression="30" suspTravel="0.3" spring="38" damper="8" hasTireTracks="true" hasParticles="true" tireType="offRoad" mrPressureFx="1.2" />
                <wheel rotSpeed="1" restLoad="3.3" repr="0>0|1|0" driveNode="0>0|1|0|0|0" forcePointRatio="0.2" filename="$data/vehicles/wheels/trelleborg/TwinRadial_500_60R22_5.xml" configIndex="manFront" isLeft="false" initialCompression="30" suspTravel="0.3" spring="38" damper="8" hasTireTracks="true" hasParticles="true" tireType="offRoad" mrPressureFx="1.2" />
                <wheel rotSpeed="0" restLoad="1.6" repr="0>0|2"                           forcePointRatio="0.3" filename="$data/vehicles/wheels/trelleborg/TwinRadial_600_50R22_5.xml" configIndex="manBack"  isLeft="true"  initialCompression="10" suspTravel="0.25" spring="85" damper="25" hasTireTracks="true" hasParticles="true" tireType="offRoad" mrPressureFx="1.3" />
                <wheel rotSpeed="0" restLoad="1.6" repr="0>0|3"                           forcePointRatio="0.3" filename="$data/vehicles/wheels/trelleborg/TwinRadial_600_50R22_5.xml" configIndex="manBack"  isLeft="false" initialCompression="10" suspTravel="0.25" spring="85" damper="25" hasTireTracks="true" hasParticles="true" tireType="offRoad" mrPressureFx="1.3" />
            </wheels>
        </wheelConfiguration>
    </wheelConfigurations>

    <dynamicallyLoadedWheels>
        <dynamicallyLoadedWheel linkNode="0>0|4" filename="$data/vehicles/wheels/trelleborg/TwinRadial_500_60R22_5.xml" configIndex="noHub" isLeft="true"/>
    </dynamicallyLoadedWheels>

    <rimColorConfigurations useDefaultColors="true" defaultColorIndex="8" price="200" icon="$dataS2/menu/hud/configurations/config_rimColor.png">
        <rimColorConfiguration color="0.294 0.294 0.294 1" />
        <colorNode node="0>0" />
    </rimColorConfigurations>

    <axisColor>0.0161 0.0134 0.0120 1</axisColor>

    <ackermannSteering rotSpeed="60" rotMax="47" rotCenterWheel1="2" rotCenterWheel2="3" />

    <differentials>
        <differential torqueRatio="0.5" maxSpeedRatio="1" wheelIndex1="0" wheelIndex2="1" /> <!-- front left-right -->
        <differential torqueRatio="0.5" maxSpeedRatio="1" wheelIndex1="2" wheelIndex2="3" /> <!-- back left-right -->
        <differential torqueRatio="0.5" maxSpeedRatio="1" differentialIndex1="0" differentialIndex2="1" /> <!-- front-back -->
    </differentials>

    <motorConfigurations>
        <motorConfiguration name="$l10n_configuration_valueDefault" price="0">
            <motor torqueScale="2.3" minRpm="823" maxRpm="2050" maxForwardSpeed="90" maxBackwardSpeed="9" brakeForce="9" lowBrakeForceScale="0.22" lowBrakeForceSpeedLimit="1" rotInertia="0.0015" minForwardGearRatio="5.655" maxForwardGearRatio="89.69" minBackwardGearRatio="83" maxBackwardGearRatio="83" ptoMotorRpmRatio="2.9315">
                <torque normRpm="0.3902" torque="0.86"/>
                <torque normRpm="0.4878" torque="1"/>
                <torque normRpm="0.6829" torque="1"/>
                <torque normRpm="0.9268" torque="0.774"/>
                <torque normRpm="1" torque="0"/>
            </motor>
        </motorConfiguration>
    </motorConfigurations>

    <fuelCapacity>400</fuelCapacity>

    <cameras count="2">
        <camera1 index="0>1|0|0" rotatable="true" rotateNode="0>1|0" limit="true" useWorldXZRotation="true" rotMinX="-1.4" rotMaxX="1" transMin="4.5" transMax="35">
            <raycastNode index="0>1|2"/>
            <raycastNode index="0>1|3"/>
            <raycastNode index="0>1|4"/>
        </camera1>
        <camera2 index="0>1|1" rotatable="true" limit="true" rotMinX="-1.1" rotMaxX="0.4" transMin="0" transMax="0" useMirror="true" isInside="true" />
    </cameras>

    <lights>
        <low>
            <light                       decoration="0>2|0|0"   lightTypes="0 3" />
            <light realLight="0>2|0|1"                          lightTypes="0" excludedLightTypes="3" /> <!--FrontLights-->
            <light                       decoration="0>2|2|0"   lightTypes="0 1"/> <!--BackLights-->
            <light realLight="0>2|1|0|1" decoration="0>2|1|0|0" lightTypes="1"/> <!--WorklightBack-->
            <light                       decoration="0>2|1|1|0" lightTypes="2"/> <!--WorklightFront-->
            <light realLight="0>2|0|2"                          lightTypes="3"/> <!--HighBeam -->
        </low>
        <high>
            <light                       decoration="0>2|0|0"   lightTypes="0 3" />
            <light realLight="0>2|0|3"                          lightTypes="0" excludedLightTypes="2 3" /> <!--FrontLights-->
            <light realLight="0>2|2|1"   decoration="0>2|2|0"   lightTypes="0 3" /> <!--BackLights-->
            <light realLight="0>2|1|0|2" decoration="0>2|1|0|0" lightTypes="1" /> <!--WorklightBack  -->
            <light realLight="0>2|1|1|1" decoration="0>2|1|1|0" lightTypes="2"  /> <!--WorklightFront -->
            <light realLight="0>2|0|4"                          lightTypes="3" excludedLightTypes="2" /> <!--HighBeam-->
        </high>
        <states>
            <state lightTypes="0" />
            <state lightTypes="0 1" />
            <state lightTypes="0 1 2" />
        </states>
    </lights>

    <brakeLights>
        <brakeLight realLight="0>2|2|1" decoration="0>2|4|0" />
    </brakeLights>

    <beaconLights>
        <beaconLight index="0>2|5|0" speed="0.015" filename="$data/shared/beaconLights/beaconLight02.i3d" />
        <beaconLight index="0>2|5|1" speed="0.015" filename="$data/shared/beaconLights/beaconLight02.i3d" />
    </beaconLights>

    <turnLights>
        <turnLightLeft realLight="0>2|3|0|1" decoration="0>2|3|0|0" />
        <turnLightLeft realLight="0>2|3|0|2" />
        <turnLightRight realLight="0>2|3|1|1" decoration="0>2|3|1|0" />
        <turnLightRight realLight="0>2|3|1|2" />
    </turnLights>

    <reverseLights>
        <reverseLight realLight="0>2|6|1" decoration="0>2|6|0" />
    </reverseLights>

    <mirrors>
        <mirror index="0>10|0" prio="1" />
        <mirror index="0>10|1" prio="1" />
        <mirror index="0>10|2" prio="3" />
        <mirror index="0>10|3" prio="2" />
    </mirrors>

    <indoorHud>
        <speed animName="speedDisplay" minValueAnim="0" maxValueAnim="125" />
        <rpm  animName="rpmDisplay" minValueAnim="200" maxValueAnim="3200"/>
        <fuel animName="fuelDisplay" />
    </indoorHud>

    <enterReferenceNode index="0>"/>
    <exitPoint index="0>3"/>

    <attacherJoints>
        <attacherJoint index="0>5|0" jointType="semitrailer" allowsJointLimitMovement="false" allowsLowering="false" upperRotRotationOffset="0" lowerRotRotationOffset="0" lowerRotLimit="0 120 0" enableCollision="false" rotLimitSpring="500 0 500" rotLimitDamping="100 1 100">
            <schema position="1 0" rotation="0" invertX="false" />
        </attacherJoint>
        <attacherJoint index="0>5|2" jointType="trailer" lowerRotLimit="20 75 65" upperRotationOffset="0" allowsJointLimitMovement="false" >
            <schema position="0 0" rotation="0" invertX="true" />
        </attacherJoint>
    </attacherJoints>

    <attacherJointConfigurations>
        <attacherJointConfiguration name="$l10n_configuration_valueDefault" price="0">
            <objectChange node="0>5|1" visibilityActive="false"/>
        </attacherJointConfiguration>
        <attacherJointConfiguration name="$l10n_configuration_trailerAttacherBack" price="700">
            <attacherJoint index="0>5|1|0|0" jointType="trailer" transNode="0>5|1|0" transNodeMinY="0.323" transNodeMaxY="0.95" lowerRotLimit="20 85 65" upperRotationOffset="0" allowsJointLimitMovement="false" ptoOutputNode="0>5|1|1" >
                <schema position="1 0" rotation="0" invertX="false" />
                <attachSound file="$data/sounds/attach.wav" pitchOffset="1.20" volume="1.10"  indoorVolumeFactor="0.75" indoorLowpassGain="0.75"/>
            </attacherJoint>
            <attacherJoint index="0>5|1|0|0" jointType="trailerLow" transNode="0>5|1|0" transNodeMinY="0.323" transNodeMaxY="0.95" lowerRotLimit="20 85 65" upperRotationOffset="0" allowsJointLimitMovement="false" ptoOutputNode="0>5|1|1">
                <schema position="1 0" rotation="0" invertX="false" />
                <attachSound file="$data/sounds/attach.wav" pitchOffset="1.20" volume="1.10"  indoorVolumeFactor="0.75" indoorLowpassGain="0.75"/>
            </attacherJoint>
            <objectChange node="0>5|1" visibilityActive="true"/>
        </attacherJointConfiguration>
    </attacherJointConfigurations>

    <movingParts>
        <!-- steering -->
        <movingPart index="0>0|1|0|1" referencePoint="0>0|0|0|1" referenceFrame="0>" isActiveDirty="true" scaleZ="true" />
    </movingParts>

    <animations>
        <animation name="speedDisplay">
            <part node="0>9|0" startTime="0" endTime="1" startRot="0 0 0" endRot="-200 0 0" />
        </animation>
        <animation name="rpmDisplay">
            <part node="0>9|1" startTime="0" endTime="1" startRot="0 0 0" endRot="-236 0 0" />
        </animation>
        <animation name="fuelDisplay">
            <part node="0>9|2" startTime="0" endTime="1" startRot="0 0 0" endRot="-60 0 0" />
        </animation>
    </animations>

    <steering index="0>4|0" indoorRotation="360" outdoorRotation="37" />

    <characterNode index="0>6|0" cameraMinDistance="1.5" filename="$dataS2/character/player/player.xml" spineRotation="180 0 100" >
        <target ikChain="rightFoot" targetNode="0>6|1" />
        <target ikChain="leftFoot"  targetNode="0>6|2" />
        <target ikChain="rightArm"  targetNode="0>4|0|0" setDirty="true"/>
        <target ikChain="leftArm"   targetNode="0>4|0|1" setDirty="true" />
    </characterNode>

    <ai>
        <trafficCollisionTrigger index="0>7|0" />
    </ai>

    <exhaustEffects>
        <exhaustEffect index="0>8" filename="$data/particleSystems/shared/exhaust.i3d" minRpmColor="0.9 0.9 0.9 0.1" maxRpmColor="0.9 0.9 0.9 0.4" minRpmScale="0.05" maxRpmScale="0.5" xzRotationsOffset="40 0" xzRotationsForward="-20 0" xzRotationsBackward="100 0" xzRotationsLeft="0 -100" xzRotationsRight="0 100" />
    </exhaustEffects>

    <motorStartDuration>2500</motorStartDuration>

    <motorStartSound file="$data/vehicles/steerable/man/manTGS18480_start.wav" pitchOffset="1.00"  volume="1.10"  indoorVolumeFactor="0.56"  indoorLowpassGain="0.95"/>
    <motorSound file="$data/vehicles/steerable/man/manTGS18480_idle.wav"       pitchOffset="1.00"  volume="1.10"  indoorVolumeFactor="0.56"  indoorLowpassGain="0.95" pitchMax="1.55" volumeMin="0.42" volumeMinSpeed="20" />
    <motorStopSound file="$data/vehicles/steerable/man/manTGS18480_stop.wav"   pitchOffset="1.00"  volume="1.10 " indoorVolumeFactor="0.56"  indoorLowpassGain="0.95"/>

    <motorSoundRun file="$data/vehicles/steerable/man/manTGS18480_run.wav"     pitchOffset="0.70"  volume="0.72"  indoorVolumeFactor="0.51"  indoorLowpassGain="0.85" pitchMax="1.15" />
    <motorSoundLoad file="$data/sounds/engine/loadHP150.wav"                   pitchOffset="0.58"  volume="1.20"  indoorVolumeFactor="0.46"  indoorLowpassGain="0.95" pitchMax="1.22" minimalVolumeFactor="0.20"/>

    <gearboxSound file="$data/sounds/transmission/transmissionFS15.wav"        pitchOffset="0.60"  volume="0.30"  indoorVolumeFactor="0.65"  indoorLowpassGain="0.75" pitchMax="0.90"  volumeMax="0.70" reverseVolumeMax="0.20"/>
    <retarderSound file="$data/sounds/transmission/transmissionCVT_X.wav"      pitchOffset="0.58"  volume="0.22"  indoorVolumeFactor="0.65"  indoorLowpassGain="0.80" pitchMax="1.75"  volumeMax="0.37"    minSpeed="3.0" />

    <brakeCompressor capacity="10000" fillSpeed="950" />
    <maximalAirConsumptionPerFullStop value="3400" />
    <brakeCompressorStartSound file="$data/sounds/technicalAccessories/compressor_controller.wav" pitchOffset="1.00" volume="0.65" indoorVolumeFactor="0.60" indoorLowpassGain="0.95" />
    <brakeCompressorRunSound file="$data/sounds/technicalAccessories/compressor_idle.wav"         pitchOffset="0.86" volume="0.18" indoorVolumeFactor="0.20" indoorLowpassGain="0.95"    pitchMax="1.1"  />
    <brakeCompressorStopSound file="$data/sounds/technicalAccessories/pressure_regulator.wav"     pitchOffset="1.00" volume="0.75" indoorVolumeFactor="0.46" indoorLowpassGain="0.95" />
    <compressedAirSound file="$data/sounds/technicalAccessories/brakeSmall.wav"                   pitchOffset="1.00" volume="0.75" indoorVolumeFactor="0.30" indoorLowpassGain="0.95" />
    <airReleaseValveSound        file="$data/sounds/technicalAccessories/regulator_valve.wav"     pitchOffset="0.96" volume="1.05" indoorVolumeFactor="0.50" indoorLowpassGain="0.95"/>

    <attachSound file="$data/sounds/truck_attach.wav"                                             pitchOffset="1.10"  volume="1.00"   indoorVolumeFactor="0.30"   indoorLowpassGain="0.90"/>
    <hydraulicSound file="$data/sounds/hydraulicUp.wav"                                           pitchOffset="1.00"  volume="0.45"   indoorVolumeFactor="0.55"   indoorLowpassGain="0.90" />
    <honkSound file="$data/sounds/hornBig.wav"                                                    pitchOffset="0.94"  volume="1.55"   indoorVolumeFactor="0.25"   indoorLowpassGain="0.90"  radius="100" innerRadius="18.775" />

    <baseColorConfigurations useDefaultColors="true" price="1600" icon="$dataS2/menu/hud/configurations/config_color.png">
        <baseColorConfiguration color="0.552 0.007 0.007 1" />
        <colorNode node="0>12|0" />
    </baseColorConfigurations>

    <speedRotatingParts>
        <speedRotatingPart index="0>11|0|0" wheelIndex="0" wheelScale="2" />
        <speedRotatingPart index="0>11|1|0" wheelIndex="0" wheelScale="2" />
        <speedRotatingPart index="0>11|2"   wheelIndex="0" wheelScale="2" />
        <speedRotatingPart index="0>11|3|0" wheelIndex="0" wheelScale="2" />
        <speedRotatingPart index="0>11|4"   wheelIndex="0" wheelScale="2" />
        <speedRotatingPart index="0>11|5"   wheelIndex="0" wheelScale="2" />
        <speedRotatingPart index="0>11|6|0" wheelIndex="0" wheelScale="2" />
        <speedRotatingPart index="0>11|7"   wheelIndex="0" wheelScale="2" />
    </speedRotatingParts>

    <washable dirtDuration="90" washDuration="1" workMultiplier="4" />

    <components count="1">
        <component1 centerOfMass="0 0.77 0.5" solverIterationCount="10" mrSetMass="8.7" />
    </components>

    <schemaOverlay file="$dataS2/menu/schemas/vehicleSchema.png" fileSelected="$dataS2/menu/schemas/vehicleSchemaSelected.png" width="0.5" height="0.5" attacherJointPosition="0.5 0" />

</vehicle>
