﻿<?xml version="1.0" encoding="utf-8" standalone="no" ?>
<vehicle type="mower_animated">
    <annotation>Copyright (C) GIANTS Software GmbH, All Rights Reserved.</annotation>
	
	<!-- mr
	
	workingWidth = 8.3
	
	powerConsumer
	
	mass/center of mass/limitSpring
	
	max speed before "overrunning" the disc = 30kph
	
	-->
	
	<moreRealistic>
		<mower cuttingDependantPtoPower="6" /> <!-- disc cutter + tine conditionner -->
	</moreRealistic>

    <storeData>
        <name>NOVACAT X8 ED</name>
        <specs>
            <neededPower>160</neededPower>
            <workingWidth>8.3</workingWidth>
            <combination>NC 301,Suer 2400</combination>
        </specs>
        <functions>
            <function>$l10n_function_mower</function>
        </functions>
        <image>data/store/store_poettingerNovaCatX8.png</image>
        <price>42000</price>
        <dailyUpkeep>75</dailyUpkeep>
        <lifetime>600</lifetime>
        <rotation>0</rotation>
        <brand>POETTINGER</brand>
        <category>mowers</category>
        <vertexBufferMemoryUsage>2020088</vertexBufferMemoryUsage>
        <indexBufferMemoryUsage>312972</indexBufferMemoryUsage>
        <textureMemoryUsage>18874528</textureMemoryUsage>
        <instanceVertexBufferMemoryUsage>0</instanceVertexBufferMemoryUsage>
        <instanceIndexBufferMemoryUsage>0</instanceIndexBufferMemoryUsage>
    </storeData>

    <typeDesc>$l10n_typeDesc_mower</typeDesc>
    <filename>data/vehicles/tools/poettinger/poettingerNovaCatX8.i3d</filename>

    <size width="3.5" length="2.5" />
    <powerConsumer ptoRpm="540" neededPtoPower="30" forceNode="0>" maxForce="3.6" />
    <speedLimit value="30" />

    <workAreas>
        <workArea startIndex="0>0|3|0|4|0" widthIndex="0>0|3|0|4|1" heightIndex="0>0|3|0|4|2" dropWindrow="true" dropArea="0" refNodeIndex="0" type="mower" disableBackwards="false" />
        <workArea startIndex="0>0|7|0|4|0" widthIndex="0>0|7|0|4|1" heightIndex="0>0|7|0|4|2" dropWindrow="true" dropArea="1" refNodeIndex="1" type="mower" disableBackwards="false" />
        <workArea startIndex="0>0|3|0|4|3" widthIndex="0>0|3|0|4|4" heightIndex="0>0|3|0|4|5" type="mowerDrop" disableBackwards="false" />
        <workArea startIndex="0>0|7|0|4|3" widthIndex="0>0|7|0|4|4" heightIndex="0>0|7|0|4|5" type="mowerDrop" disableBackwards="false" />
    </workAreas>

    <groundReferenceNodes>
        <groundReferenceNode index="1>" threshold="0.6" />
        <groundReferenceNode index="2>" threshold="0.6" />
    </groundReferenceNodes>

    <inputAttacherJoints>
        <inputAttacherJoint index="0>0|0|0|0" jointType="implement" topReferenceNode="0>0|0|0|2" lowerDistanceToGround="0.8" upperDistanceToGround="0.8" upperRotationOffset="3" lowerRotLimitScale="0 0 0" ptoInputNode="0>0|0|0|1" >
            <dependentAttacherJoint attacherJointIndex="1" />
        </inputAttacherJoint>
        <inputAttacherJoint index="0>0|0|1|0" jointType="implement" topReferenceNode="0>0|0|1|1" lowerDistanceToGround="0.8" upperDistanceToGround="0.8" upperRotationOffset="3" lowerRotLimitScale="0 0 0" ptoInputNode="0>0|0|3" />
    </inputAttacherJoints>

    <attacherJoints>
        <attacherJoint index="0>0|0|2|0" jointType="implement" lowerRotLimit="0 0 0" lowerTransLimit="0 0 0" upperRotationOffset="0" ptoOutputNode="0>0|0|3" >
            <topArm rotationNode="0>0|0|2|1" referenceNode="0>0|0|2|1|0" zScale="1" toggleVisibility="true" />
            <objectChange node="0>0|0|1" visibilityActive="false" visibilityInactive="true" />
            <objectChange node="0>0|0|2" visibilityActive="true" visibilityInactive="false" />
            <schema position="0.5 0" rotation="0" invertX="false" />
        </attacherJoint>
    </attacherJoints>

     <mowerStartSound file="$data/sounds/mower_start.wav"                   pitchOffset="1.00" volume="0.95" indoorVolumeFactor="0.50"  />
     <mowerSound file="$data/sounds/mower_work.wav"                         pitchOffset="1.20" volume="1.00" indoorVolumeFactor="0.50"  cuttingPitchOffset="1.05" />
     <mowerStopSound file="$data/sounds/mower_stop.wav"                     pitchOffset="1.00" volume="1.00" indoorVolumeFactor="0.50"/>
     <cylinderedHydraulicSound file="$data/sounds/cultivatorHydraulic.wav"  pitchOffset="0.76" volume="1.10" indoorVolumeFactor="0.50" />
     <attachSound  file="$data/sounds/header_attach.wav"                    pitchOffset="1.00" volume="1.00" indoorVolumeFactor="0.75" />

    <turnedOnRotationNodes>
        <!-- left -->
        <turnedOnRotationNode index="0>0|3|0|0"   type="mower" rotSpeed="-3000"  rotAxis="1" turnOnFadeTime="3" turnOffFadeTime="3"/>
        <turnedOnRotationNode index="0>0|3|0|1|0" type="mower" rotSpeed="3000"  rotAxis="2" turnOnFadeTime="3" turnOffFadeTime="3"/>
        <turnedOnRotationNode index="0>0|3|0|1|1" type="mower" rotSpeed="-3000" rotAxis="2" turnOnFadeTime="3" turnOffFadeTime="3"/>
        <turnedOnRotationNode index="0>0|3|0|1|2" type="mower" rotSpeed="3000"  rotAxis="2" turnOnFadeTime="3" turnOffFadeTime="3"/>
        <turnedOnRotationNode index="0>0|3|0|1|3" type="mower" rotSpeed="-3000" rotAxis="2" turnOnFadeTime="3" turnOffFadeTime="3"/>
        <turnedOnRotationNode index="0>0|3|0|1|4" type="mower" rotSpeed="3000"  rotAxis="2" turnOnFadeTime="3" turnOffFadeTime="3"/>
        <turnedOnRotationNode index="0>0|3|0|1|5" type="mower" rotSpeed="-3000" rotAxis="2" turnOnFadeTime="3" turnOffFadeTime="3"/>
        <turnedOnRotationNode index="0>0|3|0|1|6" type="mower" rotSpeed="3000"  rotAxis="2" turnOnFadeTime="3" turnOffFadeTime="3"/>
        <!-- right -->
        <turnedOnRotationNode index="0>0|7|0|0"   type="mower" rotSpeed="-3000"  rotAxis="1" turnOnFadeTime="3" turnOffFadeTime="3"/>
        <turnedOnRotationNode index="0>0|7|0|1|0" type="mower" rotSpeed="3000"  rotAxis="2" turnOnFadeTime="3" turnOffFadeTime="3"/>
        <turnedOnRotationNode index="0>0|7|0|1|1" type="mower" rotSpeed="-3000" rotAxis="2" turnOnFadeTime="3" turnOffFadeTime="3"/>
        <turnedOnRotationNode index="0>0|7|0|1|2" type="mower" rotSpeed="3000"  rotAxis="2" turnOnFadeTime="3" turnOffFadeTime="3"/>
        <turnedOnRotationNode index="0>0|7|0|1|3" type="mower" rotSpeed="-3000" rotAxis="2" turnOnFadeTime="3" turnOffFadeTime="3"/>
        <turnedOnRotationNode index="0>0|7|0|1|4" type="mower" rotSpeed="3000"  rotAxis="2" turnOnFadeTime="3" turnOffFadeTime="3"/>
        <turnedOnRotationNode index="0>0|7|0|1|5" type="mower" rotSpeed="-3000" rotAxis="2" turnOnFadeTime="3" turnOffFadeTime="3"/>
        <turnedOnRotationNode index="0>0|7|0|1|6" type="mower" rotSpeed="3000"  rotAxis="2" turnOnFadeTime="3" turnOffFadeTime="3"/>
    </turnedOnRotationNodes>

    <movingTools>
        <!-- left -->
        <movingTool index="0>0|2" playSound="true">
            <componentJoint index="0" />
            <dependentPart index="0>0|3" />
        </movingTool>

        <movingTool index="0>0|3|3">
            <dependentPart index="0>0|3|4" />
        </movingTool>

        <!-- right -->
        <movingTool index="0>0|6" playSound="true">
            <componentJoint index="1" />
            <dependentPart index="0>0|7" />
        </movingTool>

        <movingTool index="0>0|7|3">
            <dependentPart index="0>0|7|4" />
        </movingTool>
    </movingTools>

    <movingParts isActiveDirtyTimeOffset="3">
            <!-- left -->
        <movingPart index="0>0|3" referencePoint="1>0" referenceFrame="1>0" isActiveDirty="true" >
            <dependentPart index="0>0|3|0" />
            <dependentPart index="0>0|4" />
            <dependentPart index="0>0|3|2" />
            <dependentPart index="0>0|5" />
        </movingPart>
        <movingPart index="0>0|3|0" referenceFrame="1>0"/>
        <movingPart index="0>0|4" referencePoint="0>0|3|1" referenceFrame="0>0|3|1" >
            <translatingPart index="0>0|4|0" />
            <dependentPart index="0>0|4|1" />
        </movingPart>
        <movingPart index="0>0|4|1" referencePoint="0>0|3|1" referenceFrame="0>0|3|1" scaleZ="true" />
        <movingPart index="0>0|3|2" referencePoint="0>0|3|0|2" referenceFrame="0>0|3|0|2" scaleZ="true" />
        <movingPart index="0>0|5" referencePoint="0>0|3|0|3" referenceFrame="0>0|3|0|3" scaleZ="true" />
        <movingPart index="0>0|3|4" referencePoint="0>0|3|3|0" referenceFrame="0>0|3|3|0" >
            <translatingPart index="0>0|3|4|0" />
        </movingPart>

        <!-- right -->
        <movingPart index="0>0|7" referencePoint="2>0" referenceFrame="2>0" isActiveDirty="true" >
            <dependentPart index="0>0|7|0" />
            <dependentPart index="0>0|8" />
            <dependentPart index="0>0|7|2" />
            <dependentPart index="0>0|9" />
        </movingPart>
        <movingPart index="0>0|7|0" referenceFrame="2>0"/>
        <movingPart index="0>0|8" referencePoint="0>0|7|1" referenceFrame="0>0|7|1" >
            <translatingPart index="0>0|8|0" />
            <dependentPart index="0>0|8|1" />
        </movingPart>
        <movingPart index="0>0|8|1" referencePoint="0>0|7|1" referenceFrame="0>0|7|1" scaleZ="true" />
        <movingPart index="0>0|7|2" referencePoint="0>0|7|0|2" referenceFrame="0>0|7|0|2" scaleZ="true" />
        <movingPart index="0>0|9" referencePoint="0>0|7|0|3" referenceFrame="0>0|7|0|3" scaleZ="true" />
        <movingPart index="0>0|7|4" referencePoint="0>0|7|3|0" referenceFrame="0>0|7|3|0" >
            <translatingPart index="0>0|7|4|0" />
        </movingPart>
    </movingParts>

    <foldingParts startMoveDirection="1" foldMiddleAnimTime="0.15" turnOnFoldMaxLimit="0.3" turnOnFoldMinLimit="0" turnOffOnFold="true" >
        <foldingPart animationName="leftFold" speedScale="0.5" />
        <foldingPart animationName="rightFold" speedScale="0.48" />
    </foldingParts>

    <animations>
        <animation name="leftFold">
            <part componentJointIndex="0" startTime="0"   endTime="0.5"   startTransLimit="0 0.25 0" endTransLimit="0 0 0" />
            <part componentJointIndex="0" startTime="0"   endTime="1.7"   startRotLimit="0 0 6.5" endRotLimit="0 0 0" />

            <part node="0>0|2"            startTime="0"   endTime="0.7"   startRot="0 0 -7" endRot="0 0 13" />
            <part node="0>0|2|0"          startTime="0"   endTime="0.7"   startRot="0 0 7" endRot="0 0 -5" />
            <part node="0>0|2"            startTime="0.7"   endTime="4.7"   startRot="0 0 13" endRot="0 0 100" />
            <part node="0>0|2|0"          startTime="0.7"   endTime="4.7"   startRot="0 0 -5" endRot="0 0 -10" />
            <part node="0>0|3|0|7"        startTime="0.8" endTime="1.8" startRot="0 0 0"  endRot="0 0 125" />
            <part node="0>0|3|3"          startTime="3.2" endTime="3.7"   startRot="0 0 0"  endRot="12 0 0" />
            <part node="0>0|3|3"          startTime="4.45" endTime="4.7"  startRot="12 0 0" endRot="0 0 0" />

            <part node="0>0|3|0|7|2"      startTime="0.8" endTime="2.7" startTrans="0.319 -0.698 0.097"    endTrans="0.135 -0.736 0.106" />
            <part node="0>0|3|0|7|2"      startTime="0.8" endTime="2.7" startRot="0 0 0"                   endRot="0 0 -26.333" />
            <part node="0>0|3|0|7|2"      startTime="2.7"   endTime="4.7" startTrans="0.135 -0.736 0.106"    endTrans="0.626 -0.561 0.097" />
            <part node="0>0|3|0|7|2"      startTime="2.7"   endTime="4.7" startRot="0 0 -26.333"             endRot="0 0 31.313" />

            <part node="0>0|3|0|10"       startTime="0.7"   endTime="4.7" startTrans="-1.592 -0.87 -0.122"   endTrans="-1.869 -0.755 -0.09" />
            <part node="0>0|3|0|10"       startTime="0.7"   endTime="4.7" startRot="0 0 0"                   endRot="0 0 -35.747" />
        </animation>
        <animation name="rightFold">
            <part componentJointIndex="1" startTime="0"   endTime="0.5"   startTransLimit="0 0.25 0" endTransLimit="0 0 0" />
            <part componentJointIndex="1" startTime="0"   endTime="1.7"   startRotLimit="0 0 6.5" endRotLimit="0 0 0" />
            <part node="0>0|6"            startTime="0"   endTime="0.7"   startRot="0 0 7" endRot="0 0 -13" />
            <part node="0>0|6|0"          startTime="0"   endTime="0.7"   startRot="0 0 -7" endRot="0 0 5" />
            <part node="0>0|6"            startTime="0.7"   endTime="4.7"   startRot="0 0 -13" endRot="0 0 -100" />
            <part node="0>0|6|0"          startTime="0.7"   endTime="4.7"   startRot="0 0 5" endRot="0 0 10" />
            <part node="0>0|7|0|7"        startTime="0.7"   endTime="1.7"   startRot="0 0 0" endRot="0 0 -125" />
            <part node="0>0|7|3"          startTime="3.2" endTime="3.7" startRot="0 0 0"  endRot="12 0 0" />
            <part node="0>0|7|3"          startTime="4.45" endTime="4.7" startRot="12 0 0"  endRot="0 0 0" />

            <part node="0>0|7|0|7|2"      startTime="0.7" endTime="2.7" startTrans="-0.319 -0.698 0.097"   endTrans="-0.135 -0.736 0.106" />
            <part node="0>0|7|0|7|2"      startTime="0.7" endTime="2.7" startRot="0 0 0"                   endRot="0 0 26" />
            <part node="0>0|7|0|7|2"      startTime="2.7" endTime="4.7" startTrans="-0.135 -0.736 0.106"   endTrans="-0.626 -0.561 0.097" />
            <part node="0>0|7|0|7|2"      startTime="2.7" endTime="4.7" startRot="0 0 26"                  endRot="0 0 -34.58" />

            <part node="0>0|7|0|10"       startTime="0.7" endTime="4.7" startTrans="1.593 -0.87 -0.122"    endTrans="1.869 -0.755 -0.09" />
            <part node="0>0|7|0|10"       startTime="0.7" endTime="4.7" startRot="0 0 0"                   endRot="0 0 35.747" />
        </animation>
        <animation name="moveSupport">
            <part node="0>0|1" startTime="0"    endTime="0.7"  startTrans="0 0.4 0" endTrans="0 0 0"/>
        </animation>
    </animations>

    <support animationName="moveSupport" />

    <mowerEffects>
        <mowerEffect mowerCutArea="0">
            <effectNode effectNode="0>0|3|0|6|0" materialType="mower"   materialTypeId="1" delay="0" />
        </mowerEffect>
        <mowerEffect mowerCutArea="1">
            <effectNode effectNode="0>0|7|0|6|0" materialType="mower"   materialTypeId="1" delay="0" />
        </mowerEffect>
    </mowerEffects>

    <ai>
        <needsLowering value="true" />
        <areaMarkers leftIndex="0>0|3|0|5|0" rightIndex="0>0|7|0|5|0" backIndex="0>0|10|0" />
        <sizeMarkers leftIndex="0>0|3|0|5|1" rightIndex="0>0|7|0|5|1" backIndex="0>0|10|1" />
        <trafficCollisionTrigger index="0>0|10|2" />
    </ai>

    <washable dirtDuration="90" washDuration="1" workMultiplier="4" />

    <components count="3">
        <component1 centerOfMass="0 0.6 0" solverIterationCount="10" mrSetMass="2.42" />
        <component2 centerOfMass="0 0 0" solverIterationCount="10" mrSetMass="0.1" />
        <component3 centerOfMass="0 0 0" solverIterationCount="10" mrSetMass="0.1" />
        <joint component1="0" component2="1" index="0>0|2|0" rotLimit="0 0 0" transLimit="0 0 0" rotLimitSpring="1000 1000 10" transLimitSpring="0 10 0" transLimitDamping="10 1 10" />
        <joint component1="0" component2="2" index="0>0|6|0" rotLimit="0 0 0" transLimit="0 0 0" rotLimitSpring="1000 1000 10" transLimitSpring="0 10 0" transLimitDamping="10 1 10" />
        <collisionPair component1="1" component2="2" enabled="false" />
    </components>

    <schemaOverlay file="$dataS2/menu/schemas/implementSchema.png" fileSelected="$dataS2/menu/schemas/implementSchemaSelected.png" fileTurnedOn="$dataS2/menu/schemas/implementSchemaTurnedOn.png" fileSelectedTurnedOn="$dataS2/menu/schemas/implementSchemaSelectedTurnedOn.png" width="0.5" height="0.5" attacherJointPosition="0 0" />

</vehicle>