﻿<?xml version="1.0" encoding="utf-8" standalone="no" ?>
<vehicle type="transportTrailer">
    <annotation>Copyright (C) GIANTS Software GmbH, All Rights Reserved.</annotation>

	<!-- MR
	
		wheels
		brake
		
		mass and center of masses
		
		price (IRL price = close to 40000€)
	
	-->
	
	<moreRealistic>		
		<dragArea value="6" />		
	</moreRealistic>
	
	
    <storeData>
        <name>Timber Runner</name>
        <specs>
            <combination>Dolly EA</combination>
        </specs>
        <functions>
            <function>$l10n_function_forestryTransport</function>
        </functions>
        <image>data/store/store_flieglTimberRunner.png</image>
        <price>24000</price>
        <dailyUpkeep>10</dailyUpkeep>
        <lifetime>600</lifetime>
        <rotation>0</rotation>
        <brand>FLIEGL</brand>
        <category>wood</category>
        <vertexBufferMemoryUsage>634340</vertexBufferMemoryUsage>
        <indexBufferMemoryUsage>75120</indexBufferMemoryUsage>
        <textureMemoryUsage>14499984</textureMemoryUsage>
        <instanceVertexBufferMemoryUsage>0</instanceVertexBufferMemoryUsage>
        <instanceIndexBufferMemoryUsage>0</instanceIndexBufferMemoryUsage>
    </storeData>

    <typeDesc>$l10n_typeDesc_trailer</typeDesc>
    <filename>data/vehicles/trailers/fliegl/flieglTimberRunner.i3d</filename>

    <size width="3" length="13" lengthOffset="0.3" />

    <wheelConfigurations>
        <wheelConfiguration name="$l10n_configuration_valueDefault" price="0">
            <wheels>
                <wheel restLoad="1.4" repr="0>0" forcePointRatio="0.2" filename="$data/vehicles/wheels/lizard/315_80R22_5.xml" isLeft="true"  color="0.294 0.294 0.294 1.0" initialCompression="45" suspTravel="0.2" spring="75" damper="21" hasParticles="true" />
                <wheel restLoad="1.4" repr="0>1" forcePointRatio="0.2" filename="$data/vehicles/wheels/lizard/315_80R22_5.xml" isLeft="false" color="0.294 0.294 0.294 1.0" initialCompression="45" suspTravel="0.2" spring="75" damper="21" hasParticles="true" />
                <wheel restLoad="1.3" repr="0>2" forcePointRatio="0.2" filename="$data/vehicles/wheels/lizard/315_80R22_5.xml" isLeft="true"  color="0.294 0.294 0.294 1.0" initialCompression="35" suspTravel="0.2" spring="75" damper="21" hasTireTracks="true" />
                <wheel restLoad="1.3" repr="0>3" forcePointRatio="0.2" filename="$data/vehicles/wheels/lizard/315_80R22_5.xml" isLeft="false" color="0.294 0.294 0.294 1.0" initialCompression="35" suspTravel="0.2" spring="75" damper="21" hasTireTracks="true" />
                <wheel restLoad="1.2" repr="0>4" forcePointRatio="0.2" filename="$data/vehicles/wheels/lizard/315_80R22_5.xml" isLeft="true"  color="0.294 0.294 0.294 1.0" initialCompression="25" suspTravel="0.2" spring="75" damper="21" hasParticles="true" />
                <wheel restLoad="1.2" repr="0>5" forcePointRatio="0.2" filename="$data/vehicles/wheels/lizard/315_80R22_5.xml" isLeft="false" color="0.294 0.294 0.294 1.0" initialCompression="25" suspTravel="0.2" spring="75" damper="21" hasParticles="true" />
            </wheels>
        </wheelConfiguration>
        <wheelConfiguration name="$l10n_configuration_valueWheelBroad" price="600">
            <wheels>
                <wheel restLoad="1.4" repr="0>0" forcePointRatio="0.2" filename="$data/vehicles/wheels/trelleborg/T404_560_45R22_5.xml" isLeft="true"  color="0.294 0.294 0.294 1.0" initialCompression="38" suspTravel="0.2" spring="60" damper="25" hasParticles="true" />
                <wheel restLoad="1.4" repr="0>1" forcePointRatio="0.2" filename="$data/vehicles/wheels/trelleborg/T404_560_45R22_5.xml" isLeft="false" color="0.294 0.294 0.294 1.0" initialCompression="38" suspTravel="0.2" spring="60" damper="25" hasParticles="true" />
                <wheel restLoad="1.3" repr="0>2" forcePointRatio="0.2" filename="$data/vehicles/wheels/trelleborg/T404_560_45R22_5.xml" isLeft="true"  color="0.294 0.294 0.294 1.0" initialCompression="29" suspTravel="0.2" spring="60" damper="25" hasTireTracks="true" />
                <wheel restLoad="1.3" repr="0>3" forcePointRatio="0.2" filename="$data/vehicles/wheels/trelleborg/T404_560_45R22_5.xml" isLeft="false" color="0.294 0.294 0.294 1.0" initialCompression="29" suspTravel="0.2" spring="60" damper="25" hasTireTracks="true" />
                <wheel restLoad="1.2" repr="0>4" forcePointRatio="0.2" filename="$data/vehicles/wheels/trelleborg/T404_560_45R22_5.xml" isLeft="true"  color="0.294 0.294 0.294 1.0" initialCompression="20" suspTravel="0.2" spring="60" damper="25" hasParticles="true" />
                <wheel restLoad="1.2" repr="0>5" forcePointRatio="0.2" filename="$data/vehicles/wheels/trelleborg/T404_560_45R22_5.xml" isLeft="false" color="0.294 0.294 0.294 1.0" initialCompression="20" suspTravel="0.2" spring="60" damper="25" hasParticles="true" />
            </wheels>
        </wheelConfiguration>
    </wheelConfigurations>

    <brakeForce>3.3</brakeForce>

    <lights>
        <low>
            <light decoration="0>8|0|0" lightTypes="0" excludedLightTypes="3" /> <!--BackLights-->
        </low>
        <high>
            <light realLight="0>8|0|1" decoration="0>8|0|0" lightTypes="0" excludedLightTypes="3" /> <!--BackLights-->
        </high>
    </lights>

    <brakeLights>
        <brakeLight realLight="0>8|0|1" decoration="0>8|2|0" />
    </brakeLights>

    <turnLights>
        <turnLightLeft  realLight="0>8|1|0|1" decoration="0>8|1|0|0" />
        <turnLightRight realLight="0>8|1|1|1" decoration="0>8|1|1|0" />
    </turnLights>

    <reverseLights>
        <reverseLight realLight="0>8|3|1" decoration="0>8|3|0" />
    </reverseLights>

    <dynamicMountAttacherTrigger triggerNode="0>10" rootNode="0>" jointNode="0>" forceAcceleration="30" />

    <inputAttacherJoints>
        <inputAttacherJoint index="0>6" jointType="semitrailer"/>
    </inputAttacherJoints>

    <allowFillFromAir value="false" />
    <allowTipDischarge value="false" />

    <animations>
        <!-- move support arm down/up -->
        <animation name="moveSupport">
            <part node="0>7" startTime="0" endTime="2" startTrans="0 0.8 2.816" endTrans="0 0.233 2.816" />
        </animation>
    </animations>

    <tensionBelts linkNode="0>9" jointNode="0>" width="0.075" maxEdgeLength="0.1" geometryBias="0.01" ratchetPosition="0.2" defaultOffset="-0.25" defaultOffsetSide="0.1" defaultHeight="2.75" interactionRadius="1.5" totalInteractionRadius="6.5">
        <tensionBelt startNode="0>9|0" endNode="0>9|0|0" offsetLeft="0.95" />
        <tensionBelt startNode="0>9|1" endNode="0>9|1|0" />
        <tensionBelt startNode="0>9|2" endNode="0>9|2|0" />
        <tensionBelt startNode="0>9|3" endNode="0>9|3|0" />
        <tensionBelt startNode="0>9|4" endNode="0>9|4|0" />
        <tensionBelt startNode="0>9|5" endNode="0>9|5|0" />
        <tensionBelt startNode="0>9|6" endNode="0>9|6|0" />
        <tensionBelt startNode="0>9|7" endNode="0>9|7|0" />
        <tensionBelt startNode="0>9|8" endNode="0>9|8|0" offsetRight="0.8"/>
    </tensionBelts>

    <support animationName="moveSupport"/>

    <washable dirtDuration="90" washDuration="1" workMultiplier="4" />

    <components count="1">
        <component1 centerOfMass="0 0.9 -0.5" solverIterationCount="10" mrSetMass="6.3" />
    </components>

    <schemaOverlay file="$dataS2/menu/schemas/implementSchema.png" fileSelected="$dataS2/menu/schemas/implementSchemaSelected.png" width="0.5" height="0.5" attacherJointPosition="0 0" />

</vehicle>
