﻿<?xml version="1.0" encoding="utf-8" standalone="no" ?>
<vehicle type="shovel">
    <annotation>Copyright (C) GIANTS Software GmbH, All Rights Reserved.</annotation>
	
	<!-- MR
	
		capacity
		mass / center of mass
	
	-->

    <storeData>
        <name>$l10n_shopItem_skidSteerShovel</name>
        <specs>
            <combination>325T</combination>
        </specs>
        <image>data/store/store_jcbShovel.png</image>
        <price>800</price>
        <dailyUpkeep>5</dailyUpkeep>
        <lifetime>600</lifetime>
        <rotation>0</rotation>
        <brand>JCB</brand>
        <category>skidSteers</category>
        <vertexBufferMemoryUsage>70736</vertexBufferMemoryUsage>
        <indexBufferMemoryUsage>13908</indexBufferMemoryUsage>
        <textureMemoryUsage>8913040</textureMemoryUsage>
        <instanceVertexBufferMemoryUsage>0</instanceVertexBufferMemoryUsage>
        <instanceIndexBufferMemoryUsage>0</instanceIndexBufferMemoryUsage>
    </storeData>

    <typeDesc>$l10n_typeDesc_skidSteerTool</typeDesc>
    <filename>data/vehicles/tools/jcb/jcbShovel.i3d</filename>

    <size width="2.5" length="2"/>

    <inputAttacherJoints>
        <inputAttacherJoint index="0>0" jointType="skidSteer" />
    </inputAttacherJoints>

    <fillUnits>
        <fillUnit unit="$l10n_unit_literShort" fillTypeCategories="bulk windrow" capacity="950" />
    </fillUnits>

    <fillVolumes>
        <volumes>
            <volume index="0>1|0|0" allSidePlanes="false" maxAllowedHeapAngle="10" />
        </volumes>
        <dischargeInfos>
            <dischargeInfo>
                <node index="0>1|0|1" width="1.8" length="0.2" />
            </dischargeInfo>
        </dischargeInfos>
        <loadInfos>
            <loadInfo>
                <node index="0>1|0|2" width="1.8" length="0.2" />
            </loadInfo>
        </loadInfos>
        <unloadInfos>
            <unloadInfo>
                <node index="0>1|0|3" width="1.8" length="0.2" />
            </unloadInfo>
        </unloadInfos>
    </fillVolumes>

    <shovelTipTrigger index="0>2" />

    <shovel tipReferenceNode="0>1|1" emptyStartAngle="105" emptyFullAngle="140" pickUpNode="0>1|4" pickUpWidth="1.2" pickUpLength="0.2" pickUpYOffset="-0.1" />

    <shovelEmptyEffect rotationNode="0>1|3" >
        <effectNode effectNode="0>1|3|0" materialType="unloading" materialTypeId="3" fadeTime="0.5"/>
        <effectNode effectNode="0>1|3|1" materialType="smoke"     materialTypeId="1" fadeTime="0.5"/>
    </shovelEmptyEffect>
    <emptyParticleSystems>
        <emitterShape node="0>1|2" />
    </emptyParticleSystems>

    <washable dirtDuration="90" washDuration="1" workMultiplier="4" />

    <components count="1">
        <component1 centerOfMass="0 0.25 -0.1" solverIterationCount="10" mrSetMass="0.3" />
    </components>

    <schemaOverlay file="$dataS2/menu/schemas/implementSchema.png" fileSelected="$dataS2/menu/schemas/implementSchemaSelected.png" width="0.5" height="0.5" attacherJointPosition="0 0"/>>

</vehicle>
