<?xml version="1.0" encoding="utf-8" standalone="no" ?>
<placeable>
    <storeData>
        <name>Seasons fake store item</name>
        <!-- <image>storeIcon.png</image> -->
        <price>99999999</price>
        <dailyUpkeep>99999999</dailyUpkeep>
        <lifetime>1000</lifetime>
        <rotation>0</rotation>
        <brand>LIZARD</brand>
        <species>placeable</species>
        <category>placeables</category>
    </storeData>

    <placeableType>animatedObjectPlaceable</placeableType>
    <filename>../replacementTexturesMaterialHolder.i3d</filename>
    <placement testSizeX="1" testSizeZ="1" sizeX="1" sizeZ="1" useRandomYRotation="false" useManualYRotation="true" />

    <tipOcclusionUpdateArea sizeX="1" sizeZ="1" />
</placeable>
