﻿<?xml version="1.0" encoding="utf-8" standalone="no" ?>
<vehicle type="mower_animated">
    <annotation>Copyright (C) GIANTS Software GmbH, All Rights Reserved.</annotation>
	
	<!-- mr
	
	roll conditionner
	PTO requirement = 67KW => engine 110Hp ?
	
	power consumer
	max speed before "overrunning" the disc = 30kph
	
	no brake force
	
	wheels
	
	-->
	
	<moreRealistic>
		<componentToApplyResistancesTo index="2" forceNodeCOM="0 0 0" />
		<mower cuttingDependantPtoPower="6" /> <!-- disc cutter + roll conditionner -->
	</moreRealistic>

    <storeData>
        <name>Discbine 313</name>
        <specs>
            <neededPower>110</neededPower>
            <workingWidth>4</workingWidth>
            <combination>NC 301,320 FC</combination>
        </specs>
        <functions>
            <function>$l10n_function_mower</function>
        </functions>
        <image>data/store/store_newHollandDiscbine313.png</image>
        <price>17000</price>
        <dailyUpkeep>30</dailyUpkeep>
        <lifetime>600</lifetime>
        <rotation>0</rotation>
        <brand>NEWHOLLAND</brand>
        <category>mowers</category>
        <vertexBufferMemoryUsage>1293708</vertexBufferMemoryUsage>
        <indexBufferMemoryUsage>211920</indexBufferMemoryUsage>
        <textureMemoryUsage>9437360</textureMemoryUsage>
        <instanceVertexBufferMemoryUsage>0</instanceVertexBufferMemoryUsage>
        <instanceIndexBufferMemoryUsage>0</instanceIndexBufferMemoryUsage>
    </storeData>

    <typeDesc>$l10n_typeDesc_mower</typeDesc>
    <filename>data/vehicles/tools/newHolland/newHollandDiscbine313.i3d</filename>

    <size width="4.5" length="9.5" />
    <powerConsumer ptoRpm="540" neededPtoPower="20" forceNode="1>" forceNodeCOM="0 0 0" maxForce="2.4" />
    <speedLimit value="30" />

    <wheelConfigurations>
        <wheelConfiguration name="$l10n_configuration_valueDefault" price="0">
            <wheels>
                <wheel restLoad="1.2" repr="0>0|3|0|0|0" forcePointRatio="0.3" filename="$data/vehicles/wheels/trelleborg/AW305_300_80R15_3.xml" isLeft="false" color="0.8913 0.6121 0.0003 1" initialCompression="35" suspTravel="0.1" spring="20" damper="0.3" useReprDirection="true" hasTireTracks="true" hasParticles="true" mrPressureFx="1.2" />
                <wheel restLoad="1.2" repr="0>0|3|0|1|0" forcePointRatio="0.3" filename="$data/vehicles/wheels/trelleborg/AW305_300_80R15_3.xml" isLeft="true"  color="0.8913 0.6121 0.0003 1" initialCompression="35" suspTravel="0.1" spring="20" damper="0.3" useReprDirection="true" hasTireTracks="true" hasParticles="true" mrPressureFx="1.2" />
            </wheels>
        </wheelConfiguration>
    </wheelConfigurations>

    <axisColor>0.5054 0.0097 0.0000 1</axisColor>

    <brakeForce>0</brakeForce>

    <lights>
        <low>
            <light                         decoration="0>0|3|2|0|0" lightTypes="0 3" />
        </low>
        <high>
            <light realLight="0>0|3|2|0|1" decoration="0>0|3|2|0|0" lightTypes="0 3" />
        </high>
    </lights>

    <brakeLights>
        <brakeLight realLight="0>0|3|2|0|1" decoration="0>0|3|2|2|0" />
    </brakeLights>

    <turnLights>
        <turnLightLeft  realLight="0>0|3|2|1|0|1" decoration="0>0|3|2|1|0|0" />
        <turnLightRight realLight="0>0|3|2|1|1|1" decoration="0>0|3|2|1|1|0" />
    </turnLights>

    <workAreas>
        <workArea startIndex="0>0|3|0|3|0|4|0" widthIndex="0>0|3|0|3|0|4|1" heightIndex="0>0|3|0|3|0|4|2" dropWindrow="true" dropArea="0" refNodeIndex="0" type="mower" disableBackwards="false" />
        <workArea startIndex="0>0|3|0|3|0|5|0" widthIndex="0>0|3|0|3|0|5|1" heightIndex="0>0|3|0|3|0|5|2" type="mowerDrop" disableBackwards="false" />
    </workAreas>

    <groundReferenceNodes>
        <groundReferenceNode index="2>" threshold="0.4" />
    </groundReferenceNodes>

    <inputAttacherJoints>
        <inputAttacherJoint index="1>0|0" jointType="implement" rootNode="1>" lowerDistanceToGround="0.9" upperDistanceToGround="0.9" ptoInputNode="0>0|2|0" upperRotLimitScale="0 0 0" />
    </inputAttacherJoints>

     <mowerStartSound file="$data/sounds/mower_start.wav"                   pitchOffset="1.00" volume="0.95" indoorVolumeFactor="0.50"  />
     <mowerSound file="$data/sounds/mower_work.wav"                         pitchOffset="1.20" volume="1.00" indoorVolumeFactor="0.50"  cuttingPitchOffset="1.05" />
     <mowerStopSound file="$data/sounds/mower_stop.wav"                     pitchOffset="1.00" volume="1.00" indoorVolumeFactor="0.50"/>
     <cylinderedHydraulicSound file="$data/sounds/hydraulicUp.wav"          pitchOffset="0.80" volume="1.00" indoorVolumeFactor="0.45"/>

    <turnedOnRotationNodes>
        <!-- cutters -->
        <turnedOnRotationNode index="0>0|3|0|3|0|3|0" type="mower" rotSpeed="-3000" rotAxis="2" turnOnFadeTime="3" turnOffFadeTime="3"/>
        <turnedOnRotationNode index="0>0|3|0|3|0|3|1" type="mower" rotSpeed="3000"  rotAxis="2" turnOnFadeTime="3" turnOffFadeTime="3"/>
        <turnedOnRotationNode index="0>0|3|0|3|0|3|2" type="mower" rotSpeed="-3000" rotAxis="2" turnOnFadeTime="3" turnOffFadeTime="3"/>
        <turnedOnRotationNode index="0>0|3|0|3|0|3|3" type="mower" rotSpeed="3000"  rotAxis="2" turnOnFadeTime="3" turnOffFadeTime="3"/>
        <turnedOnRotationNode index="0>0|3|0|3|0|3|4" type="mower" rotSpeed="-3000" rotAxis="2" turnOnFadeTime="3" turnOffFadeTime="3"/>
        <turnedOnRotationNode index="0>0|3|0|3|0|3|5" type="mower" rotSpeed="3000"  rotAxis="2" turnOnFadeTime="3" turnOffFadeTime="3"/>
        <turnedOnRotationNode index="0>0|3|0|3|0|3|6" type="mower" rotSpeed="-3000" rotAxis="2" turnOnFadeTime="3" turnOffFadeTime="3"/>
        <turnedOnRotationNode index="0>0|3|0|3|0|3|7" type="mower" rotSpeed="3000"  rotAxis="2" turnOnFadeTime="3" turnOffFadeTime="3"/>
        <!-- drum -->
        <turnedOnRotationNode index="0>0|3|0|3|0|3|8" type="mower" rotSpeed="2000"  rotAxis="1" turnOnFadeTime="3" turnOffFadeTime="3"/>
        <turnedOnRotationNode index="0>0|3|0|3|0|3|9" type="mower" rotSpeed="-2000"  rotAxis="1" turnOnFadeTime="3" turnOffFadeTime="3"/>
    </turnedOnRotationNodes>

    <movingTools>
        <movingTool index="0>0|3" wheelIndices="1 2" foldMinLimit="0" foldMaxLimit="0.01">
            <controls axis="AXIS_WHEEL_BASE" invertAxis="true" mouseSpeedFactor="0.3" iconFilename="$dataS2/menu/moveControls/topDoor.png" />
            <rotation rotSpeed="40" rotAcceleration="120" rotationAxis="2" rotMax="40" rotMin="-40" />
            <dependentPart index="0>0|3|1|0"/>
            <componentJoint index="1"/>
        </movingTool>
        <movingTool index="0>0|3|0" wheelIndices="1 2">
            <componentJoint index="1"/>
            <dependentPart index="0>0|3|1|1"/>
        </movingTool>
        <movingTool index="0>0|3|0|0" wheelIndices="1 2" />
    </movingTools>

    <movingParts>
        <movingPart index="0>0|3|0|3" referencePoint="2>0" referenceFrame="2>0" isActiveDirty="true" limitedAxis="1" >
            <dependentPart index="0>0|3|0|3|0" />
        </movingPart>
        <movingPart index="0>0|3|0|3|0" referenceFrame="2>0" limitedAxis="1" >
            <dependentPart index="0>0|3|1|2" />
            <dependentPart index="0>0|3|1|3" />
            <dependentPart index="0>0|3|1|4" />
        </movingPart>

        <movingPart index="0>0|3|1|2" referencePoint="0>0|3|0|3|0|0" referenceFrame="0>0|3|0|3|0|0" >
            <translatingPart index="0>0|3|1|2|0" />
        </movingPart>
        <movingPart index="0>0|3|1|3" referencePoint="0>0|3|0|3|0|1" referenceFrame="0>0|3|0|3|0|1" >
            <translatingPart index="0>0|3|1|3|0" />
        </movingPart>
        <movingPart index="0>0|3|1|4" referencePoint="0>0|3|0|3|0|2" referenceFrame="0>0|3|0|3|0|2" />

        <movingPart index="0>0|3|1|1" referencePoint="0>0|3|0|2" referenceFrame="0>0|3|0|2" playSound="true" >
            <translatingPart index="0>0|3|1|1|0" />
        </movingPart>

        <movingPart index="0>0|3|1|0" referencePoint="0>0|4" referenceFrame="0>0|4" playSound="true" >
            <translatingPart index="0>0|3|1|0|0" />
        </movingPart>
        <movingPart index="0>0|2" referenceFrame="0>0" referencePoint="1>0|1" limitedAxis="2" isActiveDirty="true" />
    </movingParts>

    <animations>
        <animation name="moveSupport">
            <part node="0>0|1|0" startTime="0"    endTime="0.5" startTrans="0 0.6 0" endTrans="0 0 0" />
            <part                startTime="0"    endTime="0.5" componentJointIndex="0" startRotLimit="20 120 20" endRotLimit="0 0 0"/>
            <part node="0>0|2|1" startTime="0"    endTime="0.05" visibility="false" />
            <part node="0>0|2|1" startTime="0.05" endTime="0.1"  visibility="true" />
        </animation>

        <animation name="folding">
            <part node="0>0|3" startTime="0" endTime="3.0" startRot="0 40 0" endRot="0 0 0" />
        </animation>
        <animation name="lowerAnimation">
            <part node="0>0|3|0"   startTime="0" endTime="1" startRot="-30 0 0" endRot="0 0 0"/>
            <part node="0>0|3|0|0" startTime="0" endTime="1" startRot="30 0 0"  endRot="0 0 0"/>
            <part node="0>0|3|0|1" startTime="0" endTime="1" startRot="30 0 0"  endRot="0 0 0"/>
            <part node="0>0|3|0|4" startTime="0" endTime="1" startRot="30 0 0"  endRot="0 0 0"/>
            <part                  startTime="0" endTime="1" componentJointIndex="1" startTransMinLimit="0 0 0" startTransMaxLimit="0 0 0" endTransMinLimit="0 0 0" endTransMaxLimit="0 0.2 0"/>
        </animation>
    </animations>

    <support animationName="moveSupport" />
    <lowerAnimation name="lowerAnimation" speed="1.3" />

    <foldingParts startMoveDirection="1" turnOnFoldMaxLimit="0.13" turnOnFoldMinLimit="0" turnOffOnFold="true" >
        <foldingPart animationName="folding" speedScale="1.3" />
    </foldingParts>

    <mowerEffects>
        <mowerEffect mowerCutArea="0">
            <effectNode effectNode="0>0|3|0|3|0|6|0" materialType="mower"   materialTypeId="1" delay="0" />
        </mowerEffect>
    </mowerEffects>

    <ai>
        <needsLowering value="true" />
        <areaMarkers leftIndex="0>0|3|3|0|0" rightIndex="0>0|3|3|0|1" backIndex="0>0|3|3|0|2" />
        <sizeMarkers leftIndex="0>0|3|3|1|0" rightIndex="0>0|3|3|1|1" backIndex="0>0|3|3|1|2" />
        <trafficCollisionTrigger index="0>0|3|3|2" />
        <forceTurnNoBackward value="true" />
        <toolReverserDirectionNode index="0>0|3|3|1|2" />
        <turningRadiusLimitation rotationJointNode="0>0|0" wheelIndices="0 1" />
    </ai>

    <washable dirtDuration="90" washDuration="1" workMultiplier="4" />

    <components count="3">
        <component1 centerOfMass="0 0.6 -2.4" solverIterationCount="10" mrSetMass="2.2" />
        <component2 centerOfMass="0 0 0" solverIterationCount="10" mrSetMass="0.4" />
        <component3 centerOfMass="0 0 0" solverIterationCount="10" mrSetMass="0.1" />
        <joint component1="0" component2="1" index="0>0|0"     rotLimit="0 0 0" transLimit="0 0 0" />
        <joint component1="0" component2="2" index="0>0|3|0|4" rotLimit="0 0 0" transLimit="0 0 0" rotLimitSpring="1000 200 50" transLimitSpring="1000 10 1000" />
        <collisionPair component1="1" component2="2" enabled="false" />		
    </components>

    <schemaOverlay file="$dataS2/menu/schemas/implementSchema.png" fileSelected="$dataS2/menu/schemas/implementSchemaSelected.png" fileTurnedOn="$dataS2/menu/schemas/implementSchemaTurnedOn.png" fileSelectedTurnedOn="$dataS2/menu/schemas/implementSchemaSelectedTurnedOn.png" width="0.5" height="0.5" attacherJointPosition="0 0"/>

</vehicle>