﻿<?xml version="1.0" encoding="utf-8" standalone="no" ?>
<vehicle type="tractor">
    <annotation>Copyright (C) GIANTS Software GmbH, All Rights Reserved.</annotation>
	
	<!-- mr
	
		Same fortis 160 and 190
		equivalent : deutz 6 6160 and 6190, lamborghini spark
		
		pto max power =
		160 = 107KW
		190 = 125KW
		
		transmissionEfficiency is the ratio between pto power and axle power. On this tractor, the transmissionEfficiency is high but the pto power is weaker than the average ones -> more losses in the pto driveline mostly due to the 4 speeds setting
		
		
	
	-->
	<moreRealistic useMrTransmission="true">		
		<dragArea value="4.9" />
		<engine rotInertiaFx="1" transmissionEfficiency="0.957" minSpeed="3" engineBrakeForceFx="1" fuelUsageFactor="1" engineBrakeRpm="2410" />
		<lateralForces useSingleComponent="false" />
	</moreRealistic>

    <storeData>
        <name>Fortis</name>
        <specs>
            <power>166</power>
            <maxSpeed>50</maxSpeed>
        </specs>
        <functions>
            <function>$l10n_function_tractor</function>
            <function>$l10n_function_tractorFrontloader</function>
        </functions>
        <image>data/store/store_sameFortis.png</image>
        <price>138000</price>
        <dailyUpkeep>190</dailyUpkeep>
        <lifetime>600</lifetime>
        <rotation>0</rotation>
        <brand>SAME</brand>
        <category>tractors</category>
        <fieldJob sizeCategory="2" typeCategory="tractor" hasFrontAndBackHydraulics="true" />
        <vertexBufferMemoryUsage>1688896</vertexBufferMemoryUsage>
        <indexBufferMemoryUsage>302082</indexBufferMemoryUsage>
        <textureMemoryUsage>31195632</textureMemoryUsage>
        <instanceVertexBufferMemoryUsage>0</instanceVertexBufferMemoryUsage>
        <instanceIndexBufferMemoryUsage>0</instanceIndexBufferMemoryUsage>
    </storeData>

    <typeDesc>$l10n_typeDesc_tractor</typeDesc>
    <filename>data/vehicles/steerable/same/sameFortis.i3d</filename>

    <size width="3" length="4.8"/>

    <wheelConfigurations>
        <wheelConfiguration name="$l10n_configuration_valueDefault" price="0">
            <wheels autoRotateBackSpeed="1.7">
                <wheel rotSpeed="1" restLoad="2.1" repr="1>0|0|0" driveNode="1>0|0|0|0" forcePointRatio="0.2" filename="$data/vehicles/wheels/trelleborg/TM800_540_65R28.xml" isLeft="true"  initialCompression="0" suspTravel="0.2" spring="45" damper="11.5" hasTireTracks="true" hasParticles="true" fenderNode="1>0|0|0|1|0" fenderRotMax="17" steeringNode="1>1|0" steeringNodeMinTransX="-0.08" steeringNodeMaxTransX="0.08"/>
                <wheel rotSpeed="1" restLoad="2.1" repr="1>0|1|0" driveNode="1>0|1|0|0" forcePointRatio="0.2" filename="$data/vehicles/wheels/trelleborg/TM800_540_65R28.xml" isLeft="false" initialCompression="0" suspTravel="0.2" spring="45" damper="11.5" hasTireTracks="true" hasParticles="true" fenderNode="1>0|1|0|1|0" fenderRotMin="-10" />
                <wheel rotSpeed="0" restLoad="1.7" repr="0>0|0"                         forcePointRatio="0.3" filename="$data/vehicles/wheels/trelleborg/TM800_650_65R38.xml" isLeft="true"  initialCompression="5" suspTravel="0.2" spring="105" damper="18" hasTireTracks="true" hasParticles="true" />
                <wheel rotSpeed="0" restLoad="1.7" repr="0>0|1"                         forcePointRatio="0.3" filename="$data/vehicles/wheels/trelleborg/TM800_650_65R38.xml" isLeft="false" initialCompression="5" suspTravel="0.2" spring="105" damper="18" hasTireTracks="true" hasParticles="true" />
            </wheels>
        </wheelConfiguration>
        <wheelConfiguration name="$l10n_configuration_valueWheelBroad" price="800" icon="$dataS2/menu/hud/configurations/config_wheel_broad.png">
            <wheels autoRotateBackSpeed="1.7" ackermannSteeringIndex="2" >
                <wheel rotSpeed="1" restLoad="2.2" repr="1>0|0|0" driveNode="1>0|0|0|0" forcePointRatio="0.2" filename="$data/vehicles/wheels/trelleborg/TM800_600_65R28.xml"  isLeft="true"  configIndex="n8v8" initialCompression="-2" suspTravel="0.2" spring="45" damper="12" hasTireTracks="true" hasParticles="true" fenderNode="1>0|0|0|1|0" fenderRotMax="17" steeringNode="1>1|0" steeringNodeMinTransX="-0.08" steeringNodeMaxTransX="0.08"/>
                <wheel rotSpeed="1" restLoad="2.2" repr="1>0|1|0" driveNode="1>0|1|0|0" forcePointRatio="0.2" filename="$data/vehicles/wheels/trelleborg/TM800_600_65R28.xml"  isLeft="false" configIndex="n8v8" initialCompression="-2" suspTravel="0.2" spring="45" damper="12" hasTireTracks="true" hasParticles="true" fenderNode="1>0|1|0|1|0" fenderRotMin="-11" />
                <wheel rotSpeed="0" restLoad="1.7" repr="0>0|0"                         forcePointRatio="0.3" filename="$data/vehicles/wheels/trelleborg/TM1000_710_60R38.xml" isLeft="true"                     initialCompression="5" suspTravel="0.2" spring="105" damper="20" hasTireTracks="true" hasParticles="true" />
                <wheel rotSpeed="0" restLoad="1.7" repr="0>0|1"                         forcePointRatio="0.3" filename="$data/vehicles/wheels/trelleborg/TM1000_710_60R38.xml" isLeft="false"                    initialCompression="5" suspTravel="0.2" spring="105" damper="20" hasTireTracks="true" hasParticles="true" />
            </wheels>
        </wheelConfiguration>
        <wheelConfiguration name="$l10n_configuration_valueWheelNarrow" price="600" icon="$dataS2/menu/hud/configurations/config_wheel_thin.png" >
            <wheels autoRotateBackSpeed="1.7" ackermannSteeringIndex="3">
                <wheel rotSpeed="1" restLoad="2.1" repr="1>0|0|0" driveNode="1>0|0|0|0" forcePointRatio="0.2" filename="$data/vehicles/wheels/trelleborg/TM100_230_95R36.xml" isLeft="true"  configIndex="n8v8" initialCompression="5" suspTravel="0.2" spring="67" damper="11" hasTireTracks="true" hasParticles="true" fenderNode="1>0|0|0|1|0" fenderRotMax="17" steeringNode="1>1|0" steeringNodeMinTransX="-0.08" steeringNodeMaxTransX="0.08" mrPressureFx="1.2" />
                <wheel rotSpeed="1" restLoad="2.1" repr="1>0|1|0" driveNode="1>0|1|0|0" forcePointRatio="0.2" filename="$data/vehicles/wheels/trelleborg/TM100_230_95R36.xml" isLeft="false" configIndex="n8v8" initialCompression="5" suspTravel="0.2" spring="67" damper="11" hasTireTracks="true" hasParticles="true" fenderNode="1>0|1|0|1|0" fenderRotMin="-10" mrPressureFx="1.2" />
                <wheel rotSpeed="0" restLoad="1.6" repr="0>0|0"                         forcePointRatio="0.3" filename="$data/vehicles/wheels/trelleborg/TM100_300_95R52.xml" isLeft="true"                     initialCompression="-10" suspTravel="0.2" spring="150" damper="18" hasTireTracks="true" hasParticles="true" mrPressureFx="1.2" />
                <wheel rotSpeed="0" restLoad="1.6" repr="0>0|1"                         forcePointRatio="0.3" filename="$data/vehicles/wheels/trelleborg/TM100_300_95R52.xml" isLeft="false"                    initialCompression="-10" suspTravel="0.2" spring="150" damper="18" hasTireTracks="true" hasParticles="true" mrPressureFx="1.2" />
            </wheels>
        </wheelConfiguration>
    </wheelConfigurations>

    <rimColor>0.2120 0.2120 0.2120 1</rimColor>

    <ackermannSteeringConfigurations>
        <ackermannSteering rotSpeed="60" rotMax="42" rotCenterWheel1="2" rotCenterWheel2="3" />
        <ackermannSteering rotSpeed="60" rotMax="37" rotCenterWheel1="2" rotCenterWheel2="3" />
		<ackermannSteering rotSpeed="60" rotMax="50" rotCenterWheel1="2" rotCenterWheel2="3" />
    </ackermannSteeringConfigurations>

    <differentials>
        <differential torqueRatio="0.5" maxSpeedRatio="1" wheelIndex1="0" wheelIndex2="1" /> <!-- front left-right -->
        <differential torqueRatio="0.5" maxSpeedRatio="1" wheelIndex1="2" wheelIndex2="3" /> <!-- back left-right -->
        <differential torqueRatio="0.5" maxSpeedRatio="1" differentialIndex1="0" differentialIndex2="1" /> <!-- front-back -->
    </differentials>

    <motorConfigurations>
        <motorConfiguration name="160" hp="166" price="0">
            <motor torqueScale="0.636" minRpm="840" maxRpm="2250" maxForwardSpeed="52.5" maxBackwardSpeed="52.5" brakeForce="5.2" lowBrakeForceScale="0.22" lowBrakeForceSpeedLimit="1" rotInertia="0.0015" minForwardGearRatio="15.83" maxForwardGearRatio="150" minBackwardGearRatio="15.83" maxBackwardGearRatio="150" ptoMotorRpmRatio="3.694">
                <torque normRpm="0.373" torque="0.89"/>
                <torque normRpm="0.444" torque="0.995"/>
                <torque normRpm="0.488" torque="1"/>
                <torque normRpm="0.711" torque="0.965"/>
                <torque normRpm="0.865" torque="0.827"/>
				<torque normRpm="0.888" torque="0.805"/>
				<torque normRpm="0.933" torque="0.711"/>				
                <torque normRpm="1" torque="0"/>
            </motor>
            <objectChange node="0>12|0" visibilityActive="true"/>
            <objectChange node="0>12|1" visibilityActive="false"/>
        </motorConfiguration>
        <motorConfiguration name="190" hp="194" price="13500" dailyUpkeep="27" icon="$dataS2/menu/hud/configurations/config_engine.png">
            <motor torqueScale="0.742" />
            <objectChange node="0>12|0" visibilityActive="false"/>
            <objectChange node="0>12|1" visibilityActive="true"/>
        </motorConfiguration>
    </motorConfigurations>

    <fuelCapacity>300</fuelCapacity>

    <cameras count="2">
        <camera1 index="0>1|0|0" rotatable="true" rotateNode="0>1|0" limit="true" useWorldXZRotation="true" rotMinX="-1.4" rotMaxX="1" transMin="4" transMax="35" >
            <raycastNode index="0>1|2"/>
            <raycastNode index="0>1|3"/>
        </camera1>
        <camera2 index="0>1|1" rotatable="true" limit="true" rotMinX="-1.1" rotMaxX="0.4" transMin="0" transMax="0" useMirror="true" isInside="true" />
    </cameras>

    <lights>
        <low>
            <light                       decoration="0>2|0|0"   lightTypes="0 3" />
            <light realLight="0>2|0|1"                          lightTypes="0" excludedLightTypes="3" /> <!--FrontLights-->
            <light                       decoration="0>2|2|0"   lightTypes="0 1"/> <!--BackLights-->
            <light realLight="0>2|1|0|1" decoration="0>2|1|0|0" lightTypes="1"/> <!--WorklightBack-->
            <light                       decoration="0>2|1|1|0" lightTypes="2"/> <!--WorklightFront-->
            <light realLight="0>2|0|2"                          lightTypes="3"/> <!--HighBeam -->
        </low>
        <high>
            <light                       decoration="0>2|0|0"   lightTypes="0 3" />
            <light realLight="0>2|0|3"                          lightTypes="0" excludedLightTypes="2 3" /> <!--FrontLights-->
            <light realLight="0>2|2|1"   decoration="0>2|2|0"   lightTypes="0 3" /> <!--BackLights-->
            <light realLight="0>2|1|0|2" decoration="0>2|1|0|0" lightTypes="1" /> <!--WorklightBack  -->
            <light realLight="0>2|1|1|1" decoration="0>2|1|1|0" lightTypes="2"  /> <!--WorklightFront -->
            <light realLight="0>2|0|4"                          lightTypes="3" excludedLightTypes="2" /> <!--HighBeam-->
        </high>
        <states>
            <state lightTypes="0" />
            <state lightTypes="0 1" />
            <state lightTypes="0 1 2" />
        </states>
    </lights>

    <brakeLights>
        <brakeLight realLight="0>2|2|1" decoration="0>2|4|0" />
    </brakeLights>

    <beaconLights>
        <beaconLight index="0>2|5|0" speed="0.015" filename="$data/shared/beaconLights/beaconLight02.i3d" />
        <beaconLight index="0>2|5|1" speed="0.015" filename="$data/shared/beaconLights/beaconLight02.i3d" />
    </beaconLights>

    <turnLights>
        <turnLightLeft realLight="0>2|3|0|1" decoration="0>2|3|0|0" />
        <turnLightLeft realLight="0>2|3|0|2" />
        <turnLightRight realLight="0>2|3|1|1" decoration="0>2|3|1|0" />
        <turnLightRight realLight="0>2|3|1|2" />
    </turnLights>

    <mirrors>
        <mirror index="0>11|0" prio="1" />
        <mirror index="0>11|1" prio="1" />
        <mirror index="0>11|2" prio="2" />
        <mirror index="0>11|3" prio="2" />
    </mirrors>

    <indoorHud>
        <speed numbers="0>10|2" precision="1" />
        <operatingTime numbers="0>10|3" precision="1" />
        <time numbers="0>10|4" precision="2" />
        <fuel animName="fuelDisplay" />
        <rpm animName="rpmDisplay" minValueAnim="500" maxValueAnim="2500" />
    </indoorHud>

    <enterReferenceNode index="0>"/>
    <exitPoint index="0>3"/>
	

	<attacherJoints comboDuration="2">
		<attacherJoint index="0>5|0|0|0|0" rotationNode="0>5|0|0" rotationNode2="0>5|0|0|0" upperRotation="25 0 0" lowerRotation="-20 0 0" upperDistanceToGround="1.06" lowerDistanceToGround="0.35" upperRotationOffset="-0.8" moveTime="2.85" ptoOutputNode="0>5|2|0" comboTime="1">
			<bottomArm rotationNode="0>5|0|1" translationNode="0>5|0|1|0" referenceNode="0>5|0|1|0|0" zScale="-1" startRotation="-17 0 0" />
			<topArm baseNode="0>5|0|2" filename="$data/shared/vehicleParts/upperLink.i3d" zScale="-1" />
			<schema position="1 0" rotation="0" invertX="false" />
			<objectChange node="0>5|1|0" visibilityActive="false" visibilityInactive="true" />
		</attacherJoint>
		<attacherJoint index="0>5|0|3|0|0" rotationNode="0>5|0|3" rotationNode2="0>5|0|3|0" upperRotation="-26 0 0" lowerRotation="25 0 0" upperDistanceToGround="0.95" lowerDistanceToGround="0.32" upperRotationOffset="0.8" moveTime="2.5" ptoOutputNode="0>5|2|1" comboTime="0">
			<bottomArm rotationNode="0>5|0|4" translationNode="0>5|0|4|0" referenceNode="0>5|0|4|0|0" zScale="1" />
			<topArm baseNode="0>5|0|5" filename="$data/shared/vehicleParts/upperLink.i3d" zScale="1" toggleVisibility="true" />
			<schema position="0 0" rotation="0" invertX="true" />
			<objectChange node="0>5|0|4|0|2" rotationActive="-107.819 26.704 -3.714" />
			<objectChange node="0>5|0|4|0|3" rotationActive="13.575 153.296 3.714" />
		</attacherJoint>
		<!-- trailer attacher -->
		<attacherJoint index="0>5|1|0|0" transNode="0>5|1|0" transNodeMinY="0.4" transNodeMaxY="1.05" mrOffsetY="-0.035" jointType="trailer" lowerRotLimit="20 64 50" upperRotRotationOffset="0" allowsJointLimitMovement="false" ptoOutputNode="0>5|2|0" comboTime="1">
			<schema position="1 0" rotation="0" invertX="false" />
			<objectChange node="0>5|1|1" visibilityActive="false" />
		</attacherJoint>
		<attacherJoint index="0>5|1|1|0" transNode="0>5|1|1" transNodeMinY="0.4" transNodeMaxY="0.7" mrOffsetY="-0.035" jointType="trailerLow" lowerRotLimit="20 58 50" upperRotRotationOffset="0" allowsJointLimitMovement="false" ptoOutputNode="0>5|2|0" comboTime="1">
			<schema position="1 0" rotation="0" invertX="false" />
			<objectChange node="0>5|0|1" rotationActive="35 0 0"  rotationInactive="-17 0 0" />
			<objectChange node="0>5|1|0" visibilityActive="false" />
			<steeringBars leftNode="0>5|1|1|1" rightNode="0>5|1|1|2" />
		</attacherJoint>
		<attacherJoint index="0>5|1|2" jointType="trailer" lowerRotLimit="20 75 50" upperRotRotationOffset="0" allowsJointLimitMovement="false" ptoOutputNode="0>5|2|1" comboTime="0">
			<schema position="0 0" rotation="0" invertX="true" />
			<objectChange node="0>5|0|4|0|2" visibilityActive="false" visibilityInactive="true" />
			<objectChange node="0>5|0|4|0|3" visibilityActive="false" visibilityInactive="true" />
		</attacherJoint>
	</attacherJoints>

		
    <frontloaderConfigurations>
        <frontloaderConfiguration name="$l10n_ui_no" price="0" >
            <objectChange node="0>5|3|0" visibilityActive="false" />
        </frontloaderConfiguration>
        <frontloaderConfiguration name="$l10n_ui_yes" price="800" icon="$dataS2/menu/hud/configurations/config_loader.png" >
            <objectChange node="0>5|3|0" visibilityActive="true" visibilityInactive="false"/>
            <!-- frontloader attacher -->
            <attacherJoint index="0>5|3|0|0" jointType="attachableFrontloader" upperRotation="0 0 0" lowerRotation="0 0 0" lowerTransLimit="0 0 0" lowerRotLimit="0 0 0" moveTime="2" >
                <schema position="0 0.4" rotation="0" invertX="true" />
            </attacherJoint>
        </frontloaderConfiguration>
    </frontloaderConfigurations>

    <movingTools>
        <!-- attacher joint back bottom-->
        <movingTool index="0>5|0|1">
            <dependentPart index="0>9|0" />
        </movingTool>
        <!-- attacher joint front bottom-->
        <movingTool index="0>5|0|4">
            <!-- cylinder -->
            <dependentPart index="0>9|4" />
        </movingTool>
    </movingTools>

    <movingParts>
        <!-- attacher joint front bottom -->
        <movingPart index="0>9|4" referencePoint="0>5|0|4|0|1" referenceFrame="0>9|5">
            <translatingPart index="0>9|4|0" />
        </movingPart>

        <movingPart index="0>9|0" referencePoint="0>5|0|1|0|1" localReferencePoint="0>9|0|0" referenceFrame="0>5|0|1|0" >
            <dependentPart index="0>9|0|0" />
        </movingPart>
        <movingPart index="0>9|0|0" referencePoint="0>5|0|1|0|1" referenceFrame="0>5|0|1|0|1" >
            <dependentPart index="0>9|1" />
            <dependentPart index="0>9|0|0|0" />
            <dependentPart index="0>9|0|0|1" />
            <dependentPart index="0>9|2" />
            <dependentPart index="0>9|3" />
        </movingPart>
        <!-- hydraulic -->
        <movingPart index="0>9|1" referencePoint="0>9|0|1" referenceFrame="0>9|6">
            <translatingPart index="0>9|1|0" />
        </movingPart>
        <movingPart index="0>9|0|0|0" referencePoint="0>5|0|1|0|1|0" referenceFrame="0>5|0|1|0|1|0">
            <translatingPart index="0>9|0|0|0|0" />
        </movingPart>
        <movingPart index="0>9|0|0|1" referencePoint="0>5|0|1|0|1|1" referenceFrame="0>5|0|1|0|1|1">
            <translatingPart index="0>9|0|0|1|0" />
        </movingPart>
        <movingPart index="0>9|2" referencePoint="0>5|0|1|0|1|2" referenceFrame="0>5|0|1|0|1|2">
            <translatingPart index="0>9|2|0" />
        </movingPart>
        <movingPart index="0>9|3" referencePoint="0>5|0|1|0|1|3" referenceFrame="0>5|0|1|0|1|3">
            <translatingPart index="0>9|3|0" />
        </movingPart>

        <!-- steering -->
        <movingPart index="1>0|0|0|2" referencePoint="1>1|0|0" referenceFrame="1>1|0|0" isActiveDirty="true" scaleZ="true" />
        <movingPart index="1>0|1|0|2" referencePoint="1>1|0|1" referenceFrame="1>1|0|1" isActiveDirty="true" scaleZ="true" />
    </movingParts>

    <animations>
        <animation name="rpmDisplay">
            <part node="0>10|0" startTime="0" endTime="0.15"    startRot="0 0 0" endRot="0 0 41" />
			<part node="0>10|0" startTime="0.15" endTime="0.2"    startRot="0 0 41" endRot="0 0 54" />
			<part node="0>10|0" startTime="0.2" endTime="0.55"    startRot="0 0 54" endRot="0 0 138" />
			<part node="0>10|0" startTime="0.55" endTime="0.7"    startRot="0 0 138" endRot="0 0 174" />
            <part node="0>10|0" startTime="0.7" endTime="1"    startRot="0 0 174" endRot="0 0 246" />
        </animation>
        <animation name="fuelDisplay">
            <part node="0>10|1" startTime="0" endTime="1" startRot="0 0 0" endRot="0 0 95" />
        </animation>
    </animations>

    <steering index="0>4|0" indoorRotation="540" outdoorRotation="60" />

    <characterNode index="0>6|0" cameraMinDistance="1.5" filename="$dataS2/character/player/player.xml" spineRotation="180 0 108" >
        <target ikChain="rightFoot" targetNode="0>6|1" />
        <target ikChain="leftFoot"  targetNode="0>6|2" />
        <target ikChain="rightArm"  targetNode="0>4|0|0" setDirty="true"/>
        <target ikChain="leftArm"   targetNode="0>4|0|1" setDirty="true" />
    </characterNode>

    <ai>
        <trafficCollisionTrigger index="0>7|0" />
    </ai>

    <exhaustEffects>
        <exhaustEffect index="0>8|0" filename="$data/particleSystems/shared/exhaust.i3d" minRpmColor="0.9 0.9 0.9 0.1" maxRpmColor="0.9 0.9 0.9 0.4" minRpmScale="0.05" maxRpmScale="0.5" xzRotationsOffset="-150 0" xzRotationsForward="0 300" xzRotationsBackward="150 0" xzRotationsLeft="20 80" xzRotationsRight="20 -200" />
    </exhaustEffects>

    <motorStartDuration>2500</motorStartDuration>
    <motorStartSound file="$data/vehicles/steerable/same/sameFortis190_start.wav" pitchOffset="0.95" volume="0.90" indoorVolumeFactor="0.40" indoorLowpassGain="0.75" />
    <motorStopSound file="$data/vehicles/steerable/same/sameFortis190_stop.wav"   pitchOffset="1.00" volume="1.10" indoorVolumeFactor="0.40" indoorLowpassGain="0.75" />
    <motorSound file="$data/vehicles/steerable/same/sameFortis190_idle.wav"       pitchOffset="0.95" volume="0.90" indoorVolumeFactor="0.40" indoorLowpassGain="1.55" pitchMax="1.45"  volumeMin="0.55" volumeMinSpeed="22" />
    <motorSoundRun file="$data/vehicles/steerable/deutz/deutzFahr7250_run.wav"    pitchOffset="0.50" volume="0.88" indoorVolumeFactor="0.50" indoorLowpassGain="0.75" pitchMax="1.30"    />
    <motorSoundLoad file="$data/vehicles/steerable/same/sameFortis190_run.wav"    pitchOffset="0.95" volume="1.00" indoorVolumeFactor="0.60" indoorLowpassGain="0.75" pitchMax="1.70" minimalVolumeFactor="0.20"   />

    <gearboxSound file="$data/sounds/transmission/transmissionOmega.wav"          pitchOffset="0.50" volume="0.15" indoorVolumeFactor="1.00" indoorLowpassGain="0.75" pitchMax="1.10" volumeMax="0.60" reverseVolumeMax="0.6"  />
    <retarderSound file="$data/sounds/transmission/retarderET2015.wav"            pitchOffset="0.50" volume="0.15" indoorVolumeFactor="0.66" indoorLowpassGain="0.60" minSpeed="8.75" pitchMax="1.65" volumeMax="0.28" />

    <brakeCompressor capacity="10000" fillSpeed="1600" />
    <maximalAirConsumptionPerFullStop value="2200" />
    <brakeCompressorStartSound file="$data/sounds/technicalAccessories/airValveSound.wav"         pitchOffset="1.18" volume="0.10" indoorVolumeFactor="1.70" indoorLowpassGain="0.75" />
    <brakeCompressorRunSound file="$data/sounds/technicalAccessories/compressor_idle.wav"         pitchOffset="1.00" volume="0.00" indoorVolumeFactor="0.00" indoorLowpassGain="0.00" pitchMax="1.00" />
    <brakeCompressorStopSound file="$data/sounds/technicalAccessories/compressor_controller.wav"  pitchOffset="1.00" volume="0.85" indoorVolumeFactor="0.85" indoorLowpassGain="0.75" />
    <compressedAirSound file="$data/sounds/technicalAccessories/brakeSmall.wav"                   pitchOffset="0.91" volume="0.60" indoorVolumeFactor="0.65" indoorLowpassGain="0.75" />
    <airReleaseValveSound file="$data/sounds/technicalAccessories/regulator_valve.wav"            pitchOffset="1.00" volume="1.00" indoorVolumeFactor="0.75" indoorLowpassGain="0.95"/>

    <hydraulicSound file="$data/sounds/hydraulicUp.wav"                                           pitchOffset="0.90" volume="0.35" indoorVolumeFactor="0.40" indoorLowpassGain="0.45" />
    <attachSound file="$data/sounds/attach.wav"                                                   pitchOffset="1.00" volume="0.80" indoorVolumeFactor="0.45" indoorLowpassGain="0.75" />
    <honkSound file="$data/sounds/horn.wav"                                                       pitchOffset="1.00" volume="1.50" indoorVolumeFactor="0.50" indoorLowpassGain="0.75" radius="70" innerRadius="10" />

    <washable dirtDuration="50" washDuration="1" workMultiplier="4" />

    <components count="2">
        <component1 centerOfMass="0 1.05 -0.625" solverIterationCount="10" mrSetMass="5.2" />
        <component2 centerOfMass="0 0 0" solverIterationCount="20" mrSetMass="1" />
        <joint component1="0" component2="1" index="0>0|2" rotLimit="0 0 10" transLimit="0 0 0" maxRotDriveForce="0 0 0" rotDriveRotation="- - 0" rotDriveSpring="0 0 25" rotDriveDamping="0 0 0" breakable="false"/>
    </components>

    <schemaOverlay file="$dataS2/menu/schemas/vehicleSchema.png" fileSelected="$dataS2/menu/schemas/vehicleSchemaSelected.png" width="0.5" height="0.5" attacherJointPosition="0.5 0" />

</vehicle>