﻿<?xml version="1.0" encoding="utf-8" standalone="no" ?>
<vehicle type="sowingMachine">
    <annotation>Copyright (C) GIANTS Software GmbH, All Rights Reserved.</annotation>
	
	<!-- MR  
	price
	power requirement
	sizeCategory
	dailyUpkeep
	brakeForce
	powerconsumer
	speedlimit
	fillLitersPerSecond
	
	wheels
	
	componentJointIndex
	inputAttacherJoint
	
	mass / center of mass
	
	groundReferenceNode threshold
	
	<mrDebug>
		<drawPoint1 node="0>" /> 
		<drawPoint1 node="1>" /> 
		<drawPoint1 node="2>" />
		<drawPoint1 centerOfMass="0>" />
		<drawPoint node="0>0|2|0|0|1" />		
	</mrDebug>
	
	
	-->	
	
	<mrManageNodes>
		<manageNode node="0>0|2|0|0|1" setTranslation="0 0.1 -0.6" />		
	</mrManageNodes>
	

    <storeData>
        <name>ESPRO 3000</name>
        <specs>
            <neededPower>120</neededPower>
            <workingWidth>3</workingWidth>            
        </specs>
        <functions>
            <function>$l10n_function_sowingMachine</function>
            <function>$l10n_function_sowingMachineDirect</function>
        </functions>
        <image>store_kuhnEspro3000.png</image>
        <price>39000</price>
        <dailyUpkeep>90</dailyUpkeep>
        <lifetime>600</lifetime>
        <rotation>0</rotation>
        <brand>KUHN</brand>
        <category>sowingMachines</category>
        <fieldJob sizeCategory="1" typeCategory="sowingMachine" />
        <vertexBufferMemoryUsage>2416760</vertexBufferMemoryUsage>
        <indexBufferMemoryUsage>377454</indexBufferMemoryUsage>
        <textureMemoryUsage>22392048</textureMemoryUsage>
        <instanceVertexBufferMemoryUsage>0</instanceVertexBufferMemoryUsage>
        <instanceIndexBufferMemoryUsage>0</instanceIndexBufferMemoryUsage>
    </storeData>

    <typeDesc>$l10n_typeDesc_sowingMachine</typeDesc>
    <filename>vehicles/tools/kuhn/kuhnEspro3000.i3d</filename>

    <size width="4.2" length="10" lengthOffset="-0.5"/>

    <wheelConfigurations>
        <wheelConfiguration name="$l10n_configuration_valueDefault" price="0">
            <wheels>
                <wheel restLoad="0.1" repr="0>0|2|2|0|0" radius="0.38" initialCompression="80" suspTravel="0.07" spring="8" damper="1" mass="0.03" brakeFactor="0" />
                <wheel restLoad="0.1" repr="0>0|2|2|0|1" radius="0.38" initialCompression="80" suspTravel="0.07" spring="8" damper="1" mass="0.03" brakeFactor="0" />
                <wheel restLoad="0.1" repr="0>0|2|2|0|2" radius="0.38" initialCompression="80" suspTravel="0.07" spring="8" damper="1" mass="0.03" brakeFactor="0" />
                <wheel restLoad="0.1" repr="0>0|2|2|0|3" radius="0.38" initialCompression="80" suspTravel="0.07" spring="8" damper="1" mass="0.03" brakeFactor="0" />
                <wheel restLoad="0.2" repr="0>0|2|2|1|0" radius="0.38" initialCompression="80" suspTravel="0.07" spring="8" damper="1" mass="0.03" brakeFactor="0" />
                <wheel restLoad="0.2" repr="0>0|2|2|1|1" radius="0.38" initialCompression="80" suspTravel="0.07" spring="8" damper="1" mass="0.03" brakeFactor="0" />

                <wheel restLoad="0.6" repr="0>0|6|0" driveNode="0>0|6|0|0"   radius="0.38" initialCompression="32" suspTravel="0.07" spring="20" damper="3" mass="0.03" />
                <wheel restLoad="0.6" repr="0>0|6|1"                         radius="0.38" initialCompression="32" suspTravel="0.07" spring="20" damper="3" mass="0.03" />
                <wheel restLoad="0.6" repr="0>0|6|2"                         radius="0.38" initialCompression="32" suspTravel="0.07" spring="20" damper="3" mass="0.03" />
                <wheel restLoad="0.6" repr="0>0|6|3"                         radius="0.38" initialCompression="32" suspTravel="0.07" spring="20" damper="3" mass="0.03" />
            </wheels>
        </wheelConfiguration>
    </wheelConfigurations>

    <dynamicallyLoadedParts>
        <dynamicallyLoadedPart node="0|0" linkNode="0>0|2|2|0|0"    filename="$data/vehicles/wheels/lizard/lizardUnsized.i3d" />
        <dynamicallyLoadedPart node="0|1" linkNode="0>0|2|2|0|1"    filename="$data/vehicles/wheels/lizard/lizardUnsized.i3d" />
        <dynamicallyLoadedPart node="0|1" linkNode="0>0|2|2|0|2"    filename="$data/vehicles/wheels/lizard/lizardUnsized.i3d" />
        <dynamicallyLoadedPart node="0|0" linkNode="0>0|2|2|0|3"    filename="$data/vehicles/wheels/lizard/lizardUnsized.i3d" />
        <dynamicallyLoadedPart node="0|0" linkNode="0>0|2|2|1|0"    filename="$data/vehicles/wheels/lizard/lizardUnsized.i3d" />
        <dynamicallyLoadedPart node="0|1" linkNode="0>0|2|2|1|1"    filename="$data/vehicles/wheels/lizard/lizardUnsized.i3d" />
        <dynamicallyLoadedPart node="0|1" linkNode="0>0|6|0|0"        filename="$data/vehicles/wheels/lizard/lizardUnsized.i3d" />
        <dynamicallyLoadedPart node="0|0" linkNode="0>0|6|1"        filename="$data/vehicles/wheels/lizard/lizardUnsized.i3d" />
        <dynamicallyLoadedPart node="0|0" linkNode="0>0|6|2"        filename="$data/vehicles/wheels/lizard/lizardUnsized.i3d" />
        <dynamicallyLoadedPart node="0|1" linkNode="0>0|6|3"        filename="$data/vehicles/wheels/lizard/lizardUnsized.i3d" />

        <dynamicallyLoadedPart node="0" linkNode="0>0|6|0|1|0" filename="$data/shared/vehicleParts/wheelChock02.i3d" />
        <dynamicallyLoadedPart node="0" linkNode="0>0|6|0|1|1" filename="$data/shared/vehicleParts/wheelChock02.i3d" />
        <dynamicallyLoadedPart node="0" linkNode="0>0|8|0"   filename="$data/shared/vehicleParts/wheelChock02.i3d" />
        <dynamicallyLoadedPart node="0" linkNode="0>0|8|1"   filename="$data/shared/vehicleParts/wheelChock02.i3d" />
    </dynamicallyLoadedParts>

    <brakeForce>0.4</brakeForce>

    <!-- recommended horsepower by manufacturer: 110 - -->
    <powerConsumer ptoRpm="540" neededPtoPower="8" forceNode="0>" maxForce="14" />
    <speedLimit value="17" />

    <lights>
        <low>
            <light                       decoration="0>0|1|0|0" lightTypes="0 1 2 3"/> <!--BackLights-->
        </low>
        <high>
            <light realLight="0>0|1|0|1" decoration="0>0|1|0|0" lightTypes="0 1 2 3" /> <!--BackLights-->
        </high>
    </lights>

    <brakeLights>
        <brakeLight realLight="0>0|1|0|1" decoration="0>0|1|2|0" />
    </brakeLights>

    <turnLights>
        <turnLightLeft  realLight="0>0|1|1|0|1" decoration="0>0|1|1|0|0" />
        <turnLightRight realLight="0>0|1|1|1|1" decoration="0>0|1|1|1|0" />
    </turnLights>

    <seedFruitTypeCategories>sowingMachine</seedFruitTypeCategories>
    <fillLitersPerSecond>80</fillLitersPerSecond>

    <fillRootNode index="0>" />
    <exactFillRootNode index="0>0|5|3" />
    <fillMassNode index="0>" />

    <fillVolumes>
        <volumes>
            <volume index="0>0|5|0" maxDelta="0.0" />
        </volumes>
        <unloadInfos>
            <unloadInfo>
                <node index="0>0|5|2" width="0.5" length="0.5" />
            </unloadInfo>
        </unloadInfos>
        <loadInfos>
            <loadInfo>
                <node index="0>0|5|1" width="0.5" length="0.5" />
            </loadInfo>
        </loadInfos>
    </fillVolumes>

    <fillUnits>
        <fillUnit unit="$l10n_unit_literShort" fillTypes="seeds" capacity="2500" />
    </fillUnits>

    <workAreas>
        <workArea startIndex="0>0|3|0" widthIndex="0>0|3|1" heightIndex="0>0|3|2" refNodeIndex="0" type="sowingMachine" />
        <workArea startIndex="0>0|2|1|0|0|0"  widthIndex="0>0|2|1|0|0|1"  heightIndex="0>0|2|1|0|0|2" startIndexTest="0>0|2|1|0|1|0" widthIndexTest="0>0|2|1|0|1|1" heightIndexTest="0>0|2|1|0|1|2" animName="leftArm"  type="ridgemarker" refNodeIndex="1" needsSetIsTurnedOn="false" chargeValue="0" />
        <workArea startIndex="0>0|2|1|2|0|0"  widthIndex="0>0|2|1|2|0|1"  heightIndex="0>0|2|1|2|0|2" startIndexTest="0>0|2|1|2|1|0" widthIndexTest="0>0|2|1|2|1|1" heightIndexTest="0>0|2|1|2|1|2" animName="rightArm" type="ridgemarker" refNodeIndex="2" needsSetIsTurnedOn="false" chargeValue="0" />
    </workAreas>

    <groundReferenceNodes>
        <groundReferenceNode index="0>0|2|0|0|1"   threshold="0" depthNode="0>0|2|0|0|1"/>
        <groundReferenceNode index="0>0|2|1|0|0"   threshold="0.2" depthNode="0>0|2|1|0|4"/>
        <groundReferenceNode index="0>0|2|1|2|0"   threshold="0.2" depthNode="0>0|2|1|2|4"/>
    </groundReferenceNodes>

    <groundParticleAnimations>
        <groundParticleAnimation>
            <node index="0>0|2|0|0|3|0" refNodeIndex="0" maxDepth="-0.05" materialType="SOIL" />
            <node index="0>0|2|0|1|5|0" refNodeIndex="0" maxDepth="-0.05" materialType="SOIL" />
            <node index="0>0|2|1|0|5|0" refNodeIndex="1" maxDepth="-0.1" materialType="SOIL" />
            <node index="0>0|2|1|2|5|0" refNodeIndex="2" maxDepth="-0.1" materialType="SOIL" />
        </groundParticleAnimation>

        <groundParticle>
            <node index="0>0|2|0|0|3|1" refNodeIndex="0" particleType="SOIL_SMOKE"  emitCountScale="2.0"/>
            <node index="0>0|2|0|1|5|1" refNodeIndex="0" particleType="SOIL_SMOKE"  emitCountScale="2.0"/>
            <node index="0>0|2|3|0|0|4|0" refNodeIndex="0" particleType="SOIL_SMOKE"  emitCountScale="2.0" />
            <node index="0>0|2|0|0|3|2" refNodeIndex="0" particleType="SOIL"  />
            <node index="0>0|2|0|1|5|2" refNodeIndex="0" particleType="SOIL"  />
            <node index="0>0|2|3|0|0|4|1" refNodeIndex="0" particleType="SOIL"  />
            <node index="0>0|2|0|0|3|3" refNodeIndex="0" particleType="SOIL_CHUNKS" worldSpace="false" />
            <node index="0>0|2|0|1|5|3" refNodeIndex="0" particleType="SOIL_CHUNKS" worldSpace="false" />
            <node index="0>0|2|3|0|0|4|2" refNodeIndex="0" particleType="SOIL_CHUNKS" worldSpace="false" />
        </groundParticle>
    </groundParticleAnimations>

    <needsActivation value="true" />
    <useDirectPlanting>true</useDirectPlanting>

    <sowingSound file="$data/sounds/sowingSound.wav"                       pitchOffset="1.00" volume="1.00" indoorVolumeFactor="0.45"/>
    <airBlowerSound file="$data/sounds/airBlowerLoop.wav"                  pitchOffset="1.20" volume="1.00" indoorVolumeFactor="0.45"/>
    <fillSound file="$data/maps/sounds/siloFillSound.wav"                  pitchOffset="1.00" volume="1.00" indoorVolumeFactor="0.45" volume3D="1.0" innerRadius="10" radius="40" linkNode="0>0"/>
    <cylinderedHydraulicSound file="$data/sounds/cultivatorHydraulic.wav"  pitchOffset="1.00" volume="1.00" indoorVolumeFactor="0.75" />

    <inputAttacherJoints>
        <inputAttacherJoint index="1>0" rootNode="1>" jointType="implement" lowerDistanceToGround="0.8" upperDistanceToGround="0.8" allowsLowering="true" upperRotLimitScale="0 0 0" />
    </inputAttacherJoints>

    <speedRotatingParts>
        <!-- stars -->
        <speedRotatingPart index="0>0|2|0|1|1|0" radius="0.21" refNodeIndex="0" />
        <speedRotatingPart index="0>0|2|0|1|2|0" radius="0.21" refNodeIndex="0" />

        <!-- ridge marker -->
        <speedRotatingPart index="0>0|2|1|0|2|0" radius="0.24" refNodeIndex="1" />
        <speedRotatingPart index="0>0|2|1|2|2|0" radius="-0.24" refNodeIndex="2" />

        <!-- back wheels -->
        <speedRotatingPart index="0>0|2|3|0|0|1"     radius="-0.21" refNodeIndex="0" />
        <speedRotatingPart index="0>0|2|3|0|0|2"     radius="-0.21" refNodeIndex="0" />

        <!-- discs -->
        <speedRotatingPart shaderNode="0>0|2|0|0|0|0"     radius="0.21" refNodeIndex="0" />
        <speedRotatingPart shaderNode="0>0|2|0|0|0|1"     radius="0.21" refNodeIndex="0" />
        <speedRotatingPart shaderNode="0>0|2|0|1|0|0"     radius="0.21" refNodeIndex="0" />
        <speedRotatingPart shaderNode="0>0|2|0|1|0|1"     radius="0.21" refNodeIndex="0" />
        <speedRotatingPart shaderNode="0>0|2|3|0|0|0|0"     radius="0.21" refNodeIndex="0" />
        <speedRotatingPart shaderNode="0>0|2|3|0|0|0|1"     radius="0.21" refNodeIndex="0" />
    </speedRotatingParts>

    <movingTools>
        <!-- lowering front -->
        <movingTool index="0>0|2|0|0" playSound="true">
            <dependentPart index="0>0|2|0|1|4" />
            <dependentPart index="0>0|2|0|2" />
        </movingTool>

        <!-- wheels -->
        <movingTool index="0>0|2|2|0" wheelIndices="1 2 3 4">
            <dependentPart index="0>0|2|2|2" />
        </movingTool>
        <movingTool index="0>0|2|2|1" wheelIndices="5 6">
            <dependentPart index="0>0|2|2|3" />
        </movingTool>

        <!-- ridge marker -->
        <movingTool index="0>0|2|1|0" playSound="true">
            <dependentPart index="0>0|2|1|1" />
        </movingTool>
        <movingTool index="0>0|2|1|2" playSound="true">
            <dependentPart index="0>0|2|1|3" />
        </movingTool>

        <movingTool index="0>0|2|3|4">
            <componentJoint index="1" />
        </movingTool>

        <movingTool index="0>0|7|1">
            <dependentPart index="0>0|7|2" />
        </movingTool>
    </movingTools>

    <movingParts isActiveDirtyTimeOffset="2">
        <!-- lowering front -->
        <movingPart index="0>0|2|0|1|4" referencePoint="0>0|2|0|0|2" referenceFrame="0>0|2|0|0|2"/>
        <movingPart index="0>0|2|0|2" referencePoint="0>0|2|0|1|3" referenceFrame="0>0|2|0|1|3" >
            <translatingPart index="0>0|2|0|2|0" />
        </movingPart>

        <!-- wheels -->
        <movingPart index="0>0|2|2|2" referencePoint="0>0|2|2|0|4" referenceFrame="0>0|2|2|0|4" >
            <translatingPart index="0>0|2|2|2|0" />
        </movingPart>
        <movingPart index="0>0|2|2|3" referencePoint="0>0|2|2|1|2" referenceFrame="0>0|2|2|1|2" >
            <translatingPart index="0>0|2|2|3|0" />
        </movingPart>

        <!-- ridge marker -->
        <movingPart index="0>0|2|1|1" referencePoint="0>0|2|1|0|3" referenceFrame="0>0|2|1|0|3" >
            <translatingPart index="0>0|2|1|1|0" />
        </movingPart>
        <movingPart index="0>0|2|1|3" referencePoint="0>0|2|1|2|3" referenceFrame="0>0|2|1|2|3" >
            <translatingPart index="0>0|2|1|3|0" />
        </movingPart>

        <!-- back part -->
        <movingPart index="0>0|2|3|2" referencePoint="0>0|2|3|0|1" referenceFrame="0>0|2|3|0|1" isActiveDirty="true">
            <translatingPart index="0>0|2|3|2|0" />
        </movingPart>
        <movingPart index="0>0|2|3|0|0|3" referencePoint="0>0|2|3|1" referenceFrame="0>0|2|3|1" isActiveDirty="true">
            <translatingPart index="0>0|2|3|0|0|3|0" />
        </movingPart>

        <movingPart index="0>0|2|3|0" referencePoint="2>0" referenceFrame="0>0|2|3|3" isActiveDirty="true" limitedAxis="1"/>
        <movingPart index="0>0|2|3|0|0" referencePoint="2>1" referenceFrame="0>0|2|3|3" isActiveDirty="true" limitedAxis="1"/>

        <movingPart index="0>0|0|1" referencePoint="1>1" referenceFrame="0>0|0" isActiveDirty="true" limitedAxis="2"/>

        <movingPart index="0>0|7|2" referencePoint="0>0|7|1|0" referenceFrame="0>0|7|1|0" scaleZ="true"/>
    </movingParts>

    <animations>
        <animation name="lowerAnimation">
		
			<!-- disc -->
			<!-- MR : deeper working setting -->
            <part node="0>0|2|0|0" startTime="0" endTime="1.5" startRot="0 0 0" endRot="-70 0 0" />
            <part node="0>0|2|0|1" startTime="0" endTime="1.5" startRot="0 0 0" endRot="-70 0 0" />
			
			<!-- wheels -->
            <part node="0>0|2|2|0" startTime="0" endTime="1.5" startRot="14 0 0" endRot="0 -0 0" />
            <part node="0>0|2|2|1" startTime="0" endTime="1.5" startRot="14 0 0" endRot="0 -0 0" />

			<!-- panel at the side of the disc -->
            <part node="0>0|2|0|3" startTime="0" endTime="1.5" startRot="0 0 0" endRot="-35 0 0" />
            <part node="0>0|2|0|3|0" startTime="0" endTime="1.5" startRot="0 0 0" endRot="35 0 0" />

			<!-- seeding ramp -->
            <part node="0>0|2|3|4" startTime="0" endTime="1.5" startTrans="0 0.56 -3.174" endTrans="0 0.46 -3.174" />
            <part componentJointIndex="1" startTime="0" endTime="1.5" startRotLimit="0 0 0" endRotLimit="5 0 0" startTransLimit="0 0 0" endTransLimit="0 0.2 0"/>
        </animation>

        <!-- move right arm -->
        <animation name="leftArm">
            <part node="0>0|2|1|0" startTime="0" endTime="1.5" startRot="180.66 -14.997 73.159" endRot="90.66 -14.997 73.159" />
        </animation>

        <!-- move left arm -->
        <animation name="rightArm">
            <part node="0>0|2|1|2" startTime="0" endTime="1.5" startRot="-90.66 -14.997 106.84" endRot="-0.66 -14.997 106.84" />
        </animation>

        <animation name="moveSupport">
            <part node="0>0|0|2" startTime="0" endTime="0.2" startRot="90 0 0" endRot="0 0 0" />
            <part componentJointIndex="0" startTime="0" endTime="0.2" startRotLimit="30 90 30" endRotLimit="0 0 0" />

            <part node="0>0|6|0|1" startTime="0"    endTime="0.01" visibility="false"/>
            <part node="0>0|6|0|1" startTime="0.01" endTime="0.02" visibility="true"/>
            <part node="0>0|8" startTime="0"    endTime="0.01" visibility="true"/>
            <part node="0>0|8" startTime="0.01" endTime="0.02" visibility="false"/>
        </animation>

        <animation name="toggleCover">
            <part node="0>0|7|0" startTime="0"    endTime="0.01" visibility="false"/>
            <part node="0>0|7|0" startTime="0.01" endTime="0.02" visibility="true"/>
            <part node="0>0|7|3" startTime="0"    endTime="0.01" visibility="true"/>
            <part node="0>0|7|3" startTime="0.01" endTime="0.02" visibility="false"/>
            <part node="0>0|7|1" startTime="0" endTime="0.5" startRot="347.834 59.999 0" endRot="179.879 59.999 0" />
        </animation>
    </animations>

    <ridgeMarkers onlyActiveWhenLowered="true">
        <ridgeMarker animName="leftArm" />
        <ridgeMarker animName="rightArm" />
    </ridgeMarkers>

    <support animationName="moveSupport" />

    <lowerAnimation name="lowerAnimation" speed="1" />
    <cover animationName="toggleCover" openOnBuy="false"/>

    <ai>
        <needsLowering value="true" />
        <areaMarkers leftIndex="0>0|4|0|0" rightIndex="0>0|4|0|1" backIndex="0>0|4|0|2" />
        <sizeMarkers leftIndex="0>0|4|1|0" rightIndex="0>0|4|1|1" backIndex="0>0|4|1|2" />
        <trafficCollisionTrigger index="0>0|4|2" />
        <forceTurnNoBackward value="true"/>
        <toolReverserDirectionNode index="0>0|4|1|2" />
        <turningRadiusLimiation rotationJointNode="0>0|0|0" wheelIndices="6 8" />
    </ai>

    <washable dirtDuration="60" washDuration="1" workMultiplier="20" />

    <components count="3">
        <component1 centerOfMass="0 1 0" solverIterationCount="10" mrSetMass="2.8" /> <!-- body -->
        <component2 centerOfMass="0 0 0" solverIterationCount="20" mrSetMass="0.3" /> <!-- attacher -->
        <component3 centerOfMass="0 -0.1 0" solverIterationCount="10" mrSetMass="0.5" /> <!-- seeding ramp -->
        <joint component1="0" component2="1" index="0>0|0|0" rotLimit="0 0 0" transLimit="0 0 0" breakable="false"/>
        <joint component1="0" component2="2" index="0>0|2|3|4" rotLimit="0 0 0" transLimit="0 0 0" breakable="false" rotLimitSpring="150 9999999 150" rotLimitDamping="20 9999 20"/>
    </components>

    <schemaOverlay file="$dataS2/menu/schemas/implementSchema.png" fileSelected="$dataS2/menu/schemas/implementSchemaSelected.png" fileTurnedOn="$dataS2/menu/schemas/implementSchemaTurnedOn.png" fileSelectedTurnedOn="$dataS2/menu/schemas/implementSchemaSelectedTurnedOn.png" width="0.5" height="0.5" attacherJointPosition="0 0"/>

</vehicle>