﻿<?xml version="1.0" encoding="utf-8" standalone="no" ?>
<vehicle type="cultivator">
    <annotation>Copyright (C) GIANTS Software GmbH, All Rights Reserved.</annotation>
	
	<!-- MR
	
		configuration = 80mm width tines
		=> 80 to 100Hp per meter !
	
		change vehicle type to "subsoiler" (see "moreRealistic\data\vehiclesOverriding\_database.xml" file)
	
		neededPower
		price
		workingWidth
		
		speedLimit
		powerConsumer
		
		wheels
		
		mass and center of mass
	
	-->

    <storeData>
        <name>PERFORMER 4000</name>
        <specs>
            <neededPower>300</neededPower>
            <workingWidth>3.9</workingWidth>            
        </specs>
        <functions>
            <function>$l10n_function_cultivator</function>
        </functions>
        <image>store_kuhnPerformer4000.png</image>
        <price>35000</price>
        <dailyUpkeep>5</dailyUpkeep>
        <lifetime>600</lifetime>
        <rotation>0</rotation>
        <brand>KUHN</brand>
        <category>cultivators</category>
        <fieldJob sizeCategory="2" typeCategory="cultivator" />
        <vertexBufferMemoryUsage>4222640</vertexBufferMemoryUsage>
        <indexBufferMemoryUsage>1191228</indexBufferMemoryUsage>
        <textureMemoryUsage>13479200</textureMemoryUsage>
        <instanceVertexBufferMemoryUsage>0</instanceVertexBufferMemoryUsage>
        <instanceIndexBufferMemoryUsage>0</instanceIndexBufferMemoryUsage>
    </storeData>

    <typeDesc>$l10n_typeDesc_cultivator</typeDesc>
    <filename>vehicles/tools/kuhn/kuhnPerformer4000.i3d</filename>

    <size width="3.5" length="10"/>
    <speedLimit value="15" />

    <wheelConfigurations>
        <wheelConfiguration name="$l10n_configuration_valueDefault" price="0">
            <wheels>
                <wheel restLoad="2.4" repr="0>0|0|0|0" forcePointRatio="0.3" filename="$data/vehicles/wheels/trelleborg/TwinRadial_560_60R22_5.xml" isLeft="true"  initialCompression="0" suspTravel="0.15" spring="50" damper="8" hasTireTracks="true" hasParticles="true" />
                <wheel restLoad="2.4" repr="0>0|0|0|1" forcePointRatio="0.3" filename="$data/vehicles/wheels/trelleborg/TwinRadial_560_60R22_5.xml" isLeft="false" initialCompression="0" suspTravel="0.15" spring="50" damper="8" hasTireTracks="true" hasParticles="true" />
                <wheel restLoad="0.3" repr="0>0|5|3|0|0" forcePointRatio="0.3" radius="0.3" initialCompression="54" suspTravel="0.1" spring="50" damper="5" mass="0.1" isSynchronized="false" mrNotAWheel="true" />
                <wheel restLoad="0.3" repr="0>0|6|3|0|0" forcePointRatio="0.3" radius="0.3" initialCompression="54" suspTravel="0.1" spring="50" damper="5" mass="0.1" isSynchronized="false" mrNotAWheel="true" />
            </wheels>
        </wheelConfiguration>
    </wheelConfigurations>

    <axisColor>0.5860 0.0114 0.0094 1</axisColor>

    <brakeForce>1.5</brakeForce>

    <lights>
        <low>
            <light decoration="0>0|5|3|3|0|0|0|0" lightTypes="0 3" /> <!--BackLights-->
            <light decoration="0>0|6|3|3|0|0|0|0" lightTypes="0 3" /> <!--BackLights-->
            <light decoration="0>0|12|0|0"        lightTypes="0 3" /> <!--FrontLights-->
        </low>
        <high>
            <light realLight="0>0|5|3|3|0|0|0|1" decoration="0>0|5|3|3|0|0|0|0" lightTypes="0 3" /> <!--BackLights-->
            <light realLight="0>0|6|3|3|0|0|0|1" decoration="0>0|6|3|3|0|0|0|0" lightTypes="0 3" /> <!--BackLights-->
            <light                               decoration="0>0|12|0|0"        lightTypes="0 3" /> <!--FrontLights-->
        </high>
    </lights>

    <brakeLights>
        <brakeLight realLight="0>0|5|3|3|0|0|0|1" decoration="0>0|5|3|3|0|0|2|0" />
        <brakeLight realLight="0>0|6|3|3|0|0|0|1" decoration="0>0|6|3|3|0|0|2|0" />
    </brakeLights>

    <turnLights>
        <turnLightLeft realLight="0>0|5|3|3|0|0|1|1" decoration="0>0|5|3|3|0|0|1|0" />
        <turnLightRight realLight="0>0|6|3|3|0|0|1|1" decoration="0>0|6|3|3|0|0|1|0" />
    </turnLights>

    <workAreas>
        <workArea startIndex="0>0|9|0" widthIndex="0>0|9|1" heightIndex="0>0|9|2" refNodeIndex="0" type="cultivator" chargeValue="1" foldMinLimit="0" foldMaxLimit="0.1" />
    </workAreas>

    <groundReferenceNodes>
        <groundReferenceNode index="0>0|9|3" threshold="0.05" depthNode="0>0|9|3" />
    </groundReferenceNodes>

    <!-- recommended horsepower by manufacturer: 240 - 400 -->
    <powerConsumer neededPtoPower="0" forceNode="0>" maxForce="41" />

    <cultivatorSound file="$data/sounds/cultivatorSound.wav"              pitchOffset="1.00" volume="1.00" indoorVolumeFactor="0.55"/>
    <cylinderedHydraulicSound file="$data/sounds/cultivatorHydraulic.wav" pitchOffset="1.00" volume="1.00" indoorVolumeFactor="0.75" />

    <inputAttacherJoints>
        <inputAttacherJoint jointType="trailerLow" index="0>0|2|0" attacherHeight="0.6" />
    </inputAttacherJoints>

    <speedRotatingParts>
        <speedRotatingPart index="0>0|5|3|0|1"   radius="0.32" foldMinLimit="0" foldMaxLimit="0.1" refNodeIndex="0"/>
        <speedRotatingPart index="0>0|6|3|0|1"   radius="0.32" foldMinLimit="0" foldMaxLimit="0.1" refNodeIndex="0"/>

        <speedRotatingPart shaderNode="0>0|5|1|0|0"  radius="-0.2" foldMinLimit="0" foldMaxLimit="0.1" refNodeIndex="0"/>
        <speedRotatingPart shaderNode="0>0|5|1|0|1"  radius="-0.2" foldMinLimit="0" foldMaxLimit="0.1" refNodeIndex="0"/>
        <speedRotatingPart shaderNode="0>0|6|1|0|0"  radius="-0.2" foldMinLimit="0" foldMaxLimit="0.1" refNodeIndex="0"/>
        <speedRotatingPart shaderNode="0>0|6|1|0|1"  radius="-0.2" foldMinLimit="0" foldMaxLimit="0.1" refNodeIndex="0"/>
        <speedRotatingPart shaderNode="0>0|5|4|1"  radius="-0.2" foldMinLimit="0" foldMaxLimit="0.1" refNodeIndex="0"/>
        <speedRotatingPart shaderNode="0>0|5|4|2"  radius="-0.2" foldMinLimit="0" foldMaxLimit="0.1" refNodeIndex="0"/>
        <speedRotatingPart shaderNode="0>0|6|4|1"  radius="-0.2" foldMinLimit="0" foldMaxLimit="0.1" refNodeIndex="0"/>
        <speedRotatingPart shaderNode="0>0|6|4|2"  radius="-0.2" foldMinLimit="0" foldMaxLimit="0.1" refNodeIndex="0"/>
    </speedRotatingParts>

    <foldingParts startMoveDirection="1" foldMiddleAnimTime="0.1648" >
        <foldingPart animationName="folding" speedScale="1" />
    </foldingParts>

    <movingTools>
        <!-- folding -->
        <movingTool index="0>0|5" wheelIndices="3">
            <dependentPart index="0>0|7" />
        </movingTool>
        <movingTool index="0>0|6" wheelIndices="3">
            <dependentPart index="0>0|8" />
        </movingTool>

        <!-- lowerAnimation -->
        <movingTool index="0>0|0" wheelIndices="1 2">
            <dependentPart index="0>0|0|1"/>
        </movingTool>

        <movingTool index="0>0|5|1">
            <dependentPart index="0>0|5|5"/>
        </movingTool>
        <movingTool index="0>0|5|3" wheelIndices="3">
            <dependentPart index="0>0|5|6"/>
        </movingTool>
        <movingTool index="0>0|5|4">
            <dependentPart index="0>0|5|3|2"/>
        </movingTool>
        <movingTool index="0>0|6|1">
            <dependentPart index="0>0|6|5"/>
        </movingTool>
        <movingTool index="0>0|6|3" wheelIndices="4">
            <dependentPart index="0>0|6|6"/>
        </movingTool>
        <movingTool index="0>0|6|4">
            <dependentPart index="0>0|6|3|2"/>
        </movingTool>
        <movingTool index="0>0|5|8|0">
            <dependentPart index="0>0|5|8|0|0"/>
            <dependentPart index="0>0|5|8|0|1"/>
        </movingTool>

        <movingTool index="0>0|2" >
            <inputAttacherJoint value="true" />
            <dependentPart index="0>0|2|1" />
        </movingTool>
    </movingTools>

    <movingParts>
        <!-- folding -->
        <movingPart index="0>0|7" referencePoint="0>0|5|0" referenceFrame="0>0|5" playSound="true" >
            <translatingPart index="0>0|7|0" />
        </movingPart>
        <movingPart index="0>0|8" referencePoint="0>0|6|0" referenceFrame="0>0|6" playSound="true" >
            <translatingPart index="0>0|8|0" />
        </movingPart>

        <movingPart index="0>0|0|1" referencePoint="0>0|1" referenceFrame="0>0|1" playSound="true" >
            <translatingPart index="0>0|0|1|0" />
        </movingPart>

        <movingPart index="0>0|2|1" referencePoint="0>0|3" referenceFrame="0>0|3" playSound="true" >
            <translatingPart index="0>0|2|1|0" />
        </movingPart>

        <movingPart index="0>0|5|5" referencePoint="0>0|5|1|1" referenceFrame="0>0|5|1|1" playSound="true" >
            <translatingPart index="0>0|5|5|0" />
        </movingPart>
        <movingPart index="0>0|5|6" referencePoint="0>0|5|3|1" referenceFrame="0>0|5|3|1" playSound="true" >
            <translatingPart index="0>0|5|6|0" />
        </movingPart>
        <movingPart index="0>0|5|3|2" referencePoint="0>0|5|4|0" referenceFrame="0>0|5|4|0" useLocalOffset="true" playSound="true" >
            <translatingPart index="0>0|5|3|2|0" />
        </movingPart>

        <movingPart index="0>0|6|5" referencePoint="0>0|6|1|1" referenceFrame="0>0|6|1|1" playSound="true" >
            <translatingPart index="0>0|6|5|0" />
        </movingPart>
        <movingPart index="0>0|6|6" referencePoint="0>0|6|3|1" referenceFrame="0>0|6|3|1" playSound="true" >
            <translatingPart index="0>0|6|6|0" />
        </movingPart>
        <movingPart index="0>0|6|3|2" referencePoint="0>0|6|4|0" referenceFrame="0>0|6|4|0" useLocalOffset="true" playSound="true" >
            <translatingPart index="0>0|6|3|2|0" />
        </movingPart>

        <!-- lock machanism -->
        <movingPart index="0>0|5|8|0|0" referencePoint="0>0|5|8|1" referenceFrame="0>0|5|8|1" playSound="true" >
            <translatingPart index="0>0|5|8|0|0|0" />
        </movingPart>
        <movingPart index="0>0|5|8|0|1" referencePoint="0>0|5|8|2" referenceFrame="0>0|5|8|2" scaleZ="true"/>
    </movingParts>

    <animations>
        <animation name="moveSupport">
            <part node="0>0|4" startTime="0" endTime="0.2" startTrans="0 0.475 2.619" endTrans="0 -0.198 2.619" />
        </animation>
        <animation name="folding">
            <!-- lowering -->
            <part node="0>0|0"     startTime="0" endTime="1.5" startRot="-40 0 0" endRot="0 0 0"/>
            <part node="0>0|0|0"   startTime="0" endTime="1.5" startRot="40 0 0" endRot="0 0 0"/>
            <part node="0>0|2"     startTime="0" endTime="1.5" startRot="-10 0 0" endRot="0 0 0"/>
            <part node="0>0|5|1"   startTime="0" endTime="1"   startRot="4 0 0" endRot="-15 0 0"/>
            <part node="0>0|5|2"   startTime="0" endTime="1"   startRot="4 0 0" endRot="-15 0 0"/>
            <part node="0>0|5|1|0" startTime="0" endTime="1"   startRot="-4 0 0" endRot="15 0 0"/>
            <part node="0>0|6|1"   startTime="0" endTime="1"   startRot="4 0 0" endRot="-15 0 0"/>
            <part node="0>0|6|2"   startTime="0" endTime="1"   startRot="4 0 0" endRot="-15 0 0"/>
            <part node="0>0|6|1|0" startTime="0" endTime="1"   startRot="-4 0 0" endRot="15 0 0"/>

            <!-- folding -->
            <part node="0>0|5|1"     startTime="2.5" endTime="3.5" startRot="-15 0 0" endRot="10 0 0"/>
            <part node="0>0|5|2"     startTime="2.5" endTime="3.5" startRot="-15 0 0" endRot="10 0 0"/>
            <part node="0>0|5|1|0"   startTime="2.5" endTime="3.5" startRot="15 0 0"  endRot="-10 0 0"/>
            <part node="0>0|6|1"     startTime="2.5" endTime="3.5" startRot="-15 0 0" endRot="10 0 0"/>
            <part node="0>0|6|2"     startTime="2.5" endTime="3.5" startRot="-15 0 0" endRot="10 0 0"/>
            <part node="0>0|6|1|0"   startTime="2.5" endTime="3.5" startRot="15 0 0"  endRot="-10 0 0"/>
            <part node="0>0|5|3"     startTime="2.5" endTime="3.5" startRot="0 0 0"  endRot="-7 0 0"/>
            <part node="0>0|5|4"     startTime="2.5" endTime="3.5" startRot="0 0 0"  endRot="-7 0 0"/>
            <part node="0>0|6|3"     startTime="2.5" endTime="3.5" startRot="0 0 0"  endRot="-7 0 0"/>
            <part node="0>0|6|4"     startTime="2.5" endTime="3.5" startRot="0 0 0"  endRot="-7 0 0"/>
            <part node="0>0|9|3"     startTime="4.0" endTime="4.5" startTrans="0 -0.688 0.145" endTrans="0 0 0.145"/>
            <part node="0>0|5"       startTime="4.0" endTime="8.9" startRot="0 0 0" endRot="0 0 90"/>
            <part node="0>0|5|3|3|0" startTime="4.0" endTime="8.9" startRot="0 0 0" endRot="0 0 -90"/>
            <part node="0>0|6"       startTime="4.2" endTime="9.0" startRot="0 0 0" endRot="0 0 -90"/>
            <part node="0>0|6|3|3|0" startTime="4.2" endTime="9.0" startRot="0 0 0" endRot="0 0 90"/>
            <part node="0>0|5|8|0"     startTime="8.8" endTime="9.0" startRot="0 0 0" endRot="0 0 -20"/>
            <part node="0>0|5|8|0"     startTime="9.0" endTime="9.1" startRot="0 0 -20" endRot="0 0 0"/>

            <part node="0>0|15" startTime="4.0" endTime="9.1" startRot="0 0 0" endRot="2.922 -2.096 -23.88" startTrans="-0.397 0.697 -2.343" endTrans="-0.031 0.741 -2.346" />
            <part node="0>0|16" startTime="4.0" endTime="9.1" startRot="0 0 0" endRot="2.922 -2.096 23.88" startTrans="0.397 0.697 -2.343" endTrans="0.031 0.741 -2.346" />
        </animation>
    </animations>

    <support animationName="moveSupport" />

    <groundParticleAnimations>
        <groundParticleAnimation>
            <node index="0>0|11|0" refNodeIndex="0" materialType="SOIL" />
            <node index="0>0|5|7|0" refNodeIndex="0" materialType="SOIL" />
            <node index="0>0|6|8|0" refNodeIndex="0" materialType="SOIL" />
            <node index="0>0|5|4|3|0" refNodeIndex="0" materialType="SOIL" />
            <node index="0>0|6|4|3|0" refNodeIndex="0" materialType="SOIL" />
            <node index="0>0|5|1|0|2|0" refNodeIndex="0" materialType="SOIL" />
            <node index="0>0|6|1|0|2|0" refNodeIndex="0" materialType="SOIL" />
        </groundParticleAnimation>

        <groundParticle>
            <node index="0>0|11|1" refNodeIndex="0" particleType="SOIL"   />
            <node index="0>0|11|2" refNodeIndex="0" particleType="SOIL_SMOKE"       emitCountScale="2.0" />
            <node index="0>0|11|3" refNodeIndex="0" particleType="SOIL_CHUNKS"      worldSpace="false" />
            <node index="0>0|11|4" refNodeIndex="0" particleType="SOIL_BIG_CHUNKS"  worldSpace="false" />
            <node index="0>0|5|7|1" refNodeIndex="0" particleType="SOIL"   />
            <node index="0>0|5|7|2" refNodeIndex="0" particleType="SOIL_SMOKE"       emitCountScale="2.0" />
            <node index="0>0|5|7|3" refNodeIndex="0" particleType="SOIL_CHUNKS"      worldSpace="false" />
            <node index="0>0|5|7|4" refNodeIndex="0" particleType="SOIL_BIG_CHUNKS"  worldSpace="false" />
            <node index="0>0|6|8|1" refNodeIndex="0" particleType="SOIL"   />
            <node index="0>0|6|8|2" refNodeIndex="0" particleType="SOIL_SMOKE"       emitCountScale="2.0" />
            <node index="0>0|6|8|3" refNodeIndex="0" particleType="SOIL_CHUNKS"      worldSpace="false" />
            <node index="0>0|6|8|4" refNodeIndex="0" particleType="SOIL_BIG_CHUNKS"  worldSpace="false" />
            <node index="0>0|5|4|3|1" refNodeIndex="0" particleType="SOIL"   />
            <node index="0>0|5|4|3|2" refNodeIndex="0" particleType="SOIL_CHUNKS"      worldSpace="false" />
            <node index="0>0|6|4|3|1" refNodeIndex="0" particleType="SOIL"   />
            <node index="0>0|6|4|3|2" refNodeIndex="0" particleType="SOIL_CHUNKS"      worldSpace="false" />
            <node index="0>0|5|1|0|2|1" refNodeIndex="0" particleType="SOIL"   />
            <node index="0>0|5|1|0|2|2" refNodeIndex="0" particleType="SOIL_CHUNKS"      worldSpace="false" />
            <node index="0>0|6|1|0|2|1" refNodeIndex="0" particleType="SOIL"   />
            <node index="0>0|6|1|0|2|2" refNodeIndex="0" particleType="SOIL_CHUNKS"      worldSpace="false" />
        </groundParticle>
    </groundParticleAnimations>

   <ai>
        <areaMarkers leftIndex="0>0|10|0|0" rightIndex="0>0|10|0|1" backIndex="0>0|10|0|2" />
        <sizeMarkers leftIndex="0>0|10|1|0" rightIndex="0>0|10|1|1" backIndex="0>0|10|1|2" />
        <trafficCollisionTrigger index="0>0|10|2" />
        <needsLowering value="true"/>
        <forceTurnNoBackward value="true" />
        <toolReverserDirectionNode index="0>0|10|1|2" />
        <turningRadiusLimitation rotationJointNode="0>0|2|0" wheelIndices="0 1" />
    </ai>

    <washable dirtDuration="30" washDuration="1" workMultiplier="20" />

    <components count="1">
        <component1 centerOfMass="0 0.6 -0.6" solverIterationCount="10" mrSetMass="6.7" />
    </components>

    <schemaOverlay file="$dataS2/menu/schemas/implementSchema.png" fileSelected="$dataS2/menu/schemas/implementSchemaSelected.png" width="0.5" height="0.5" attacherJointPosition="0 0"/>

</vehicle>
