﻿<?xml version="1.0" encoding="utf-8" standalone="no" ?>
<vehicle type="mower_animated">
    <annotation>Copyright (C) GIANTS Software GmbH, All Rights Reserved.</annotation>
	
	<!-- mr
		
		neededPower
	
		power consumer
		max speed before "overrunning" the disc = 30kph
		
		mass/center of mass/limitSpring
		
		added 2 dummywheels to avoid "steering" the tractor when the mower shape collide with the ground
	
	-->
	
	<moreRealistic>
		<mower cuttingDependantPtoPower="5" /> <!-- disc cutter + no conditionner -->
	</moreRealistic>

    <storeData>
        <name>GMD 4411</name>
        <specs>
            <neededPower>120</neededPower>
            <workingWidth>4.3</workingWidth>            
        </specs>
        <functions>
            <function>$l10n_function_mower</function>
        </functions>
        <image>store_kuhnGMD4411.png</image>
        <price>16000</price>
        <dailyUpkeep>30</dailyUpkeep>
        <lifetime>600</lifetime>
        <rotation>0</rotation>
        <brand>KUHN</brand>
        <category>mowers</category>
        <vertexBufferMemoryUsage>907456</vertexBufferMemoryUsage>
        <indexBufferMemoryUsage>156804</indexBufferMemoryUsage>
        <textureMemoryUsage>10289624</textureMemoryUsage>
        <instanceVertexBufferMemoryUsage>0</instanceVertexBufferMemoryUsage>
        <instanceIndexBufferMemoryUsage>0</instanceIndexBufferMemoryUsage>
    </storeData>

    <typeDesc>$l10n_typeDesc_mower</typeDesc>
    <filename>vehicles/tools/kuhn/kuhnGMD4411.i3d</filename>

    <size width="3" widthOffset="-0.1" length="7" lengthOffset="-2.7" />
    <powerConsumer ptoRpm="540" neededPtoPower="15" forceNode="0>" maxForce="2.6" />
    <speedLimit value="30" />
	
	
	<wheelConfigurations>
        <wheelConfiguration name="$l10n_configuration_valueDefault" price="0">
            <wheels>
				<wheel repr="1>" mrPositionX="1.5" mrPositionY="0" mrPositionZ="0" radius="0.25" deltaY="0" suspTravel="0.2" spring="20" damper="1" mrLateralStiffnessScale="0.01"  mrDummyWheel="true" />
				<wheel repr="1>" mrPositionX="-1.8" mrPositionY="0" mrPositionZ="0" radius="0.25" deltaY="0" suspTravel="0.2" spring="20" damper="1" mrLateralStiffnessScale="0.01" mrDummyWheel="true" />
			</wheels>
        </wheelConfiguration>
    </wheelConfigurations>
	

    <lights>
        <low>
            <light                               decoration="0>0|4|0|1|0|5|0|0" lightTypes="0 3" />
        </low>
        <high>
            <light realLight="0>0|4|0|1|0|5|0|1" decoration="0>0|4|0|1|0|5|0|0" lightTypes="0 3" />
        </high>
    </lights>

    <brakeLights>
        <brakeLight realLight="0>0|4|0|1|0|5|0|1" decoration="0>0|4|0|1|0|5|1|0" />
    </brakeLights>

    <workAreas>
        <workArea startIndex="0>0|4|0|1|0|2|0|0" widthIndex="0>0|4|0|1|0|2|0|1" heightIndex="0>0|4|0|1|0|2|0|2" foldMinLimit="0" foldMaxLimit="0.1" refNodeIndex="0" type="mower" disableBackwards="false" />
        <workArea startIndex="0>0|4|0|1|0|2|1|0" widthIndex="0>0|4|0|1|0|2|1|1" heightIndex="0>0|4|0|1|0|2|1|2" type="mowerDrop" disableBackwards="false" />
    </workAreas>

    <groundReferenceNodes>
        <groundReferenceNode index="1>1" threshold="0.3" />
    </groundReferenceNodes>

    <inputAttacherJoints>
        <inputAttacherJoint index="0>0|0" jointType="implement" topReferenceNode="0>0|1" lowerDistanceToGround="0.8" upperDistanceToGround="0.8" upperRotationOffset="4" lowerTransLimitScale="0 0 0" lowerRotLimitScale="0 0 0" ptoInputNode="0>0|2" allowsLowering="false" rotLimitSpring="0 0 600" />
    </inputAttacherJoints>

    <mowerStartSound file="$data/sounds/mower_start.wav"                   pitchOffset="1.00" volume="0.95" indoorVolumeFactor="0.50"  />
    <mowerSound file="$data/sounds/mower_work.wav"                         pitchOffset="1.20" volume="1.00" indoorVolumeFactor="0.50"  cuttingPitchOffset="1.05" />
    <mowerStopSound file="$data/sounds/mower_stop.wav"                     pitchOffset="1.00" volume="1.00" indoorVolumeFactor="0.50"/>
    <cylinderedHydraulicSound file="$data/sounds/cultivatorHydraulic.wav"  pitchOffset="0.76" volume="1.10" indoorVolumeFactor="0.50" />

    <turnedOnRotationNodes>
        <turnedOnRotationNode index="0>0|4|0|1|0|1|0" rotAxis="2" type="mower" rotSpeed="-3000" turnOnFadeTime="3" turnOffFadeTime="6" />
        <turnedOnRotationNode index="0>0|4|0|1|0|1|1" rotAxis="2" type="mower" rotSpeed="3000"  turnOnFadeTime="3" turnOffFadeTime="6" />
        <turnedOnRotationNode index="0>0|4|0|1|0|1|2" rotAxis="2" type="mower" rotSpeed="-3000" turnOnFadeTime="3" turnOffFadeTime="6" />
        <turnedOnRotationNode index="0>0|4|0|1|0|1|3" rotAxis="2" type="mower" rotSpeed="3000"  turnOnFadeTime="3" turnOffFadeTime="6" />
        <turnedOnRotationNode index="0>0|4|0|1|0|1|4" rotAxis="2" type="mower" rotSpeed="-3000" turnOnFadeTime="3" turnOffFadeTime="6" />
        <turnedOnRotationNode index="0>0|4|0|1|0|1|5" rotAxis="2" type="mower" rotSpeed="3000"  turnOnFadeTime="3" turnOffFadeTime="6" />
        <turnedOnRotationNode index="0>0|4|0|1|0|1|6" rotAxis="2" type="mower" rotSpeed="-3000" turnOnFadeTime="3" turnOffFadeTime="6" />
        <turnedOnRotationNode index="0>0|4|0|1|0|1|7" rotAxis="2" type="mower" rotSpeed="3000"  turnOnFadeTime="3" turnOffFadeTime="6" />
        <turnedOnRotationNode index="0>0|4|0|1|0|1|8" rotAxis="2" type="mower" rotSpeed="-3000" turnOnFadeTime="3" turnOffFadeTime="6" />
        <turnedOnRotationNode index="0>0|4|0|1|0|1|9" rotAxis="2" type="mower" rotSpeed="3000"  turnOnFadeTime="3" turnOffFadeTime="6" />
    </turnedOnRotationNodes>

    <foldingParts foldMiddleAnimTime="0.14" startAnimTime="1" turnOnFoldMaxLimit="0.25" turnOnFoldMinLimit="0" turnOffOnFold="true" turnOnFoldDirection="-1" detachingMinLimit="0.95" detachingMaxLimit="1">
        <foldingPart animationName="folding" speedScale="0.6" />
    </foldingParts>

    <animations>
        <animation name="folding">
            <!-- lowering -->
            <part componentJointIndex="0" startTime="0.0" endTime="0.7" startTransLimit="0 0.4 0" startRotLimit="0 0 9" endTransLimit="0 0 0" endRotLimit="0 0 0" />
            <part node="0>0|4|0|0"        startTime="0.0" endTime="0.7" startRot="0 0 0"   endRot="0 0 -10" />
            <!-- folding -->
            <part node="0>0|4|0"          startTime="0.7" endTime="5.0" startRot="0 0 0"   endRot="0 -90 0" />
            <part node="0>0|4|0|0"        startTime="0.7" endTime="5.0" startRot="0 0 -10"   endRot="0 0 -15" />
        </animation>
        <animation name="moveSupport">
            <part node="0>0|3|2"   startTime="0" endTime="0.6" startTrans="0 0.425 0" endTrans="0 0 0"/>
            <part node="0>0|3|0"   startTime="0" endTime="0.6" startRot="0 0 0" endRot="0 0 -105"/>
            <part node="0>0|3|1"   startTime="0" endTime="0.6" startRot="0 0 0" endRot="0 0 -122.815"/>
            <part node="0>0|4|0|0" startTime="0" endTime="0.6" startRot="0 0 -15" endRot="0 0 -5" />
            <part node="0>0|4|0|0|0|0" startTime="0" endTime="0.6" startRot="0 0 6" endRot="0 0 3" />
        </animation>
    </animations>

    <movingTools>
        <movingTool index="0>0|4|0" playSound="true">
            <componentJoint index="0" anchorActor="0" />
        </movingTool>
        <movingTool index="0>0|4|0|0" playSound="true">
            <componentJoint index="0" anchorActor="0" />
        </movingTool>
        <movingTool index="0>0|4|0|0|0" playSound="true">
            <componentJoint index="0" anchorActor="0" />
        </movingTool>
    </movingTools>

    <movingParts isActiveDirtyTimeOffset="1">
        <!-- arm -->
        <movingPart index="0>0|4|0|1" referencePoint="1>0" referenceFrame="1>0" isActiveDirty="true">
            <dependentPart index="0>0|4|0|1|0" />
            <dependentPart index="0>0|4|0|1|3" />
            <dependentPart index="0>0|4|0|1|2" />
            <dependentPart index="0>0|7" />
            <dependentPart index="0>0|4|0|1|0|7|0" />
            <dependentPart index="0>0|8" />
        </movingPart>
        <movingPart index="0>0|4|0|1|0|7|0" referencePoint="0>0|8" referenceFrame="0>" />
        <movingPart index="0>0|8" referencePoint="0>0|4|0|1|0|7|0" referenceFrame="0>" />

        <!-- mower -->
        <movingPart index="0>0|4|0|1|0" referenceFrame="1>" >
            <dependentPart index="0>0|4|0|1|1" />
            <!-- <dependentPart index="0>0|5|2" /> -->
        </movingPart>
        <!-- hydraulic -->
        <movingPart index="0>0|4|0|1|3" referencePoint="0>0|6" referenceFrame="0>">
            <translatingPart index="0>0|4|0|1|3|0" />
        </movingPart>
        <movingPart index="0>0|4|0|1|2" referencePoint="0>0|5" referenceFrame="0>">
            <translatingPart index="0>0|4|0|1|2|0" />
        </movingPart>
        <movingPart index="0>0|7" referencePoint="0>0|4|0|2" referenceFrame="0>">
            <translatingPart index="0>0|7|0" />
        </movingPart>
        <movingPart index="0>0|4|0|1|1" referencePoint="0>0|4|0|1|0|0" referenceFrame="0>0|4|0|1|0|0">
            <translatingPart index="0>0|4|0|1|1|0" />
        </movingPart>


    </movingParts>

    <support animationName="moveSupport" />

    <mowerEffects>
        <mowerEffect mowerCutArea="0">
            <effectNode effectNode="0>0|4|0|1|0|4|0" materialType="mower"   materialTypeId="1" delay="0" />
       </mowerEffect>
    </mowerEffects>

    <ai>
        <needsLowering value="true" />
        <areaMarkers leftIndex="0>0|4|0|1|0|3|0|0" rightIndex="0>0|4|0|1|0|3|0|1" backIndex="0>0|4|0|1|0|3|0|2" />
        <trafficCollisionTrigger index="0>0|4|0|1|0|3|1" />
    </ai>

    <washable dirtDuration="90" washDuration="1" workMultiplier="4" />

    <components count="2">
        <component1 centerOfMass="0.35 0.7 0" solverIterationCount="10" mrSetMass="0.52" />
        <component2 centerOfMass="0.1 0.4 0" solverIterationCount="10" mrSetMass="0.6" />
        <joint component1="0" component2="1" index="0>0|4|0|0|0|0" rotLimit="0 0 0" transLimit="0 0 0" rotLimitSpring="1000 500 50" rotLimitDamping="10 10 3" transLimitSpring="1000 500 1000" />
    </components>

    <schemaOverlay file="$dataS2/menu/schemas/implementSchema.png" fileSelected="$dataS2/menu/schemas/implementSchemaSelected.png" fileTurnedOn="$dataS2/menu/schemas/implementSchemaTurnedOn.png" fileSelectedTurnedOn="$dataS2/menu/schemas/implementSchemaSelectedTurnedOn.png" width="0.5" height="0.5" attacherJointPosition="0 0"/>

</vehicle>