﻿<?xml version="1.0" encoding="utf-8" standalone="no" ?>
<vehicle type="cultivator">
    <annotation>Copyright (C) GIANTS Software GmbH, All Rights Reserved.</annotation>
	
	<!-- mr
	mrNotAWheel="true" frictionScale="0.05"
	powerConsumer
	speedLimit
	inputAttacherJoint lowerDistanceToGround upperDistanceToGround upperRotationOffset lowerRotLimitScale rotLimitSpring
	center of mass
	-->

    <storeData>
        <name>CULTIMER L 300</name>
        <specs>
            <neededPower>120</neededPower>
            <workingWidth>3.0</workingWidth>
        </specs>
        <functions>
            <function>$l10n_function_cultivator</function>
        </functions>
        <image>data/store/store_kuhnCultimerL300.png</image>
        <price>9400</price>
        <dailyUpkeep>5</dailyUpkeep>
        <lifetime>600</lifetime>
        <rotation>0</rotation>
        <brand>KUHN</brand>
        <category>cultivators</category>
        <fieldJob sizeCategory="1" typeCategory="cultivator" />
        <vertexBufferMemoryUsage>1158032</vertexBufferMemoryUsage>
        <indexBufferMemoryUsage>195828</indexBufferMemoryUsage>
        <textureMemoryUsage>9088184</textureMemoryUsage>
        <instanceVertexBufferMemoryUsage>0</instanceVertexBufferMemoryUsage>
        <instanceIndexBufferMemoryUsage>0</instanceIndexBufferMemoryUsage>
    </storeData>

    <typeDesc>$l10n_typeDesc_cultivator</typeDesc>
    <filename>data/vehicles/tools/kuhn/kuhnCultimerL300.i3d</filename>

    <size width="4" length="3.5"/>
    <speedLimit value="15" />

    <wheelConfigurations>
        <wheelConfiguration name="$l10n_configuration_valueDefault" price="0">
            <wheels>
                <wheel rotSpeed="0" restLoad="0.4" repr="0>0|0" forcePointRatio="0.2" radius="0.28" mass="0.1" initialCompression="30" suspTravel="0.05" spring="21" damper="50" isSynchronized="false" mrNotAWheel="true" frictionScale="0.05" />
                <wheel rotSpeed="0" restLoad="0.4" repr="0>0|1" forcePointRatio="0.2" radius="0.28" mass="0.1" initialCompression="30" suspTravel="0.05" spring="21" damper="50" isSynchronized="false" mrNotAWheel="true" frictionScale="0.05" />
            </wheels>
        </wheelConfiguration>
    </wheelConfigurations>

    <lights>
        <low>
            <light                       decoration="0>1|2|0|0" lightTypes="0 3" />
        </low>
        <high>
            <light realLight="0>1|2|0|1" decoration="0>1|2|0|0" lightTypes="0 3" />
        </high>
    </lights>

    <brakeLights>
        <brakeLight realLight="0>1|2|0|1" decoration="0>1|2|2|0" />
    </brakeLights>

    <turnLights>
        <turnLightLeft realLight="0>1|2|1|0|1" decoration="0>1|2|1|0|0" />
        <turnLightRight realLight="0>1|2|1|1|1" decoration="0>1|2|1|1|0" />
        <turnLightLeft realLight="0>1|2|1|0|2" />
        <turnLightRight realLight="0>1|2|1|1|2" />
    </turnLights>

    <workAreas>
        <workArea startIndex="0>1|3|0" widthIndex="0>1|3|1" heightIndex="0>1|3|2" refNodeIndex="0" type="cultivator" chargeValue="1" foldMinLimit="0" foldMaxLimit="1"/>
    </workAreas>

    <groundReferenceNodes>
        <groundReferenceNode index="0>" threshold="0.1" depthNode="0>1|5|1" chargeValue="1" />
    </groundReferenceNodes>
    
    <powerConsumer neededPtoPower="0" forceNode="0>" maxForce="17" />

    <cultivatorSound file="$data/sounds/cultivatorSound.wav" pitchOffset="1.00" volume="1.00" indoorVolumeFactor="0.55"/>

    <inputAttacherJoints>
        <inputAttacherJoint index="0>1|0" jointType="implement" topReferenceNode="0>1|1" lowerDistanceToGround="0.53" upperDistanceToGround="0.95" upperRotationOffset="17" lowerRotLimitScale="0.1 0 0.4" rotLimitSpring="300 0 1000" />
    </inputAttacherJoints>

    <groundParticleAnimations>
        <groundParticleAnimation>
            <node index="0>1|5|0|0" refNodeIndex="0" materialType="SOIL" />
        </groundParticleAnimation>

        <groundParticle>
            <node index="0>1|5|0|1" refNodeIndex="0" particleType="SOIL" worldSpace="false" />
            <node index="0>1|5|0|2" refNodeIndex="0" particleType="SOIL_SMOKE"  />
            <node index="0>1|5|0|3" refNodeIndex="0" particleType="SOIL_CHUNKS"     worldSpace="false" />
            <node index="0>1|5|0|4" refNodeIndex="0" particleType="SOIL_BIG_CHUNKS" worldSpace="false" />
        </groundParticle>
    </groundParticleAnimations>

    <speedRotatingParts>
        <speedRotatingPart index="0>1|6|0"     radius="0.288" refNodeIndex="0" />
        <speedRotatingPart index="0>1|6|1|0"   radius="0.227" refNodeIndex="0" />
        <speedRotatingPart index="0>1|6|1|1"   radius="0.227" refNodeIndex="0" />
        <speedRotatingPart index="0>1|6|1|2"   radius="0.227" refNodeIndex="0" />
        <speedRotatingPart index="0>1|6|2|0"   radius="0.227" refNodeIndex="0" />
        <speedRotatingPart index="0>1|6|2|1"   radius="0.227" refNodeIndex="0" />
        <speedRotatingPart index="0>1|6|2|2"   radius="0.227" refNodeIndex="0" />
        <speedRotatingPart index="0>1|6|3|0|0" radius="0.227" refNodeIndex="0" />
        <speedRotatingPart index="0>1|6|4|0|0" radius="0.227" refNodeIndex="0" />
    </speedRotatingParts>

    <foldingParts startMoveDirection="0" turnOnFoldDirection="-1" >
        <foldingPart animationName="folding" speedScale="1" />
    </foldingParts>

    <animations>
        <animation name="moveSupport">
            <part node="0>1|7" startTime="0.0" endTime="0.50" startTrans="0 0.3 0" endTrans="0 0 0" />
        </animation>
        <animation name="folding">
            <part node="0>1|6|3" startTime="0" endTime="1.5" startTrans="1.248 0.698 -0.551"  endTrans="0.962 0.698 -0.551"/>
            <part node="0>1|6|4" startTime="0" endTime="1.5" startTrans="-1.248 0.698 -0.551" endTrans="-0.962 0.698 -0.551"/>
        </animation>
    </animations>

    <support animationName="moveSupport" />

    <washable dirtDuration="30" washDuration="1" workMultiplier="20" />

    <ai>
        <needsLowering value="true" />
        <areaMarkers leftIndex="0>1|4|0" rightIndex="0>1|4|1" backIndex="0>1|4|2" />
    </ai>

    <components count="1">
        <component1 centerOfMass="0 0.7 0" solverIterationCount="10" />
    </components>

    <schemaOverlay file="$dataS2/menu/schemas/implementSchema.png" fileSelected="$dataS2/menu/schemas/implementSchemaSelected.png" width="0.5" height="0.5" attacherJointPosition="0 0"/>

</vehicle>