﻿<?xml version="1.0" encoding="utf-8" standalone="no" ?>
<vehicle type="cutter_animated">
    <annotation>Copyright (C) GIANTS Software GmbH, All Rights Reserved.</annotation>
	
	<!-- MR
	
		powerConsumer
		speedLimit
		inputAttacherJoint
		center of mass
		mass
		
		price
		
		<mrDebug>			
		<drawPoint centerOfMass="0>" />			
	</mrDebug>
			
	-->
	
	

    <storeData>
        <name>Z056H</name>
        <specs>
            <workingWidth>4.20</workingWidth>
            <combination>Z056</combination>
        </specs>
        <functions>
            <function>$l10n_function_cutter</function>
        </functions>
        <image>store_bizonZ056Header.png</image>
        <price>13000</price>
        <dailyUpkeep>35</dailyUpkeep>
        <lifetime>600</lifetime>
        <rotation>0</rotation>
        <brand>BIZON</brand>
        <category>cutters</category>
        <fieldJob sizeCategory="1" typeCategory="cutter" >
            <dependency filename="vehicles/steerable/bizon/bizonZ056.xml" />
        </fieldJob>
        <vertexBufferMemoryUsage>684224</vertexBufferMemoryUsage>
        <indexBufferMemoryUsage>97410</indexBufferMemoryUsage>
        <textureMemoryUsage>9022488</textureMemoryUsage>
        <instanceVertexBufferMemoryUsage>0</instanceVertexBufferMemoryUsage>
        <instanceIndexBufferMemoryUsage>0</instanceIndexBufferMemoryUsage>
    </storeData>

    <typeDesc>$l10n_typeDesc_cutter</typeDesc>
    <filename>vehicles/cutters/bizon/bizonZ056Header.i3d</filename>

    <size width="5" length="2.5" />
    <speedLimit value="12" />
    <powerConsumer ptoRpm="540" neededPtoPower="9" areaDependantPtoPower="53" />

    <turnedOnRotationNodes>
        <turnedOnRotationNode index="0>1|2|0|0"     type="cutter" rotSpeed="200" rotAxis="1" turnOnFadeTime="1" turnOffFadeTime="1" />
        <turnedOnRotationNode index="0>1|2|0|1"     type="cutter" rotSpeed="400" rotAxis="1" turnOnFadeTime="1" turnOffFadeTime="1" />
        <turnedOnRotationNode index="0>1|2|0|2"     type="cutter" rotSpeed="200" rotAxis="1" turnOnFadeTime="1" turnOffFadeTime="1" />
        <turnedOnRotationNode index="0>1|2|0|3"     type="cutter" rotSpeed="800" rotAxis="1" turnOnFadeTime="1" turnOffFadeTime="1" />

        <turnedOnRotationNode index="0>1|0"   type="cutter" rotSpeed="400" rotAxis="1" turnOnFadeTime="1" turnOffFadeTime="1" />
        <turnedOnRotationNode index="0>1|1"   type="cutter" rotSpeed="400" rotAxis="1" turnOnFadeTime="1" turnOffFadeTime="1" />
    </turnedOnRotationNodes>

    <workAreas>
        <workArea startIndex="0>2|0" widthIndex="0>2|1" heightIndex="0>2|2" type="cutter" />
    </workAreas>

    <inputAttacherJoints>
        <inputAttacherJoint index="0>0" jointType="cutter" upperDistanceToGround="3" lowerDistanceToGround="0.786" ptoInputNode="0>1" upperRotationOffset="0" lowerRotationOffset="10"  forceSelectionOnAttach="false"/>
    </inputAttacherJoints>

    <movingTools>
        <!--
        <movingTool index="0>1|2" playSound="true" >
            <controls axis="AXIS_CUTTER_REEL" invertAxis="false" mouseSpeedFactor="0.9" iconFilename="$dataS2/menu/moveControls/reel_trans1.png" />
            <translation transSpeed="0.1" transAcceleration="10" transMax="1.21" transMin="0.913" translationAxis="3" startTrans="0.92"/>
        </movingTool>
        -->
        <movingTool index="0>1|2" playSound="true" >
            <controls axis="AXIS_CUTTER_REEL2" invertAxis="true" mouseSpeedFactor="0.9" iconFilename="$dataS2/menu/moveControls/reel_trans2.png" />
            <rotation rotSpeed="20" rotAcceleration="50" rotMax="0" rotMin="-25" startRot="-24" />
            <dependentPart index="0>1|4" />
        </movingTool>

        <movingTool index="0>1|2|0|0">
            <dependentPart index="0>1|2|0|0|0" />
            <dependentPart index="0>1|2|0|0|1" />
            <dependentPart index="0>1|2|0|0|2" />
            <dependentPart index="0>1|2|0|0|3" />
            <dependentPart index="0>1|2|0|0|4" />
            <dependentPart index="0>1|2|0|0|5" />
        </movingTool>
    </movingTools>

    <movingParts>
        <!-- reel2 cylinder -->
        <movingPart index="0>1|4" referencePoint="0>1|2|1" referenceFrame="0>" >
            <translatingPart index="0>1|4|0" />
        </movingPart>

        <!-- spikes -->
        <movingPart index="0>1|2|0|0|0" referenceFrame="0>" doDirectionAlignment="true" />
        <movingPart index="0>1|2|0|0|1" referenceFrame="0>" doDirectionAlignment="true" />
        <movingPart index="0>1|2|0|0|2" referenceFrame="0>" doDirectionAlignment="true" />
        <movingPart index="0>1|2|0|0|3" referenceFrame="0>" doDirectionAlignment="true" />
        <movingPart index="0>1|2|0|0|4" referenceFrame="0>" doDirectionAlignment="true" />
        <movingPart index="0>1|2|0|0|5" referenceFrame="0>" doDirectionAlignment="true" />
    </movingParts>

    <ai>
        <areaMarkers leftIndex="0>3|0|0" rightIndex="0>3|0|1" backIndex="0>3|0|2" />
        <sizeMarkers leftIndex="0>3|1|0" rightIndex="0>3|1|1" backIndex="0>3|1|2" />
        <trafficCollisionTrigger index="0>3|2" />
    </ai>

    <dynamicMount forceLimitScale="1" />

    <cylinderedHydraulicSound file="$data/sounds/cultivatorHydraulic.wav"  pitchOffset="1.00" volume="1.00" indoorVolumeFactor="0.75" />

    <cutter fruitTypeCategories="grainHeader">
        <!--
        <fruitExtraObjects>
            <fruitExtraObject fruitType="rape"   index="0>7"/>
        </fruitExtraObjects>
        -->
        <!--
        <turnedOnScrollers>
            <turnedOnScroller index="0>1|1|4" scrollSpeed="2" scrollLength="1" shaderParameterName="offsetUV" shaderParameterComponent="1" toggleVisibility="false" turnOnFadeTime="1" turnOffFadeTime="1"/>
            <turnedOnScroller index="0>1|1|5" scrollSpeed="2" scrollLength="1" shaderParameterName="offsetUV" shaderParameterComponent="1" toggleVisibility="false" turnOnFadeTime="1" turnOffFadeTime="1"/>
        </turnedOnScrollers>
        -->
        <testAreas>
            <testArea startIndex="0>4|0|0" widthIndex="0>4|0|1" heightIndex="0>4|0|2" />
            <testArea startIndex="0>4|1|0" widthIndex="0>4|1|1" heightIndex="0>4|1|2" />
            <testArea startIndex="0>4|2|0" widthIndex="0>4|2|1" heightIndex="0>4|2|2" />
            <testArea startIndex="0>4|3|0" widthIndex="0>4|3|1" heightIndex="0>4|3|2" />
        </testAreas>
        <effect>
            <effectNode linkNode="0>5|0" speedScale="0.0018"                               effectType="CENTER" changeSpeedScale="0.01" />
            <effectNode linkNode="0>5|1" speedScale="0.0013" lengthAndRadius="0.7 1 1 2.1" effectType="LEFT"  useInterpolation="true" minOffset="3" />
            <effectNode linkNode="0>5|2" speedScale="0.0013" lengthAndRadius="0.7 1 1 2.1" effectType="RIGHT" useInterpolation="true" minOffset="3" useMaxValue="true" />
        </effect>
        <threshingParticleSystems>
            <threshingParticleSystem node="0>" file="$data/particleSystems/shared/threshingCutterParticles.i3d" />
        </threshingParticleSystems>
    </cutter>

    <washable dirtDuration="300" washDuration="1" workMultiplier="2" />

    <components count="1">
        <component1 centerOfMass="0 0.25 0" mrSetMass="0.75" />
    </components>

    <schemaOverlay file="$dataS2/menu/schemas/implementSchema.png" fileSelected="$dataS2/menu/schemas/implementSchemaSelected.png" width="0.5" height="0.5" attacherJointPosition="0 0"/>

</vehicle>
