﻿<?xml version="1.0" encoding="utf-8" standalone="no" ?>
<vehicle type="livestockTrailer">
    <annotation>Copyright (C) GIANTS Software GmbH, All Rights Reserved.</annotation>
	
	<!-- mr 
	
		wheels
		
		mass / center of mass
		
		fix bad fillMassNode (fillMass not taken into account)
		
	-->
	
	<moreRealistic>		
		<dragArea value="7.9" />	
	</moreRealistic>

    <storeData>
        <name>AM19</name>
        <specs>
            <combination>Dolly EA</combination>
        </specs>
        <functions>
            <function>$l10n_function_livestockTrailer</function>
        </functions>
        <image>data/store/store_michielettoTrailer.png</image>
        <price>67000</price>
        <dailyUpkeep>20</dailyUpkeep>
        <lifetime>600</lifetime>
        <rotation>0</rotation>
        <brand>MICHIELETTO</brand>
        <category>animals</category>
        <vertexBufferMemoryUsage>1811484</vertexBufferMemoryUsage>
        <indexBufferMemoryUsage>245880</indexBufferMemoryUsage>
        <textureMemoryUsage>12233544</textureMemoryUsage>
        <instanceVertexBufferMemoryUsage>0</instanceVertexBufferMemoryUsage>
        <instanceIndexBufferMemoryUsage>0</instanceIndexBufferMemoryUsage>
    </storeData>

    <typeDesc>$l10n_typeDesc_livestockTrailer</typeDesc>
    <filename>data/vehicles/trailers/michieletto/michielettoTrailer.i3d</filename>

    <size width="3.5" length="15.5" lengthOffset="-0.5"/>

    <wheelConfigurations>
        <wheelConfiguration name="$l10n_configuration_valueDefault" price="0">
            <wheels autoRotateBackSpeed="2.0">
                <wheel tipOcclusionAreaGroupId="1" restLoad="0.7" repr="0>0|0|0" filename="$data/vehicles/wheels/lizard/315_80R22_5.xml" isLeft="true"  initialCompression="40" suspTravel="0.15" spring="27" damper="10" hasParticles="true" />
                <wheel tipOcclusionAreaGroupId="2" restLoad="0.7" repr="0>0|0|1" filename="$data/vehicles/wheels/lizard/315_80R22_5.xml" isLeft="flase" initialCompression="40" suspTravel="0.15" spring="27" damper="10" hasParticles="true" />
                <wheel tipOcclusionAreaGroupId="1" restLoad="0.8" repr="0>0|0|2" filename="$data/vehicles/wheels/lizard/315_80R22_5.xml" isLeft="true"  initialCompression="30" suspTravel="0.15" spring="27" damper="10" />
                <wheel tipOcclusionAreaGroupId="2" restLoad="0.8" repr="0>0|0|3" filename="$data/vehicles/wheels/lizard/315_80R22_5.xml" isLeft="false" initialCompression="30" suspTravel="0.15" spring="27" damper="10" />
                <wheel tipOcclusionAreaGroupId="1" restLoad="0.9" repr="0>0|0|4" filename="$data/vehicles/wheels/lizard/315_80R22_5.xml" isLeft="true"  initialCompression="20" suspTravel="0.15" spring="27" damper="10" hasTireTracks="true" hasParticles="true" />
                <wheel tipOcclusionAreaGroupId="2" restLoad="0.9" repr="0>0|0|5" filename="$data/vehicles/wheels/lizard/315_80R22_5.xml" isLeft="false" initialCompression="20" suspTravel="0.15" spring="27" damper="10" hasTireTracks="true" hasParticles="true" />
            </wheels>
        </wheelConfiguration>
    </wheelConfigurations>

    <rimColorConfigurations useDefaultColors="true" price="200" icon="$dataS2/menu/hud/configurations/config_rimColor.png">
        <rimColorConfiguration color="0.294 0.294 0.294 1" />
        <colorNode node="0>0|0" />
    </rimColorConfigurations>

    <brakeForce>1.5</brakeForce>

    <fillUnits>
        <fillUnit fillTypes="pig sheep cow" capacity="0" unit="$l10n_unit_pieces" />
    </fillUnits>

    <livestockTrailer>
        <animal type="sheep" index="0>0|4|0" />
        <animal type="pig"   index="0>0|4|1" />
        <animal type="cow"   index="0>0|4|2" />
    </livestockTrailer>

    <lights>
        <low>
            <light                       decoration="0>0|2|0|0" lightTypes="0 3" /> <!--BackLights-->
        </low>
        <high>
            <light realLight="0>0|2|0|1" decoration="0>0|2|0|0" lightTypes="0 3" /> <!--BackLights-->
        </high>
    </lights>

    <brakeLights>
        <brakeLight realLight="0>0|2|0|1" decoration="0>0|2|2|0" />
    </brakeLights>

    <turnLights>
        <turnLightLeft realLight="0>0|2|1|0|1" decoration="0>0|2|1|0|0" />
        <turnLightRight realLight="0>0|2|1|1|1" decoration="0>0|2|1|1|0" />
    </turnLights>

    <reverseLights>
        <reverseLight realLight="0>0|2|3|1" decoration="0>0|2|3|0" />
    </reverseLights>

    <inputAttacherJoints>
        <inputAttacherJoint index="0>0|1" jointType="semitrailer" />
    </inputAttacherJoints>

    <fillMassNode index="0>" />

    <animations>
        <!-- support -->
        <animation name="moveSupport">
            <part node="0>0|3" startTime="0" endTime="0.5" startTrans="0 0.556 2.649" endTrans="0 0 2.649" />
        </animation>

        <!-- cover -->
        <animation name="toggleCover">
            <part node="0>0|6|0" startTime="0" endTime="2" startTrans="0 0.330 0" endTrans="0 0 0" />
            <part node="0>0|6|1" startTime="0" endTime="2" startTrans="0 0 0" endTrans="0 0.345 0" />
        </animation>
    </animations>

    <support animationName="moveSupport" />
    <cover animationName="toggleCover" openOnBuy="false" forceOpenOnTip="false"/>

    <baseColorConfigurations useDefaultColors="true" price="1200" icon="$dataS2/menu/hud/configurations/config_color.png">
        <baseColorConfiguration color="0.3587 0.0328 0.0352 1.0" />
        <colorNode node="0>0" />
    </baseColorConfigurations>

    <washable dirtDuration="90" washDuration="1" workMultiplier="4" />

    <tipOcclusionAreas>
        <tipOcclusionArea start="0>0|5|0" width="0>0|5|1" height="0>0|5|2" />
    </tipOcclusionAreas>

    <components count="1">
        <component1 centerOfMass="0 1.4 -1" solverIterationCount="10" mrSetMass="7.5" />
    </components>

    <schemaOverlay file="$dataS2/menu/schemas/implementSchema.png" fileSelected="$dataS2/menu/schemas/implementSchemaSelected.png" width="0.5" height="0.5" attacherJointPosition="0 0" />

</vehicle>
