﻿<?xml version="1.0" encoding="utf-8" standalone="no" ?>
<vehicle type="sowingMachineSprayer">
    <annotation>Copyright (C) GIANTS Software GmbH, All Rights Reserved.</annotation>
	
	<!-- mr 
	
	vaderstad Tempo F8
	row spacing = 75cm
	70L per hopper
	1700L fertilizer tank
	PTO driven fan option (440rpm)
	bout markers option
	microgranule equipment option
	row cleaner option
	brakes option
	4200kgs empty
	
	wheels
	powerConsumer
	sprayUsageScales
	brakes
	mass and center of mass
	
	-->

    <storeData>
        <name>Tempo F8</name>
        <specs>
            <neededPower>140</neededPower>
            <workingWidth>6.0</workingWidth>
        </specs>
        <functions>
            <function>$l10n_function_sowingMachine</function>
        </functions>
        <image>data/store/store_vaderstadTempoF8.png</image>
        <price>61000</price>
        <dailyUpkeep>170</dailyUpkeep>
        <lifetime>600</lifetime>
        <rotation>0</rotation>
        <brand>VAEDERSTAD</brand>
        <category>sowingMachines</category>
        <fieldJob sizeCategory="1" typeCategory="sowingMachine" />
        <vertexBufferMemoryUsage>1751384</vertexBufferMemoryUsage>
        <indexBufferMemoryUsage>278634</indexBufferMemoryUsage>
        <textureMemoryUsage>15029888</textureMemoryUsage>
        <instanceVertexBufferMemoryUsage>0</instanceVertexBufferMemoryUsage>
        <instanceIndexBufferMemoryUsage>0</instanceIndexBufferMemoryUsage>
    </storeData>

    <typeDesc>$l10n_typeDesc_sowingMachine</typeDesc>
    <filename>data/vehicles/tools/vaderstad/vaderstadTempoF8.i3d</filename>

    <size width="4" length="7"/>

    <wheelConfigurations>
        <wheelConfiguration name="$l10n_configuration_valueDefault" price="0">
            <wheels>
                <wheel rotSpeed="0" restLoad="1.1" repr="0>0|2|1"     forcePointRatio="0.2" filename="$data/vehicles/wheels/trelleborg/AW305_260_70R15_3.xml" isLeft="true"  color="0.0161 0.0134 0.0120 1" initialCompression="45" suspTravel="0.1" spring="50" damper="8" hasParticles="true" />
                <wheel rotSpeed="0" restLoad="1.1" repr="0>0|2|2"     forcePointRatio="0.2" filename="$data/vehicles/wheels/trelleborg/AW305_260_70R15_3.xml" isLeft="false" color="0.0161 0.0134 0.0120 1" initialCompression="45" suspTravel="0.1" spring="50" damper="8" hasParticles="true" />
                <wheel rotSpeed="0" restLoad="0.6" repr="0>0|4|0|0|0" forcePointRatio="0.3" filename="$data/vehicles/wheels/trelleborg/AW305_260_70R15_3.xml" isLeft="true"  color="0.0161 0.0134 0.0120 1" initialCompression="45" suspTravel="0.1" spring="25" damper="4" hasParticles="true" brakeFactor="0"  />
                <wheel rotSpeed="0" restLoad="0.6" repr="0>0|5|0|0|0" forcePointRatio="0.3" filename="$data/vehicles/wheels/trelleborg/AW305_260_70R15_3.xml" isLeft="false" color="0.0161 0.0134 0.0120 1" initialCompression="45" suspTravel="0.1" spring="25" damper="4" hasParticles="true" brakeFactor="0"  />
            </wheels>
        </wheelConfiguration>
    </wheelConfigurations>

    <brakeForce>1.25</brakeForce>
    <powerConsumer ptoRpm="440" neededPtoPower="12" forceNode="0>" maxForce="13" />
    <speedLimit value="17" />

    <lights>
        <low>
            <light                       decoration="0>0|10|0|0" lightTypes="0 3" /> <!--BackLights-->
            <light                       decoration="0>0|4|0|9" lightTypes="0 3" /> <!--BackLights-->
            <light                       decoration="0>0|5|0|9" lightTypes="0 3" /> <!--BackLights-->
        </low>
        <high>
            <light realLight="0>0|10|0|1" decoration="0>0|10|0|0" lightTypes="0 3" /> <!--BackLights-->
            <light                       decoration="0>0|4|0|9" lightTypes="0 3" /> <!--BackLights-->
            <light                       decoration="0>0|5|0|9" lightTypes="0 3" /> <!--BackLights-->
        </high>
    </lights>

    <brakeLights>
        <brakeLight realLight="0>0|10|0|1" decoration="0>0|10|2|0" />
    </brakeLights>

    <turnLights>
        <turnLightLeft realLight="0>0|10|1|0|1" decoration="0>0|10|1|0|0" />
        <turnLightRight realLight="0>0|10|1|1|1" decoration="0>0|10|1|1|0" />
    </turnLights>

    <reverseLights>
        <reverseLight realLight="0>0|10|3|1" decoration="0>0|10|3|0" />
    </reverseLights>

    <fillLitersPerSecond>200</fillLitersPerSecond>
    <seedFruitTypeCategories>planter</seedFruitTypeCategories>

    <fillVolumes>
        <volumes>
            <volume index="0>0|21|0" maxDelta="0.2" />
        </volumes>
        <unloadInfos>
            <unloadInfo>
                <node index="0>0|21|1" width="1.4" length="0.1" />
            </unloadInfo>
        </unloadInfos>
        <loadInfos>
            <loadInfo>
                <node index="0>0|21|2" width="1.4" length="0.1" />
            </loadInfo>
        </loadInfos>
    </fillVolumes>

    <fillRootNode index="0>" />
    <exactFillRootNode index="0>8" />
    <fillMassNode index="0>" />

    <sprayUsageScales workingWidth="6.0" scale="0.75" />

    <fillUnits>
        <fillUnit unit="$l10n_unit_literShort" fillTypes="fertilizer" capacity="1700" fillVolumeIndex="1"/>
        <fillUnit unit="$l10n_unit_literShort" fillTypes="seeds" capacity="560" /> <!--fillVolumeIndex="2"/-->
    </fillUnits>

    <sowingMachine fillUnitIndex="2" unloadInfoIndex="2" loadInfoIndex="2" />
    <sprayer fillUnitIndex="1" unloadInfoIndex="1" loadInfoIndex="1" />


    <workAreas>
        <workArea startIndex="0>2" widthIndex="0>3" heightIndex="0>4" foldMinLimit="0" foldMaxLimit="0.1" refNodeIndex="0" type="sowingMachine" />
        <workArea startIndex="0>2" widthIndex="0>3" heightIndex="0>4" foldMinLimit="0" foldMaxLimit="0.1" refNodeIndex="0" type="sprayer" />
        <workArea startIndex="0>0|4|0|2|0|0|0|1" widthIndex="0>0|4|0|2|0|0|0|2" heightIndex="0>0|4|0|2|0|0|0|3" startIndexTest="0>0|4|0|2|0|0|0|4" widthIndexTest="0>0|4|0|2|0|0|0|5" heightIndexTest="0>0|4|0|2|0|0|0|6" animName="leftArm" type="ridgemarker" foldMinLimit="0" foldMaxLimit="0.03" needsSetIsTurnedOn="false" />
        <workArea startIndex="0>0|5|0|2|0|0|0|1" widthIndex="0>0|5|0|2|0|0|0|2" heightIndex="0>0|5|0|2|0|0|0|3" startIndexTest="0>0|5|0|2|0|0|0|4" widthIndexTest="0>0|5|0|2|0|0|0|5" heightIndexTest="0>0|5|0|2|0|0|0|6" animName="rightArm" type="ridgemarker" foldMinLimit="0" foldMaxLimit="0.03" needsSetIsTurnedOn="false" />
    </workAreas>

    <groundReferenceNodes>
        <groundReferenceNode index="0>0|9"             threshold="0.3"  depthNode="0>0|11|3"/>
        <groundReferenceNode index="0>0|5|0|2|0|0|0|8" threshold="0"    depthNode="0>0|5|0|2|0|0|0|8" />
        <groundReferenceNode index="0>0|4|0|2|0|0|0|8" threshold="0"    depthNode="0>0|4|0|2|0|0|0|8" />
    </groundReferenceNodes>

    <groundParticleAnimations>
        <groundParticleAnimation>
            <node index="0>0|11|0"          refNodeIndex="0" materialType="SOIL" maxDepth="-0.05" />
            <node index="0>0|5|0|2|0|0|0|7" refNodeIndex="1" materialType="SOIL" maxDepth="-0.01" />
            <node index="0>0|4|0|2|0|0|0|7" refNodeIndex="2" materialType="SOIL" maxDepth="-0.01" />
        </groundParticleAnimation>

        <groundParticle>
            <node index="0>0|11|1" refNodeIndex="0" particleType="SOIL"  />
            <node index="0>0|11|2" refNodeIndex="0" particleType="SOIL_SMOKE"  />
            <node index="0>0|11|4" refNodeIndex="0" particleType="SOIL_CHUNKS" worldSpace="false" />
        </groundParticle>
    </groundParticleAnimations>

    <needsActivation value="true" />

    <sowingSound file="$data/sounds/sowingSound.wav"      pitchOffset="1.10" volume="1.00" indoorVolumeFactor="0.55"/>
    <airBlowerSound file="$data/sounds/airBlowerLoop.wav" pitchOffset="1.00" volume="1.20" indoorVolumeFactor="0.75"/>
    <fillSound file="$data/maps/sounds/siloFillSound.wav" pitchOffset="1.00" volume="1.00" indoorVolumeFactor="0.55" volume3D="1.0" innerRadius="10" radius="40" linkNode="0>0"/>
    <cylinderedHydraulicSound file="$data/sounds/hydraulicUp.wav" pitchOffset="0.8" volume="1.0" indoorVolumeFactor="0.45"/>

    <inputAttacherJoints>
        <inputAttacherJoint index="0>0|0|0" jointType="trailerLow" ptoInputNode="0>0|12" />
    </inputAttacherJoints>

    <onlyActiveWhenLowered value="false" />

    <speedRotatingParts>
        <speedRotatingPart shaderNode="0>0|4|0|5|0" wheelIndex="0" foldMinLimit="0" foldMaxLimit="0.03" radius="0.20" />
        <speedRotatingPart shaderNode="0>0|4|0|5|1" wheelIndex="0" foldMinLimit="0" foldMaxLimit="0.03" radius="0.1675" />
        <speedRotatingPart shaderNode="0>0|4|0|5|2" wheelIndex="0" foldMinLimit="0" foldMaxLimit="0.03" radius="0.18" />
        <speedRotatingPart shaderNode="0>0|4|0|5|3" wheelIndex="0" foldMinLimit="0" foldMaxLimit="0.03" radius="0.14" />
        <speedRotatingPart shaderNode="0>0|4|0|5|4" wheelIndex="0" foldMinLimit="0" foldMaxLimit="0.03" radius="0.146" />
        <speedRotatingPart shaderNode="0>0|5|0|5|0" wheelIndex="0" foldMinLimit="0" foldMaxLimit="0.03" radius="0.20" />
        <speedRotatingPart shaderNode="0>0|5|0|5|1" wheelIndex="0" foldMinLimit="0" foldMaxLimit="0.03" radius="0.1675" />
        <speedRotatingPart shaderNode="0>0|5|0|5|2" wheelIndex="0" foldMinLimit="0" foldMaxLimit="0.03" radius="0.18" />
        <speedRotatingPart shaderNode="0>0|5|0|5|3" wheelIndex="0" foldMinLimit="0" foldMaxLimit="0.03" radius="0.14" />
        <speedRotatingPart shaderNode="0>0|5|0|5|4" wheelIndex="0" foldMinLimit="0" foldMaxLimit="0.03" radius="0.146" />
        <speedRotatingPart shaderNode="0>0|9|0"     wheelIndex="0" foldMinLimit="0" foldMaxLimit="0.03" radius="0.20" />
        <speedRotatingPart shaderNode="0>0|9|1"     wheelIndex="0" foldMinLimit="0" foldMaxLimit="0.03" radius="0.1675" />
        <speedRotatingPart shaderNode="0>0|9|2"     wheelIndex="0" foldMinLimit="0" foldMaxLimit="0.03" radius="0.18" />
        <speedRotatingPart shaderNode="0>0|9|3"     wheelIndex="0" foldMinLimit="0" foldMaxLimit="0.03" radius="0.14" />
        <speedRotatingPart shaderNode="0>0|9|4"     wheelIndex="0" foldMinLimit="0" foldMaxLimit="0.03" radius="0.146" />
        <speedRotatingPart index="0>0|4|0|2|0|0|0|0|0" wheelIndex="0" foldMinLimit="0" foldMaxLimit="0.03" radius="0.165" ridgeMarkerAnim="leftArm" />
        <speedRotatingPart index="0>0|5|0|2|0|0|0|0|0" wheelIndex="0" foldMinLimit="0" foldMaxLimit="0.03" radius="0.165" ridgeMarkerAnim="rightArm"/>

        <speedRotatingPart index="0>0|4|0|8|0|0" wheelIndex="0" foldMinLimit="0" foldMaxLimit="0.03" radius="0.187" />
        <speedRotatingPart index="0>0|4|0|8|3|0" wheelIndex="0" foldMinLimit="0" foldMaxLimit="0.03" radius="0.187" />
        <speedRotatingPart index="0>0|5|0|8|0|0" wheelIndex="0" foldMinLimit="0" foldMaxLimit="0.03" radius="0.187" />
        <speedRotatingPart index="0>0|5|0|8|3|0" wheelIndex="0" foldMinLimit="0" foldMaxLimit="0.03" radius="0.187" />
        <speedRotatingPart index="0>0|20|0|0"    wheelIndex="0" foldMinLimit="0" foldMaxLimit="0.03" radius="0.187" />
        <speedRotatingPart index="0>0|20|0|1"    wheelIndex="0" foldMinLimit="0" foldMaxLimit="0.03" radius="0.187" />
        <speedRotatingPart index="0>0|20|1|0"    wheelIndex="0" foldMinLimit="0" foldMaxLimit="0.03" radius="0.187" />
        <speedRotatingPart index="0>0|20|1|1"    wheelIndex="0" foldMinLimit="0" foldMaxLimit="0.03" radius="0.187" />
        <speedRotatingPart index="0>0|4|0|8|1|0" wheelIndex="0" foldMinLimit="0" foldMaxLimit="0.03" radius="0.179" />
        <speedRotatingPart index="0>0|4|0|8|1|1" wheelIndex="0" foldMinLimit="0" foldMaxLimit="0.03" radius="0.179" />
        <speedRotatingPart index="0>0|4|0|8|2|0" wheelIndex="0" foldMinLimit="0" foldMaxLimit="0.03" radius="0.179" />
        <speedRotatingPart index="0>0|4|0|8|2|1" wheelIndex="0" foldMinLimit="0" foldMaxLimit="0.03" radius="0.179" />
        <speedRotatingPart index="0>0|5|0|8|1|0" wheelIndex="0" foldMinLimit="0" foldMaxLimit="0.03" radius="0.179" />
        <speedRotatingPart index="0>0|5|0|8|1|1" wheelIndex="0" foldMinLimit="0" foldMaxLimit="0.03" radius="0.179" />
        <speedRotatingPart index="0>0|5|0|8|2|0" wheelIndex="0" foldMinLimit="0" foldMaxLimit="0.03" radius="0.179" />
        <speedRotatingPart index="0>0|5|0|8|2|1" wheelIndex="0" foldMinLimit="0" foldMaxLimit="0.03" radius="0.179" />
        <speedRotatingPart index="0>0|20|2|0"    wheelIndex="0" foldMinLimit="0" foldMaxLimit="0.03" radius="0.179" />
        <speedRotatingPart index="0>0|20|2|1"    wheelIndex="0" foldMinLimit="0" foldMaxLimit="0.03" radius="0.179" />
        <speedRotatingPart index="0>0|20|2|2"    wheelIndex="0" foldMinLimit="0" foldMaxLimit="0.03" radius="0.179" />
        <speedRotatingPart index="0>0|20|2|3"    wheelIndex="0" foldMinLimit="0" foldMaxLimit="0.03" radius="0.179" />
        <speedRotatingPart index="0>0|20|3|0"    wheelIndex="0" foldMinLimit="0" foldMaxLimit="0.03" radius="0.179" />
        <speedRotatingPart index="0>0|20|3|1"    wheelIndex="0" foldMinLimit="0" foldMaxLimit="0.03" radius="0.179" />
        <speedRotatingPart index="0>0|20|3|2"    wheelIndex="0" foldMinLimit="0" foldMaxLimit="0.03" radius="0.179" />
        <speedRotatingPart index="0>0|20|3|3"    wheelIndex="0" foldMinLimit="0" foldMaxLimit="0.03" radius="0.179" />
    </speedRotatingParts>

    <foldingParts startMoveDirection="1" foldMiddleAnimTime="0.15" turnOnFoldMaxLimit="0.3" turnOnFoldMinLimit="0" turnOffOnFold="true" >
        <foldingPart animationName="folding" speedScale="1" />
    </foldingParts>

    <movingTools>
        <movingTool index="0>0|2" wheelIndices="1 2">
            <dependentPart index="0>0|3" />
        </movingTool>
        <movingTool index="0>0|4|0" wheelIndices="3" playSound="true">
            <dependentPart index="0>0|6" />
        </movingTool>
        <movingTool index="0>0|5|0" wheelIndices="4" playSound="true">
            <dependentPart index="0>0|7" />
        </movingTool>
        <movingTool index="0>0|4|0|0" wheelIndices="3" playSound="true">
            <dependentPart index="0>0|4|0|1" />
        </movingTool>
        <movingTool index="0>0|5|0|0" wheelIndices="4" playSound="true">
            <dependentPart index="0>0|5|0|1" />
        </movingTool>
        <movingTool index="0>0|0" playSound="true">
            <inputAttacherJoint value="true" />
            <dependentPart index="0>0|1" />
        </movingTool>
        <movingTool index="0>0|4|0|2|0" playSound="true">
            <dependentPart index="0>0|4|0|3" />
        </movingTool>
        <movingTool index="0>0|5|0|2|0" playSound="true">
            <dependentPart index="0>0|5|0|3" />
        </movingTool>
    </movingTools>

    <movingParts>
        <movingPart index="0>0|3" referencePoint="0>0|2|0" referenceFrame="0>0|2|0">
            <translatingPart index="0>0|3|0" />
        </movingPart>
        <movingPart index="0>0|4|0|1" referencePoint="0>0|4|0|0|1" referenceFrame="0>0|4|0|0|1">
            <translatingPart index="0>0|4|0|1|0" />
        </movingPart>
        <movingPart index="0>0|5|0|1" referencePoint="0>0|5|0|0|1" referenceFrame="0>0|5|0|0|1">
            <translatingPart index="0>0|5|0|1|0" />
        </movingPart>
        <movingPart index="0>0|1" referencePoint="0>0|0|2" referenceFrame="0>0|0|2">
            <translatingPart index="0>0|1|0" />
        </movingPart>
        <movingPart index="0>0|4|0|3" referencePoint="0>0|4|0|2|0|1" referenceFrame="0>0|4|0|2|0|1">
            <translatingPart index="0>0|4|0|3|0" />
        </movingPart>
        <movingPart index="0>0|5|0|3" referencePoint="0>0|5|0|2|0|1" referenceFrame="0>0|5|0|2|0|1">
            <translatingPart index="0>0|5|0|3|0" />
        </movingPart>
        <movingPart index="0>0|6" referencePoint="0>0|4|0|4|0" referenceFrame="0>">
            <translatingPart index="0>0|6|0" />
        </movingPart>
        <movingPart index="0>0|7" referencePoint="0>0|5|0|4|0" referenceFrame="0>">
            <translatingPart index="0>0|7|0" />
        </movingPart>
    </movingParts>

    <animations>
        <animation name="folding">
            <part node="0>0|0"     startTime="0" endTime="1.5" startRot="-3 0 0" endRot="0 0 0"/>
            <part node="0>0|2"     startTime="0" endTime="1.5" startRot="35 0 0" endRot="10 0 0"/>
            <part node="0>0|4|0|0" startTime="0" endTime="1.5" startRot="35 0 0" endRot="10 0 0"/>
            <part node="0>0|5|0|0" startTime="0" endTime="1.5" startRot="35 0 0" endRot="10 0 0"/>
            <part node="0>0|0"     startTime="1.5" endTime="2.5" startRot="0 0 0" endRot="10 0 0"/>
            <part node="0>0|2"     startTime="1.5" endTime="2.5" startRot="10 0 0" endRot="0 0 0"/>
            <part node="0>0|4|0|0" startTime="2.5" endTime="3.5" startRot="10 0 0" endRot="30 0 0"/>
            <part node="0>0|5|0|0" startTime="2.5" endTime="3.5" startRot="10 0 0" endRot="30 0 0"/>
            <part node="0>0|4|0"   startTime="3.5" endTime="10" startRot="0 0 0" endRot="0 -175 0"/>
            <part node="0>0|5|0"   startTime="3.5" endTime="10" startRot="0 0 0" endRot="0 175 0"/>

            <!-- right hose -->
            <part node="0>0|16|0" startTime="3.5" endTime="4" startRot="0 0 0" endRot="-0.223 13.328 -1.908" />
            <part node="0>0|16|0" startTime="4" endTime="4.5" startRot="-0.223 13.328 -1.908" endRot="-0.958 26.64 -4.043" />
            <part node="0>0|16|0" startTime="4.5" endTime="5" startRot="-0.958 26.64 -4.043" endRot="-2.454 39.912 -6.751" />
            <part node="0>0|16|0" startTime="5" endTime="5.5" startRot="-2.454 39.912 -6.751" endRot="-5.399 53.09 -10.784" />
            <part node="0>0|16|0" startTime="5.5" endTime="6" startRot="-5.399 53.09 -10.784" endRot="-12.017 66.009 -18.409" />
            <part node="0>0|16|0" startTime="6" endTime="6.5" startRot="-12.017 66.009 -18.409" endRot="-33.223 77.808 -40.576" />
            <part node="0>0|16|0" startTime="6.5" endTime="6.6" startRot="-33.223 77.808 -40.576" endRot="-42.985 79.681 -50.527" />
            <part node="0>0|16|0" startTime="6.6" endTime="6.7" startRot="-42.985 79.681 -50.527" endRot="-56.486 81.129 -64.217" />
            <part node="0>0|16|0" startTime="6.7" endTime="6.8" startRot="-56.486 81.129 -64.217" endRot="-73.846 81.918 -81.765" />
            <part node="0>0|16|0" startTime="6.8" endTime="6.9" startRot="-73.846 81.918 -81.765" endRot="-92.815 81.854 -100.923" />
            <part node="0>0|16|0" startTime="6.9" endTime="7.0" startRot="-92.815 81.854 -100.923" endRot="-109.696 80.957 -117.992" />
            <part node="0>0|16|0" startTime="7.0" endTime="7.1" startRot="-109.696 80.957 -117.992" endRot="-122.618 79.435 -131.103" />
            <part node="0>0|16|0" startTime="7.1" endTime="7.2" startRot="-122.618 79.435 -131.103" endRot="-131.923 77.516 -140.597" />
            <part node="0>0|16|0" startTime="7.2" endTime="7.3" startRot="-131.923 77.516 -140.597" endRot="-138.602 75.355 -147.466" />
            <part node="0>0|16|0" startTime="7.3" endTime="7.4" startRot="-138.602 75.355 -147.466" endRot="-143.498 73.043 -152.553" />
            <part node="0>0|16|0" startTime="7.4" endTime="7.5" startRot="-143.498 73.043 -152.553" endRot="-147.182 70.636 -156.429" />
            <part node="0>0|16|0" startTime="7.5" endTime="8" startRot="-147.182 70.636 -156.429" endRot="-156.802 57.936 -167.035" />
            <part node="0>0|16|0" startTime="8" endTime="8.5" startRot="-156.802 57.936 -167.035" endRot="-160.684 44.822 -171.971" />
            <part node="0>0|16|0" startTime="8.5" endTime="9" startRot="-160.684 44.822 -171.971" endRot="-162.598 31.576 -175.045" />
            <part node="0>0|16|0" startTime="9" endTime="9.5" startRot="-162.598 31.576 -175.045" endRot="-163.572 18.275 -177.34" />
            <part node="0>0|16|0" startTime="9.5" endTime="10" startRot="-163.572 18.275 -177.34" endRot="-163.97 4.951 -179.302" />

            <part node="0>0|16|0|0" startTime="3.5" endTime="4" startTrans="-0.781 -0.399 0.021" endTrans="-0.781 -0.398 0.026" />
            <part node="0>0|16|0|0" startTime="4" endTime="4.5" startTrans="-0.781 -0.398 0.026" endTrans="-0.782 -0.397 0.031" />
            <part node="0>0|16|0|0" startTime="4.5" endTime="5" startTrans="-0.782 -0.397 0.031" endTrans="-0.785 -0.397 0.036" />
            <part node="0>0|16|0|0" startTime="5" endTime="5.5" startTrans="-0.785 -0.397 0.036" endTrans="-0.788 -0.396 0.04" />
            <part node="0>0|16|0|0" startTime="5.5" endTime="6" startTrans="-0.788 -0.396 0.04" endTrans="-0.792 -0.396 0.043" />
            <part node="0>0|16|0|0" startTime="6" endTime="6.5" startTrans="-0.792 -0.396 0.043" endTrans="-0.797 -0.395 0.045" />
            <part node="0>0|16|0|0" startTime="6.5" endTime="7" startTrans="-0.797 -0.395 0.045" endTrans="-0.802 -0.395 0.046" />
            <part node="0>0|16|0|0" startTime="7" endTime="7.5" startTrans="-0.802 -0.395 0.046" endTrans="-0.807 -0.395 0.046" />
            <part node="0>0|16|0|0" startTime="7.5" endTime="8" startTrans="-0.807 -0.395 0.046" endTrans="-0.812 -0.395 0.044" />
            <part node="0>0|16|0|0" startTime="8" endTime="8.5" startTrans="-0.812 -0.395 0.044" endTrans="-0.817 -0.396 0.042" />
            <part node="0>0|16|0|0" startTime="8.5" endTime="9" startTrans="-0.817 -0.396 0.042" endTrans="-0.821 -0.396 0.038" />
            <part node="0>0|16|0|0" startTime="9" endTime="9.5" startTrans="-0.821 -0.396 0.038" endTrans="-0.823 -0.397 0.034" />
            <part node="0>0|16|0|0" startTime="9.5" endTime="10" startTrans="-0.823 -0.397 0.034" endTrans="-0.825 -0.398 0.029" />

            <!-- left hose -->
            <part node="0>0|17|0" startTime="3.5" endTime="4" startRot="0 0 0" endRot="-0.223 -13.328 1.908" />
            <part node="0>0|17|0" startTime="4" endTime="4.5" startRot="-0.223 -13.328 1.908" endRot="-0.958 -26.64 4.043" />
            <part node="0>0|17|0" startTime="4.5" endTime="5" startRot="-0.958 -26.64 4.043" endRot="-2.454 -39.912 6.751" />
            <part node="0>0|17|0" startTime="5" endTime="5.5" startRot="-2.454 -39.912 6.751" endRot="-5.399 -53.09 10.784" />
            <part node="0>0|17|0" startTime="5.5" endTime="6" startRot="-5.399 -53.09 10.784" endRot="-12.017 -66.009 18.409" />
            <part node="0>0|17|0" startTime="6" endTime="6.5" startRot="-12.017 -66.009 18.409" endRot="-33.223 -77.808 40.576" />
            <part node="0>0|17|0" startTime="6.5" endTime="6.6" startRot="-33.223 -77.808 40.576" endRot="-42.985 -79.681 50.527" />
            <part node="0>0|17|0" startTime="6.6" endTime="6.7" startRot="-42.985 -79.681 50.527" endRot="-56.486 -81.129 64.217" />
            <part node="0>0|17|0" startTime="6.7" endTime="6.8" startRot="-56.486 -81.129 64.217" endRot="-73.846 -81.918 81.765" />
            <part node="0>0|17|0" startTime="6.8" endTime="6.9" startRot="-73.846 -81.918 81.765" endRot="-92.815 -81.854 100.923" />
            <part node="0>0|17|0" startTime="6.9" endTime="7.0" startRot="-92.815 -81.854 100.923" endRot="-109.696 -80.957 117.992" />
            <part node="0>0|17|0" startTime="7.0" endTime="7.1" startRot="-109.696 -80.957 117.992" endRot="-122.618 -79.435 131.103" />
            <part node="0>0|17|0" startTime="7.1" endTime="7.2" startRot="-122.618 -79.435 131.103" endRot="-131.923 -77.516 140.597" />
            <part node="0>0|17|0" startTime="7.2" endTime="7.3" startRot="-131.923 -77.516 140.597" endRot="-138.602 -75.355 147.466" />
            <part node="0>0|17|0" startTime="7.3" endTime="7.4" startRot="-138.602 -75.355 147.466" endRot="-143.498 -73.043 152.553" />
            <part node="0>0|17|0" startTime="7.4" endTime="7.5" startRot="-143.498 -73.043 152.553" endRot="-147.182 -70.636 156.429" />
            <part node="0>0|17|0" startTime="7.5" endTime="8" startRot="-147.182 -70.636 156.429" endRot="-156.802 -57.936 167.035" />
            <part node="0>0|17|0" startTime="8" endTime="8.5" startRot="-156.802 -57.936 167.035" endRot="-160.684 -44.822 171.971" />
            <part node="0>0|17|0" startTime="8.5" endTime="9" startRot="-160.684 -44.822 171.971" endRot="-162.598 -31.576 175.045" />
            <part node="0>0|17|0" startTime="9" endTime="9.5" startRot="-162.598 -31.576 175.045" endRot="-163.572 -18.275 177.34" />
            <part node="0>0|17|0" startTime="9.5" endTime="10" startRot="-163.572 -18.275 177.34" endRot="-163.97 -4.951 179.302" />

            <part node="0>0|17|0|0" startTime="3.5" endTime="4" startTrans="0.781 -0.399 0.021" endTrans="0.781 -0.398 0.029" />
            <part node="0>0|17|0|0" startTime="4" endTime="4.5" startTrans="0.781 -0.398 0.029" endTrans="0.784 -0.396 0.037" />
            <part node="0>0|17|0|0" startTime="4.5" endTime="5" startTrans="0.784 -0.396 0.037" endTrans="0.788 -0.395 0.044" />
            <part node="0>0|17|0|0" startTime="5" endTime="5.5" startTrans="0.788 -0.395 0.044" endTrans="0.793 -0.395 0.051" />
            <part node="0>0|17|0|0" startTime="5.5" endTime="6" startTrans="0.793 -0.395 0.051" endTrans="0.8 -0.394 0.055" />
            <part node="0>0|17|0|0" startTime="6" endTime="6.5" startTrans="0.8 -0.394 0.055" endTrans="0.808 -0.393 0.058" />
            <part node="0>0|17|0|0" startTime="6.5" endTime="7" startTrans="0.808 -0.393 0.058" endTrans="0.817 -0.393 0.059" />
            <part node="0>0|17|0|0" startTime="7" endTime="7.5" startTrans="0.817 -0.393 0.059" endTrans="0.825 -0.393 0.058" />
            <part node="0>0|17|0|0" startTime="7.5" endTime="8" startTrans="0.825 -0.393 0.058" endTrans="0.833 -0.394 0.055" />
            <part node="0>0|17|0|0" startTime="8" endTime="8.5" startTrans="0.833 -0.394 0.055" endTrans="0.84 -0.395 0.051" />
            <part node="0>0|17|0|0" startTime="8.5" endTime="9" startTrans="0.84 -0.395 0.051" endTrans="0.845 -0.395 0.044" />
            <part node="0>0|17|0|0" startTime="9" endTime="9.5" startTrans="0.845 -0.395 0.044" endTrans="0.85 -0.396 0.037" />
            <part node="0>0|17|0|0" startTime="9.5" endTime="10" startTrans="0.85 -0.396 0.037" endTrans="0.852 -0.397 0.029" />

            <part node="0>0|4|0|4" startTime="3.5" endTime="10" startRot="0 0 0" endRot="0 80 0"/>
            <part node="0>0|5|0|4" startTime="3.5" endTime="10" startRot="0 0 0" endRot="0 -80 0"/>
            <part node="0>0|8"     startTime="3"   endTime="6"  startRot="0 0 0" endRot="-150 0 0"/>
        </animation>

        <animation name="moveSupport">
            <part node="0>0|0|1|0" startTime="0" endTime="0.8" startTrans="0 0 0" endTrans="0 -0.50393 0"/>
        </animation>

        <animation name="leftArm">
            <part node="0>0|4|0|2|0" startTime="0" duration="1.5" startRot="0 0 115" endRot="0 0 -2" />
            <part node="0>0|4|0|2|0|0|0" startTime="0" duration="1.5" startRot="0 0 -188" endRot="0 0 -3" />
        </animation>
        <animation name="rightArm">
            <part node="0>0|5|0|2|0" startTime="0" duration="1.5" startRot="0 0 -115" endRot="0 0 2" />
            <part node="0>0|5|0|2|0|0|0" startTime="0" duration="1.5" startRot="0 0 188" endRot="0 0 3" />
        </animation>
         <!-- cover -->
        <animation name="toggleCover">
            <part node="0>0|13|1" startTime="0"    endTime="0.05" visibility="true" />
            <part node="0>0|13|1" startTime="0.05" endTime="0.1" visibility="false" />
            <part node="0>0|13|0" startTime="0"    endTime="0.05" visibility="false" />
            <part node="0>0|13|0" startTime="0.05" endTime="0.1" visibility="true" />
        </animation>
    </animations>

    <cover animationName="toggleCover" openOnBuy="false"/>

    <support animationName="moveSupport" />

    <ridgeMarkers foldMinLimit="0" foldMaxLimit="0.5" foldDisableDirection="1">
        <ridgeMarker animName="leftArm" />
        <ridgeMarker animName="rightArm" />
    </ridgeMarkers>

    <ai>
        <needsLowering value="true" />
        <areaMarkers leftIndex="0>5" rightIndex="0>6" backIndex="0>7" />
        <trafficCollisionTrigger index="0>1" />
        <forceTurnNoBackward value="true"/>
        <toolReverserDirectionNode index="0>7" />
        <turningRadiusLimitation rotationJointNode="0>0|0|0" wheelIndices="0 1" />
    </ai>

    <washable dirtDuration="60" washDuration="1" workMultiplier="20" />

    <components count="1">
        <component1 centerOfMass="0 1 -1.1" solverIterationCount="10" mrSetMass="4.01" />
    </components>

    <schemaOverlay file="$dataS2/menu/schemas/implementSchema.png" fileSelected="$dataS2/menu/schemas/implementSchemaSelected.png" fileTurnedOn="$dataS2/menu/schemas/implementSchemaTurnedOn.png" fileSelectedTurnedOn="$dataS2/menu/schemas/implementSchemaSelectedTurnedOn.png" width="0.5" height="0.5" attacherJointPosition="0 0"/>

</vehicle>