﻿<?xml version="1.0" encoding="utf-8" standalone="no" ?>
<vehicle type="trailer">
    <annotation>Copyright (C) GIANTS Software GmbH, All Rights Reserved.</annotation>

	<!-- MR Modification
	
	wheel damper/spring/susptravel/compression
	
	brakeforce
	
	inputAttacherJoints attacherHeight	
	fillMassNode mrCOMtransWithMass
	fillUnit mrFillVolumeCapacity
	
	components centerOfMass
	
	
	=> lateral deformation of the tyre when cornering - simulated by a very small steeringAxle angle
	steeringAxleScale="0.5" steeringAxleRotMax="1" steeringAxleRotMin="-1"
	<steeringAxleAngleScale startSpeed="100" endSpeed="200" backwards="false" />
	
	-->
	
	<moreRealistic>		
		<dragArea value="5" />
		<trailer unloadingPtoPower="15" />
	</moreRealistic>
	
	
	
    <storeData>
        <name>TKD 302</name>
        <specs>
            <combination>HKD 302,DB 8</combination>
        </specs>
        <functions>
            <function>$l10n_function_tipper</function>
        </functions>
        <image>data/store/store_kroegerTKD302.png</image>
        <price>27000</price>
        <dailyUpkeep>10</dailyUpkeep>
        <lifetime>600</lifetime>
        <rotation>0</rotation>
        <brand>KROEGER</brand>
        <category>tippers</category>
        <vertexBufferMemoryUsage>1396864</vertexBufferMemoryUsage>
        <indexBufferMemoryUsage>217800</indexBufferMemoryUsage>
        <textureMemoryUsage>14855304</textureMemoryUsage>
        <instanceVertexBufferMemoryUsage>0</instanceVertexBufferMemoryUsage>
        <instanceIndexBufferMemoryUsage>0</instanceIndexBufferMemoryUsage>
    </storeData>

    <typeDesc>$l10n_typeDesc_tipper</typeDesc>
    <filename>data/vehicles/trailers/kroeger/kroegerTKD302.i3d</filename>

    <size width="3.5" length="8" lengthOffset="0.75" />

    <wheelConfigurations>
        <wheelConfiguration name="$l10n_configuration_valueDefault" price="0">
            <wheels>
                <wheel tipOcclusionAreaGroupId="1" restLoad="1.5" repr="0>0|0|0" forcePointRatio="0.2" filename="$data/vehicles/wheels/lizard/385_65R22_5.xml" isLeft="true"  initialCompression="18" suspTravel="0.3" spring="50" damper="10" hasTireTracks="true" steeringAxleScale="0.5" steeringAxleRotMax="1" steeringAxleRotMin="-1" />
                <wheel tipOcclusionAreaGroupId="2" restLoad="1.5" repr="0>0|0|1" forcePointRatio="0.2" filename="$data/vehicles/wheels/lizard/385_65R22_5.xml" isLeft="false" initialCompression="18" suspTravel="0.3" spring="50" damper="10" hasTireTracks="true" steeringAxleScale="0.5" steeringAxleRotMax="1" steeringAxleRotMin="-1" />
                <wheel tipOcclusionAreaGroupId="1" restLoad="0.8" repr="0>0|0|2" forcePointRatio="0.3" filename="$data/vehicles/wheels/lizard/385_65R22_5.xml" isLeft="true"  initialCompression="15" suspTravel="0.3" spring="48" damper="10" hasTireTracks="true" hasParticles="true" />
                <wheel tipOcclusionAreaGroupId="2" restLoad="0.8" repr="0>0|0|3" forcePointRatio="0.3" filename="$data/vehicles/wheels/lizard/385_65R22_5.xml" isLeft="false" initialCompression="15" suspTravel="0.3" spring="48" damper="10" hasTireTracks="true" hasParticles="true" />
            </wheels>
        </wheelConfiguration>
        <wheelConfiguration name="$l10n_configuration_valueWheelBroad" price="400" icon="$dataS2/menu/hud/configurations/config_wheel_broad.png" >
            <wheels>
                <wheel tipOcclusionAreaGroupId="1" restLoad="1.5" repr="0>0|0|0" forcePointRatio="0.2" filename="$data/vehicles/wheels/trelleborg/TwinRadial_560_60R22_5.xml" isLeft="true"  initialCompression="12" suspTravel="0.3" spring="50" damper="10" hasTireTracks="true" steeringAxleScale="0.5" steeringAxleRotMax="1" steeringAxleRotMin="-1" mrPressureFx="1.5" tireType="offRoad" />
                <wheel tipOcclusionAreaGroupId="2" restLoad="1.5" repr="0>0|0|1" forcePointRatio="0.2" filename="$data/vehicles/wheels/trelleborg/TwinRadial_560_60R22_5.xml" isLeft="false" initialCompression="12" suspTravel="0.3" spring="50" damper="10" hasTireTracks="true" steeringAxleScale="0.5" steeringAxleRotMax="1" steeringAxleRotMin="-1" mrPressureFx="1.5" tireType="offRoad" />
                <wheel tipOcclusionAreaGroupId="1" restLoad="0.8" repr="0>0|0|2" forcePointRatio="0.3" filename="$data/vehicles/wheels/trelleborg/TwinRadial_560_60R22_5.xml" isLeft="true"  initialCompression="15" suspTravel="0.3" spring="48" damper="10" hasTireTracks="true" hasParticles="true" mrPressureFx="1.5" tireType="offRoad" />
                <wheel tipOcclusionAreaGroupId="2" restLoad="0.8" repr="0>0|0|3" forcePointRatio="0.3" filename="$data/vehicles/wheels/trelleborg/TwinRadial_560_60R22_5.xml" isLeft="false" initialCompression="15" suspTravel="0.3" spring="48" damper="10" hasTireTracks="true" hasParticles="true" mrPressureFx="1.5" tireType="offRoad" />
            </wheels>
        </wheelConfiguration>
    </wheelConfigurations>

    <axisColor>0.7012 0.0097 0.0189 1</axisColor>

	<steeringAxleAngleScale startSpeed="100" endSpeed="200" backwards="false" />
    <brakeForce>2.5</brakeForce>
    <maximalAirConsumptionPerFullStop value="0.3" />

    <lights>
        <low>
            <light                       decoration="0>0|3|0|0" lightTypes="0 3" />
        </low>
        <high>
            <light realLight="0>0|3|0|1" decoration="0>0|3|0|0" lightTypes="0 3" />
        </high>
    </lights>

    <brakeLights>
        <brakeLight realLight="0>0|3|0|1" decoration="0>0|3|2|0" />
    </brakeLights>

    <turnLights>
        <turnLightLeft realLight="0>0|3|1|0|1" decoration="0>0|3|1|0|0" />
        <turnLightRight realLight="0>0|3|1|1|1" decoration="0>0|3|1|1|0" />
    </turnLights>

    <cylinderedHydraulicSound file="$data/sounds/hydraulicUp.wav"  pitchOffset="0.8" volume="0.5" indoorVolumeFactor="0.75" />
    <fillSound file="$data/maps/sounds/siloFillSound.wav"          pitchOffset="1.0" volume="1.5" indoorVolumeFactor="0.75" />
    <attachSound file="$data/sounds/attach.wav"                    pitchOffset="1.0" volume="1.0" indoorVolumeFactor="0.35" indoorLowpassGain="0.75"/>

    <inputAttacherJoints>
        <inputAttacherJoint index="0>0|1" jointType="trailerLow" attacherHeight="0.64" lowerRotLimitScale="1 1 1" />		
    </inputAttacherJoints>

    <attacherJoints>
        <attacherJoint index="0>0|2" jointType="trailer" lowerRotLimit="20 80 80" upperRotationOffset="0" allowsJointLimitMovement="false" canTurnOnImplement="false" >
            <schema position="0.5 0" rotation="0" invertX="false" />
        </attacherJoint>
    </attacherJoints>

    <fillUnits>
        <fillUnit unit="$l10n_unit_literShort" fillTypeCategories="bulk" capacity="19000" mrFillVolumeCapacity="18200" />
    </fillUnits>

    <fillVolumes>
        <volumes>
            <volume index="0>0|5|0|0|3|0" maxDelta="0.12" maxAllowedHeapAngle="15"/>
        </volumes>

        <unloadInfos>
            <unloadInfo> <!-- back -->
                <node index="0>0|5|0|0|3|1|0" width="1.0" length="1.7" />
            </unloadInfo>
            <unloadInfo> <!-- left -->
                <node index="0>0|5|0|0|3|1|1" width="1.0" length="2.9" />
            </unloadInfo>
            <unloadInfo> <!-- right -->
                <node index="0>0|5|0|0|3|1|2" width="1.0" length="2.9" />
            </unloadInfo>
        </unloadInfos>

        <heights>
            <height fillVolumeIndex="1" >
                <refNode index="0>0|5|0|0|3|2|0|0" />
                <refNode index="0>0|5|0|0|3|2|0|1" />
                <node index="0>0|5|0|0|4|0|0" baseScale="1 1 1"    transAxis="0 1 0" transMax="0 0.1 0" />
            </height>
            <height fillVolumeIndex="1" >
                <refNode index="0>0|5|0|0|3|2|1|0" />
                <refNode index="0>0|5|0|0|3|2|1|1" />
                <node index="0>0|5|0|0|4|1|0" baseScale="1 1 1"   transAxis="0 1 0" transMax="0 0.1 0" />
            </height>
            <height fillVolumeIndex="1" >
                <refNode index="0>0|5|0|0|3|2|2|0" />
                <refNode index="0>0|5|0|0|3|2|2|1" />
                <node index="0>0|5|0|0|4|2|0" baseScale="1 1 1"   transAxis="0 1 0" transMax="0 0.1 0" />
            </height>
            <height fillVolumeIndex="1" >
                <refNode index="0>0|5|0|0|3|2|0|0" />
                <refNode index="0>0|5|0|0|3|2|0|1" />
                <node index="0>0|5|0|0|4|1|0|2" orientateToWorldY="true" />
            </height>
        </heights>
    </fillVolumes>

    <tipReferencePoints>
        <tipReferencePoint index="0>0|8|0" width="2.5" />
        <tipReferencePoint index="0>0|8|0" width="0.5" />
        <tipReferencePoint index="0>0|8|1" width="3" />
        <tipReferencePoint index="0>0|8|2" width="3" />
    </tipReferencePoints>

    <tipAnimations>
        <tipAnimation speedScale="1" openSpeedScale="0.8" closeSpeedScale="-1.5" animationName="tipAnimationBack" dischargeStartTime="1" dischargeEndTime="11" name="info_tipSideBack">
            <tipEffect>
                <effectNode effectNode="0>0|5|0|0|4|0|0|0" materialType="unloading" materialTypeId="3" fadeTime="0.5" />
                <effectNode effectNode="0>0|5|0|0|4|0|0|1" materialType="smoke"     materialTypeId="1" fadeTime="0.5" />
            </tipEffect>
            <emitterShape node="0>0|5|0|0|4|0|1|0" />
            <fillVolume>
                <unloadInfo index="1"/>
                <height index="1"/>
            </fillVolume>
        </tipAnimation>

        <tipAnimation speedScale="1" openSpeedScale="0.8" closeSpeedScale="-1.5" animationName="tipAnimationBackGrainDoor" dischargeStartTime="1" dischargeEndTime="25" name="info_tipSideBackGrainDoor" >
            <tipEffect>
                <effectNode effectNode="0>0|5|0|0|4|1|0|0" materialType="unloading" materialTypeId="3" fadeTime="0.5" />
                <effectNode effectNode="0>0|5|0|0|4|1|0|1" materialType="smoke"     materialTypeId="1" fadeTime="0.5" />
            </tipEffect>
            <emitterShape node="0>0|5|0|0|4|1|1|0" />
            <fillVolume>
                <unloadInfo index="1"/>
                <height index="4"/>
            </fillVolume>
        </tipAnimation>

        <tipAnimation speedScale="1" openSpeedScale="0.8" closeSpeedScale="-1.5" animationName="tipAnimationLeft" dischargeStartTime="1" dischargeEndTime="11" name="info_tipSideLeft">
            <tipEffect>
                <effectNode effectNode="0>0|5|0|0|4|2|0|0" materialType="unloading" materialTypeId="3" fadeTime="0.5"/>
                <effectNode effectNode="0>0|5|0|0|4|2|0|1" materialType="smoke"     materialTypeId="1" fadeTime="0.5"/>
            </tipEffect>
            <emitterShape node="0>0|5|0|0|4|2|1|0" />
            <fillVolume>
                <unloadInfo index="2"/>
                <height index="2"/>
            </fillVolume>
        </tipAnimation>

        <tipAnimation speedScale="1" openSpeedScale="0.8" closeSpeedScale="-1.5" animationName="tipAnimationRight" dischargeStartTime="1" dischargeEndTime="11" name="info_tipSideRight" >
            <tipEffect>
                <effectNode effectNode="0>0|5|0|0|4|3|0|0" materialType="unloading" materialTypeId="3" fadeTime="0.5"/>
                <effectNode effectNode="0>0|5|0|0|4|3|0|1" materialType="smoke"     materialTypeId="1" fadeTime="0.5"/>
            </tipEffect>
            <emitterShape node="0>0|5|0|0|4|3|1|0" />
            <fillVolume>
                <unloadInfo index="3"/>
                <height index="3"/>
            </fillVolume>
        </tipAnimation>
    </tipAnimations>

    <fillRootNode index="0>" />
    <exactFillRootNode index="0>0|5|0|0|5|0" />
    <fillAutoAimTargetNode index="0>0|5|0|0|5|1" startZ="1.3" endZ="-2.2" invert="false" fillUnitIndex="1" startPercentage="25"/>
    <fillMassNode index="0>" mrCOMtransWithMass="0 0.03 0" />
    <supportsFillTriggers value="true" />

    <movingTools>
        <movingTool index="0>0|5">
            <dependentPart index="0>0|6" />
        </movingTool>
        <movingTool index="0>0|5|0">
            <dependentPart index="0>0|6" />
        </movingTool>
        <movingTool index="0>0|5|0|0">
            <dependentPart index="0>0|6" />
        </movingTool>
        <movingTool index="0>0|5|0|0|0|0">
            <dependentPart index="0>0|5|0|0|0|1" />
        </movingTool>
    </movingTools>

    <movingParts>
        <movingPart index="0>0|5|0|0|0|1" localReferencePoint="0>0|5|0|0|0|1|0" referencePoint="0>0|5|0|0|0|0|0" referenceFrame="0>0|5|0|0|0|0|0" >
            <dependentPart index="0>0|5|0|0|0|1|0" />
        </movingPart>
        <movingPart index="0>0|5|0|0|0|1|0" referencePoint="0>0|5|0|0|0|0|0" referenceFrame="0>0|5|0|0|0|0|0" />
        <movingPart index="0>0|6" referencePoint="0>0|5|0|0|6" referenceFrame="0>0|7" limitedAxis="3" playSound="true" >
            <dependentPart index="0>0|6|0" />
        </movingPart>
        <movingPart index="0>0|6|0" referencePoint="0>0|5|0|0|6" referenceFrame="0>0|7" >
            <translatingPart index="0>0|6|0|0" />
            <translatingPart index="0>0|6|0|0|0" />
            <translatingPart index="0>0|6|0|0|0|0" />
        </movingPart>
    </movingParts>

    <animations>
        <!-- backtipping -->
        <animation name="tipAnimationBack">
            <part node="0>0|5|0|0|0"     startTime="0.3" endTime="2" startRot="0 0 0" endRot="17 0 0" /> <!-- door -->
            <part node="0>0|5|0|0|0"     startTime="2.0" endTime="8" startRot="17 0 0" endRot="35 0 0" /> <!-- door -->
            <part node="0>0|5|0|0"       startTime="0.3" endTime="8" startRot="0 0 0" endRot="-35 0 0" /> <!-- body -->
            <part node="0>0|5|0|0|4|0|0" startTime="0.3" endTime="8" startRot="0 0 0" endRot="35 0 0" />
        </animation>
        <animation name="tipAnimationBackGrainDoor">
            <part node="0>0|5|0|0|0|0"   startTime="0.3" endTime="1"  startTrans="0 -1.331 -0.046" endTrans="0 -1.108 -0.046" /> <!-- grain door -->
            <part node="0>0|5|0|0"       startTime="5"   endTime="18" startRot="0 0 0" endRot="-35 0 0" /> <!-- body -->
        </animation>
        <!-- tipping left -->
        <animation name="tipAnimationLeft">
            <part node="0>0|5|0|0|1"     startTime="0.3" endTime="8" startRot="0 0 0"   endRot="0 0 60" /> <!-- door -->
            <part node="0>0|5"           startTime="0.3" endTime="8" startRot="0 0 0"   endRot="0 0 -60" /> <!-- body -->
            <part node="0>0|5|0|0|4|2|0" startTime="0.3" endTime="8" startRot="0 -90 0" endRot="60 -90 0" />
        </animation>
        <!-- tipping right -->
        <animation name="tipAnimationRight">
            <part node="0>0|5|0|0|2"     startTime="0.3" endTime="8" startRot="0 0 0"   endRot="0 0 -60" /> <!-- door -->
            <part node="0>0|5|0"         startTime="0.3" endTime="8" startRot="0 0 0"   endRot="0 0 60" /> <!-- body -->
            <part node="0>0|5|0|0|4|3|0" startTime="0.3" endTime="8" startRot="0 -90 0" endRot="60 -90 0" />
        </animation>
        <!-- cover -->
        <animation name="toggleCover">
            <part node="0>0|5|0|0|7|0" startTime="0"    endTime="0.05" visibility="false" />
            <part node="0>0|5|0|0|7|1" startTime="0"    endTime="0.05" visibility="true" />
            <part node="0>0|5|0|0|7|0" startTime="0.05" endTime="0.1"  visibility="true" />
            <part node="0>0|5|0|0|7|1" startTime="0.05" endTime="0.1"  visibility="false" />
        </animation>
        <animation name="moveSupport">
            <part node="0>0|4|0" startTime="0" endTime="0.3" startTrans="0 0.2 0" endTrans="0 -0.118 0" />
            <part node="0>0|4|1" startTime="0" endTime="0.3" startRot="720 0 0"   endRot="0 0 0" />
        </animation>
    </animations>

    <support animationName="moveSupport" />
    <cover animationName="toggleCover" />

    <baseColorConfigurations>
        <baseColorConfiguration color="0.0072 0.2758 0.0528 1" />
        <baseColorConfiguration color="0.0018 0.0690 0.0132 1" price="100" icon="$dataS2/menu/hud/configurations/config_color.png"/>
        <baseColorConfiguration color="0.9950 0.9950 0.9950 1" price="100" icon="$dataS2/menu/hud/configurations/config_color.png"/>
        <baseColorConfiguration color="0.135 0.055 0.034 1" price="100" icon="$dataS2/menu/hud/configurations/config_color.png"/>
        <colorNode node="0>0" />
    </baseColorConfigurations>

    <designConfigurations>
        <designConfiguration name="$l10n_configuration_valueWhite" price="0" icon="$dataS2/menu/hud/configurations/config_edition.png">
            <objectChange node="0>0|5|0|0|0|4|0" visibilityActive="true" visibilityInactive="false"/>
            <objectChange node="0>0|5|0|0|1|2|0" visibilityActive="true" visibilityInactive="false"/>
            <objectChange node="0>0|5|0|0|2|2|0" visibilityActive="true" visibilityInactive="false"/>
        </designConfiguration>
        <designConfiguration name="$l10n_configuration_valueColor" price="0" icon="$dataS2/menu/hud/configurations/config_edition.png">
            <objectChange node="0>0|5|0|0|0|4|1" visibilityActive="true" visibilityInactive="false"/>
            <objectChange node="0>0|5|0|0|1|2|1" visibilityActive="true" visibilityInactive="false"/>
            <objectChange node="0>0|5|0|0|2|2|1" visibilityActive="true" visibilityInactive="false"/>
        </designConfiguration>
    </designConfigurations>

    <washable dirtDuration="90" washDuration="1" workMultiplier="4" />

    <components count="1">
        <component1 centerOfMass="0 1 -0.4" solverIterationCount="10" mrSetMass="4.15" />
    </components>

    <schemaOverlay file="$dataS2/menu/schemas/implementSchema.png" fileSelected="$dataS2/menu/schemas/implementSchemaSelected.png" width="0.5" height="0.5" attacherJointPosition="0 0" />

</vehicle>
