﻿<?xml version="1.0" encoding="utf-8" standalone="no" ?>
<vehicle type="cutter_animated">
    <annotation>Copyright (C) GIANTS Software GmbH, All Rights Reserved.</annotation>

	
	<!--
		powerConsumer
		speedLimit
		center of mass
		mass
		
	-->
	
    <storeData>
        <name>980CF 6R</name>
        <specs>
            <workingWidth>4.5</workingWidth>
            <combination>TC5.90</combination>
        </specs>
        <functions>
            <function>$l10n_function_cutter</function>
        </functions>
        <image>data/store/store_newHollandHeader980CF6.png</image>
        <price>24000</price>
        <dailyUpkeep>50</dailyUpkeep>
        <lifetime>600</lifetime>
        <rotation>0</rotation>
        <brand>NEWHOLLAND</brand>
        <category>cutters</category>
        <fieldJob sizeCategory="1" typeCategory="cutter" >
            <dependency filename="$data/vehicles/steerable/newHolland/newHollandTC590.xml" />
        </fieldJob>
        <vertexBufferMemoryUsage>899600</vertexBufferMemoryUsage>
        <indexBufferMemoryUsage>127980</indexBufferMemoryUsage>
        <textureMemoryUsage>9087848</textureMemoryUsage>
        <instanceVertexBufferMemoryUsage>0</instanceVertexBufferMemoryUsage>
        <instanceIndexBufferMemoryUsage>0</instanceIndexBufferMemoryUsage>
    </storeData>

    <typeDesc>$l10n_typeDesc_cutter</typeDesc>
    <filename>data/vehicles/cutters/newHolland/newHollandHeader980CF6.i3d</filename>

    <size width="4" length="3.5" />
    <speedLimit value="12" />    
	<powerConsumer ptoRpm="540" neededPtoPower="24" areaDependantPtoPower="40" />

    <workAreas>
        <workArea startIndex="0>1|0" widthIndex="0>1|1" heightIndex="0>1|2" type="cutter" />
    </workAreas>

    <turnedOnRotationNodes>
        <turnedOnRotationNode index="0>5|0"       type="cutter" rotSpeed="800"  rotAxis="1" turnOnFadeTime="1" turnOffFadeTime="1" />
        <turnedOnRotationNode index="0>5|2|0|0"   type="cutter" rotSpeed="600"  rotAxis="1" turnOnFadeTime="1" turnOffFadeTime="1" />
        <turnedOnRotationNode index="0>5|2|1|0"   type="cutter" rotSpeed="600"  rotAxis="1" turnOnFadeTime="1" turnOffFadeTime="1" />
        <turnedOnRotationNode index="0>5|2|0|1|0" type="cutter" rotSpeed="400"  rotAxis="3" turnOnFadeTime="1" turnOffFadeTime="1" />
        <turnedOnRotationNode index="0>5|2|1|1|0" type="cutter" rotSpeed="-400" rotAxis="3" turnOnFadeTime="1" turnOffFadeTime="1" />
    </turnedOnRotationNodes>

    <inputAttacherJoints>
        <inputAttacherJoint index="0>0" jointType="cutter" upperDistanceToGround="1.8" lowerDistanceToGround="1.44" ptoInputNode="0>4" pto2InputNode="0>9" upperRotationOffset="0" lowerRotationOffset="0" forceSelectionOnAttach="false"/>
    </inputAttacherJoints>

    <movingTools>
        <movingTool index="0>5|2|0" playSound="true" >
            <dependentPart index="0>5|2|2" />
        </movingTool>
        <movingTool index="0>5|2|1" playSound="true" >
            <dependentPart index="0>5|2|3" />
        </movingTool>
        <movingTool index="0>5|3|0" playSound="true" />
        <movingTool index="0>5|4|0" playSound="true" />
    </movingTools>

    <movingParts>
        <movingPart index="0>5|2|2" localReferencePoint="0>5|2|2|0" referencePoint="0>5|2|0|2" referenceFrame="0>5|2|0|3">
            <dependentPart index="0>5|2|2|0" />
            <dependentPart index="0>5|2|4" />
        </movingPart>
        <movingPart index="0>5|2|2|0" referencePoint="0>5|2|0|2" referenceFrame="0>5|2|0|2" scaleZ="true" />
        <movingPart index="0>5|2|4" referencePoint="0>5|2|2|0" referenceFrame="0>5|2">
            <translatingPart index="0>5|2|4|0" />
        </movingPart>

        <movingPart index="0>5|2|3" localReferencePoint="0>5|2|3|0" referencePoint="0>5|2|1|2" referenceFrame="0>5|2|1|3">
            <dependentPart index="0>5|2|3|0" />
            <dependentPart index="0>5|2|5" />
        </movingPart>
        <movingPart index="0>5|2|3|0" referencePoint="0>5|2|1|3" referenceFrame="0>5|2|1|3" scaleZ="true" />
        <movingPart index="0>5|2|5" referencePoint="0>5|2|3|0" referenceFrame="0>5|2">
            <translatingPart index="0>5|2|5|0" />
        </movingPart>
    </movingParts>

    <foldingParts startMoveDirection="1" turnOnFoldMaxLimit="0.1" turnOnFoldMinLimit="0" turnOffOnFold="true" >
        <foldingPart animationName="folding" speedScale="1" />
    </foldingParts>

    <animations>
        <animation name="folding">
            <part node="0>5|3|0" startTime="0" endTime="1" startRot="0 0 0" endRot="0 0 50"/>
            <part node="0>5|4|0" startTime="0" endTime="1" startRot="0 0 0" endRot="0 0 -50"/>
            <part node="0>5|2|0" startTime="1" endTime="8" startRot="0 0 0" endRot="0 0 180"/>
            <part node="0>5|2|1" startTime="1" endTime="8" startRot="0 0 0" endRot="0 0 -180"/>
        </animation>

        <!-- move support wheel down/up -->
        <animation name="moveSupport">
            <part node="0>5|1" startTime="0" endTime="0.8" startTrans="0 0.19 -1.06" endTrans="0 0 -1.06" />
        </animation>
    </animations>

    <support animationName="moveSupport" />

    <ai>
        <areaMarkers leftIndex="0>2|0" rightIndex="0>2|1" backIndex="0>2|2" />
        <sizeMarkers leftIndex="0>3|0" rightIndex="0>3|1" backIndex="0>3|2" />
        <trafficCollisionTrigger index="0>6" />
    </ai>
    <dynamicMount forceLimitScale="1" />
    <cylinderedHydraulicSound file="$data/sounds/cultivatorHydraulic.wav"  pitchOffset="1.00" volume="1.00" indoorVolumeFactor="0.75" />

    <cutter fruitTypeCategories="maizeHeader">
        <turnedOnScrollers>
            <turnedOnScroller index="0>5|6"     scrollSpeed="3" scrollLength="1" shaderParameterName="offsetUV" shaderParameterComponent="1" toggleVisibility="false" turnOnFadeTime="2" turnOffFadeTime="2"/>
            <turnedOnScroller index="0>5|7"     scrollSpeed="3" scrollLength="1" shaderParameterName="offsetUV" shaderParameterComponent="1" toggleVisibility="false" turnOnFadeTime="2" turnOffFadeTime="2"/>
            <turnedOnScroller index="0>5|2|0|4" scrollSpeed="3" scrollLength="1" shaderParameterName="offsetUV" shaderParameterComponent="1" toggleVisibility="false" turnOnFadeTime="2" turnOffFadeTime="2"/>
            <turnedOnScroller index="0>5|2|0|5" scrollSpeed="3" scrollLength="1" shaderParameterName="offsetUV" shaderParameterComponent="1" toggleVisibility="false" turnOnFadeTime="2" turnOffFadeTime="2"/>
            <turnedOnScroller index="0>5|2|1|4" scrollSpeed="3" scrollLength="1" shaderParameterName="offsetUV" shaderParameterComponent="1" toggleVisibility="false" turnOnFadeTime="2" turnOffFadeTime="2"/>
            <turnedOnScroller index="0>5|2|1|5" scrollSpeed="3" scrollLength="1" shaderParameterName="offsetUV" shaderParameterComponent="1" toggleVisibility="false" turnOnFadeTime="2" turnOffFadeTime="2"/>
        </turnedOnScrollers>
        <testAreas>
            <testArea startIndex="0>7|0" widthIndex="0>7|0|0" heightIndex="0>7|0|1" />
            <testArea startIndex="0>7|1" widthIndex="0>7|1|0" heightIndex="0>7|1|1" />
            <testArea startIndex="0>7|2" widthIndex="0>7|2|0" heightIndex="0>7|2|1" />
            <testArea startIndex="0>7|3" widthIndex="0>7|3|0" heightIndex="0>7|3|1" />
            <testArea startIndex="0>7|4" widthIndex="0>7|4|0" heightIndex="0>7|4|1" />
            <testArea startIndex="0>7|5" widthIndex="0>7|5|0" heightIndex="0>7|5|1" />
        </testAreas>
        <effect>
            <effectNode linkNode="0>8|0" speedScale="0.0018" inverted="true" lengthAndRadius="1 3.8 1 3" effectType="CENTER" changeSpeedScale="0.01" />
            <effectNode linkNode="0>8|1" speedScale="0.0012" inverted="true" lengthAndRadius="1 1 1 1"   effectType="LEFT"  useInterpolation="true" minOffset="3" />
            <effectNode linkNode="0>8|2" speedScale="0.0012" inverted="true" lengthAndRadius="1 1 1 1"   effectType="RIGHT" useInterpolation="true" minOffset="3" useMaxValue="true"/>
        </effect>
        <particleSystems>
            <emitterShape node="0>8|3" particleType="CUTTER_CHOPPER" />
        </particleSystems>
        <threshingParticleSystems>
            <threshingParticleSystem node="0>" file="$data/particleSystems/shared/threshingCutterParticles.i3d" />
        </threshingParticleSystems>
    </cutter>

    <washable dirtDuration="300" washDuration="1" workMultiplier="2" />

    <components count="1">
        <component1 centerOfMass="0 0.5 -0.75" mrSetMass="2.55" />
    </components>

    <schemaOverlay file="$dataS2/menu/schemas/implementSchema.png" fileSelected="$dataS2/menu/schemas/implementSchemaSelected.png" width="0.5" height="0.5" attacherJointPosition="0 0"/>

</vehicle>
