﻿<?xml version="1.0" encoding="utf-8" standalone="no" ?>
<vehicle type="cutter_animated">
    <annotation>Copyright (C) GIANTS Software GmbH, All Rights Reserved.</annotation>

	<!--
		powerConsumer
		speedLimit
		center of mass
		attacherJoint
	-->
	
    <storeData>
        <name>980CF 12R</name>
        <specs>
            <workingWidth>9.0</workingWidth>
            <combination>CR10.90</combination>
        </specs>
        <functions>
            <function>$l10n_function_cutter</function>
        </functions>
        <image>data/store/store_newHollandHeader980CF12.png</image>
        <price>44000</price>
        <dailyUpkeep>90</dailyUpkeep>
        <lifetime>600</lifetime>
        <rotation>0</rotation>
        <brand>NEWHOLLAND</brand>
        <category>cutters</category>
        <fieldJob sizeCategory="3" typeCategory="cutter" >
            <dependency filename="$data/vehicles/steerable/newHolland/newHollandCR1090.xml" />
        </fieldJob>
        <vertexBufferMemoryUsage>1531728</vertexBufferMemoryUsage>
        <indexBufferMemoryUsage>214062</indexBufferMemoryUsage>
        <textureMemoryUsage>8913096</textureMemoryUsage>
        <instanceVertexBufferMemoryUsage>0</instanceVertexBufferMemoryUsage>
        <instanceIndexBufferMemoryUsage>0</instanceIndexBufferMemoryUsage>
    </storeData>

    <typeDesc>$l10n_typeDesc_cutter</typeDesc>
    <filename>data/vehicles/cutters/newHolland/newHollandHeader980CF12.i3d</filename>

    <size width="6" length="4" />
    <speedLimit value="12" />    
	<powerConsumer ptoRpm="540" neededPtoPower="48" areaDependantPtoPower="40" />

    <lights>
        <low>
            <light decoration="0>0|3|0" lightTypes="0 3"/> <!--BackLights-->
        </low>
        <high>
            <light decoration="0>0|3|0" lightTypes="0 3" /> <!--BackLights-->
        </high>
    </lights>

    <workAreas>
        <workArea startIndex="0>0|9|0" widthIndex="0>0|9|1" heightIndex="0>0|9|2" type="cutter" />
    </workAreas>

    <turnedOnRotationNodes>
        <turnedOnRotationNode index="0>0|2"       type="cutter" rotSpeed="800"  rotAxis="1" turnOnFadeTime="1" turnOffFadeTime="1" />
        <turnedOnRotationNode index="0>0|4|0|0"   type="cutter" rotSpeed="800"  rotAxis="1" turnOnFadeTime="1" turnOffFadeTime="1" />
        <turnedOnRotationNode index="0>0|4|1|0"   type="cutter" rotSpeed="800"  rotAxis="1" turnOnFadeTime="1" turnOffFadeTime="1" />
        <turnedOnRotationNode index="0>0|4|0|1|0" type="cutter" rotSpeed="200"  rotAxis="3" turnOnFadeTime="1" turnOffFadeTime="1" />
        <turnedOnRotationNode index="0>0|4|1|1|0" type="cutter" rotSpeed="-200" rotAxis="3" turnOnFadeTime="1" turnOffFadeTime="1" />
    </turnedOnRotationNodes>

    <inputAttacherJoints>
        <inputAttacherJoint index="0>0|0" jointType="cutter" upperDistanceToGround="1.8" lowerDistanceToGround="1.43" ptoInputNode="0>0|1" pto2InputNode="0>0|12" upperRotationOffset="-3" lowerRotationOffset="-3" forceSelectionOnAttach="false"/>
    </inputAttacherJoints>

    <movingTools>
        <movingTool index="0>0|4|0" playSound="true" >
            <dependentPart index="0>0|4|2" />
        </movingTool>
        <movingTool index="0>0|4|1" playSound="true" >
            <dependentPart index="0>0|4|3" />
        </movingTool>
        <movingTool index="0>0|5|0" playSound="true" />
        <movingTool index="0>0|6|0" playSound="true" />
    </movingTools>

    <movingParts>
        <movingPart index="0>0|4|2" localReferencePoint="0>0|4|2|0" referencePoint="0>0|4|0|2" referenceFrame="0>0|4|0|3">
            <dependentPart index="0>0|4|2|0" />
            <dependentPart index="0>0|4|4" />
        </movingPart>
        <movingPart index="0>0|4|2|0" referencePoint="0>0|4|0|2" referenceFrame="0>0|4|0|2" scaleZ="true" />
        <movingPart index="0>0|4|4" referencePoint="0>0|4|2|0" referenceFrame="0>0|4">
            <translatingPart index="0>0|4|4|0" />
        </movingPart>

        <movingPart index="0>0|4|3" localReferencePoint="0>0|4|3|0" referencePoint="0>0|4|1|2" referenceFrame="0>0|4|1|3">
            <dependentPart index="0>0|4|3|0" />
            <dependentPart index="0>0|4|5" />
        </movingPart>
        <movingPart index="0>0|4|3|0" referencePoint="0>0|4|1|3" referenceFrame="0>0|4|1|3" scaleZ="true" />
        <movingPart index="0>0|4|5" referencePoint="0>0|4|3|0" referenceFrame="0>0|4">
            <translatingPart index="0>0|4|5|0" />
        </movingPart>
    </movingParts>

    <foldingParts startMoveDirection="1" turnOnFoldMaxLimit="0.1" turnOnFoldMinLimit="0" turnOffOnFold="true" >
        <foldingPart animationName="folding" speedScale="1" />
    </foldingParts>

    <animations>
        <animation name="folding">
            <part node="0>0|5|0" startTime="0" endTime="1" startRot="0 0 0" endRot="0 0 50"/>
            <part node="0>0|6|0" startTime="0" endTime="1" startRot="0 0 0" endRot="0 0 -50"/>
            <part node="0>0|4|0" startTime="1" endTime="8" startRot="0 0 0" endRot="0 0 180"/>
            <part node="0>0|4|1" startTime="1" endTime="8" startRot="0 0 0" endRot="0 0 -180"/>
        </animation>
    </animations>

    <ai>
        <areaMarkers leftIndex="0>0|10|0|0" rightIndex="0>0|10|0|1" backIndex="0>0|10|0|2" />
        <trafficCollisionTrigger index="0>0|10|1" />
    </ai>
    <dynamicMount forceLimitScale="1" />

    <cylinderedHydraulicSound file="$data/sounds/cultivatorHydraulic.wav"  pitchOffset="1.00" volume="1.00" indoorVolumeFactor="0.75" />

    <cutter fruitTypeCategories="maizeHeader">
        <turnedOnScrollers>
            <turnedOnScroller index="0>0|7"     scrollSpeed="3" scrollLength="1" shaderParameterName="offsetUV" shaderParameterComponent="1" toggleVisibility="false" turnOnFadeTime="2" turnOffFadeTime="2"/>
            <turnedOnScroller index="0>0|8"     scrollSpeed="3" scrollLength="1" shaderParameterName="offsetUV" shaderParameterComponent="1" toggleVisibility="false" turnOnFadeTime="2" turnOffFadeTime="2"/>
            <turnedOnScroller index="0>0|4|0|4" scrollSpeed="3" scrollLength="1" shaderParameterName="offsetUV" shaderParameterComponent="1" toggleVisibility="false" turnOnFadeTime="2" turnOffFadeTime="2"/>
            <turnedOnScroller index="0>0|4|0|5" scrollSpeed="3" scrollLength="1" shaderParameterName="offsetUV" shaderParameterComponent="1" toggleVisibility="false" turnOnFadeTime="2" turnOffFadeTime="2"/>
            <turnedOnScroller index="0>0|4|1|4" scrollSpeed="3" scrollLength="1" shaderParameterName="offsetUV" shaderParameterComponent="1" toggleVisibility="false" turnOnFadeTime="2" turnOffFadeTime="2"/>
            <turnedOnScroller index="0>0|4|1|5" scrollSpeed="3" scrollLength="1" shaderParameterName="offsetUV" shaderParameterComponent="1" toggleVisibility="false" turnOnFadeTime="2" turnOffFadeTime="2"/>
        </turnedOnScrollers>
        <testAreas>
            <testArea startIndex="0>0|11|1|0" widthIndex="0>0|11|1|0|0" heightIndex="0>0|11|1|0|1" />
            <testArea startIndex="0>0|11|1|1" widthIndex="0>0|11|1|1|0" heightIndex="0>0|11|1|1|1" />
            <testArea startIndex="0>0|11|1|2" widthIndex="0>0|11|1|2|0" heightIndex="0>0|11|1|2|1" />
            <testArea startIndex="0>0|11|1|3" widthIndex="0>0|11|1|3|0" heightIndex="0>0|11|1|3|1" />
            <testArea startIndex="0>0|11|1|4" widthIndex="0>0|11|1|4|0" heightIndex="0>0|11|1|4|1" />
            <testArea startIndex="0>0|11|1|5" widthIndex="0>0|11|1|5|0" heightIndex="0>0|11|1|5|1" />
            <testArea startIndex="0>0|11|1|6" widthIndex="0>0|11|1|6|0" heightIndex="0>0|11|1|6|1" />
            <testArea startIndex="0>0|11|1|7" widthIndex="0>0|11|1|7|0" heightIndex="0>0|11|1|7|1" />
            <testArea startIndex="0>0|11|1|8" widthIndex="0>0|11|1|8|0" heightIndex="0>0|11|1|8|1" />
            <testArea startIndex="0>0|11|1|9" widthIndex="0>0|11|1|9|0" heightIndex="0>0|11|1|9|1" />
            <testArea startIndex="0>0|11|1|10" widthIndex="0>0|11|1|10|0" heightIndex="0>0|11|1|10|1" />
            <testArea startIndex="0>0|11|1|11" widthIndex="0>0|11|1|11|0" heightIndex="0>0|11|1|11|1" />
        </testAreas>
        <effect>
            <effectNode linkNode="0>0|11|0|0" speedScale="0.0018" inverted="true" lengthAndRadius="1 3.8 1 3" effectType="CENTER" changeSpeedScale="0.01" />
            <effectNode linkNode="0>0|11|0|1" speedScale="0.0012" inverted="true" lengthAndRadius="3.2 1 1 1" effectType="LEFT"  useInterpolation="true" minOffset="5" />
            <effectNode linkNode="0>0|11|0|2" speedScale="0.0012" inverted="true" lengthAndRadius="3.2 1 1 1" effectType="RIGHT" useInterpolation="true" minOffset="5" useMaxValue="true"/>
        </effect>
        <particleSystems>
            <emitterShape node="0>0|11|0|3" particleType="CUTTER_CHOPPER" />
        </particleSystems>
        <threshingParticleSystems>
            <threshingParticleSystem node="0>" file="$data/particleSystems/shared/threshingCutterParticles.i3d" />
        </threshingParticleSystems>
    </cutter>

    <washable dirtDuration="300" washDuration="1" workMultiplier="2" />

    <components count="1">
        <component1 centerOfMass="0 0.4 -0.7" />
    </components>

    <schemaOverlay file="$dataS2/menu/schemas/implementSchema.png" fileSelected="$dataS2/menu/schemas/implementSchemaSelected.png" width="0.5" height="0.5" attacherJointPosition="0 0"/>

</vehicle>