<?xml version="1.0" encoding="utf-8" standalone="no" ?>

<helpLines>
    <annotation>Copyright (c) Realismus Modding, 2017</annotation>

    <helpLineCategory title="ss_helpCategory">
        <!-- Intro -->
        <helpLine title="ss_helpTitle_01">
            <item type="text" value="ss_helpText_01_01" />
            <item type="text" value="ss_helpText_01_02" />
            <item type="text" value="ss_helpText_01_03" />
            <item type="image" value="resources/gui/helpLineImages/img_01_01.png"/>
        </helpLine>

        <!-- Seasonal Effects (1) -->
        <helpLine title="ss_helpTitle_02">
            <item type="text" value="ss_helpText_02_01" />
            <item type="text" value="ss_helpText_02_02" />
            <item type="text" value="ss_helpText_02_03" />
        </helpLine>

        <!-- Seasonal Effects (2) -->
        <helpLine title="ss_helpTitle_03">
            <item type="text" value="ss_helpText_03_01" />
            <item type="text" value="ss_helpText_03_02" />
            <item type="text" value="ss_helpText_03_03" />
        </helpLine>

        <!-- Weather forecast -->
        <helpLine title="ss_helpTitle_04">
            <item type="text" value="ss_helpText_04_01" />
            <item type="text" value="ss_helpText_04_02" />
            <item type="text" value="ss_helpText_04_03" />
        </helpLine>

        <!-- Soil -->
        <helpLine title="ss_helpTitle_05">
            <item type="text" value="ss_helpText_05_01" />
            <item type="text" value="ss_helpText_05_02" />
            <item type="text" value="ss_helpText_05_03" />
        </helpLine>

        <!-- Crops - Intro -->
        <helpLine title="ss_helpTitle_06">
            <item type="text" value="ss_helpText_06_01" />
            <item type="text" value="ss_helpText_06_02" />
            <item type="text" value="ss_helpText_06_03" />
            <item type="text" value="ss_helpText_06_04" />
            <item type="text" value="ss_helpText_06_05" />
        </helpLine>

        <!-- Crops - Arable Crops -->
        <helpLine title="ss_helpTitle_07">
            <item type="text" value="ss_helpText_07_01" />
            <item type="text" value="ss_helpText_07_02" />
            <item type="text" value="ss_helpText_07_03" />
        </helpLine>

        <!-- Crops - Hay, Straw, and Grass -->
        <helpLine title="ss_helpTitle_08">
            <item type="text" value="ss_helpText_08_01" />
            <item type="text" value="ss_helpText_08_02" />
            <item type="text" value="ss_helpText_08_03" />
            <item type="text" value="ss_helpText_08_04" />
        </helpLine>

        <!-- Crops - Trees -->
        <helpLine title="ss_helpTitle_09">
            <item type="text" value="ss_helpText_09_01" />
            <item type="text" value="ss_helpText_09_02" />
        </helpLine>

        <!-- Crops - Weather Effects -->
        <helpLine title="ss_helpTitle_10">
            <item type="text" value="ss_helpText_10_01" />
            <item type="text" value="ss_helpText_10_02" />
            <item type="text" value="ss_helpText_10_03" />
            <item type="text" value="ss_helpText_10_04" />
        </helpLine>

        <!-- Maintenance -->
        <helpLine title="ss_helpTitle_11">
            <item type="text" value="ss_helpText_11_01" />
            <item type="text" value="ss_helpText_11_02" />
            <item type="text" value="ss_helpText_11_03" />
            <item type="text" value="ss_helpText_11_04" />
        </helpLine>

        <!-- Economy -->
        <helpLine title="ss_helpTitle_12">
            <item type="text" value="ss_helpText_12_01" />
            <item type="text" value="ss_helpText_12_02" />
            <item type="text" value="ss_helpText_12_03" />
            <item type="text" value="ss_helpText_12_04" />
        </helpLine>

        <!-- Hired Help -->
        <helpLine title="ss_helpTitle_13">
            <item type="text" value="ss_helpText_13_01" />
        </helpLine>

        <!-- Animals - Intro -->
        <helpLine title="ss_helpTitle_14">
            <item type="text" value="ss_helpText_14_01" />
            <item type="text" value="ss_helpText_14_02" />
            <item type="text" value="ss_helpText_14_03" />
        </helpLine>

        <!-- Animals - Production -->
        <helpLine title="ss_helpTitle_15">
            <item type="text" value="ss_helpText_15_01" />
            <item type="text" value="ss_helpText_15_02" />
            <item type="text" value="ss_helpText_15_03" />
        </helpLine>

        <!-- Seasons menu -->
        <helpLine title="ss_helpTitle_16">
            <item type="text" value="ss_helpText_16_01" />
            <item type="text" value="ss_helpText_16_02" />
            <item type="text" value="ss_helpText_16_03" />
            <item type="text" value="ss_helpText_16_04" />
        </helpLine>

        <!-- HUD -->
        <helpLine title="ss_helpTitle_17">
            <item type="text" value="ss_helpText_17_01" />
            <item type="text" value="ss_helpText_17_02" />
            <item type="text" value="ss_helpText_17_03" />
            <item type="text" value="ss_helpText_17_04" />
        </helpLine>

        <!-- Wopstr -->
        <helpLine title="ss_helpTitle_19">
            <item type="text" value="ss_helpText_19_01" />
            <item type="text" value="ss_helpText_19_02" />
            <item type="text" value="ss_helpText_19_03" />
        </helpLine>

        <!-- Misc. -->
        <helpLine title="ss_helpTitle_18">
            <item type="text" value="ss_helpText_18_01" />
            <item type="text" value="ss_helpText_18_02" />
            <item type="text" value="ss_helpText_18_03" />
            <item type="text" value="ss_helpText_18_04" />
        </helpLine>
    </helpLineCategory>
</helpLines>
