<?xml version="1.0" encoding="utf-8" standalone="no" ?>
<GUI onOpen="onOpen" onClose="onClose" onCreate="onCreate">
    <GuiElement type="bitmap" profile="BgImageIngame" />

    <GuiElement type="bitmap" profile="uiElementBg">
        <GuiElement type="bitmap" profile="uiElementMainBg">
            <GuiElement type="bitmap" profile="uiElementBaseHeader">
                <GuiElement type="multiTextOption" profile="headerBoxSelector" onClick="onClickPageSelection" id="pageSelector" focusId="1" focusChangeRight="2" focusChangeBottom="10" focusChangeTop="102">
                    <GuiElement type="button" profile="headerBoxSelectorLeft" />
                    <GuiElement type="button" profile="headerBoxSelectorRight"/>
                    <GuiElement type="text" profile="headerText" text="Paging" />
                </GuiElement>
            </GuiElement>

            <GuiElement type="paging" onPageChange="onPageChange" onPageUpdate="onPageUpdate" onCreate="onCreatePaging" id="pagingElement">
                <!-- Crop data -->
                <GuiElement type="empty" profile="page" name="pageCalendar" onCreate="onCreatePageOverview" onDraw="onDrawPageCalendar">
                    <GuiElement type="slider" profile="ssCropsSlider">
                        <GuiElement type="button" profile="sliderButtonUp" focusId="sliderUpCrops" focusChangeTop="1" focusChangeBottom="sliderDownCrops"/>
                        <GuiElement type="button" profile="sliderButtonDown" focusId="sliderDownCrops" focusChangeTop="sliderUpCrops" focusChangeBottom="100" />

                        <GuiElement type="empty" profile="ssCalendarHeader" id="calendarHeader" onCreate="onCreateCalendarHeader" onDraw="onDrawCalendarHeader" />

                        <GuiElement type="list" profile="ssCalendarList" id="calendarList" focusId="200" focusChangeTop="1" focusChangeBottom="100" focusChangeRight="100" focusChangeLeft="1">
                            <GuiElement type="listItem" profile="ssCalendarListItem" id="calendarListItemTemplate" onCreate="onCreateCalendarListItem">
                                <GuiElement type="bitmap" profile="ssCalendarItemFruitBg">
                                    <GuiElement type="bitmap" profile="ssCalendarItemFruitIcon" onCreate="onCreateCalendarItemFruitIcon" />
                                    <GuiElement type="text" profile="ssCalendarItemFruitName" onCreate="onCreateCalendarItemFruitName" />
                                </GuiElement>

                                <GuiElement type="bitmap" profile="ssCalendarItemGerminationBg">
                                    <GuiElement type="text" profile="ssCalendarItemGermination" onCreate="onCreateCalendarItemGermination" />
                                </GuiElement>

                                <GuiElement type="bitmap" profile="ssCalendarItemData" onCreate="onCreateCalendarItemData" onDraw="onDrawCalendarItemData" />
                            </GuiElement>
                        </GuiElement>

                        <GuiElement type="empty" profile="ssCalendarFooter" id="calendarFooter" onDraw="onDrawCalendarFooter" />

                        <GuiElement type="empty" profile="ssCalendarToday" onDraw="onDrawCalendarToday" />
                    </GuiElement>
                </GuiElement>

                <!-- Economy -->
                <GuiElement type="empty" profile="page" name="pageEconomy" onCreate="onCreatePageEconomy">
                    <GuiElement type="slider" profile="ssEconomySlider">
                        <GuiElement type="button" profile="sliderButtonUp" focusId="sliderUpEconomy" focusChangeTop="1" focusChangeBottom="sliderDownEconomy"/>
                        <GuiElement type="button" profile="sliderButtonDown" focusId="sliderDownEconomy" focusChangeTop="sliderUpEconomy" focusChangeBottom="100" />

                        <GuiElement type="list" profile="ssEconomyList" onScroll="onEconomySliderValueChanged" onSelectionChanged="onEconomyListSelectionChanged" id="economyList" focusId="300" focusChangeTop="1" focusChangeBottom="100" focusChangeRight="100" focusChangeLeft="1">
                            <GuiElement type="listItem" profile="ssEconomyListItem" id="economyListItemTemplate" >
                                <GuiElement type="text" profile="ssEconomyListItemText" text="FillType" />
                                <GuiElement type="bitmap" profile="ssEconomyListItemTick" />
                            </GuiElement>
                        </GuiElement>
                    </GuiElement>

                    <GuiElement type="empty" profile="ssEconomyGraph" id="economyGraph" onDraw="drawEconomyGraph" />
                </GuiElement>

                <!-- Settings -->
                <GuiElement type="empty" profile="page" name="pageSettings" onCreate="onCreatePageSettings">
                    <!-- Column 1 -->
                    <GuiElement type="boxLayout" profile="settingsBox" position="20px 536px" >
                        <!-- Season intros on/off -->
                        <GuiElement type="toggleButton2" profile="multiTextOptionSettings" onCreate="onCreateSeasonIntros" toolTip="tooltip_seasonIntros" onFocus="onFocusSettingsBox" onLeave="onLeaveSettingsBox" focusId="210" focusChangeTop="1" focusChangeBottom="211" onClick="updateApplySettingsButton">
                            <GuiElement type="button" profile="multiTextOptionLeft" />
                            <GuiElement type="button" profile="multiTextOptionRight"/>
                            <GuiElement type="text"   profile="multiTextOptionText" />
                            <GuiElement type="text"   profile="multiTextOptionTitle" text="setting_seasonIntros"/>
                            <GuiElement type="bitmap" profile="multiTextOptionBg" />
                        </GuiElement>

                        <!-- Season intros on/off -->
                        <GuiElement type="toggleButton2" profile="multiTextOptionSettings" onCreate="onCreateControlsHelp" toolTip="tooltip_controlsHelp" onFocus="onFocusSettingsBox" onLeave="onLeaveSettingsBox" focusId="211" focusChangeTop="210" focusChangeBottom="212" onClick="updateApplySettingsButton">
                            <GuiElement type="button" profile="multiTextOptionLeft" />
                            <GuiElement type="button" profile="multiTextOptionRight"/>
                            <GuiElement type="text"   profile="multiTextOptionText" />
                            <GuiElement type="text"   profile="multiTextOptionTitle" text="setting_controlsHelp"/>
                            <GuiElement type="bitmap" profile="multiTextOptionBg" />
                        </GuiElement>

                        <!-- Fahrenheit -->
                        <GuiElement type="toggleButton2" profile="multiTextOptionSettings" onCreate="onCreateControlsTemperature" toolTip="tooltip_controlsTemperature" onFocus="onFocusSettingsBox" onLeave="onLeaveSettingsBox" focusId="212" focusChangeTop="211" focusChangeBottom="220" onClick="updateApplySettingsButton">
                            <GuiElement type="button" profile="multiTextOptionLeft" />
                            <GuiElement type="button" profile="multiTextOptionRight"/>
                            <GuiElement type="text"   profile="multiTextOptionText" />
                            <GuiElement type="text"   profile="multiTextOptionTitle" text="setting_controlsTemperature"/>
                            <GuiElement type="bitmap" profile="multiTextOptionBg" />
                        </GuiElement>
                    </GuiElement>

                    <!-- Column 2 -->
                    <GuiElement type="boxLayout" profile="settingsBox" position="347px 536px" id="settingsColumn2">
                        <!-- Season length -->
                        <GuiElement type="multiTextOption" profile="multiTextOptionSettings" onCreate="onCreateSeasonLength" toolTip="tooltip_seasonLength" onFocus="onFocusSettingsBox" onLeave="onLeaveSettingsBox" focusId="220" focusChangeTop="212" focusChangeBottom="221" onClick="updateApplySettingsButton">
                            <GuiElement type="button" profile="multiTextOptionLeft" />
                            <GuiElement type="button" profile="multiTextOptionRight"/>
                            <GuiElement type="text"   profile="multiTextOptionText" />
                            <GuiElement type="text"   profile="multiTextOptionTitle" text="setting_seasonLength"/>
                            <GuiElement type="bitmap" profile="multiTextOptionBg" />
                        </GuiElement>

                        <!-- Snow -->
                        <GuiElement type="multiTextOption" profile="multiTextOptionSettings" onCreate="onCreateSnow" toolTip="tooltip_snow" onFocus="onFocusSettingsBox" onLeave="onLeaveSettingsBox" focusId="221" focusChangeTop="220" focusChangeBottom="222" onClick="onClickSnowToggle">
                            <GuiElement type="button" profile="multiTextOptionLeft" />
                            <GuiElement type="button" profile="multiTextOptionRight"/>
                            <GuiElement type="text"   profile="multiTextOptionText" />
                            <GuiElement type="text"   profile="multiTextOptionTitle" text="setting_snow"/>
                            <GuiElement type="bitmap" profile="multiTextOptionBg" />
                        </GuiElement>

                        <!-- Snow tracks -->
                        <GuiElement type="toggleButton2" profile="multiTextOptionSettings" onCreate="onCreateSnowTracksToggle" toolTip="tooltip_snowTracks" onFocus="onFocusSettingsBox" onLeave="onLeaveSettingsBox" focusId="222" focusChangeTop="221" focusChangeBottom="223" onClick="updateApplySettingsButton">
                            <GuiElement type="button" profile="multiTextOptionLeft" />
                            <GuiElement type="button" profile="multiTextOptionRight"/>
                            <GuiElement type="text"   profile="multiTextOptionText" />
                            <GuiElement type="text"   profile="multiTextOptionTitle" text="setting_snowTracks"/>
                            <GuiElement type="bitmap" profile="multiTextOptionBg" />
                        </GuiElement>

                        <!-- Moisture -->
                        <GuiElement type="toggleButton2" profile="multiTextOptionSettings" onCreate="onCreateMoistureToggle" toolTip="tooltip_moisture" onFocus="onFocusSettingsBox" onLeave="onLeaveSettingsBox" focusId="223" focusChangeTop="222" focusChangeBottom="100" onClick="updateApplySettingsButton">
                            <GuiElement type="button" profile="multiTextOptionLeft" />
                            <GuiElement type="button" profile="multiTextOptionRight"/>
                            <GuiElement type="text"   profile="multiTextOptionText" />
                            <GuiElement type="text"   profile="multiTextOptionTitle" text="setting_moisture"/>
                            <GuiElement type="bitmap" profile="multiTextOptionBg" />
                        </GuiElement>
                    </GuiElement>

                    <!-- Column 3 -->
                    <GuiElement type="boxLayout" profile="settingsBox" position="675px 536px" id="settingsColumn3">
                    </GuiElement>

                    <!-- Login column -->
                    <GuiElement type="boxLayout" profile="settingsBox" position="675px 536px" onCreate="onCreateMultiplayerLogin" id="multiplayerLogin">
                        <GuiElement type="button" profile="ssSettingsButton" onClick="onClickMultiplayerLogin" text="$l10n_button_adminLogin" focusId="230" focusChangeTop="1" focusChangeBottom="100" positionOrigin="topCenter" focusChangeLeft="1" focusChangeRight="1" />
                    </GuiElement>
                </GuiElement>

                <!-- Debug -->
                <GuiElement type="empty" profile="page" name="pageDebug" onCreate="onCreatePageDebug">
                    <!-- Column 1 (Snow) -->
                    <GuiElement type="boxLayout" profile="settingsBox" position="20px 536px" >
                        <!-- Auto snow on/off -->
                        <GuiElement type="toggleButton2" profile="multiTextOptionSettings" onClick="onClickDebugAutoSnow" toolTip="Automatic add and remove snow based on the weather" onFocus="onFocusSettingsBox" onLeave="onLeaveSettingsBox" focusId="410" focusChangeTop="1" focusChangeBottom="411" id="autoSnowToggle">
                            <GuiElement type="button" profile="multiTextOptionLeft" />
                            <GuiElement type="button" profile="multiTextOptionRight"/>
                            <GuiElement type="text"   profile="multiTextOptionText" />
                            <GuiElement type="text"   profile="multiTextOptionTitle" text="Auto snow"/>
                            <GuiElement type="bitmap" profile="multiTextOptionBg" />
                        </GuiElement>

                        <!-- Add layer -->
                        <GuiElement type="button" profile="ssSettingsButton" onClick="onClickDebugAddSnow" text="Add layer" focusId="411" focusChangeTop="410" focusChangeBottom="412" toolTip="Add one layer of snow" onFocus="onFocusSettingsBox" onLeave="onLeaveSettingsBox" />

                        <!-- Remove layer -->
                        <GuiElement type="button" profile="ssSettingsButton" onClick="onClickDebugRemoveSnow" text="Remove layer" focusId="412" focusChangeTop="411" focusChangeBottom="413" toolTip="Remove one layer of snow" onFocus="onFocusSettingsBox" onLeave="onLeaveSettingsBox" />

                        <!-- Clear -->
                        <GuiElement type="button" profile="ssSettingsButton" onClick="onClickDebugClearSnow" text="Clear snow" focusId="413" focusChangeTop="412" focusChangeBottom="100" toolTip="Clear all snow" onFocus="onFocusSettingsBox" onLeave="onLeaveSettingsBox" />

                        <!-- Current height -->
                        <GuiElement type="text" profile="ssSettingsText" text="Hello World!" id="debugSnowDepth" />
                    </GuiElement>

                    <!-- Column 2 (rendering) -->
                    <GuiElement type="boxLayout" profile="settingsBox" position="347px 536px">
                        <!-- Debug vehicle rendering on/off -->
                        <GuiElement type="toggleButton2" profile="multiTextOptionSettings" onClick="onClickDebugVehicleRendering" toolTip="Render debug lines for vehicles" onFocus="onFocusSettingsBox" onLeave="onLeaveSettingsBox" focusId="420" focusChangeTop="412" focusChangeBottom="421" id="debugVehicleRenderingToggle">
                            <GuiElement type="button" profile="multiTextOptionLeft" />
                            <GuiElement type="button" profile="multiTextOptionRight"/>
                            <GuiElement type="text"   profile="multiTextOptionText" />
                            <GuiElement type="text"   profile="multiTextOptionTitle" text="Vehicle debug rendering"/>
                            <GuiElement type="bitmap" profile="multiTextOptionBg" />
                        </GuiElement>

                        <!-- Debug AI rendering on/off -->
                        <GuiElement type="toggleButton2" profile="multiTextOptionSettings" onClick="onClickDebugAIRendering" toolTip="Render debug lines for vehicles" onFocus="onFocusSettingsBox" onLeave="onLeaveSettingsBox" focusId="421" focusChangeTop="420" focusChangeBottom="430" id="debugAIRenderingToggle">
                            <GuiElement type="button" profile="multiTextOptionLeft" />
                            <GuiElement type="button" profile="multiTextOptionRight"/>
                            <GuiElement type="text"   profile="multiTextOptionText" />
                            <GuiElement type="text"   profile="multiTextOptionTitle" text="AI debug rendering"/>
                            <GuiElement type="bitmap" profile="multiTextOptionBg" />
                        </GuiElement>
                    </GuiElement>

                    <!-- Column 3 -->
                    <GuiElement type="boxLayout" profile="settingsBox" position="675px 536px">
                        <!-- Reset GM -->
                        <GuiElement type="button" profile="ssSettingsButton" onClick="onClickDebugResetGM" text="Reset growth" focusId="430" focusChangeTop="412" focusChangeBottom="100" toolTip="Reset the growth to beginning of spring" onFocus="onFocusSettingsBox" onLeave="onLeaveSettingsBox" />
                    </GuiElement>
                </GuiElement>
            </GuiElement>

            <!-- Tool tips -->
            <GuiElement type="bitmap" profile="ingameMenuHelpRowBg" id="ssMenuToolTipBox" visible="false">
                <GuiElement type="bitmap" profile="ingameMenuHelpRowIcon" />
                <GuiElement type="text" profile="ingameMenuHelpRowText" id="ssMenuToolTipBoxText" text=""/>
            </GuiElement>

            <GuiElement type="flowLayout" profile="ingameMenuPageStateBg" id="pageStateBox">
                <GuiElement type="bitmap" profile="ingameMenuPageState" onCreate="onCreatePageState" />
            </GuiElement>

            <GuiElement type="flowLayout" profile="buttonBox" id="buttonsPC" >
                <GuiElement type="button" profile="buttonBack" size="333px 40px" text="$l10n_button_back" onClick="onClickBack" focusId="100" focusChangeTop="41_1" focusChangeBottom="102" focusChangeRight="102" focusInit="onOpen"/>
            </GuiElement>

            <GuiElement type="flowLayout" profile="buttonBoxConsole" id="buttonsConsole" >
                <GuiElement type="button" profile="buttonCircle"    size="333px 40px" text="$l10n_button_back" id="backButtonConsole"/>
            </GuiElement>
        </GuiElement>
    </GuiElement>
</GUI>
