﻿<?xml version="1.0" encoding="utf-8" standalone="no" ?>
<vehicle type="seedTender">
    <annotation>Copyright (C) GIANTS Software GmbH, All Rights Reserved.</annotation>

	<!--MR
		mass / center of mass		
		overloading capacity
	-->
	
    <storeData>
        <name>$l10n_horschSeedTender</name>
        <specs>
            <combination>MAN,TATRA,SX</combination>
            <capacity>10000</capacity>
            <fillTypes>seeds fertilizer</fillTypes>
        </specs>
        <functions>
            <function>$l10n_function_seedTender</function>
        </functions>
        <image>store_horschSeedTender.png</image>
        <price>20000</price>
        <dailyUpkeep>25</dailyUpkeep>
        <lifetime>600</lifetime>
        <rotation>0</rotation>
        <brand>HORSCH</brand>
        <category>augerWagons</category>
        <vertexBufferMemoryUsage>0</vertexBufferMemoryUsage>
        <indexBufferMemoryUsage>0</indexBufferMemoryUsage>
        <textureMemoryUsage>0</textureMemoryUsage>
        <instanceVertexBufferMemoryUsage>0</instanceVertexBufferMemoryUsage>
        <instanceIndexBufferMemoryUsage>0</instanceIndexBufferMemoryUsage>
    </storeData>

    <typeDesc>$l10n_typeDesc_augerWagon</typeDesc>
    <filename>vehicles/trailers/horschSeedTender.i3d</filename>

    <size width="3" length="7" lengthOffset="1"/>

    <cylinderedHydraulicSound file="$data/sounds/hydraulicUp.wav"  pitchOffset="0.8" volume="0.5" indoorVolumeFactor="0.75" />
    <fillSound file="$data/maps/sounds/siloFillSound.wav"          pitchOffset="1.0" volume="1.5" indoorVolumeFactor="0.75" />

    <inputAttacherJoints>
        <inputAttacherJoint index="0>0|0" jointType="semitrailer" lowerRotLimitScale="0 0 0" lowerTransLimitScale="0 0 0" upperRotLimitScale="0 0 0" upperTransLimitScale="0 0 0" upperRotationOffset="0" rotLimitSpring="99999 99999 99999" transLimitSpring="99999 99999 99999" />
    </inputAttacherJoints>

    <fillUnits>
        <fillUnit unit="$l10n_unit_literShort" fillTypes="seeds"      capacity="5000" />
        <fillUnit unit="$l10n_unit_literShort" fillTypes="fertilizer" capacity="5000" />
    </fillUnits>

    <fillVolumes>
        <volumes>
            <volume index="0>0|1|1|0|0" maxDelta="0.04" />
            <volume index="0>0|1|1|1|0" maxDelta="0.04" />
        </volumes>

        <dischargeInfos>
            <dischargeInfo>
                <node index="0>0|1|1|0|1" width="0.5" length="0.5" />
            </dischargeInfo>
            <dischargeInfo>
                <node index="0>0|1|1|1|1" width="0.5" length="0.5" />
            </dischargeInfo>
        </dischargeInfos>

        <unloadInfos>
            <unloadInfo>
                <node index="0>0|3|1" width="2" length="2" />
            </unloadInfo>
            <unloadInfo>
                <node index="0>0|3|1" width="2" length="2" />
            </unloadInfo>
        </unloadInfos>
    </fillVolumes>

    <fillRootNode index="0>" />
    <exactFillRootNode index="0>0|1|2" />
    <fillAutoAimTargetNode index="0>0|1|2" fillUnitIndex="1" />
    <fillMassNode index="0>" />
    <supportsFillTriggers value="true" />

    <unloadTrigger index="0>0|9" />

    <overloading capacity="75">
        <trailerTriggers>
            <trailerTrigger index="0>0|8" />
        </trailerTriggers>
    </overloading>

    <pipe numStates="2" unloadingStates="2" raycastNodeIndex="0>0|3|1" raycastDistance="6" animName="pipeAnimation" animSpeedScale="1" delay="0.5" effectExtraDistance="3.4" effectExtraDistanceOnTrailer="-1"/>

    <pipeEffect>
        <effectNode effectClass="MorphPositionEffect" effectNode="0>0|3|3|2"   materialType="belt"  materialTypeId="1" delay="0" fadeTime="0.5" speed="0.9" scrollLength="1.5" scrollSpeed="2" />
        <effectNode effectClass="MorphPositionEffect" effectNode="0>0|6|2|0|0" materialType="belt"  materialTypeId="1" delay="0" fadeTime="0.5" speed="0.9" scrollLength="1.5" scrollSpeed="2"/>
        <effectNode effectClass="MorphPositionEffect" effectNode="0>0|6|2|1|0" materialType="belt"  materialTypeId="1" delay="0" fadeTime="0.5" speed="0.9" scrollLength="1.5" scrollSpeed="2"/>
        <effectNode effectClass="PipeEffect"          effectNode="0>0|3|3|0"   materialType="pipe"  delay="0.05" maxBending="0.5"  shapeScaleSpread="1 1 0 0" materialTypeId="1"/>
        <effectNode                                   effectNode="0>0|3|3|1"   materialType="smoke" delay="0.05" materialTypeId="1" alignToWorldY="true"/>
    </pipeEffect>

    <pipeScrollers>
        <pipeScroller index="0>0|3|2" scrollSpeed="-1" scrollLength="10" shaderParameterName="offsetUV" shaderParameterComponent="2" toggleVisibility="false" turnOnFadeTime="1" turnOffFadeTime="1"/>
    </pipeScrollers>

    <foldingParts startMoveDirection="1">
        <foldingPart animationName="tipAnimation" />
    </foldingParts>

    <movingTools>
        <movingTool index="0>0|3">
            <dependentPart index="0>0|4" />
        </movingTool>
        <movingTool index="0>0|1">
            <dependentPart index="0>0|1|0" />
        </movingTool>

        <movingTool index="0>0|1|3|0">
            <dependentPart index="0>0|1|3|2" />
        </movingTool>
        <movingTool index="0>0|1|3|1">
            <dependentPart index="0>0|1|3|3" />
        </movingTool>
    </movingTools>

    <movingParts>
        <movingPart index="0>0|4" referencePoint="0>0|3|0" referenceFrame="0>0|5" playSound="true">
            <translatingPart index="0>0|4|0" />
        </movingPart>
        <movingPart index="0>0|1|0" referencePoint="0>0|2" referenceFrame="0>0|2" playSound="true">
            <translatingPart index="0>0|1|0|0" />
            <translatingPart index="0>0|1|0|0|0" />
            <translatingPart index="0>0|1|0|0|0|0" />
        </movingPart>

        <movingPart index="0>0|1|3|2" localReferencePoint="0>0|1|3|2|0" referencePoint="0>0|1|3|0|0" referenceFrame="0>" playSound="true">
            <dependentPart index="0>0|1|3|2|0" />
            <dependentPart index="0>0|1|3|4" />
        </movingPart>
        <movingPart index="0>0|1|3|2|0" referencePoint="0>0|1|3|0|0" referenceFrame="0>0|1|3|0|0" playSound="true" />
        <movingPart index="0>0|1|3|4" referencePoint="0>0|1|3|2|1" referenceFrame="0>0|1|3|6" playSound="true">
            <translatingPart index="0>0|1|3|4|0" />
        </movingPart>

        <movingPart index="0>0|1|3|3" localReferencePoint="0>0|1|3|3|0" referencePoint="0>0|1|3|1|0" referenceFrame="0>" playSound="true">
            <dependentPart index="0>0|1|3|3|0" />
            <dependentPart index="0>0|1|3|5" />
        </movingPart>
        <movingPart index="0>0|1|3|3|0" referencePoint="0>0|1|3|1|0" referenceFrame="0>0|1|3|1|0" playSound="true" />
        <movingPart index="0>0|1|3|5" referencePoint="0>0|1|3|3|1" referenceFrame="0>0|1|3|6" playSound="true">
            <translatingPart index="0>0|1|3|5|0" />
        </movingPart>
    </movingParts>

    <animations>
        <animation name="pipeAnimation" >
            <part node="0>0|3" startTime="0" endTime="9" startRot="0 0 0" endRot="-146.75 0 0" />
        </animation>
        <animation name="tipAnimation">
            <part node="0>0|1" startTime="0" endTime="8" startRot="-25 0 0" endRot="0 0 0" />
        </animation>

        <animation name="leftDoor">
            <part node="0>0|1|3|0" startTime="0"    endTime="1"    startTrans="0.125 0 0" endTrans="0.125 0.18 0" />
            <part node="0>0|6|2|0" startTime="0.98" endTime="0.99" visibility="false" />
            <part node="0>0|6|2|0" startTime="0.99" endTime="1.0"  visibility="true" />
        </animation>
        <animation name="rightDoor">
            <part node="0>0|1|3|1" startTime="0" endTime="1" startTrans="-0.125 0 0" endTrans="-0.125 0.18 0" />
            <part node="0>0|6|2|1" startTime="0.98" endTime="0.99" visibility="false" />
            <part node="0>0|6|2|1" startTime="0.99" endTime="1.0"  visibility="true" />
        </animation>
    </animations>

    <tenderAttachers>
        <tenderAttacher node="0>0|7|0" vehicleXMLPath="data/vehicles/steerable/man/manTGS18480.xml" />
        <tenderAttacher node="0>0|7|1" vehicleXMLPath="data/vehicles/steerable/tatra/tatraPhoenix.xml" />
        <tenderAttacher node="0>0|7|2" vehicleXMLPath="data/vehicles/steerable/americanTruck/americanTruckOneAxle.xml" />
        <tenderAttacher node="0>0|7|3" vehicleXMLPath="data/vehicles/steerable/americanTruck/americanTruckDualAxle.xml" />
    </tenderAttachers>

    <smartAttach trigger="0>0|10" jointType="semitrailer" />

    <washable dirtDuration="90" washDuration="1" workMultiplier="4" />

    <components count="1">
        <component1 centerOfMass="0 1 0.2" solverIterationCount="10" mrSetMass="1.7" />
    </components>

    <schemaOverlay file="$dataS2/menu/schemas/implementSchema.png" fileSelected="$dataS2/menu/schemas/implementSchemaSelected.png" width="0.5" height="0.5" attacherJointPosition="0 0" />

</vehicle>