﻿<?xml version="1.0" encoding="utf-8" standalone="no" ?>
<vehicle type="implement_animated">
    <annotation>Copyright (C) GIANTS Software GmbH, All Rights Reserved.</annotation>
	
	<!-- MR
	
	this is only a "farmyard" trailer to move the "shuttle800" or "seedTender"
	This trailer is not intended to be used to tow these tools filled.
	This trailer is not intended to be used on public road.
	This trailer is only a "support" trailer. (very small frame, tiny wheels, no brakes, tri-wheels setup)
	
	the "shuttle800" and "seedTender" should be put onto a truck before being filled and used.
	
	wheels
	mass / center of mass
	should not have brakes (but to limit "ghost sliding" due to high difference between masses of components, we keep it)
	
	-->

    <storeData>
        <name>$l10n_horschTransportTrailer</name>
        <functions>
            <function>$l10n_function_dolly</function>
        </functions>
        <image>store_horschTransportTrailer.png</image>
        <price>2600</price>
        <dailyUpkeep>2</dailyUpkeep>
        <lifetime>600</lifetime>
        <rotation>0</rotation>
        <brand>HORSCH</brand>
        <category>dollys</category>
        <vertexBufferMemoryUsage>0</vertexBufferMemoryUsage>
        <indexBufferMemoryUsage>0</indexBufferMemoryUsage>
        <textureMemoryUsage>0</textureMemoryUsage>
        <instanceVertexBufferMemoryUsage>0</instanceVertexBufferMemoryUsage>
        <instanceIndexBufferMemoryUsage>0</instanceIndexBufferMemoryUsage>
    </storeData>

    <typeDesc>$l10n_typeDesc_trailer</typeDesc>
    <filename>vehicles/trailers/horschTransportTrailer.i3d</filename>

    <size width="3.5" length="6.5" />

    <wheels>
        <wheel restLoad="0.2" repr="0>0|0|0" forcePointRatio="0.2" filename="vehicles/wheels/NHS_185_65_R15.xml" isLeft="true"  initialCompression="0" suspTravel="0.15" spring="100" damper="15" hasTireTracks="true" hasParticles="true" />
        <wheel restLoad="0.2" repr="0>0|0|1" forcePointRatio="0.2" filename="vehicles/wheels/NHS_185_65_R15.xml" isLeft="false" initialCompression="0" suspTravel="0.15" spring="100" damper="15" hasTireTracks="true" hasParticles="true" />
        <wheel restLoad="0.9" repr="1>0|0"   forcePointRatio="0.2" filename="vehicles/wheels/NHS_185_65_R15.xml" isLeft="false" initialCompression="0" suspTravel="0.15" spring="100" damper="15" hasTireTracks="true" hasParticles="true" />
    </wheels>

    <brakeForce>0.2</brakeForce>

    <attachSound file="$data/sounds/truck_attach.wav" pitchOffset="1.00" volume="1.00" indoorVolumeFactor="0.25" indoorLowpassGain="0.90"/>

    <inputAttacherJoints>
        <inputAttacherJoint index="2>0|0" jointType="trailer" rootNode="2>" attacherHeight="0.738"/>
        <inputAttacherJoint index="2>0|0" jointType="trailerLow" rootNode="2>" attacherHeight="0.738"/>
    </inputAttacherJoints>

    <attacherJoints>
        <attacherJoint index="0>0|2" jointType="semitrailer" allowsJointLimitMovement="false" allowsLowering="false" lowerRotLimit="0 0 0" upperRotLimit="0 0 0" lowerTransLimit="0 0 0" upperTransLimit="0 0 0">
            <schema position="0.5 0" rotation="0" invertX="false" />
        </attacherJoint>
    </attacherJoints>

    <animations>
        <!-- move support-->
        <animation name="moveSupport">
            <part componentJointIndex="0" startTime="0.0" endTime="0.15" startRotLimit="0 95 0" endRotLimit="0 0 0" />
        </animation>
    </animations>

    <support animationName="moveSupport"/>

    <washable dirtDuration="90" washDuration="1" workMultiplier="4" />

    <components count="3">
        <component1 centerOfMass="0 0.4 -1.2" solverIterationCount="30" mrSetMass="1" />
        <component2 centerOfMass="0 0 0" solverIterationCount="30" mrSetMass="0.7" />
        <component3 centerOfMass="0 0 -0.2" solverIterationCount="30" mrSetMass="0.4" />
        <joint component1="0" component2="1" index="0>0|1" rotLimit="0 95 0" transLimit="0 0 0" />
        <joint component1="1" component2="2" index="1>0|1" rotLimit="20 0 0" transLimit="0 0 0" />
    </components>

    <schemaOverlay file="$dataS2/menu/schemas/implementSchema.png" fileSelected="$dataS2/menu/schemas/implementSchemaSelected.png" width="0.5" height="0.5" attacherJointPosition="0 0" />

</vehicle>
