﻿<?xml version="1.0" encoding="utf-8" standalone="no" ?>
<modDesc descVersion="37">
    <author>ARM-Team</author>
    <version>1.0</version>
    <title>
        <en>Welger AP730</en>
        <de>Welger AP730</de>
		<fr>Welger AP730</fr>
    </title>
    <description>
        <en>
        <![CDATA[High pressure baler. Produces bales 0.49x0.36x1.2m
		]]>
        </en>
        <de><![CDATA[Hochdruckpresse Produziert Ballen 0.49x0.36x1.2m
		]]>
        </de>
    </description>
    <iconFilename>store.dds</iconFilename>
    <multiplayer supported="true"/>

	<storeItems>
       <storeItem rootNode="vehicle" xmlFilename="WelgerAP730.xml"/>
    </storeItems>

    <brands>
        <brand name="WELGER" title="WELGER" image="brand_welger.dds"/>
    </brands>

	<baleTypes>
        <baleType filename="bales/baleStraw120.i3d" fillType="straw" isRoundBale="false" width="0.49" height="0.36" length="1.2" diameter="nil"/>
        <baleType filename="bales/baleHay120.i3d" fillType="dryGrass_windrow" isRoundBale="false" width="0.49" height="0.36" length="1.2" diameter="nil"/>
        <baleType filename="bales/baleGrass120.i3d" fillType="grass_windrow" isRoundBale="false" width="0.49" height="0.36" length="1.2" diameter="nil"/>
    </baleTypes>
	
</modDesc>
