﻿<?xml version="1.0" encoding="utf-8" standalone="no" ?>
<vehicle type="baler">
    <annotation>Copyright (C) GIANTS Software GmbH, All Rights Reserved.</annotation>
	
	<storeData>
        <name>AP 730</name>
        <specs>
            <neededPower>51</neededPower>
        </specs>
        <functions>
            <function>$l10n_function_baler</function>
        </functions>
        <image>store.png</image>
        <price>14000</price>
        <dailyUpkeep>10</dailyUpkeep>
        <lifetime>600</lifetime>
        <rotation>0</rotation>
        <brand>WELGER</brand>
        <category>baling</category>
        <vertexBufferMemoryUsage>1058060</vertexBufferMemoryUsage>
        <indexBufferMemoryUsage>143556</indexBufferMemoryUsage>
        <textureMemoryUsage>8738264</textureMemoryUsage>
        <instanceVertexBufferMemoryUsage>0</instanceVertexBufferMemoryUsage>
        <instanceIndexBufferMemoryUsage>0</instanceIndexBufferMemoryUsage>
    </storeData>
	
	<typeDesc>$l10n_typeDesc_baler</typeDesc>
    <filename>ap730.i3d</filename>
    
	<size width="4" length="7.0" />
	<speedLimit value="14" />
	<powerConsumer ptoRpm="540" neededPtoPower="51"/>
	
	<wheelConfigurations>
        <wheelConfiguration name="$l10n_configuration_valueDefault" price="0" icon="$dataS2/menu/hud/configurations/config_wheel_default.png">
            <wheels>
                <wheel restLoad="2.1" repr="0>2" filename="wheel/AW2305_360_70R16.xml" isLeft="false" color="0.9157 0.9157 0.9157 1" initialCompression="38" suspTravel="0.15" spring="20" damper="30" hasTireTracks="true" hasParticles="true" />
				<wheel restLoad="2.1" repr="0>3" filename="wheel/AW305_360_70R16.xml" isLeft="true"  color="0.9157 0.9157 0.9157 1" initialCompression="38" suspTravel="0.15" spring="20" damper="30" hasTireTracks="true" hasParticles="true" />
            </wheels>
        </wheelConfiguration>
    </wheelConfigurations>
	
	<brakeForce>0.2</brakeForce>
	
	<lights>
        <low>
            <light decoration="0>0|18" lightTypes="0 3" />
        </low>
        <high>
            <light decoration="0>0|18" lightTypes="0 3" />
        </high>
    </lights>
	
	<brakeLights>
        <brakeLight realLight="0>0|19|2" decoration="0>0|19|0" />
		<brakeLight realLight="0>0|19|3" decoration="0>0|19|1" />
    </brakeLights>

    <turnLights>
        <turnLightLeft  realLight="0>0|20|0|1" decoration="0>0|20|0|0" />
        <turnLightRight realLight="0>0|20|1|1" decoration="0>0|20|1|0" />
    </turnLights>
	
	<inputAttacherJoints>
        <inputAttacherJoint index="0>1|4" jointType="implement" needsToolbar="true" needsLowering="true" lowerDistanceToGround="0.3" upperDistanceToGround="0.3" lowerRotLimitScale="1 7 2" upperRotLimitScale="1 7 2" ptoInputNode="0>0|21" ptoRotSpeed="800"/>
    </inputAttacherJoints>
	
    <fillUnits>
        <fillUnit unit="$l10n_unit_literShort" fillTypeCategories="windrow" capacity="464" />
    </fillUnits>

    <workAreas>
		<workArea startIndex="0>0|3|1" widthIndex="0>0|3|2" heightIndex="0>0|3|3" type="baler" />
    </workAreas>
    
    <groundReferenceNodes>
        <groundReferenceNode index="0>0|3|7" threshold="1" />
    </groundReferenceNodes>
	
	<baler fillScale="1">
		<baleAnimation node="0>0|16" firstBaleMarker="0.5" scaleNode="0>0|17" baleNode="0>0|17|0" >
			<key time="0" pos="0 0 0" rot="0 0 0"/>
			<key time="0.5" pos="0 0 -1.135" rot="0 0 0"/>
	        <key time="1" pos="0 0 -2.27" rot="0 0 0"/>
	    </baleAnimation>
		<baleTypes>
	        <baleType isRoundBale="false" width="0.49" height="0.36" length="1.2" />
	    </baleTypes>
        <balerSound file="$data/sounds/baler1290Sound.wav"                pitchOffset="0.94" volume="1.00" indoorVolumeFactor="0.46" indoorLowpassGain="0.85" />
        <balerKnotCleaning file="$data/sounds/baler1290KnotCleaning.wav"  pitchOffset="1.00" volume="1.50" indoorVolumeFactor="0.30" indoorLowpassGain="0.75" />
        <baleUnloading time="4" allowed="true" foldThreshold="0.1" />
        <fillParticleSystems>
            <emitterShape node="0>0|23|0" particleType="PICKUP" emitCountScale="36" worldSpace="false" />
			<emitterShape node="0>0|23|1" particleType="SMOKE" emitCountScale="0.5" worldSpace="false"/>
        </fillParticleSystems>
    </baler>
	
	<cylinderedHydraulicSound file="$data/sounds/hydraulicUp.wav"     pitchOffset="1.00" volume="1.00" />
	
	<foldingParts startMoveDirection="1" turnOnFoldMinLimit="0.0" turnOnFoldMaxLimit="0.02" >
        <foldingPart animationName="foldBackDoor" speedScale="1" />
    </foldingParts>
	
	<animations>
	       <!-- move support wheel down/up -->
		<animation name="moveSupport">
            <part node="0>1|3" startTime="0" duration="0.6" startRot="45 -7 0" endRot="0 -7 0" />
			<part node="0>1|2|0" startTime="0" duration="0.6" startTrans="0 0 0" endTrans="0 0 0.168" />
			<part node="0>0|5" startTime="0" duration="0.01" startScale="1 1 1" endScale="0 0 0" />
			<part node="0>0|6" startTime="0" duration="0.01" startScale="1 1 1" endScale="0 0 0" />
			<part node="0>1|4|0" startTime="0" duration="0.001" startScale="1.7 1.7 0.7" endScale="0 0 0" />
        </animation>
		<!-- chute -->
        <animation name="foldBackDoor">
			<part node="0>0|4" startTime="0" duration="3" startRot="-83 0 0" endRot="0 0 0" />
			<!-- attacher -->
			<part node="0>1" startTime="0" duration="3" startRot="0 23 0" endRot="0 0 0" />
			<part node="0>1|4" startTime="0" duration="3" startRot="0 67 0" endRot="0 90 0" />
			<part node="0>0|5" startTime="0" duration="3" startRot="0 25.8 0" endRot="0 0 0" />
			<part node="0>0|6" startTime="0" duration="3" startRot="0 37.5 0" endRot="0 0 0" />
			<!-- chains -->
			<part node="0>0|7|0" startTime="0" duration="0.01" startScale="1 1 1" endScale="0 0 0" />
			<part node="0>0|7|1" startTime="3" duration="0.01" startScale="0 0 0" endScale="1 1 1" />
        </animation>
		<!-- pickUp -->
        <animation name="rotatePickup">
            <part node="0>0|3" startTime="0" duration="2" startRot="-26.5 0 0" endRot="0 0 0" />
        </animation>
		<animation name="balingAnimation" looping="true">
            <!-- StrofA -->
			<part node="0>0|8" startTime="0" endTime="0.033" startRot="0 0 0" endRot="0 0 15" />
			<part node="0>0|8" startTime="0.033" endTime="0.075" startRot="0 0 15" endRot="0 0 30" />
			<part node="0>0|8" startTime="0.075" endTime="0.116" startRot="0 0 30" endRot="0 0 45" />
			<part node="0>0|8" startTime="0.116" endTime="0.158" startRot="0 0 45" endRot="0 0 60" />
			<part node="0>0|8" startTime="0.158" endTime="0.2" startRot="0 0 60" endRot="0 0 75" />
			<part node="0>0|8" startTime="0.2" endTime="0.241" startRot="0 0 75" endRot="0 0 90" />
			<part node="0>0|8" startTime="0.241" endTime="0.283" startRot="0 0 90" endRot="0 0 105" />
			<part node="0>0|8" startTime="0.283" endTime="0.325" startRot="0 0 105" endRot="0 0 120" />
			<part node="0>0|8" startTime="0.325" endTime="0.366" startRot="0 0 120" endRot="0 0 135" />
			<part node="0>0|8" startTime="0.366" endTime="0.408" startRot="0 0 135" endRot="0 0 150" />
			<part node="0>0|8" startTime="0.408" endTime="0.45" startRot="0 0 150" endRot="0 0 165" />
			<part node="0>0|8" startTime="0.45" endTime="0.491" startRot="0 0 165" endRot="0 0 180" />
			<part node="0>0|8" startTime="0.491" endTime="0.533" startRot="0 0 180" endRot="0 0 195" />
			<part node="0>0|8" startTime="0.533" endTime="0.575" startRot="0 0 195" endRot="0 0 210" />
			<part node="0>0|8" startTime="0.575" endTime="0.616" startRot="0 0 210" endRot="0 0 225" />
			<part node="0>0|8" startTime="0.616" endTime="0.658" startRot="0 0 225" endRot="0 0 240" />
			<part node="0>0|8" startTime="0.658" endTime="0.7" startRot="0 0 240" endRot="0 0 255" />
			<part node="0>0|8" startTime="0.7" endTime="0.741" startRot="0 0 255" endRot="0 0 270" />
			<part node="0>0|8" startTime="0.741" endTime="0.783" startRot="0 0 270" endRot="0 0 285" />
			<part node="0>0|8" startTime="0.783" endTime="0.825" startRot="0 0 285" endRot="0 0 300" />
			<part node="0>0|8" startTime="0.825" endTime="0.866" startRot="0 0 300" endRot="0 0 315" />
			<part node="0>0|8" startTime="0.866" endTime="0.908" startRot="0 0 315" endRot="0 0 330" />
			<part node="0>0|8" startTime="0.908" endTime="0.95" startRot="0 0 330" endRot="0 0 345" />
			<part node="0>0|8" startTime="0.95" endTime="0.999" startRot="0 0 345" endRot="0 0 359.5" />
			<part node="0>0|8" startTime="0.999" endTime="1.000" startRot="0 0 359.5" endRot="0 0 0" />
			<!-- ForkA -->
			<part node="0>0|8|0" startTime="0" endTime="0.033" startRot="0 0 0" endRot="0 0 -3.76709" />
			<part node="0>0|8|0" startTime="0.033" endTime="0.075" startRot="0 0 -3.76709" endRot="0 0 -9.33718" />
			<part node="0>0|8|0" startTime="0.075" endTime="0.116" startRot="0 0 -9.33718" endRot="0 0 -13.129" />
			<part node="0>0|8|0" startTime="0.116" endTime="0.158" startRot="0 0 -13.129" endRot="0 0 -20.2557" />
			<part node="0>0|8|0" startTime="0.158" endTime="0.2" startRot="0 0 -20.2557" endRot="0 0 -28.5439" />
			<part node="0>0|8|0" startTime="0.2" endTime="0.241" startRot="0 0 -28.5439" endRot="0 0 -41.5746" />
			<part node="0>0|8|0" startTime="0.241" endTime="0.283" startRot="0 0 -41.5746" endRot="0 0 -62.2228" />
			<part node="0>0|8|0" startTime="0.283" endTime="0.325" startRot="0 0 -62.2228" endRot="0 0 -87.6268" />
			<part node="0>0|8|0" startTime="0.325" endTime="0.366" startRot="0 0 -87.6268" endRot="0 0 -117.047" />
			<part node="0>0|8|0" startTime="0.366" endTime="0.408" startRot="0 0 -117.047" endRot="0 0 -144.673" />
			<part node="0>0|8|0" startTime="0.408" endTime="0.45" startRot="0 0 -144.673" endRot="0 0 -172.202" />
			<part node="0>0|8|0" startTime="0.45" endTime="0.491" startRot="0 0 -172.202" endRot="0 0 -197.745" />
			<part node="0>0|8|0" startTime="0.491" endTime="0.533" startRot="0 0 -197.745" endRot="0 0 -221.868" />
			<part node="0>0|8|0" startTime="0.533" endTime="0.575" startRot="0 0 -221.868" endRot="0 0 -245.392" />
			<part node="0>0|8|0" startTime="0.575" endTime="0.616" startRot="0 0 -245.392" endRot="0 0 -265.564" />
			<part node="0>0|8|0" startTime="0.616" endTime="0.658" startRot="0 0 -265.564" endRot="0 0 -284.944" />
			<part node="0>0|8|0" startTime="0.658" endTime="0.7" startRot="0 0 -284.944" endRot="0 0 -301.398" />
			<part node="0>0|8|0" startTime="0.7" endTime="0.741" startRot="0 0 -301.398" endRot="0 0 -314.827" />
			<part node="0>0|8|0" startTime="0.741" endTime="0.783" startRot="0 0 -314.827" endRot="0 0 -328.497" />
			<part node="0>0|8|0" startTime="0.783" endTime="0.825" startRot="0 0 -328.497" endRot="0 0 -337.74" />
			<part node="0>0|8|0" startTime="0.825" endTime="0.866" startRot="0 0 -337.74" endRot="0 0 -345.301" />
			<part node="0>0|8|0" startTime="0.866" endTime="0.908" startRot="0 0 -345.301" endRot="0 0 -351.557" />
			<part node="0>0|8|0" startTime="0.908" endTime="0.95" startRot="0 0 -351.557" endRot="0 0 -355.084" />
			<part node="0>0|8|0" startTime="0.95" endTime="0.999" startRot="0 0 -355.084" endRot="0 0 -359.5" />
			<part node="0>0|8|0" startTime="0.999" endTime="1.000" startRot="0 0 -359.5" endRot="0 0 0" />
			<!-- MoxA -->
			<part node="0>0|10" startTime="0" endTime="0.033" startRot="0 0 0" endRot="0 0 0.367205" />
			<part node="0>0|10" startTime="0.033" endTime="0.075" startRot="0 0 0.367205" endRot="0 0 0.27278" />
			<part node="0>0|10" startTime="0.075" endTime="0.116" startRot="0 0 0.27278" endRot="0 0 0.181853" />
			<part node="0>0|10" startTime="0.116" endTime="0.158" startRot="0 0 0.181853" endRot="0 0 -0.783365" />
			<part node="0>0|10" startTime="0.158" endTime="0.2" startRot="0 0 -0.783365" endRot="0 0 -2.17886" />
			<part node="0>0|10" startTime="0.2" endTime="0.241" startRot="0 0 -2.17886" endRot="0 0 -4.97451" />
			<part node="0>0|10" startTime="0.241" endTime="0.283" startRot="0 0 -4.97451" endRot="0 0 -9.73386" />
			<part node="0>0|10" startTime="0.283" endTime="0.325" startRot="0 0 -9.73386" endRot="0 0 -15.2295" />
			<part node="0>0|10" startTime="0.325" endTime="0.366" startRot="0 0 -15.2295" endRot="0 0 -20.5189" />
			<part node="0>0|10" startTime="0.366" endTime="0.408" startRot="0 0 -20.5189" endRot="0 0 -24.0872" />
			<part node="0>0|10" startTime="0.408" endTime="0.45" startRot="0 0 -24.0872" endRot="0 0 -25.8668" />
			<part node="0>0|10" startTime="0.45" endTime="0.491" startRot="0 0 -25.8668" endRot="0 0 -25.9857" />
			<part node="0>0|10" startTime="0.491" endTime="0.533" startRot="0 0 -25.9857" endRot="0 0 -24.7702" />
			<part node="0>0|10" startTime="0.533" endTime="0.575" startRot="0 0 -24.7702" endRot="0 0 -22.3448" />
			<part node="0>0|10" startTime="0.575" endTime="0.616" startRot="0 0 -22.3448" endRot="0 0 -19.237" />
			<part node="0>0|10" startTime="0.616" endTime="0.658" startRot="0 0 -19.237" endRot="0 0 -15.7555" />
			<part node="0>0|10" startTime="0.658" endTime="0.7" startRot="0 0 -15.7555" endRot="0 0 -12.2601" />
			<part node="0>0|10" startTime="0.7" endTime="0.741" startRot="0 0 -12.2601" endRot="0 0 -9.14437" />
			<part node="0>0|10" startTime="0.741" endTime="0.783" startRot="0 0 -9.14437" endRot="0 0 -6.13344" />
			<part node="0>0|10" startTime="0.783" endTime="0.825" startRot="0 0 -6.13344" endRot="0 0 -4.0575" />
			<part node="0>0|10" startTime="0.825" endTime="0.866" startRot="0 0 -4.0575" endRot="0 0 -2.53565" />
			<part node="0>0|10" startTime="0.866" endTime="0.908" startRot="0 0 -2.53565" endRot="0 0 -1.33596" />
			<part node="0>0|10" startTime="0.908" endTime="0.95" startRot="0 0 -1.33596" endRot="0 0 -0.4441" />
			<part node="0>0|10" startTime="0.95" endTime="0.999" startRot="0 0 -0.4441" endRot="0 0 -0.001" />
			<part node="0>0|10" startTime="0.999" endTime="1.000" startRot="0 0 -0.001" endRot="0 0 0" />
			<!-- StrofB -->
			<part node="0>0|9" startTime="0" endTime="0.033" startRot="0 0 0" endRot="0 0 15" />
			<part node="0>0|9" startTime="0.033" endTime="0.075" startRot="0 0 15" endRot="0 0 30" />
			<part node="0>0|9" startTime="0.075" endTime="0.116" startRot="0 0 30" endRot="0 0 45" />
			<part node="0>0|9" startTime="0.116" endTime="0.158" startRot="0 0 45" endRot="0 0 60" />
			<part node="0>0|9" startTime="0.158" endTime="0.2" startRot="0 0 60" endRot="0 0 75" />
			<part node="0>0|9" startTime="0.2" endTime="0.241" startRot="0 0 75" endRot="0 0 90" />
			<part node="0>0|9" startTime="0.241" endTime="0.283" startRot="0 0 90" endRot="0 0 105" />
			<part node="0>0|9" startTime="0.283" endTime="0.325" startRot="0 0 105" endRot="0 0 120" />
			<part node="0>0|9" startTime="0.325" endTime="0.366" startRot="0 0 120" endRot="0 0 135" />
			<part node="0>0|9" startTime="0.366" endTime="0.408" startRot="0 0 135" endRot="0 0 150" />
			<part node="0>0|9" startTime="0.408" endTime="0.45" startRot="0 0 150" endRot="0 0 165" />
			<part node="0>0|9" startTime="0.45" endTime="0.491" startRot="0 0 165" endRot="0 0 180" />
			<part node="0>0|9" startTime="0.491" endTime="0.533" startRot="0 0 180" endRot="0 0 195" />
			<part node="0>0|9" startTime="0.533" endTime="0.575" startRot="0 0 195" endRot="0 0 210" />
			<part node="0>0|9" startTime="0.575" endTime="0.616" startRot="0 0 210" endRot="0 0 225" />
			<part node="0>0|9" startTime="0.616" endTime="0.658" startRot="0 0 225" endRot="0 0 240" />
			<part node="0>0|9" startTime="0.658" endTime="0.7" startRot="0 0 240" endRot="0 0 255" />
			<part node="0>0|9" startTime="0.7" endTime="0.741" startRot="0 0 255" endRot="0 0 270" />
			<part node="0>0|9" startTime="0.741" endTime="0.783" startRot="0 0 270" endRot="0 0 285" />
			<part node="0>0|9" startTime="0.783" endTime="0.825" startRot="0 0 285" endRot="0 0 300" />
			<part node="0>0|9" startTime="0.825" endTime="0.866" startRot="0 0 300" endRot="0 0 315" />
			<part node="0>0|9" startTime="0.866" endTime="0.908" startRot="0 0 315" endRot="0 0 330" />
			<part node="0>0|9" startTime="0.908" endTime="0.95" startRot="0 0 330" endRot="0 0 345" />
			<part node="0>0|9" startTime="0.95" endTime="0.999" startRot="0 0 345" endRot="0 0 359.5" />
			<part node="0>0|9" startTime="0.999" endTime="1.000" startRot="0 0 359.5" endRot="0 0 0" />
			<!-- ForkB -->
			<part node="0>0|9|0" startTime="0" endTime="0.033" startRot="0 0 0" endRot="0 0 -19.0418" />
			<part node="0>0|9|0" startTime="0.033" endTime="0.075" startRot="0 0 -19.0418" endRot="0 0 -38.1444" />
			<part node="0>0|9|0" startTime="0.075" endTime="0.116" startRot="0 0 -38.1444" endRot="0 0 -54.5858" />
			<part node="0>0|9|0" startTime="0.116" endTime="0.158" startRot="0 0 -54.5858" endRot="0 0 -70.4557" />
			<part node="0>0|9|0" startTime="0.158" endTime="0.2" startRot="0 0 -70.4557" endRot="0 0 -84.3609" />
			<part node="0>0|9|0" startTime="0.2" endTime="0.241" startRot="0 0 -84.3609" endRot="0 0 -97.3069" />
			<part node="0>0|9|0" startTime="0.241" endTime="0.283" startRot="0 0 -97.3069" endRot="0 0 -107.787" />
			<part node="0>0|9|0" startTime="0.283" endTime="0.325" startRot="0 0 -107.787" endRot="0 0 -118.427" />
			<part node="0>0|9|0" startTime="0.325" endTime="0.366" startRot="0 0 -118.427" endRot="0 0 -126.587" />
			<part node="0>0|9|0" startTime="0.366" endTime="0.408" startRot="0 0 -126.587" endRot="0 0 -134.806" />
			<part node="0>0|9|0" startTime="0.408" endTime="0.45" startRot="0 0 -134.806" endRot="0 0 -141.294" />
			<part node="0>0|9|0" startTime="0.45" endTime="0.491" startRot="0 0 -141.294" endRot="0 0 -148.419" />
			<part node="0>0|9|0" startTime="0.491" endTime="0.533" startRot="0 0 -148.419" endRot="0 0 -155.093" />
			<part node="0>0|9|0" startTime="0.533" endTime="0.575" startRot="0 0 -155.093" endRot="0 0 -163.33" />
			<part node="0>0|9|0" startTime="0.575" endTime="0.616" startRot="0 0 -163.33" endRot="0 0 -172.094" />
			<part node="0>0|9|0" startTime="0.616" endTime="0.658" startRot="0 0 -172.094" endRot="0 0 -184.198" />
			<part node="0>0|9|0" startTime="0.658" endTime="0.7" startRot="0 0 -184.198" endRot="0 0 -199.202" />
			<part node="0>0|9|0" startTime="0.7" endTime="0.741" startRot="0 0 -199.202" endRot="0 0 -216.554" />
			<part node="0>0|9|0" startTime="0.741" endTime="0.783" startRot="0 0 -216.554" endRot="0 0 -239.607" />
			<part node="0>0|9|0" startTime="0.783" endTime="0.825" startRot="0 0 -239.607" endRot="0 0 -265.538" />
			<part node="0>0|9|0" startTime="0.825" endTime="0.866" startRot="0 0 -265.538" endRot="0 0 -291.633" />
			<part node="0>0|9|0" startTime="0.866" endTime="0.908" startRot="0 0 -291.633" endRot="0 0 -315.852" />
			<part node="0>0|9|0" startTime="0.908" endTime="0.95" startRot="0 0 -315.852" endRot="0 0 -339.029" />
			<part node="0>0|9|0" startTime="0.95" endTime="0.999" startRot="0 0 -339.029" endRot="0 0 -359.5" />
			<part node="0>0|9|0" startTime="0.999" endTime="1.000" startRot="0 0 -359.5" endRot="0 0 0" />
			<!-- MoxB -->
			<part node="0>0|11" startTime="0" endTime="0.033" startRot="0 0 0" endRot="0 0 3.83715" />
			<part node="0>0|11" startTime="0.033" endTime="0.075" startRot="0 0 3.83715" endRot="0 0 8.41482" />
			<part node="0>0|11" startTime="0.075" endTime="0.116" startRot="0 0 8.41482" endRot="0 0 13.8617" />
			<part node="0>0|11" startTime="0.116" endTime="0.158" startRot="0 0 13.8617" endRot="0 0 19.1981" />
			<part node="0>0|11" startTime="0.158" endTime="0.2" startRot="0 0 19.1981" endRot="0 0 24.2337" />
			<part node="0>0|11" startTime="0.2" endTime="0.241" startRot="0 0 24.2337" endRot="0 0 28.996" />
			<part node="0>0|11" startTime="0.241" endTime="0.283" startRot="0 0 28.996" endRot="0 0 32.7216" />
			<part node="0>0|11" startTime="0.283" endTime="0.325" startRot="0 0 32.7216" endRot="0 0 35.8844" />
			<part node="0>0|11" startTime="0.325" endTime="0.366" startRot="0 0 35.8844" endRot="0 0 38.1636" />
			<part node="0>0|11" startTime="0.366" endTime="0.408" startRot="0 0 38.1636" endRot="0 0 40.0483" />
			<part node="0>0|11" startTime="0.408" endTime="0.45" startRot="0 0 40.0483" endRot="0 0 40.5364" />
			<part node="0>0|11" startTime="0.45" endTime="0.491" startRot="0 0 40.5364" endRot="0 0 40.5364" />
			<part node="0>0|11" startTime="0.491" endTime="0.533" startRot="0 0 40.5364" endRot="0 0 39.9849" />
			<part node="0>0|11" startTime="0.533" endTime="0.575" startRot="0 0 39.9849" endRot="0 0 38.5153" />
			<part node="0>0|11" startTime="0.575" endTime="0.616" startRot="0 0 38.5153" endRot="0 0 36.2478" />
			<part node="0>0|11" startTime="0.616" endTime="0.658" startRot="0 0 36.2478" endRot="0 0 32.4306" />
			<part node="0>0|11" startTime="0.658" endTime="0.7" startRot="0 0 32.4306" endRot="0 0 27.6217" />
			<part node="0>0|11" startTime="0.7" endTime="0.741" startRot="0 0 27.6217" endRot="0 0 21.0097" />
			<part node="0>0|11" startTime="0.741" endTime="0.783" startRot="0 0 21.0097" endRot="0 0 13.1888" />
			<part node="0>0|11" startTime="0.783" endTime="0.825" startRot="0 0 13.1888" endRot="0 0 5.56261" />
			<part node="0>0|11" startTime="0.825" endTime="0.866" startRot="0 0 5.56261" endRot="0 0 0.0174858" />
			<part node="0>0|11" startTime="0.866" endTime="0.908" startRot="0 0 0.0174858" endRot="0 0 -2.60215" />
			<part node="0>0|11" startTime="0.908" endTime="0.95" startRot="0 0 -2.60215" endRot="0 0 -2.25584" />
			<part node="0>0|11" startTime="0.95" endTime="0.999" startRot="0 0 -2.25584" endRot="0 0 -0.001" />
			<part node="0>0|11" startTime="0.999" endTime="1.000" startRot="0 0 -0.001" endRot="0 0 0" />
        </animation>
	</animations>
	
	<support animationName="moveSupport" />
    <pickupAnimation name="rotatePickup" lowerSpeed="2" liftSpeed="-1" />
	
	<turnOnVehicle>
        <turnedOnAnimation name="balingAnimation" speedScale="1" />
    </turnOnVehicle>
	
	<allowFillFromAir value="false" />
    <allowTipDischarge value="false" />
	
    <movingTools>
        <!-- support -->
        <movingTool index="0>1|3">
			<componentJoint index="0" anchorActor="0"/>
        </movingTool>
		<!-- attacherArm -->
		<movingTool index="0>1" playSound="true">
			<componentJoint index="0" anchorActor="0"/>
			<inputAttacherJoint value="true"/>
			<dependentPart index="0>1|1" /> <!-- hydraulic -->
        </movingTool>
		<!-- chute -->
		<movingTool index="0>0|4">
			<componentJoint index="1" anchorActor="0"/>
		</movingTool>
    </movingTools>
    
	<movingParts>
		<!-- hydraulic -->
        <movingPart index="0>1|1" referencePoint="0>0|2" referenceFrame="0">
			<translatingPart index="0>1|1|0" /> <!-- ext -->
        </movingPart>
	</movingParts>
	
	<turnedOnRotationNodes>
        <turnedOnRotationNode index="0>0|3|0" type="baler" rotSpeed="-500"   rotAxis="1" turnOnFadeTime="2" turnOffFadeTime="5" /> <!-- roller -->
    </turnedOnRotationNodes>
	
	<washable dirtDuration="60" washDuration="2" workMultiplier="4" />
	
	<components count="3">
		<component1 centerOfMass="0 0 0" solverIterationCount="40" /> <!-- Body -->
		<component2 solverIterationCount="40" />
		<component3 solverIterationCount="40" />
		<joint component1="0" component2="1" index="0>1|3|0" rotLimit="0 0 0" transLimit="0 0 0" />	<!-- Support Collision -->
		<joint component1="0" component2="2" index="0>0|4|0" rotLimit="0 0 0" transLimit="0 0 0" />	<!-- Chute Collision -->
	</components>
	
	<schemaOverlay file="$dataS2/menu/schemas/implementSchema.png" fileSelected="$dataS2/menu/schemas/implementSchemaSelected.png" fileTurnedOn="$dataS2/menu/schemas/implementSchemaTurnedOn.png" fileSelectedTurnedOn="$dataS2/menu/schemas/implementSchemaSelectedTurnedOn.png" width="0.5" height="0.5" attacherJointPosition="0 0"/>
	
</vehicle>
