<?xml version="1.0" encoding="utf-8" standalone="no" ?>
<!--
IMPORTANT!

This file must be included when using the storageHouse.lua in the same folder.
Information in this xml must NOT be changed or this will break the GUI menu.
-->
<GUI onOpen="onOpen" onClose="onClose" onCreate="onCreate">
    <GuiElement type="empty" profile="newLayer" />
	<GuiElement type="bitmap" profile="uiElementBg" size="550px 530px" id="dialogElement">
        <GuiElement type="bitmap" profile="uiElementMainBg" size="510px 490px" id="dialogBgElement">
			<GuiElement type="bitmap" profile="uiElementBaseHeader" size="510px 40px">
                <GuiElement type="text" profile="headerText" text="" id="dialogTitleElement"/>
            </GuiElement>

			<GuiElement type="bitmap" profile="baseReference" position="-130px -101px" size="185px 185px" screenAlign="topCenter" positionOrigin="topCenter" imageUVs="0 0 1 1" id="dialogImage" />

			<GuiElement type="empty" profile="baseReference" position="150px -60px" size="155px 185px" screenAlign="topCenter" positionOrigin="topCenter" id="spawnNormal" >
                <GuiElement type="bitmap" profile="baseReference" size="240px 45px" position="0px 134px" screenAlign="bottomRight" positionOrigin="bottomRight" imageColor="0.0630 0.0630 0.0630 1">
                    <GuiElement type="text" profile="textDefault" textSize="14px" textBold="true" position="15px 16px" text="$l10n_statistic_storage:" />
					<GuiElement type="text" profile="textDefault" id="storedObjects" textSize="14px" textColor="0.2122 0.5271 0.0307 1" textBold="true" position="140px 16px" />
                </GuiElement>
                <GuiElement type="bitmap" profile="baseReference" size="240px 45px" position="0px 64px" screenAlign="bottomRight" positionOrigin="bottomRight" imageColor="0.0630 0.0630 0.0630 1">
					<GuiElement type="text" profile="textDefault" textSize="14px" textBold="true" position="15px 16px" text="$l10n_modHub_object:" />
					<GuiElement type="text" profile="textDefault" id="objectSize" textSize="14px" textColor="0.2122 0.5271 0.0307 1"  textBold="true" position="140px 16px" />
                </GuiElement>
                <GuiElement type="bitmap" profile="baseReference" size="240px 45px" position="0px -6px" screenAlign="bottomRight" positionOrigin="bottomRight" imageColor="0.0630 0.0630 0.0630 1">
					<GuiElement type="text" profile="textDefault" textSize="14px" textBold="true" position="15px 16px" text="$l10n_shop_capacity" />
					<GuiElement type="text" profile="textDefault" id="objectMaxStorage" textSize="14px" textColor="0.2122 0.5271 0.0307 1" textBold="true" position="140px 16px" />
                </GuiElement>
				<GuiElement type="bitmap" profile="baseReference" size="240px 45px" position="0px -76px" screenAlign="bottomRight" positionOrigin="bottomRight" imageColor="0.0630 0.0630 0.0630 1">
					<GuiElement type="text" profile="textDefault" textSize="14px" textBold="true" position="15px 16px" text="$l10n_button_load:" />
					<GuiElement type="text" profile="textDefault" id="spawnInfo" textSize="14px" textColor="0.2122 0.5271 0.0307 1" textBold="true" position="140px 16px" />
                </GuiElement>
            </GuiElement>
			<GuiElement type="empty" profile="baseReference" position="150px -60px" size="155px 185px" screenAlign="topCenter" positionOrigin="topCenter" id="spawnBlocked" >
				<GuiElement type="empty" profile="baseReference" size="240px 250px" position="0px -76px" screenAlign="bottomRight" positionOrigin="bottomRight" >
					<GuiElement type="text" profile="baseReference" id="protectHeader" textSize="20px" position="15px 200px" textColor="0.8069 0.0097 0.0097 1" textWrapWidth="220px" textBold="true" textAlignment="left" />
					<GuiElement type="text" profile="baseReference" id="protectText" textSize="18px" position="15px 100px" textColor="1 1 1 1" textWrapWidth="220px" textBold="true" textAlignment="left" />
                </GuiElement>
            </GuiElement>
            <GuiElement type="boxLayout" profile="settingsBox" position="26px 160px" >
                <GuiElement type="toggleButton2" profile="multiTextOptionSettings" size="455px 36px" onClick="scrollObjectSelection" id="objectSelection" focusId="1" focusChangeTop="5" focusChangeBottom="2" >
                    <GuiElement type="button" profile="multiTextOptionLeft" />
                    <GuiElement type="button" profile="multiTextOptionRight"/>
                    <GuiElement type="text"   profile="multiTextOptionText" textMaxWidth="420px"/>
                    <GuiElement type="bitmap" profile="multiTextOptionBg" size="381px 36px" />
                </GuiElement>
            </GuiElement>
			<GuiElement type="bitmap" profile="uiElementMainBg" size="455px 30px" position="-2px -172px" imageColor="0.8069 0.0097 0.0097 1" id="spawnAreaFull">
                <GuiElement type="text" profile="siloDialogMessage" text="$l10n_warning_noFreeSpaceHere" />
            </GuiElement>
            <GuiElement type="flowLayout" profile="buttonBox" >
				<GuiElement type="button" profile="buttonBack"      size="127px 40px" text="$l10n_button_back"      onClick="onClickBack"   	id="noButton"    	focusId="2"	focusChangeBottom="3" 	focusChangeTop="1"	focusChangeRight="3"	focusChangeLeft="5"	/>
                <GuiElement type="button" profile="pcButton" 		size="127px 40px" text="1"					 	onClick="onClickRemove" 	id="removeButton"	focusId="3"	focusChangeBottom="4"	focusChangeTop="2"	focusChangeRight="4"	focusChangeLeft="2"	iconColor="0.9301 0.2874 0.0130 1" iconUVs="500px 380px 32px 32px"/>
                <GuiElement type="button" profile="pcButton"        size="127px 40px" text="1"    					onClick="onClickAdd"   		id="addButton"		focusId="4"	focusChangeBottom="5" 	focusChangeTop="3"	focusChangeRight="5"	focusChangeLeft="3"	iconColor="0.2705 0.6514 0.0802 1" iconUVs="462px 380px 32px 32px"/>
				<GuiElement type="button" profile="buttonOK"        size="126px 40px" text="$l10n_button_ok"    	onClick="onClickActivate"   id="yesButton"   	focusId="5"	focusChangeBottom="1" 	focusChangeTop="4"	focusChangeRight="2"	focusChangeLeft="4"	focusInit="onOpen"/>
            </GuiElement>
        </GuiElement>
    </GuiElement>
</GUI>