<?xml version="1.0" encoding="utf-8" standalone="no" ?>
<animatedObjects>
    <annotation>Copyright (C) GIANTS Software GmbH, All Rights Reserved.</annotation>

	<!-- Hall  -->
				<animatedObject index="SchiebeTorRechts">
					<controls posKey="ANIMATED_OBJECT_OPEN_DOOR" triggerNode="0" posText="input_ANIMATED_OBJECT_OPEN_DOOR" negText="input_ANIMATED_OBJECT_CLOSE_DOOR" />
					<sound file="sounds/OpenDoor.wav" pitchOffset="1.00" volume="0.40" indoorVolumeFactor="0.55" indoorLowpassGain="0.85" pitchMax="1.15" />
					<animation initialTime="0" duration="4">
						<part node="1"> <!--index of GATE node-->
							<Keyframe time="0" translation="1.6 0.51 12.7" rotation="0 0 0"/>
							<Keyframe time="1" translation="8.05 0.51 12.7" rotation="0 0 0"/>
						</part>	
						<part node="2"> <!--index of GATE node-->
							<Keyframe time="0" translation="4.7 0.51 12.58" rotation="0 0 0"/>
							<Keyframe time="1" translation="8.05 0.51 12.58" rotation="0 0 0"/>
						</part>											
					</animation>
				</animatedObject>
				
	<!-- Hall  -->
				<animatedObject index="SchiebeTorLinks">
					<controls posKey="ANIMATED_OBJECT_OPEN_DOOR" triggerNode="0" posText="input_ANIMATED_OBJECT_OPEN_DOOR" negText="input_ANIMATED_OBJECT_CLOSE_DOOR" />
					<sound file="sounds/OpenDoor.wav" pitchOffset="1.00" volume="0.40" indoorVolumeFactor="0.55" indoorLowpassGain="0.85" pitchMax="1.15" />
					<animation initialTime="0" duration="4">
						<part node="1"> <!--index of GATE node-->
							<Keyframe time="0" translation="-1.6 0.51 12.7" rotation="0 0 0"/>
							<Keyframe time="1" translation="-8.05 0.51 12.7" rotation="0 0 0"/>
						</part>	
						<part node="2"> <!--index of GATE node-->
							<Keyframe time="0" translation="-4.7 0.51 12.58" rotation="0 0 0"/>
							<Keyframe time="1" translation="-8.05 0.51 12.58" rotation="0 0 0"/>
						</part>											
					</animation>
				</animatedObject>
				

				
				<!-- LightsInSide -->
				<animatedObject index="lightsInside01">
					<controls posKey="LIGHTSWITCH_CLICK" triggerNode="0" posText="input_LIGHTSWITCH_CLICK" negText="input_LIGHTSWITCH_CLICK" />
					<sound file="sounds/switch01_0.wav" pitchOffset="1.00" volume="0.20" indoorVolumeFactor="0.55" indoorLowpassGain="0.85" pitchMax="1.15" />
					<animation initialTime="0" duration="0.5">
						<part node="2|0"> <!--index of TG with realLights and emmisive shape-->
							<keyFrame time="0.5" visibility="false" />
							<keyFrame time="0.55" visibility="true" />
						</part>
						<part node="1|0"> <!--index of Lever of the Lightswitch-->
							<keyFrame time="0.00" rotation="7 0 0" />
							<keyFrame time="1" rotation="-7 0 0" />
						</part>
					</animation>
				</animatedObject>	
		
</animatedObjects>