﻿<?xml version="1.0" encoding="utf-8" standalone="no" ?>
<placeable>
    <storeData>
        <name>		
		<en>Hall</en>
		<de>Halle</de>
		</name>
        <image>store_Hall.dds</image>
        <price>50000</price>
        <dailyUpkeep>5</dailyUpkeep>
        <lifetime>1000</lifetime>
        <rotation>0</rotation>
        <brand>LIZARD</brand>
        <species>placeable</species>
        <category>placeables</category>
        <vertexBufferMemoryUsage>460880</vertexBufferMemoryUsage>
        <indexBufferMemoryUsage>81012</indexBufferMemoryUsage>
        <textureMemoryUsage>10507960</textureMemoryUsage>
        <instanceVertexBufferMemoryUsage>0</instanceVertexBufferMemoryUsage>
        <instanceIndexBufferMemoryUsage>0</instanceIndexBufferMemoryUsage>
    </storeData>

    <placeableType>animatedObjectPlaceable</placeableType>
    <filename>Hall.i3d</filename>
    <placement testSizeX="40" testSizeZ="9" sizeX="25" sizeZ="16" useRandomYRotation="false" useManualYRotation="true" />

    <tipOcclusionUpdateArea sizeX="40" sizeZ="8" />
	
	<animatedObjects>
        <animatedObject index="0>1" />
		<animatedObject index="0>2" />
		<animatedObject index="0>3" />
    </animatedObjects>
	
	<clearAreas>
        <clearArea startIndex="0>4|0" widthIndex="0>4|1" heightIndex="0>4|2"/>
    </clearAreas>

</placeable>