<?xml version="1.0" encoding="utf-8" standalone="no" ?>
<modDesc descVersion="39">
    <author>moechtegernbauer</author>
    <version>1.0.0.0</version>

    <title>
        <en>Hall</en>
        <de>Halle</de>
    </title>
    <description>
        <en>
<![CDATA[Size: 25m x 20m x 8m
-Price: 50000 €
-Maintenance per day: 5]]>
        </en>
        <de>
<![CDATA[Größe: 25m x 20m x 8m
-Preis: 50000€
-Unterhalt pro Tag: 5]]>
        </de>
    </description>

    <iconFilename>icon_Hall.dds</iconFilename>
    <multiplayer supported="true"/>

    <storeItems>
        <storeItem xmlFilename="Hall.xml"/>
	</storeItems>
    <l10n>
        <text name="input_ANIMATED_OBJECT_OPEN_DOOR">
            <en>Open door</en>
            <de>Tor öffnen</de>		
        </text>
        <text name="input_ANIMATED_OBJECT_CLOSE_DOOR">
            <en>Close door</en>
            <de>Tor schließen</de>		
        </text>
			<text name="input_ANIMATED_OBJECT_OPEN_SDOOR">
            <en>Open Door</en>
            <de>Tür öffnen</de>
        </text>
        <text name="input_ANIMATED_OBJECT_CLOSE_SDOOR">
            <en>Close Door</en>
            <de>Tür schließen</de>
        </text>	
        <text name="input_LIGHTSWITCH_CLICK">
            <en>Lightswitch on/off</en>
            <de>Lichtschalter an/aus</de>
        </text>
    </l10n>

    <inputBindings>
        <input name="ANIMATED_OBJECT_OPEN_DOOR" category="ONFOOT" key1="" key2="" device="0" button="BUTTON_3" mouse="MOUSE_BUTTON_LEFT" />
        <input name="ANIMATED_OBJECT_CLOSE_DOOR" category="ONFOOT" key1="" key2="" device="0" button="BUTTON_1" mouse="MOUSE_BUTTON_RIGHT" />	
        <input name="LIGHTSWITCH_CLICK" category="ONFOOT" key1="" key2="" device="0" button="BUTTON_3" mouse="MOUSE_BUTTON_LEFT" />
    </inputBindings>
</modDesc>