<?xml version="1.0" encoding="utf-8" standalone="no" ?>
<placeable>
    <storeData>
        <name>HD Bale Storage</name>
		<functions>
            <function>$l10n_function_baleStorageHD</function>
        </functions>
        <image>BaleStorageHD_store.dds</image>
        <price>22000</price>
        <dailyUpkeep>10</dailyUpkeep>
		<specs>
			<capacity unit="$l10n_unit_pieces">460</capacity>
			<fillTypes>squareBale</fillTypes>
        </specs>
        <lifetime>1000</lifetime>
        <rotation>0</rotation>
        <brand>TECHFARM</brand>
        <species>placeable</species>
        <category>placeables</category>
    </storeData>

    <placeableType>StorageHouse</placeableType>
    <filename>HdStorage.i3d</filename>

    <placement testSizeX="12" testSizeZ="10" sizeX="3" sizeZ="3" useRandomYRotation="false" useManualYRotation="true" />
	<tipOcclusionUpdateArea centerZ="2.9" sizeX="18" sizeZ="15" />
	
	<dayNightObjects>
        <dayNightObject index="0>7" visibleDay="false" visibleNight="true" />
    </dayNightObjects>

	<clearAreas>
        <clearArea startIndex="0>8|0" widthIndex="0>8|1" heightIndex="0>8|2"/>
    </clearAreas>
</placeable>