﻿<?xml version="1.0" encoding="utf-8" standalone="no"?>
<modDesc descVersion="39">
	<author>(LS-Modcompany) GtX, Kevink98, Eribus</author>
	<contributors>Translation: (de) CHaWo, (it) *TurboStar*, (es) Vanquish081</contributors>
	
	<version>1.0.2.0</version>
	
	<title>
		<en>HD Bale Storage</en>
		<de>HD Ballenlager</de>
	</title>
	
	<description>
		<en>
		<![CDATA[This storage shed is designed to store your small HD bales produced by the Welger AP730.
Bales can be respawned on demand by using the built in menu interface. This building is also compatible with the Farming Tablet when using the 'Storage House App'.
Building includes real lighting.

Capacity: Straw, Grass and Hay HD Bales (460 Bales of each type).

Important: This building will only accept bales 0.49 x 0.36 x 1.2m

Ground markers are linked to the game settings menu.

Release Log:

Version: 1.0.0.0
1. Initial release.

Version: 1.0.1.0
1. Update StorageHouse.lua to version 1.0.2.0 (Multiplayer Fix for Object storage limit).

Version: 1.0.2.0
1. HD Bale UAL Fix. Bales spawned by the building will now work with UAL vehicles that support the HD Bale function.]]>
		</en>
		<de>
		<![CDATA[Dieses Lager ist für kleine HD-Ballen gedacht, welche von der Welger Presse AP730 gepresst werden. 
Die Ballen können mit Hilfe des eingebauten Interfaces auf Bedarf ausgegeben werden. Das Gebäude ist natürlich ebenso kompatibel mit der "Storage House App" des Faming Tablets. 
Ebenso sind richtige Lichter verbaut. 
		
Kapazität: 460 Ballen jeden Typs (Stroh, Gras, Heu, Silage)

Wichtig: es werden nur Ballen der  Größe 0.49 x 0.36 x 1.2m angenommen !

Die Bodenmarker sind je nach Spieleinstellung vorhanden.

Release Log:

Version: 1.0.0.0
1. Initiales Release

Version: 1.0.1.0
1. Update StorageHouse.lua auf Version 1.0.2.0 (Multiplayer Fix für das Limit für lagerbare Objekte)

Version: 1.0.2.0
1. HD Ballen UAL Fix. Ballen, die vom Gebäude erzeugt werden, funktionieren jetzt mit UAL-Fahrzeugen die die HD Ballen-Funktion unterstützen.]]>
		</de>
		<fr>
		<![CDATA[Ce hangar de stockage est conçu pour stocker vos petites balles HD produites par le Welger AP730.
Les balles peuvent être réappliquées à la demande en utilisant l'interface de menu intégrée. Ce bâtiment est également compatible avec la tablette agricole lorsque vous utilisez l'application 'Storage House App'.

Capacité de construction: balles HD en paille, herbe et foin (460 balles de chaque type).

Important: Ce bâtiment n'accepte que les balles de 0,49 x 0,36 x 1,2m

Les marqueurs au sol sont liés au menu des paramètres du jeu.

Journal de sortie:

Version: 1.0.0.0
1. Première version.

Version: 1.0.1.0
1. Mettre à jour StorageHouse.lua vers la version 1.0.2.0 (correctif multijoueur pour la limite des objets stockables)

Version: 1.0.2.0
1. HD Bale UAL Fix. Les balles générées par le bâtiment fonctionnent maintenant avec les véhicules UAL qui prennent en charge la fonction HD Bale.]]>
		</fr>
		<it>
		<![CDATA[Questo capanno è progettato per immagazzinare le piccole balle prodotte dall'imballatrice Welger AP730.
Le balle possono essere ricreate a richiesta usando l'interfaccia grafica dedicata. Questa costruzione è compatibile inoltre con il FarmingTablet usando l'app 'Storage House App'.
L'edificio include l'illuminazione notturna.

Capacità: Paglia, erba e fieno (460 balle per ogni tipo).

Importante: Questo edificio accetta solamente balle 0.49 * 0.36 * 1.2m

Gli indicatori a terra dei trigger sono legati all'opzione nel menù di gioco.

Changelog:

Version: 1.0.0.0
1. Rilascio iniziale

Version: 1.0.1.0
1. Update StorageHouse.lua to version 1.0.2.0 (Multiplayer Fix for Object storage limit).

Version: 1.0.2.0
1. HD Bale UAL Fix. Bales spawned by the building will now work with UAL vehicles that support the HD Bale function.]]>
		</it>
		<es>
		<![CDATA[Este cobertizo de almacenamiento está diseñado para almacenar sus pequeñas balas HD producidas por Welger AP730.
Las pacas se pueden reabastecer según demanda utilizando la interfaz de menú integrada. Este edificio también es compatible con Farming Tablet cuando se utiliza la app "Storage House".
El edificio incluye iluminación real.

Capacidad: Paja, Hierba, y heno tipo pacas HD (460 pacas de cada tipo).

Importante: Este edificio acepta únicamente pacas de 0.49 x 0.36 x 1.2mts.

Los marcadores del suelo están vinculados al menú configuración del juego.

Release Log:

Version: 1.0.0.0
1. Versión inicial

Version: 1.0.1.0
1. Update StorageHouse.lua to version 1.0.2.0 (Multiplayer Fix for Object storage limit).

Version: 1.0.2.0
1. HD Bale UAL Fix. Bales spawned by the building will now work with UAL vehicles that support the HD Bale function.]]>
		</es>
	</description>
	
	<multiplayer supported="true" />
	<iconFilename>icon.png</iconFilename>
	
	<l10n>
		<text name="function_baleStorageHD">
			<en>Storage for Straw, Grass and Hay HD Bales (460 Bales of each type). Maximum Bale = 0.49 x 0.36 x 1.2m</en>
			<de>Ballenlager für HD Ballen (460 Ballen von jedem Typ(Stroh, Gras und Heu )) Maximaler Ballen = 0.49 x 0.36 x 1.2m.</de>
			<fr>Stockage pour balles HD en paille, herbe et foin (460 balles de chaque type) Bale maximum = 0.49 x 0.36 x 1.2m.</fr>
			<it>Deposito per balle HD di paglia, erba e fieno (460 balle per tipo). Dimensione accettata = 0.49 x 0.36 x 1.2m</it>
			<es>Almacenamiento para balas cuadradas de paja, hierba y heno (460 balas por tipo) Balas máximo = 0.49 x 0.36 x 1.2m.</es>
		</text>
		<text name="input_StorageHouse_Menu">
			<en>Open Storage Menu</en>
			<de>Speichermenü öffnen</de>
			<fr>Ouvrez le menu dépôt.</fr>
			<it>Apri menù deposito</it>
			<es>Abrir menú Almacén</es>
		</text>
		<text name="stationName_HdStorage">
			<en>HD Bale Storage</en>
			<de>HD Ballenlager</de>
			<fr>Stockage de balles (HD)</fr>
			<it>Deposito Balle (HD)</it>
			<es>Almacén de lana (HD)</es>
		</text>
		<text name="ui_squareGrassHD">
			<en>HD Grass Bale</en>
			<de>HD Ballen Gras</de>
			<fr>Botte d'herbe HD</fr>
			<it>Balla erba HD</it>
			<es>Paca cuadrada de la hierba</es>
		</text>
		<text name="ui_squareStrawHD">
			<en>HD Straw Bale</en>
			<de>HD Ballen Stroh</de>
			<fr>Balles de paille HD</fr>
			<it>Balla paglia HD</it>
			<es>Paca cuadrada paja</es>
		</text>
		<text name="ui_squareHayHD">
			<en>HD Hay Bale</en>
			<de>HD Ballen Heu</de>
			<fr>Botte de foin HD</fr>
			<it>Balla fieno HD</it>
			<es>Paca cuadrada heno</es>
		</text>
		<text name="gui_spawnProtectionHeader">
			<en>Spawn Area Blocked!</en>
			<de>Die Ausgabe ist blockiert!</de>
			<fr>Zone de retraite bloquée!</fr>
			<it>Area di spawn bloccata!</it>
			<es>Area de retirada bloqueada!</es>
		</text>
		<text name="gui_spawnProtectionText">
			<en>Please remove %s from %s spawning area.</en>
			<de>Bitte entferne %s von %s der Ausgabe.</de>
			<fr>Supprimez %s de la zone de retraite %s.</fr>
			<it>Rimuovi %s dall'area di spawn dei %s.</it>
			<es>Retire %s del área de retirada de %s.</es>
		</text>
	</l10n>
	
	<storeItems>
		<storeItem xmlFilename="HdStorage.xml" />
	</storeItems>
	
	<extraSourceFiles>
		<sourceFile filename="scripts/StorageHouse.lua" />
	</extraSourceFiles>
	
	<brands>
		<brand name="TECHFARM" title="TECH FARM" image="textures/brand_techFarm.dds" />
	</brands>
	
	<inputBindings>
		<input name="StorageHouse_Menu" category="ONFOOT" key1="KEY_r" key2="" device="1" button="BUTTON_11" mouse="" visible="true" />
	</inputBindings>
</modDesc>