<?xml version="1.0" encoding="utf-8" standalone="no"?>
<modDesc descVersion="39">
    <author>TyKonKet, Peppe978</author>
    <version>1.3.0.0</version>
    <title>
        <en>Tow Bar</en>
        <de>Abschleppstange</de>
        <fr>Barre De Remorquage</fr>
    </title>
    <description>
        <en>
            <![CDATA[
            You can pull vehicles with this tow bar.

            Use your hands to bring the tow bar in place.
            Attach the green end to the tractor with button Q.
            Drive to the desired tractor which needs to be towed and press X to attach it.

            Changelog 1.3.0.0
            - New feature to synchronize vehicles acceleration
            ]]>
        </en>
        <de>
            <![CDATA[
            Mit der Abschleppstange können Sie Fahrzeuge ziehen.

            Mit der Hand kann die Stange getragen werden.
            Mit der grünen Seite am Zugfahrzeug per Taste Q die Abschleppstange anhängen.
            Mit dem Zugfahrzeug an das zu ziehende Fahrzeug heranfahren und mit der Taste X befestigen.

            Changelog 1.3.0.0
            - Neue Funktion zum Synchronisieren der Fahrzeugbeschleunigung
            ]]>
        </de>
        <fr>
            <![CDATA[
            Avec la barre de remorquage, vous pouvez tirer des véhicules.

            Utilisez vos mains pour mettre la barre de remorquage en place.
            Fixez l'extrémité verte au tracteur avec le bouton Q.
            Dirigez-vous vers le tracteur souhaité qui doit être remorqué et appuyez sur X pour l'attacher.

            Changelog 1.3.0.0
            - Nouvelle fonctionnalité pour synchroniser l'accélération des véhicules
            ]]>
        </fr>
    </description>
    <iconFilename>icon.dds</iconFilename>
    <multiplayer supported="true"/>
    <l10n>
        <text name="PULLER_DETACH">
            <en>Detach object</en>
            <it>Sgancia oggetto</it>
            <de>Fahrzeug abhängen</de>
            <fr>Détacher l'objet</fr>
            <nl>Ontkoppel voorwerp</nl>
            <pl>Odczep pojazd</pl>
        </text>
        <text name="PULLER_ATTACH">
            <en>Attach object</en>
            <it>Aggancia oggetto</it>
            <de>Fahrzeug ankuppeln</de>
            <fr>Joindre l'objet</fr>
            <nl>Koppel voorwerp</nl>
            <pl>Zaczep pojazd</pl>
        </text>
        <text name="input_PULLER_TOGGLE_THROTTLE">
            <en>Toggle pulled vehicle throttle</en>
            <de>Geschwindigkeit übernehmen</de>
            <pl>Przełączanie sterowania gazem w pojeździe holowanym</pl>
        </text>
        <text name="PULLER_ENABLE_THROTTLE">
            <en>Turn on pulled vehicle throttle</en>
            <de>Geschwindigkeit übernehmen AN</de>
            <pl>Włącz sterowanie gazem w pojeździe holowanym</pl>
        </text>
        <text name="PULLER_DISABLE_THROTTLE">
            <en>Turn off pulled vehicle throttle</en>
            <de>Geschwindigkeit übernehmen AUS</de>
            <pl>Wyłącz sterowanie gazem w pojeździe holowanym</pl>
        </text>
        <text name="PULLER_DISABLE_THROTTLE_WARNING">
            <en>Please turn off pulled vehicle throttle before detaching</en>
            <de>Geschwindigkeit übernehmen ausschalten vor dem Abkuppeln!</de>
            <pl>Zanim odczepisz pojazd, musisz wyłączyć sterowanie gazem!</pl>
        </text>
    </l10n>
    <inputBindings>
        <input name="PULLER_TOGGLE_THROTTLE" category="VEHICLE" key1="KEY_b" device="1" visible="true" />
    </inputBindings>
    <specializations>
        <specialization name="puller" className="Puller" filename="scripts/puller.lua"/>
    </specializations>
    <vehicleTypes>
        <type name="puller" className="Vehicle" filename="$dataS/scripts/vehicles/Vehicle.lua">
            <specialization name="attacherJoints" />
            <specialization name="lights" />
            <specialization name="attachable" />
            <specialization name="washable" />
            <specialization name="puller" />
        </type>
    </vehicleTypes>
    <storeItems>
        <storeItem xmlFilename="Comear.xml" rootNode="vehicle"/>
    </storeItems>
    <brands>
        <brand name="COMEAR" title="Comear" image="brand_COMEAR.dds"/>
    </brands>
</modDesc>
