﻿<?xml version="1.0" encoding="utf-8" standalone="no" ?>
<vehicle type="sprayer_animated">
    <annotation>Copyright (C) GIANTS Software GmbH, All Rights Reserved.</annotation>
	
	<!--
	
		needed power
	
		attacherJoint = trailerLow
		center of mass
		
		wheel : spring, damper, susptravel, initialcompression		
		add narrow wheels
		
		fertilizer rate = 291L/Ha * 1 => 218L/min @16kph with a 28m wide ramp and so, this sprayer should not be limited by its pump when fertilizing (280L/min pump)
		increased speedLimit
		
		powerconsumer needed pto power
		
		fillLitersPerSecond
		
		mrCOMtransWithMass
		
		brakeforce
	-->

	<moreRealistic>		
		<dragArea value="4.6" />		
	</moreRealistic>
	
    <storeData>
        <name>Stilla 460</name>
        <specs>
            <workingWidth>28.0</workingWidth>
            <neededPower>120</neededPower>
        </specs>
        <functions>
            <function>$l10n_function_sprayer</function>
        </functions>
        <image>data/store/store_caruelleNicolasStilla460.png</image>
        <price>71000</price>
        <dailyUpkeep>220</dailyUpkeep>
        <lifetime>600</lifetime>
        <rotation>0</rotation>
        <brand>CARUELLENICOLAS</brand>
        <category>sprayers</category>
        <fieldJob sizeCategory="2" typeCategory="sprayer" />
        <vertexBufferMemoryUsage>3256152</vertexBufferMemoryUsage>
        <indexBufferMemoryUsage>485580</indexBufferMemoryUsage>
        <textureMemoryUsage>12583056</textureMemoryUsage>
        <instanceVertexBufferMemoryUsage>0</instanceVertexBufferMemoryUsage>
        <instanceIndexBufferMemoryUsage>0</instanceIndexBufferMemoryUsage>
    </storeData>

    <typeDesc>$l10n_typeDesc_sprayer</typeDesc>
    <filename>data/vehicles/trailers/caruelleNicolas/caruelleNicolasStilla460.i3d</filename>

    <size width="3" length="8" />

    <powerConsumer ptoRpm="450" neededPtoPower="15"/>
    <speedLimit value="16" />

    <wheelConfigurations>
        <wheelConfiguration name="$l10n_configuration_valueDefault" price="0">
            <wheels>
                <wheel restLoad="2.0" repr="0>0|0|0" forcePointRatio="0.3" filename="$data/vehicles/wheels/trelleborg/TM600_520_85R42.xml" isLeft="true"  color="0.9157 0.9157 0.9157 1" initialCompression="18" suspTravel="0.25" spring="60" damper="12" hasTireTracks="true" hasParticles="true" />
                <wheel restLoad="2.0" repr="0>0|0|1" forcePointRatio="0.3" filename="$data/vehicles/wheels/trelleborg/TM600_520_85R42.xml" isLeft="false" color="0.9157 0.9157 0.9157 1" initialCompression="18" suspTravel="0.25" spring="60" damper="12" hasTireTracks="true" hasParticles="true" />
            </wheels>
        </wheelConfiguration>
		<wheelConfiguration name="$l10n_configuration_valueWheelNarrow" price="1200" icon="$dataS2/menu/hud/configurations/config_wheel_thin.png">
            <wheels>
                <wheel restLoad="2.0" repr="0>0|0|0" forcePointRatio="0.3" filename="$MR/data/wheels/TM100_300_95R46.xml" isLeft="true"  color="0.9157 0.9157 0.9157 1" initialCompression="10" suspTravel="0.25" spring="70" damper="10" hasTireTracks="true" hasParticles="true" />
                <wheel restLoad="2.0" repr="0>0|0|1" forcePointRatio="0.3" filename="$MR/data/wheels/TM100_300_95R46.xml" isLeft="false" color="0.9157 0.9157 0.9157 1" initialCompression="10" suspTravel="0.25" spring="70" damper="10" hasTireTracks="true" hasParticles="true" />
            </wheels>
        </wheelConfiguration>		
    </wheelConfigurations>
	
    <brakeForce>1.5</brakeForce>

    <lights>
        <low>
            <light                             decoration="0>0|4|0|0|0|0|0"   lightTypes="0 3"/>
            <light                             decoration="0>0|4|0|0|1|0|4|0" lightTypes="1"/>
            <light                             decoration="0>0|4|0|0|2|0|4|0" lightTypes="1"/>
        </low>
        <high>
            <light realLight="0>0|4|0|0|0|0|1"   decoration="0>0|4|0|0|0|0|0"   lightTypes="0 3" />
            <light realLight="0>0|4|0|0|1|0|4|1" decoration="0>0|4|0|0|1|0|4|0" lightTypes="1"/>
            <light realLight="0>0|4|0|0|2|0|4|1" decoration="0>0|4|0|0|2|0|4|0" lightTypes="1"/>
        </high>
        <states>
            <state lightTypes="0" />
            <state lightTypes="0 1" />
            <state lightTypes="0 1 2" />
        </states>
    </lights>

    <brakeLights>
        <brakeLight realLight="0>0|4|0|0|0|0|1" decoration="0>0|4|0|0|0|2|0" />
    </brakeLights>

    <turnLights>
        <turnLightLeft  realLight="0>0|4|0|0|0|1|0|1" decoration="0>0|4|0|0|0|1|0|0" />
        <turnLightRight realLight="0>0|4|0|0|0|1|1|1" decoration="0>0|4|0|0|0|1|1|0" />
    </turnLights>

    <workAreas>
        <workArea startIndex="0>0|4|0|0|4|0" widthIndex="0>0|4|0|0|4|1" heightIndex="0>0|4|0|0|4|2" type="sprayer" disableBackwards="false" />
    </workAreas>

    <inputAttacherJoints>
        <inputAttacherJoint index="0>0|1" jointType="trailerLow" attacherHeight="0.6" ptoInputNode="0>0|2" />
    </inputAttacherJoints>

	<fillMassNode index="0>" mrCOMtransWithMass="0 0.05 0.05" />
    <sprayUsageScales workingWidth="28.0" scale="1" />

    <fillUnits>
        <fillUnit unit="$l10n_unit_literShort" fillTypeCategories="sprayer" capacity="4600" />
    </fillUnits>

    <fillLitersPerSecond>200</fillLitersPerSecond>

    <sprayer fillUnitIndex="1" unloadInfoIndex="1" loadInfoIndex="1" />

    <sprayerEffects>
        <sprayerEffect>
            <effectNode effectNode="0>0|4|0|0|6"         delay="0" materialType="sprayer" materialTypeId="1" />
            <effectNode effectNode="0>0|4|0|0|1|0|3"     delay="0" materialType="sprayer" materialTypeId="1" />
            <effectNode effectNode="0>0|4|0|0|2|0|3"     delay="0" materialType="sprayer" materialTypeId="1" />
            <effectNode effectNode="0>0|4|0|0|1|0|0|0|1" delay="0" materialType="sprayer" materialTypeId="1" />
            <effectNode effectNode="0>0|4|0|0|2|0|0|0|1" delay="0" materialType="sprayer" materialTypeId="1" />
        </sprayerEffect>
    </sprayerEffects>

    <cylinderedHydraulicSound file="$data/sounds/hydraulicUp.wav" pitchOffset="0.8" volume="0.8" indoorVolumeFactor="0.85" />
    <fillSound file="$data/maps/sounds/refuel.wav"                pitchOffset="1.0" volume="1.0" volume3D="1.0" innerRadius="10" radius="40" linkNode="0>"/>
    <spraySound file="$data/sounds/sprayer.wav"                   pitchOffset="1.0" volume="1.0" indoorVolumeFactor="0.35" />

    <foldingParts startMoveDirection="1" turnOnFoldMaxLimit="0.1" turnOnFoldMinLimit="0" turnOffOnFold="true" >
        <foldingPart animationName="folding" speedScale="0.7" />
    </foldingParts>

    <movingTools>
        <!-- main arm -->
        <movingTool index="0>0|4" foldMinLimit="0.0" foldMaxLimit="0.01">
            <controls axis="AXIS_SPRAYER_ARM" invertAxis="false" mouseSpeedFactor="0.7" iconFilename="$dataS2/menu/moveControls/sprayer_arm.png" />
            <rotation rotSpeed="20" rotAcceleration="100" rotMax="20" rotMin="-70" rotationAxis="1"/>
            <dependentPart index="0>0|4|0" />
            <dependentPart index="0>0|5" />
        </movingTool>
        <movingTool index="0>0|4|0">
            <dependentPart index="0>0|6" />
        </movingTool>
        <movingTool index="0>0|4|0|0|1" playSound="true">
            <dependentPart index="0>0|4|0|0|3|0" />
        </movingTool>
        <movingTool index="0>0|4|0|0|2" playSound="true">
            <dependentPart index="0>0|4|0|0|3|1" />
        </movingTool>
        <movingTool index="0>0|4|0|0|1|0" playSound="true">
            <dependentPart index="0>0|4|0|0|1|0|2" />
        </movingTool>
        <movingTool index="0>0|4|0|0|2|0" playSound="true">
            <dependentPart index="0>0|4|0|0|2|0|2" />
        </movingTool>
        <movingTool index="0>0|4|0|0|1|0|0|0" playSound="true">
            <dependentPart index="0>0|4|0|0|1|0|1|0" />
        </movingTool>
        <movingTool index="0>0|4|0|0|2|0|0|0" playSound="true">
            <dependentPart index="0>0|4|0|0|2|0|1|0" />
        </movingTool>
    </movingTools>

    <movingParts>
        <movingPart index="0>0|4|0" referenceFrame="0>" />
        <movingPart index="0>0|5" referenceFrame="0>0|4" />

        <movingPart index="0>0|6" referencePoint="0>0|5|0" referenceFrame="0>0|5|0" playSound="true">
            <translatingPart index="0>0|6|0" />
        </movingPart>
        <movingPart index="0>0|4|0|0|3|0" referencePoint="0>0|4|0|0|1|1" referenceFrame="0>0|4|0" playSound="true">
            <translatingPart index="0>0|4|0|0|3|0|0" />
        </movingPart>
        <movingPart index="0>0|4|0|0|3|1" referencePoint="0>0|4|0|0|2|1" referenceFrame="0>0|4|0" playSound="true">
            <translatingPart index="0>0|4|0|0|3|1|0" />
        </movingPart>

        <movingPart index="0>0|4|0|0|1|0|2" referencePoint="0>0|4|0|0|3|2" referenceFrame="0>0|4|0|0|3|2" playSound="true">
            <translatingPart index="0>0|4|0|0|1|0|2|0" />
        </movingPart>
        <movingPart index="0>0|4|0|0|2|0|2" referencePoint="0>0|4|0|0|3|3" referenceFrame="0>0|4|0|0|3|3" playSound="true">
            <translatingPart index="0>0|4|0|0|2|0|2|0" />
        </movingPart>

        <movingPart index="0>0|4|0|0|1|0|1|0" localReferencePoint="0>0|4|0|0|1|0|1|0|0" referencePoint="0>0|4|0|0|1|0|0|0|0" referenceFrame="0>0|4|0|0|1|0|1|1" playSound="true">
            <dependentPart index="0>0|4|0|0|1|0|1|0|0" />
            <dependentPart index="0>0|4|0|0|1|0|1|2" />
        </movingPart>
        <movingPart index="0>0|4|0|0|1|0|1|0|0" referencePoint="0>0|4|0|0|1|0|0|0|0" referenceFrame="0>0|4|0|0|1|0|0|0|0" />
        <movingPart index="0>0|4|0|0|1|0|1|2" referencePoint="0>0|4|0|0|1|0|1|0|1" referenceFrame="0>0|4|0|0|1|0|1|0|1" playSound="true">
            <translatingPart index="0>0|4|0|0|1|0|1|2|0" />
        </movingPart>

        <movingPart index="0>0|4|0|0|2|0|1|0" localReferencePoint="0>0|4|0|0|2|0|1|0|0" referencePoint="0>0|4|0|0|2|0|0|0|0" referenceFrame="0>0|4|0|0|2|0|1|1" playSound="true">
            <dependentPart index="0>0|4|0|0|2|0|1|0|0" />
            <dependentPart index="0>0|4|0|0|2|0|1|2" />
        </movingPart>
        <movingPart index="0>0|4|0|0|2|0|1|0|0" referencePoint="0>0|4|0|0|2|0|0|0|0" referenceFrame="0>0|4|0|0|2|0|0|0|0" />
        <movingPart index="0>0|4|0|0|2|0|1|2" referencePoint="0>0|4|0|0|2|0|1|0|1" referenceFrame="0>0|4|0|0|2|0|1|0|1" playSound="true">
            <translatingPart index="0>0|4|0|0|2|0|1|2|0" />
        </movingPart>
    </movingParts>

    <animations>
        <animation name="folding">
            <part node="0>0|4"           startTime="0.0" endTime="3.0" startRot="0 0 0" endRot="20 0 0"/>
            <part node="0>0|4|0"         startTime="0.0" endTime="3.0" startRot="0 0 0" endRot="-20 0 0"/>
            <part node="0>0|5"           startTime="0.0" endTime="3.0" startRot="0 0 0" endRot="20 0 0"/>

            <part node="0>0|4|0|0|1|0|0|0" startTime="0.0" endTime="5.0" startRot="0 0 0" endRot="0 179.99 0"/>
            <part node="0>0|4|0|0|2|0|0|0" startTime="0.2" endTime="5.2" startRot="0 0 0" endRot="0 -179.5 2.5"/>
            <part node="0>0|4|0|0|1"       startTime="5.3" endTime="10.0" startRot="0 0 0" endRot="0 -91 0"/>
            <part node="0>0|4|0|0|2"       startTime="5.2" endTime="9.9" startRot="0 0 0" endRot="0 91 0"/>
            <part node="0>0|4|0|0|1|0"     startTime="6.3" endTime="7.8" startRot="0 0 0" endRot="0 0 11.9"/>
            <part node="0>0|4|0|0|2|0"     startTime="6.2" endTime="7.7" startRot="0 0 0" endRot="0 0 -11.9"/>

            <part node="0>0|4"           startTime="10.1" endTime="11.5" startRot="20 0 0" endRot="0 0 0"/>
            <part node="0>0|4|0"         startTime="10.1" endTime="11.5" startRot="-20 0 0" endRot="0 0 0"/>
            <part node="0>0|5"         startTime="10.1" endTime="11.5" startRot="20 0 0" endRot="0 0 0"/>
        </animation>
        <animation name="moveSupport">
            <part node="0>0|3|0|0" startTime="0" endTime="0.1" startTrans="0 0 0" endTrans="0 0.02 0" />
            <part node="0>0|3|0"   startTime="0" endTime="0.1" startRot="75 0 0" endRot="0 0 0" />
            <part node="0>0|3|1"   startTime="0" endTime="0.1" startTrans="0 0.4 0" endTrans="0 0.2 0" />
        </animation>
    </animations>

    <support animationName="moveSupport" />

    <ai>
        <areaMarkers leftIndex="0>0|4|0|0|5|0|0" rightIndex="0>0|4|0|0|5|0|1" backIndex="0>0|4|0|0|5|0|2" />
        <sizeMarkers leftIndex="0>0|4|0|0|5|1|0" rightIndex="0>0|4|0|0|5|1|1" backIndex="0>0|4|0|0|5|1|2" />
        <trafficCollisionTrigger index="0>0|4|0|0|5|2" />
    </ai>

    <washable dirtDuration="180" washDuration="1" workMultiplier="4" />

    <components count="1">
        <component1 centerOfMass="0 1.25 -0.5" solverIterationCount="10" />
    </components>

    <schemaOverlay file="$dataS2/menu/schemas/implementSchema.png" fileSelected="$dataS2/menu/schemas/implementSchemaSelected.png" fileTurnedOn="$dataS2/menu/schemas/implementSchemaTurnedOn.png" fileSelectedTurnedOn="$dataS2/menu/schemas/implementSchemaSelectedTurnedOn.png" width="0.5" height="0.5" attacherJointPosition="0 0"/>

</vehicle>
