<?xml version="1.0" encoding="utf-8" standalone="no"?>
<vehicle type="tractor_articulatedAxis">
    <annotation>SFM-Modding</annotation>

    <storeData>
        <name>K-700A</name>
        <functions>
            <function>$l10n_function_tractor</function>
        </functions>
        <specs>
            <power>220</power>
            <maxSpeed>30</maxSpeed>
        </specs>
        <image>store_kirovetsK700A.png</image>
        <price>78000</price>
        <dailyUpkeep>420</dailyUpkeep>
        <lifetime>600</lifetime>
        <rotation>0</rotation>
        <brand>KIROVETS</brand>
        <category>tractors</category>
        <vertexBufferMemoryUsage>1473388</vertexBufferMemoryUsage>
        <indexBufferMemoryUsage>256092</indexBufferMemoryUsage>
        <textureMemoryUsage>14528328</textureMemoryUsage>
        <instanceVertexBufferMemoryUsage>0</instanceVertexBufferMemoryUsage>
        <instanceIndexBufferMemoryUsage>0</instanceIndexBufferMemoryUsage>
    </storeData>

    <filename>kirovets/KirovetsK700A.i3d</filename>
    <size width="5" length="8" lengthOffset="2"/>

    <wheelConfigurations>
        <wheelConfiguration name="$l10n_configuration_valueDefault" price="0" icon="$dataS2/menu/hud/configurations/config_wheel_default.png">
            <wheels autoRotateBackSpeed="1.3">
                <wheel rotSpeed="1" showSteeringAngle="false" restLoad="4.4" repr="0>0" forcePointRatio="0.2" filename="belshina/belshina_28_1_R26_12PR.xml" isLeft="true"  initialCompression="50" suspTravel="0.34" spring="23" damper="100" hasTireTracks="true" hasParticles="true" />
                <wheel rotSpeed="1" showSteeringAngle="false" restLoad="4.4" repr="0>1" forcePointRatio="0.2" filename="belshina/belshina_28_1_R26_12PR.xml" isLeft="false" initialCompression="50" suspTravel="0.34" spring="23" damper="100" hasTireTracks="true" hasParticles="true" />
                <wheel rotSpeed="1" showSteeringAngle="false" restLoad="3.0" repr="1>0" forcePointRatio="0.3" filename="belshina/belshina_28_1_R26_12PR.xml" isLeft="true"  initialCompression="30" suspTravel="0.26" spring="32" damper="100" hasTireTracks="true" hasParticles="true" />
                <wheel rotSpeed="1" showSteeringAngle="false" restLoad="3.0" repr="1>1" forcePointRatio="0.3" filename="belshina/belshina_28_1_R26_12PR.xml" isLeft="false" initialCompression="30" suspTravel="0.26" spring="32" damper="100" hasTireTracks="true" hasParticles="true" />
            </wheels>
        </wheelConfiguration>
        <wheelConfiguration name="$l10n_configuration_valueTwinWheelsAll" price="3000" icon="$dataS2/menu/hud/configurations/config_wheel_twin.png">
            <wheels autoRotateBackSpeed="1.3">
                <wheel rotSpeed="1" showSteeringAngle="false" restLoad="5.0" repr="0>0" forcePointRatio="0.2" filename="belshina/belshina_28_1_R26_12PR.xml" isLeft="true"  initialCompression="50" suspTravel="0.34" spring="22" damper="100" hasTireTracks="true" hasParticles="true">
                    <additionalWheel filename="belshina/belshina_28_1_R26_12PR.xml" configIndex="twin" isLeft="true" offset="0.798" hasTireTracks="true" addRaycast="true" hasParticles="true" />
                </wheel>
                <wheel rotSpeed="1" showSteeringAngle="false" restLoad="5.0" repr="0>1" forcePointRatio="0.2" filename="belshina/belshina_28_1_R26_12PR.xml" isLeft="false" initialCompression="50" suspTravel="0.34" spring="22" damper="100" hasTireTracks="true" hasParticles="true">
                    <additionalWheel filename="belshina/belshina_28_1_R26_12PR.xml" configIndex="twin" isLeft="false" offset="0.798" hasTireTracks="true" addRaycast="true" hasParticles="true" />
                </wheel>
                <wheel rotSpeed="1" showSteeringAngle="false" restLoad="3.5" repr="1>0" forcePointRatio="0.3" filename="belshina/belshina_28_1_R26_12PR.xml" isLeft="true"  initialCompression="30" suspTravel="0.26" spring="34" damper="100" hasTireTracks="true" hasParticles="true">
                    <additionalWheel filename="belshina/belshina_28_1_R26_12PR.xml" configIndex="twin" isLeft="true" offset="0.798" hasTireTracks="true" addRaycast="true" hasParticles="true" />
                </wheel>
                <wheel rotSpeed="1" showSteeringAngle="false" restLoad="3.5" repr="1>1" forcePointRatio="0.3" filename="belshina/belshina_28_1_R26_12PR.xml" isLeft="false" initialCompression="30" suspTravel="0.26" spring="34" damper="100" hasTireTracks="true" hasParticles="true">
                    <additionalWheel filename="belshina/belshina_28_1_R26_12PR.xml" configIndex="twin" isLeft="false" offset="0.798" hasTireTracks="true" addRaycast="true" hasParticles="true" />
                </wheel>
            </wheels>
            <objectChange node="1>8" translationActive="1.8 1.052 0.051"    translationInactive="1.099 1.052 0.051"  />
            <objectChange node="1>9" translationActive="-1.8 1.052 0.051"   translationInactive="-1.063 1.052 0.051" />
            <objectChange node="0>7" translationActive="1.8 1.052 1.645"   translationInactive="1.098 1.052 1.645" />
            <objectChange node="0>8" translationActive="-1.8 1.052 1.645"  translationInactive="-1.098 1.052 1.645"/>
            <size width="5.5" />
        </wheelConfiguration>
    </wheelConfigurations>

    <differentials>
        <differential torqueRatio="0.5" maxSpeedRatio="1.8" wheelIndex1="0" wheelIndex2="1" />
        <differential torqueRatio="0.5" maxSpeedRatio="1.8" wheelIndex1="2" wheelIndex2="3" />
        <differential torqueRatio="0.5" maxSpeedRatio="1.8" differentialIndex1="0" differentialIndex2="1" />
    </differentials>

    <ackermannSteering rotSpeed="55" rotMax="2" rotCenter="0 -0.090"/>
    <articulatedAxis componentJointIndex="0" anchorActor="0" rotSpeed="-45" rotMax="33" rotMin="-33" aiRevereserNode="1>3" />

    <motor torqueScale="0.98" minRpm="1000" maxRpm="2200" maxForwardSpeed="32" maxBackwardSpeed="20" brakeForce="12" lowBrakeForceScale="0.22" lowBrakeForceSpeedLimit="1" minForwardGearRatio="26" maxForwardGearRatio="300" minBackwardGearRatio="40" maxBackwardGearRatio="300">
        <torque normRpm="0.45" torque="0.9"/>
        <torque normRpm="0.5" torque="0.97"/>
        <torque normRpm="0.59" torque="1"/>
        <torque normRpm="0.72" torque="1"/>
        <torque normRpm="0.86" torque="0.88"/>
        <torque normRpm="1" torque="0.72"/>
    </motor>

    <fuelCapacity>640</fuelCapacity>

    <cameras count="2">
        <camera1 index="0>2|23|0" rotatable="true" rotateNode="0>2|23" limit="true" useWorldXZRotation="true" rotMinX="-1.4" rotMaxX="1" transMin="4.8" transMax="35">
            <raycastNode index="0>2|24" />
            <raycastNode index="0>2|25" />
            <raycastNode index="1>2|10" />
        </camera1>
        <camera2 index="0>2|9" rotatable="true" limit="true" rotMinX="-1.25" rotMaxX="0.2" transMin="0" transMax="0" useMirror="true" isInside="true"/>
    </cameras>

    <lights>
        <low>
            <light                      decoration="1>2|4|0" lightTypes="0"/> <!--backLight -->
            <light realLight="0>2|11|1" decoration="0>2|11|0" lightTypes="0"/> <!--frontLight -->
            <light realLight="0>2|12|1" decoration="0>2|12|0" lightTypes="1"/> <!--back worklight -->
        </low>
        <high>
            <light realLight="1>2|4|1"  decoration="1>2|4|0" lightTypes="0"/> <!--backLight -->
            <light realLight="0>2|11|2" decoration="0>2|11|0" lightTypes="0"/> <!--frontLight -->
            <light realLight="0>2|12|2" decoration="0>2|12|0" lightTypes="1"/> <!--back worklight -->
        </high>
        <states>
            <state lightTypes="0" />
            <state lightTypes="0 1 2" />
        </states>
    </lights>

    <brakeLights>
        <brakeLight realLight="1>2|4|1" decoration="1>2|8|0"/>
    </brakeLights>

    <turnLights>
        <turnLightLeft  realLight="0>2|16|0|1" decoration="0>2|16|0|0"/>
        <turnLightLeft  realLight="1>2|9|0|1" decoration="1>2|9|0|0"/>
        <turnLightRight realLight="0>2|16|1|1" decoration="0>2|16|1|0"/>
        <turnLightRight realLight="1>2|9|1|1" decoration="1>2|9|1|0"/>
    </turnLights>

    <beaconLights>
        <beaconLight index="0>2|22|1" speed="0.015" filename="$data/shared/beaconLights/beaconLight03.i3d"/>
        <beaconLight index="0>2|22|2" speed="0.015" filename="$data/shared/beaconLights/beaconLight03.i3d"/>
    </beaconLights>

    <mirrors>
        <mirror index="0>2|17|0" prio="1"/>
        <mirror index="0>2|17|1" prio="1"/>
    </mirrors>

    <enterReferenceNode index="0>"/>
    <exitPoint index="0>2|15"/>

    <attacherJoints>
        <attacherJoint rootNode="1>" index="1>2|2|2|0|0" rotationNode="1>2|2|2" lowerRotation="-15 0 0" upperRotation="40 0 0" rotationNode2="1>2|2|2|0" upperRotationOffset="-3" lowerRotationOffset="-3" lowerDistanceToGround="0.13" upperDistanceToGround="1.16" lowerRotLimit="0 0 20" lowerTransLimit="0 0.5 0" moveTime="2.5" ptoOutputNode="1>2|2|3" >
            <bottomArm rotationNode="1>2|2|0" translationNode="1>2|2|0|0" referenceNode="1>2|2|0|0|0" zScale="-1"/>
            <topArm rotationNode="1>2|2|1|2|0" translationNode="1>2|2|1|2|0|0" referenceNode="1>2|2|1|2|0|0|0" zScale="-1"/>
            <schema position="1 0" rotation="0" invertX="false" />
        </attacherJoint>
        <attacherJoint rootNode="1>" index="1>2|2|0|0|1|0|0" jointType="trailer" allowsJointLimitMovement="false" upperRotationOffset="0" lowerRotLimit="10 50 50" ptoOutputNode="1>2|2|3" >
            <schema position="1 0" rotation="0" invertX="false" />
        </attacherJoint>
        <attacherJoint rootNode="1>" index="1>2|2|0|0|1|0|0" jointType="trailerLow" allowsJointLimitMovement="false" upperRotationOffset="0" lowerRotLimit="10 50 50" ptoOutputNode="1>2|2|3" >
            <schema position="1 0" rotation="0" invertX="false" />
        </attacherJoint>
    </attacherJoints>

    <trailerAttacherJointInfo node="1>2|2|0|0|1|0" upRot="30" lowRot="3.8"/>

    <movingTools>
        <movingTool index="1>2|2|0">
            <dependentPart index="1>2|2|1"/>
        </movingTool>
    </movingTools>

    <movingParts>
        <!-- attacher joint back bottom cylinder 2 -->
        <movingPart index="1>2|2|1" referencePoint="1>2|2|0|0|2" localReferencePoint="1>2|2|1|0" referenceFrame="1>">
            <dependentPart index="1>2|2|1|0"/>
            <dependentPart index="1>2|1"/>
        </movingPart>
        <!-- attacher joint back bottom cylinder 2b -->
        <movingPart index="1>2|2|1|0" referencePoint="1>2|2|0|0|2" referenceFrame="1>2|2|0|0|2">
            <translatingPart index="1>2|2|1|0|0"/>
        </movingPart>
        <movingPart index="1>2|1" referencePoint="1>2|2|1|3" referenceFrame="1>">
            <translatingPart index="1>2|1|0"/>
        </movingPart>
        <!-- left SteeringHydraulic -->
        <movingPart index="0>2|3" referencePoint="1>4|0" referenceFrame="1>4" isActiveDirty="true" playSound="false">
            <translatingPart index="0>2|3|0"/>
        </movingPart>
        <!-- right SteeringHydraulic -->
        <movingPart index="0>2|4" referencePoint="1>4|1" referenceFrame="1>4" isActiveDirty="true" playSound="false">
            <translatingPart index="0>2|4|0"/>
        </movingPart>
        <!-- connector -->
        <movingPart index="1>4" referencePoint="0>4" referenceFrame="0>" isActiveDirty="true" playSound="false" limitedAxis="2"/>
        <!-- shafts -->
        <movingPart index="1>3|0|0|0" referencePoint="1>2|0|4" referenceFrame="1>3|0|0" isActiveDirty="true" playSound="false"/>
        <movingPart index="1>3|0|0|1" referencePoint="0>2|5" referenceFrame="1>3|0|0" isActiveDirty="true" playSound="false"/>
        <movingPart index="1>2|0|3|0|0" referencePoint="1>2|0|4" referenceFrame="1>2|0|3|0" isActiveDirty="true" playSound="false"/>
        <movingPart index="1>3|1|0|0" referencePoint="1>2|0|3|0" referenceFrame="1>3|1|0" isActiveDirty="true" playSound="false"/>
        <movingPart index="1>3|1|0|1" referencePoint="0>2|6" referenceFrame="1>3|1|0" isActiveDirty="true" playSound="false"/>
        <movingPart index="1>2|0|0|0|0" referencePoint="1>2|0|0|1" referenceFrame="1>2|0|0|0" isActiveDirty="true" playSound="false"/>
    </movingParts>

    <animations>
        <animation name="rightDoor">
            <part node="0>2|1" startTime="0" duration="3" startRot="0 0 0" endRot="0 60 0"/>
        </animation>
        <animation name="leftDoor">
            <part node="0>2|2" startTime="0" duration="3" startRot="0 0 0" endRot="0 -60 0"/>
        </animation>
        <animation name="wiper">
            <!-- back wiper -->
            <part node="0>2|13|1" startTime="0" endTime="3" startRot="0 0 0" endRot="0 0 81"/>
            <part node="0>2|13|1" startTime="3" endTime="6" startRot="0 0 81" endRot="0 0 0"/>
            <part node="0>2|13|1|0" startTime="0" endTime="3" startRot="0 8.061 0" endRot="0 0 0"/>
            <part node="0>2|13|1|0" startTime="3" endTime="6" startRot="0 0 0" endRot="0 8.061 0"/>
            <part node="0>2|13|0" startTime="0" endTime="3" startRot="0 0 0" endRot="0 0 81"/>
            <part node="0>2|13|0" startTime="3" endTime="6" startRot="0 0 81" endRot="0 0 0"/>
            <part node="0>2|13|0|0" startTime="0" endTime="3" startRot="0 0 0" endRot="0 8.061 0"/>
            <part node="0>2|13|0|0" startTime="3" endTime="6" startRot="0 8.061 0" endRot="0 0 0"/>
            <!-- front wiper -->
            <part node="0>2|13|3" startTime="0" endTime="3" startRot="0 0 0" endRot="0 0 81"/>
            <part node="0>2|13|3" startTime="3" endTime="6" startRot="0 0 81" endRot="0 0 0"/>
            <part node="0>2|13|2" startTime="0" endTime="3" startRot="0 0 0" endRot="0 0 81"/>
            <part node="0>2|13|2" startTime="3" endTime="6" startRot="0 0 81" endRot="0 0 0"/>
        </animation>
    </animations>

    <ai>
        <trafficCollisionTrigger index="0>3"/>
        <minTurningRadius value="7" />
    </ai>

    <exhaustEffects>
        <exhaustEffect index="0>2|14" filename="$data/particleSystems/shared/exhaust.i3d" minRpmColor="0.0 0.0 0.0 0.01" maxRpmColor="0.0 0.0 0.0 7" minRpmScale="0.05" maxRpmScale="0.5" xzRotationsOffset="0 0" xzRotationsForward="-250 0" xzRotationsBackward="50 0" xzRotationsLeft="0 100" xzRotationsRight="0 -100" />
    </exhaustEffects>

    <exhaustFlap index="0>2|7|0" maxRot="82"/>

    <motorStartDuration>1300</motorStartDuration>
    <motorStartSound file="sound/kirovets_start.wav"                                           pitchOffset="0.85" volume="0.25" indoorVolumeFactor="0.35" indoorLowpassGain="0.95" />
    <motorSound file="sound/kirovets_idle.wav"                                                 pitchOffset="0.85" volume="0.50" indoorVolumeFactor="0.35" indoorLowpassGain="0.95"  pitchMax="1.40" radius="50" innerRadius="20" />
    <motorStopSound file="$data/vehicles/train/locomotive_stop.wav"                            pitchOffset="0.95" volume="1.00" indoorVolumeFactor="0.50" indoorLowpassGain="0.75"/>

    <motorSoundRun file="$data/vehicles/steerable/caseIH/caseIH1455_run.wav"                   pitchOffset="0.60" volume="1.15" indoorVolumeFactor="0.65" indoorLowpassGain="0.95" pitchMax="1.20" />
    <motorSoundLoad file="sound/kirovets_load.wav"                                             pitchOffset="0.90" volume="1.10" indoorVolumeFactor="0.65" indoorLowpassGain="0.95" minimalVolumeFactor="0.00"  pitchMax="1.30"/>
    <gearboxSound file="$data/sounds/transmission/transmissionCVT_X.wav"                       pitchOffset="0.70" volume="0.20" indoorVolumeFactor="0.80" indoorLowpassGain="0.95" pitchMax="1.10" volumeMax="0.45"  reverseVolumeMax="0.35"  />
    <retarderSound file="$data/sounds/transmission/transmissionCVT.wav"                        pitchOffset="0.57" volume="0.18" indoorVolumeFactor="1.00" indoorLowpassGain="0.75" pitchMax="1.65" volumeMax="0.40" minSpeed="12" />

    <attachSound file="$data/sounds/attach.wav"                                                pitchOffset="1.00" volume="0.85" indoorVolumeFactor="0.35" indoorLowpassGain="0.95" />
    <hydraulicSound file="$data/sounds/hydraulicUp.wav"                                        pitchOffset="0.80" volume="0.85" indoorVolumeFactor="0.40" indoorLowpassGain="0.95" />
    <honkSound file="sound/kirovets_horn.wav"                                                  pitchOffset="1.00" volume="1.10" indoorVolumeFactor="1.00" indoorLowpassGain="0.95" radius="70" innerRadius="10" />

    <brakeCompressor capacity="10000" fillSpeed="200" />
    <maximalAirConsumptionPerFullStop value="2000" />
    <brakeCompressorStartSound file="$data/sounds/technicalAccessories/brakeSmall.wav"         pitchOffset="1.20" volume="0.65" indoorVolumeFactor="0.55" indoorLowpassGain="0.90" />
    <brakeCompressorRunSound file="$data/sounds/technicalAccessories/compressor_idle.wav"      pitchOffset="0.68" volume="0.27" indoorVolumeFactor="0.28" indoorLowpassGain="0.95" pitchMax="0.95"   />
    <brakeCompressorStopSound  file="$data/sounds/technicalAccessories/brakeOld.wav"           pitchOffset="0.36" volume="1.10" indoorVolumeFactor="1.00" indoorLowpassGain="0.90" />
    <compressedAirSound file="$data/sounds/technicalAccessories/compressor_stop.wav"           pitchOffset="1.00" volume="0.80" indoorVolumeFactor="0.45" indoorLowpassGain="0.95"/>
    <airReleaseValveSound file="$data/sounds/technicalAccessories/regulator_valve2.wav"        pitchOffset="0.85" volume="1.20" indoorVolumeFactor="0.50" indoorLowpassGain="0.95"/>

    <steering index="0>2|0|0" indoorRotation="300" outdoorRotation="40"/>

    <characterNode index="0>2|8|0" cameraMinDistance="1.5" filename="$dataS2/character/player/player.xml" spineRotation="180 0 100">
        <target ikChain="rightFoot" targetNode="0>2|8|1" setDirty="true"/>
        <target ikChain="leftFoot" targetNode="0>2|8|2" setDirty="true"/>
        <target ikChain="rightArm" targetNode="0>2|0|0|0" setDirty="true"/>
        <target ikChain="leftArm" targetNode="0>2|0|0|1" setDirty="true"/>
    </characterNode>

    <speedRotatingParts>
        <speedRotatingPart index="1>3|0|0"   wheelIndex="0" wheelScale="2" />
        <speedRotatingPart index="1>3|1|0"   wheelIndex="0" wheelScale="2" />
        <speedRotatingPart index="1>2|0|3|0" wheelIndex="0" wheelScale="2" />
        <speedRotatingPart index="1>2|0|0|0" wheelIndex="0" wheelScale="-2" />
        <speedRotatingPart index="1>2|0|0|1" wheelIndex="0" wheelScale="-2" />
    </speedRotatingParts>

    <baseColorConfigurations useDefaultColors="true" price="2000" icon="$dataS2/menu/hud/configurations/config_color.png">
        <baseColorConfiguration color="0.8 0.55 0.055 1.0" />
        <colorNode node="0>2" />
        <colorNode node="0>2|19" />
        <colorNode node="0>2|20" />
    </baseColorConfigurations>

    <rimColorConfigurations useDefaultColors="true" price="500" icon="$dataS2/menu/hud/configurations/config_rimColor.png">
        <rimColorConfiguration color="0.055 0.055 0.055 1.0" />
    </rimColorConfigurations>

    <washable dirtDuration="50" washDuration="1" workMultiplier="4"/>

    <components count="2">
        <component1 centerOfMass="0 1.1 1.5" solverIterationCount="20"/>
        <component2 centerOfMass="0 1.1 0.9" solverIterationCount="20"/>
        <joint component1="0" component2="1" index="0>9" rotLimit="0 0 7" transLimit="0 0 0" rotLimitSpring="0 0 240" rotLimitDamping="0 0 8"/>
    </components>

    <schemaOverlay file="$dataS2/menu/schemas/vehicleSchema.png" fileSelected="$dataS2/menu/schemas/vehicleSchemaSelected.png" width="0.5" height="0.5" attacherJointPosition="0.5 0"/>
</vehicle>
