﻿<?xml version="1.0" encoding="utf-8" standalone="no" ?>
<vehicle type="manureSpreader">
    <annotation>Copyright (C) GIANTS Software GmbH, All Rights Reserved.</annotation>
	
	<!--
	
	MR
	
	mass and center of mass, mrCOMtransWithMass
	pto rpm
	
	remove the "double slash" from "$data/sounds//manureFillSound.wav"
	
	wheel damper spring
	
	brake force
	
	capacity
	
	animation speedScale
	
	chain max speed 125cm/min ? => 4min for full length
	speedLimit - we want about 12T per Ha (15M3). Max chain drive speed = 4min for full unloading => 10.5M3 / 4min => 157.5M3 per Hour. 157.5/15 = 10.5Ha/Hour. speed = 10 * 10.5 / 8 = 13.125kph
	
	by settings a speed limit of 10kph, the time to empty the spreader = 5.25min
	
	
	-->

    <storeData>
        <name>Superfex 800</name>
        <specs>
            <neededPower>64</neededPower>
            <workingWidth>8.0</workingWidth>
        </specs>
        <functions>
            <function>$l10n_function_manureSpreader</function>
        </functions>
        <image>data/store/store_farmtechSuperfex800.png</image>
        <price>11000</price>
        <dailyUpkeep>30</dailyUpkeep>
        <lifetime>600</lifetime>
        <rotation>0</rotation>
        <brand>FARMTECH</brand>
        <category>manureSpreaders</category>
        <vertexBufferMemoryUsage>1149864</vertexBufferMemoryUsage>
        <indexBufferMemoryUsage>174564</indexBufferMemoryUsage>
        <textureMemoryUsage>13456976</textureMemoryUsage>
        <instanceVertexBufferMemoryUsage>0</instanceVertexBufferMemoryUsage>
        <instanceIndexBufferMemoryUsage>0</instanceIndexBufferMemoryUsage>
    </storeData>

    <typeDesc>$l10n_typeDesc_manureSpreader</typeDesc>
    <filename>data/vehicles/trailers/farmtech/farmtechSuperfex800.i3d</filename>

    <size width="2.5" length="7"/>
    <powerConsumer ptoRpm="540" neededPtoPower="15"/>
    <speedLimit value="10" />

    <wheelConfigurations>
        <wheelConfiguration name="$l10n_configuration_valueDefault" price="0">
            <wheels>
                <wheel restLoad="1.0" repr="0>0|0|0" driveNode="0>0|0|0|0" forcePointRatio="0.3" filename="$data/vehicles/wheels/trelleborg/T404_500_45R22_5.xml" isLeft="true"  configIndex="n10v5" initialCompression="-10" suspTravel="0.09" spring="80" damper="1" hasTireTracks="true" hasParticles="true" mrPressureFx="1.2" />
                <wheel restLoad="1.0" repr="0>0|0|1"                       forcePointRatio="0.3" filename="$data/vehicles/wheels/trelleborg/T404_500_45R22_5.xml" isLeft="false" configIndex="n10v5" initialCompression="-10" suspTravel="0.09" spring="80" damper="1" hasTireTracks="true" hasParticles="true" mrPressureFx="1.2" />
            </wheels>
        </wheelConfiguration>
    </wheelConfigurations>

    <axisColor>0.5174 0.0254 0.0231 1</axisColor>

    <brakeForce>2</brakeForce>
    <maximalAirConsumptionPerFullStop value="0.3" />

    <dynamicallyLoadedParts>
        <dynamicallyLoadedPart node="0" linkNode="0>0|0|0|1|0" filename="$data/shared/vehicleParts/wheelChock01.i3d" />
        <dynamicallyLoadedPart node="0" linkNode="0>0|0|0|1|1" filename="$data/shared/vehicleParts/wheelChock01.i3d" />
        <dynamicallyLoadedPart node="0" linkNode="0>0|12|0"    filename="$data/shared/vehicleParts/wheelChock01.i3d" />
        <dynamicallyLoadedPart node="0" linkNode="0>0|12|1"    filename="$data/shared/vehicleParts/wheelChock01.i3d" />
    </dynamicallyLoadedParts>

    <lights>
        <low>
            <light                       decoration="0>0|4|0|0" lightTypes="0 3" />
        </low>
        <high>
            <light realLight="0>0|4|0|1" decoration="0>0|4|0|0" lightTypes="0 3" />
        </high>
    </lights>

    <brakeLights>
        <brakeLight realLight="0>0|4|0|1" decoration="0>0|4|2|0" />
    </brakeLights>

    <turnLights>
        <turnLightLeft realLight="0>0|4|1|0|1" decoration="0>0|4|1|0|0" />
        <turnLightRight realLight="0>0|4|1|1|1" decoration="0>0|4|1|1|0" />
    </turnLights>

    <inputAttacherJoints>
        <inputAttacherJoint index="0>0|1" jointType="trailer" ptoInputNode="0>0|2" attacherHeight="1.06" ptoAboveAttacher="false"/>
    </inputAttacherJoints>

    <workAreas>
        <workArea startIndex="0>0|9|0" widthIndex="0>0|9|1" heightIndex="0>0|9|2" type="sprayer" disableBackwards="false" />
    </workAreas>

    <fillUnits>
        <fillUnit unit="$l10n_unit_literShort" fillTypeCategories="manureSpreader" capacity="10500" />
    </fillUnits>

    <fillVolumes>
        <volumes>
            <volume index="0>0|8|0" scrollSpeedDischarge="0 0 0.03" />
        </volumes>

        <dischargeInfos>
            <dischargeInfo> <!-- back -->
                <node index="0>0|8|1" width="1.4" length="1.0" alsoUseLoadInfoForDischarge="true" loadInfoFillFactor="0.98" loadInfoSizeScale="3 3.5" />
            </dischargeInfo>
        </dischargeInfos>

        <unloadInfos>
            <unloadInfo>
                <node index="0>0|8|2" width="1.4" length="4.0" />
            </unloadInfo>
        </unloadInfos>
    </fillVolumes>

    <fillRootNode index="0>" />
    <exactFillRootNode index="0>0|8|3" />
    <fillMassNode index="0>" mrCOMtransWithMass="0 0.05 -0.02" />

    <sprayer fillUnitIndex="1" unloadInfoIndex="1" loadInfoIndex="1" />

    <fillSound file="$data/sounds/manureFillSound.wav"           pitchOffset="1.00" volume="1.50" indoorVolumeFactor="0.80" />
    <spraySound file="$data/sounds/manureSpreader.wav"            pitchOffset="0.95" volume="1.10" indoorVolumeFactor="0.80" />
    <cylinderedHydraulicSound file="$data/sounds/hydraulicUp.wav" pitchOffset="1.00" volume="1.00" />

    <turnedOnRotationNodes>
        <turnedOnRotationNode index="0>0|6|0" type="manureSpreader" rotAxis="2" rotSpeed="-1200" turnOnFadeTime="1" turnOffFadeTime="2"/>
        <turnedOnRotationNode index="0>0|6|1" type="manureSpreader" rotAxis="2" rotSpeed="-1200" turnOnFadeTime="1" turnOffFadeTime="2"/>
        <turnedOnRotationNode index="0>0|6|2" type="manureSpreader" rotAxis="2" rotSpeed="-1200" turnOnFadeTime="1" turnOffFadeTime="2"/>
        <turnedOnRotationNode index="0>0|6|3" type="manureSpreader" rotAxis="2" rotSpeed="-1200" turnOnFadeTime="1" turnOffFadeTime="2"/>
        <turnedOnRotationNode index="0>0|6|4" type="manureSpreader" rotAxis="1" rotSpeed="-80"   turnOnFadeTime="1" turnOffFadeTime="2"/>
    </turnedOnRotationNodes>

    <manureSpreaderScrollers>
        <scrollerNode index="0>0|7|0" shaderParameterName="offsetUV" scrollSpeed="-0.05" shaderParameterComponent="1" turnOnFadeTime="1" turnOffFadeTime="1"/>
    </manureSpreaderScrollers>

    <sprayUsageScales workingWidth="8.0" scale="1" />

    <sprayParticles>
        <emitterShape node="0>0|11|1" particleType="SPREADER" worldSpace="false"/>
        <emitterShape node="0>0|11|2" particleType="SPREADER_SMOKE" worldSpace="true"/>
    </sprayParticles>

    <sprayerEffects>
        <sprayerEffect>
            <effectNode effectNode="0>0|11|0" delay="0" foldMinLimit="0.3" foldMaxLimit="1.0" materialType="spreader" materialTypeId="1" />
        </sprayerEffect>
    </sprayerEffects>

    <movingTools>
        <movingTool index="0>0|5|0" playSound="true" >
            <dependentPart index="0>0|5|2" />
            <dependentPart index="0>0|5|3" />
        </movingTool>
    </movingTools>

    <movingParts>
        <movingPart index="0>0|5|2" referencePoint="0>0|5|0|0" referenceFrame="0>0|5|4" >
            <translatingPart index="0>0|5|2|0" />
        </movingPart>
        <movingPart index="0>0|5|3" referencePoint="0>0|5|0|1" referenceFrame="0>0|5|4" scaleZ="true" />
    </movingParts>

    <animations>
        <animation name="openBackDoor">
            <part node="0>0|5|0" startTime="0" endTime="1.5" startRot="90 0 0" endRot="0 0 0"/>
            <part node="0>0|5|1" startTime="0" endTime="1.5" startTrans="0 2.85 -2.762" endTrans="0 1.955 -2.762"/>
        </animation>

        <!-- move support wheel down/up -->
        <animation name="moveSupport">
            <part node="0>0|0|0|1" startTime="0" endTime="0.05" visibility="false" />
            <part node="0>0|12" startTime="0" endTime="0.05" visibility="true" />
            <part node="0>0|0|0|1" startTime="0.05" endTime="0.1" visibility="true" />
            <part node="0>0|12" startTime="0.05" endTime="0.1" visibility="false" />
            <part node="0>0|3" startTime="0" duration="0.25" startTrans="0.180 0.644 2.231" endTrans="0.180 0.183 2.231" />
        </animation>
    </animations>

    <foldingParts startAnimTime="1" turnOnFoldDirection="-1" turnOnFoldMinLimit="0" turnOnFoldMaxLimit="0.5">
        <foldingPart animationName="openBackDoor" speedScale="0.5" />
    </foldingParts>

    <support animationName="moveSupport" />

    <ai>
        <needsLowering value="true" />
        <areaMarkers leftIndex="0>0|10|0|0" rightIndex="0>0|10|0|1" backIndex="0>0|10|0|2" />
        <sizeMarkers leftIndex="0>0|10|1|1" rightIndex="0>0|10|1|1" backIndex="0>0|10|1|2" />
        <forceTurnNoBackward value="true" />
        <toolReverserDirectionNode index="0>0|10|1|2" />
    </ai>

    <washable dirtDuration="30" washDuration="1" workMultiplier="4" />

    <tipOcclusionAreas>
        <tipOcclusionArea start="0>1|0" width="0>1|1" height="0>1|2" />
    </tipOcclusionAreas>

    <components count="1">
        <component1 centerOfMass="0 1.1 -0.6" solverIterationCount="10" mrSetMass="2" />
    </components>

    <schemaOverlay file="$dataS2/menu/schemas/implementSchema.png" fileSelected="$dataS2/menu/schemas/implementSchemaSelected.png" fileTurnedOn="$dataS2/menu/schemas/implementSchemaTurnedOn.png" fileSelectedTurnedOn="$dataS2/menu/schemas/implementSchemaSelectedTurnedOn.png" width="0.5" height="0.5" attacherJointPosition="0 0" />

</vehicle>