﻿<?xml version="1.0" encoding="utf-8" standalone="no" ?>
<vehicle type="trailer">
    <annotation>Copyright (C) GIANTS Software GmbH, All Rights Reserved.</annotation>

	<!-- MR MODIFICATIONS -->
	<!-- correct fill capacity 
	
	wheel damper/spring/susptravel/compression/mrPressureFx
	
	brakeforce	
	
	fillMassNode mrCOMtransWithMass
	fillUnit mrFillVolumeCapacity
	
	components centerOfMass
	
	=> lateral deformation of the tyre when cornering - simulated by a very small steeringAxle angle
	steeringAxleScale="0.5" steeringAxleRotMax="1" steeringAxleRotMin="-1"
	<steeringAxleAngleScale startSpeed="100" endSpeed="200" backwards="false" />
	
	-->
	
	<moreRealistic>		
		<dragArea value="4.5" /> <!-- => Width x Height x 0.85 x 0.8 -->
		<trailer unloadingPtoPower="15" />
	</moreRealistic>
	
    <storeData>
        <name>TDK 1600</name>
        <specs>
            <combination>DB 8,HKD 302</combination>
        </specs>
        <functions>
            <function>$l10n_function_tipper</function>
        </functions>
        <image>data/store/store_farmtechTDK1600.png</image>
        <price>19000</price>
        <dailyUpkeep>5</dailyUpkeep>
        <lifetime>600</lifetime>
        <rotation>0</rotation>
        <brand>FARMTECH</brand>
        <category>tippers</category>
        <vertexBufferMemoryUsage>1159812</vertexBufferMemoryUsage>
        <indexBufferMemoryUsage>174636</indexBufferMemoryUsage>
        <textureMemoryUsage>9262760</textureMemoryUsage>
        <instanceVertexBufferMemoryUsage>0</instanceVertexBufferMemoryUsage>
        <instanceIndexBufferMemoryUsage>0</instanceIndexBufferMemoryUsage>
    </storeData>

    <typeDesc>$l10n_typeDesc_tipper</typeDesc>
    <filename>data/vehicles/trailers/farmtech/farmtechTDK1600.i3d</filename>

    <size width="3" length="7" lengthOffset="0.25" />

    <wheelConfigurations>
        <wheelConfiguration name="$l10n_configuration_valueDefault" price="0">
            <wheels>
                <wheel tipOcclusionAreaGroupId="1" restLoad="0.8" repr="0>0|0" driveNode="0>0|0|0" forcePointRatio="0.2" filename="$data/vehicles/wheels/lizard/385_65R22_5.xml" isLeft="true"  initialCompression="10" suspTravel="0.3" spring="45" damper="9" hasTireTracks="true" hasParticles="true" steeringAxleScale="0.5" steeringAxleRotMax="1" steeringAxleRotMin="-1" />
                <wheel tipOcclusionAreaGroupId="2" restLoad="0.8" repr="0>0|1"                     forcePointRatio="0.2" filename="$data/vehicles/wheels/lizard/385_65R22_5.xml" isLeft="false" initialCompression="10" suspTravel="0.3" spring="45" damper="9" hasTireTracks="true" hasParticles="true" steeringAxleScale="0.5" steeringAxleRotMax="1" steeringAxleRotMin="-1" />
                <wheel tipOcclusionAreaGroupId="1" restLoad="1.0" repr="0>0|2"                     forcePointRatio="0.3" filename="$data/vehicles/wheels/lizard/385_65R22_5.xml" isLeft="true"  initialCompression="5" suspTravel="0.3" spring="45" damper="9" hasTireTracks="true" hasParticles="true" />
                <wheel tipOcclusionAreaGroupId="2" restLoad="1.0" repr="0>0|3"                     forcePointRatio="0.3" filename="$data/vehicles/wheels/lizard/385_65R22_5.xml" isLeft="false" initialCompression="5" suspTravel="0.3" spring="45" damper="9" hasTireTracks="true" hasParticles="true" />
            </wheels>
        </wheelConfiguration>
        <wheelConfiguration name="$l10n_configuration_valueWheelBroad" price="400" icon="$dataS2/menu/hud/configurations/config_wheel_broad.png" >
            <wheels>
                <wheel tipOcclusionAreaGroupId="1" restLoad="0.8" repr="0>0|0" driveNode="0>0|0|0" forcePointRatio="0.2" filename="$data/vehicles/wheels/trelleborg/T404_500_45R22_5.xml" isLeft="true"  configIndex="n10v5" initialCompression="10" suspTravel="0.3" spring="45" damper="9" hasTireTracks="true" hasParticles="true" steeringAxleScale="0.5" steeringAxleRotMax="1" steeringAxleRotMin="-1" tireType="offRoad" />
                <wheel tipOcclusionAreaGroupId="2" restLoad="0.8" repr="0>0|1"                     forcePointRatio="0.2" filename="$data/vehicles/wheels/trelleborg/T404_500_45R22_5.xml" isLeft="false" configIndex="n10v5" initialCompression="10" suspTravel="0.3" spring="45" damper="9" hasTireTracks="true" hasParticles="true" steeringAxleScale="0.5" steeringAxleRotMax="1" steeringAxleRotMin="-1" tireType="offRoad" />
                <wheel tipOcclusionAreaGroupId="1" restLoad="1.0" repr="0>0|2"                     forcePointRatio="0.3" filename="$data/vehicles/wheels/trelleborg/T404_500_45R22_5.xml" isLeft="true"  configIndex="n10v5" initialCompression="5" suspTravel="0.3" spring="45" damper="9" hasTireTracks="true" hasParticles="true" tireType="offRoad" />
                <wheel tipOcclusionAreaGroupId="2" restLoad="1.0" repr="0>0|3"                     forcePointRatio="0.3" filename="$data/vehicles/wheels/trelleborg/T404_500_45R22_5.xml" isLeft="false" configIndex="n10v5" initialCompression="5" suspTravel="0.3" spring="45" damper="9" hasTireTracks="true" hasParticles="true" tireType="offRoad" />
            </wheels>
        </wheelConfiguration>
    </wheelConfigurations>

    <axisColor>0.5174 0.0254 0.0231 1</axisColor>

	<steeringAxleAngleScale startSpeed="100" endSpeed="200" backwards="false" />
    <brakeForce>2</brakeForce>
    <maximalAirConsumptionPerFullStop value="0.3" />

    <dynamicallyLoadedParts>
        <dynamicallyLoadedPart node="0" linkNode="0>0|0|1"   filename="$data/shared/vehicleParts/wheelChock01.i3d" />
        <dynamicallyLoadedPart node="0" linkNode="0>0|0|1|0" filename="$data/shared/vehicleParts/wheelChock01.i3d" />
        <dynamicallyLoadedPart node="0" linkNode="0>2|7|0"   filename="$data/shared/vehicleParts/wheelChock01.i3d" />
        <dynamicallyLoadedPart node="0" linkNode="0>2|7|1"   filename="$data/shared/vehicleParts/wheelChock01.i3d" />
    </dynamicallyLoadedParts>

    <lights>
        <low>
            <light                       decoration="0>2|0|0|0" lightTypes="0 3" />
        </low>
        <high>
            <light realLight="0>2|0|0|1" decoration="0>2|0|0|0" lightTypes="0 3" />
        </high>
    </lights>

    <brakeLights>
        <brakeLight realLight="0>2|0|0|1" decoration="0>2|0|1|0" />
    </brakeLights>

    <turnLights>
        <turnLightLeft realLight="0>2|0|2|0|1" decoration="0>2|0|2|0|0" />
        <turnLightRight realLight="0>2|0|2|1|1" decoration="0>2|0|2|1|0" />
    </turnLights>

    <fillUnits>
        <fillUnit unit="$l10n_unit_literShort" fillTypeCategories="bulk" capacity="14000" mrFillVolumeCapacity="13500" />
    </fillUnits>

    <fillVolumes>
        <volumes>
            <volume index="0>2|1|0|0|4|0" maxDelta="0.2" />
        </volumes>

        <unloadInfos>
            <unloadInfo fillVolumeIndex="1" > <!-- back -->
                <node index="0>2|1|0|0|4|1|0|0" width="1.3" length="0.5" minHeight="0.8" priority="2" />
                <node index="0>2|1|0|0|4|1|0|1" width="1.3" length="0.5" minHeight="0.8" priority="2" />
                <node index="0>2|1|0|0|4|1|4|0" width="1.3" length="2.6" />
                <node index="0>2|1|0|0|4|1|4|1" width="1.3" length="2.6" />
            </unloadInfo>
            <unloadInfo fillVolumeIndex="1" > <!-- graindoor -->
                <node index="0>2|1|0|0|4|1|1|0" width="0.5" length="0.3" minHeight="0.8" priority="2" />
                <node index="0>2|1|0|0|4|1|4|0" width="1.0" length="2.6" />
                <node index="0>2|1|0|0|4|1|4|1" width="1.0" length="2.6" />
            </unloadInfo>
            <unloadInfo fillVolumeIndex="1" > <!-- left -->
                <node index="0>2|1|0|0|4|1|2|0" width="0.6" length="2.6" minHeight="0.7" priority="2" />
                <node index="0>2|1|0|0|4|1|2|1" width="0.6" length="2.6" minHeight="0.7" priority="2" />
                <node index="0>2|1|0|0|4|1|3|0" width="1.0" length="2.6" />
                <node index="0>2|1|0|0|4|1|3|1" width="1.0" length="2.6" />
            </unloadInfo>
            <unloadInfo fillVolumeIndex="1" > <!-- right -->
                <node index="0>2|1|0|0|4|1|3|0" width="0.6" length="2.6" minHeight="0.7" priority="2" />
                <node index="0>2|1|0|0|4|1|3|1" width="0.6" length="2.6" minHeight="0.7" priority="2" />
                <node index="0>2|1|0|0|4|1|2|0" width="1.0" length="2.6" />
                <node index="0>2|1|0|0|4|1|2|1" width="1.0" length="2.6" />
            </unloadInfo>
        </unloadInfos>

        <heights>
            <height fillVolumeIndex="1" > <!-- back -->
                <refNode index="0>2|1|0|0|4|1|0|0" />
                <refNode index="0>2|1|0|0|4|1|0|1" />
                <node index="0>2|1|0|0|7|0|0" baseScale="1 1 1" transAxis="0 1 0" transMax="0 0.1 0" />
            </height>
            <height fillVolumeIndex="1" > <!-- graindoor -->
                <refNode index="0>2|1|0|0|4|1|1|0" />
                <!--node index="0>2|1|0|0|7|3|0" baseScale="1 1 1" transAxis="0 1 0" />
                <node index="0>2|1|0|0|7|3|1" baseScale="1 0.1 1" transAxis="0 0 0" scaleAxis="0 1 0" /-->
            </height>
            <height fillVolumeIndex="1" > <!-- left -->
                <refNode index="0>2|1|0|0|4|1|2|0" />
                <refNode index="0>2|1|0|0|4|1|2|1" />
                <node index="0>2|1|0|0|7|2|0" baseScale="1 1 1" transAxis="0 1 0" transMax="0 0.1 0" />
            </height>
            <height fillVolumeIndex="1" > <!-- right -->
                <refNode index="0>2|1|0|0|4|1|3|0" />
                <refNode index="0>2|1|0|0|4|1|3|1" />
                <node index="0>2|1|0|0|7|3|0" baseScale="1 1 1" transAxis="0 1 0" transMax="0 0.1 0" />
            </height>
        </heights>
    </fillVolumes>

    <cylinderedHydraulicSound file="$data/sounds/hydraulicUp.wav"  pitchOffset="0.8" volume="0.6" indoorVolumeFactor="0.75" />
    <fillSound file="$data/maps/sounds/siloFillSound.wav"          pitchOffset="1.0" volume="1.5" indoorVolumeFactor="0.75" />
    <attachSound file="$data/sounds/attach.wav"                    pitchOffset="1.0" volume="1.0" indoorVolumeFactor="0.35" indoorLowpassGain="0.75"/>

    <inputAttacherJoints>
        <inputAttacherJoint index="0>1|0" jointType="trailer" attacherHeight="0.97" lowerRotLimitScale="1 1 1" />
    </inputAttacherJoints>

    <attacherJoints>
        <attacherJoint index="0>1|1" jointType="trailer" lowerRotLimit="20 70 80" upperRotationOffset="0" allowsJointLimitMovement="false" canTurnOnImplement="false" >
            <schema position="0.5 0" rotation="0" invertX="false" />
        </attacherJoint>
    </attacherJoints>

    <tipReferencePoints>
        <tipReferencePoint index="0>2|2|0" width="1.1" />
        <tipReferencePoint index="0>2|2|1" width="0.3" />
        <tipReferencePoint index="0>2|2|2" width="2.5" />
        <tipReferencePoint index="0>2|2|3" width="2.5" />
    </tipReferencePoints>

    <tipAnimations>
        <tipAnimation speedScale="1" closeSpeedScale="-1.5" animationName="tipAnimationBack" dischargeStartTime="1.4" dischargeEndTime="10" name="info_tipSideBack">
            <tipEffect>
                <effectNode effectNode="0>2|1|0|0|7|0|0|0" materialType="unloading" materialTypeId="3" fadeTime="0.5" />
                <effectNode effectNode="0>2|1|0|0|7|0|0|1" materialType="smoke"     materialTypeId="1" fadeTime="0.5" />
            </tipEffect>
            <emitterShape node="0>2|1|0|0|7|0|1|0" />
            <fillVolume>
                <unloadInfo index="1"/>
                <height index="1"/>
            </fillVolume>
        </tipAnimation>

        <tipAnimation speedScale="1" openSpeedScale="1.1" closeSpeedScale="-3" animationName="tipAnimationGrainDoor" dischargeStartTime="0.5" dischargeEndTime="23" name="info_tipSideBackGrainDoor">
            <tipEffect>
                <effectNode effectNode="0>2|1|0|0|7|1|0|0" materialType="unloading" materialTypeId="3" fadeTime="0.5" />
                <effectNode effectNode="0>2|1|0|0|7|1|0|1" materialType="smoke"     materialTypeId="1" fadeTime="0.5" />
            </tipEffect>
            <emitterShape node="0>2|1|0|0|7|1|1|0" />
            <fillVolume>
                <unloadInfo index="2"/>
                <height index="2"/>
            </fillVolume>
        </tipAnimation>

        <tipAnimation speedScale="1" openSpeedScale="0.7" closeSpeedScale="-1.7" animationName="tipAnimationLeft" dischargeStartTime="0.8" dischargeEndTime="10" name="info_tipSideLeft">
            <tipEffect>
                <effectNode effectNode="0>2|1|0|0|7|2|0|0" materialType="unloading" materialTypeId="3" fadeTime="0.5"/>
                <effectNode effectNode="0>2|1|0|0|7|2|0|1" materialType="smoke"     materialTypeId="1" fadeTime="0.5"/>
            </tipEffect>
            <emitterShape node="0>2|1|0|0|7|2|1|0" />
            <fillVolume>
                <unloadInfo index="3"/>
                <height index="3"/>
            </fillVolume>
        </tipAnimation>

        <tipAnimation speedScale="1" openSpeedScale="0.7" closeSpeedScale="-1.7" animationName="tipAnimationRight" dischargeStartTime="0.8" dischargeEndTime="10" name="info_tipSideRight">
            <tipEffect>
                <effectNode effectNode="0>2|1|0|0|7|3|0|0" materialType="unloading" materialTypeId="3" fadeTime="0.5"/>
                <effectNode effectNode="0>2|1|0|0|7|3|0|1" materialType="smoke"     materialTypeId="1" fadeTime="0.5"/>
            </tipEffect>
            <emitterShape node="0>2|1|0|0|7|3|1|0" />
            <fillVolume>
                <unloadInfo index="4"/>
                <height index="4"/>
            </fillVolume>
        </tipAnimation>
    </tipAnimations>

    <fillRootNode index="0>" />
    <exactFillRootNode index="0>2|1|0|0|3" />
    <fillAutoAimTargetNode index="0>2|1|0|0|3|0" startZ="1.8" endZ="-1.8" invert="false" fillUnitIndex="1" startPercentage="25"/>
    <fillMassNode index="0>" mrCOMtransWithMass="0 0.03 0" />
    <supportsFillTriggers value="true" />

    <movingTools>
        <movingTool index="0>2|1" playSound="true" >
            <dependentPart index="0>2|3" />
        </movingTool>
        <movingTool index="0>2|1|0" playSound="true" >
            <dependentPart index="0>2|3" />
        </movingTool>
        <movingTool index="0>2|1|0|0" playSound="true" >
            <dependentPart index="0>2|3" />
        </movingTool>
    </movingTools>

    <movingParts>
        <movingPart index="0>2|3" referencePoint="0>2|1|0|0|6" referenceFrame="0>2|4" lockAxis="3" >
            <dependentPart index="0>2|3|0" />
        </movingPart>
        <movingPart index="0>2|3|0" referencePoint="0>2|1|0|0|6" referenceFrame="0>2|4" lockAxis="1" >
            <translatingPart index="0>2|3|0|0" />
            <translatingPart index="0>2|3|0|0|0" />
            <translatingPart index="0>2|3|0|0|0|0" />
            <translatingPart index="0>2|3|0|0|0|0|0" />
        </movingPart>
    </movingParts>

    <animations>
        <!-- tip animations -->
        <animation name="tipAnimationLeft">
            <part node="0>2|1"           startTime="0.0" endTime="7" startRot="0 0 0" endRot="0 0 -45" />
            <part node="0>2|1|0|0|0|0"   startTime="0.0" endTime="2" startRot="0 0 0" endRot="0 0 20" />
            <part node="0>2|1|0|0|0|0"   startTime="2.0" endTime="7" startRot="0 0 20" endRot="0 0 45" />
            <part node="0>2|1|0|0|7|2|0" startTime="0.3" endTime="7" startRot="0 0 0" endRot="0 0 45" />
            <part node="0>2|1|0|0|7|2|1" startTime="0.3" endTime="7" startRot="0 0 -45" endRot="0 0 0" />
        </animation>
        <animation name="tipAnimationRight">
            <part node="0>2|1|0"         startTime="0.0" endTime="7" startRot="0 0 0" endRot="0 0 45" />
            <part node="0>2|1|0|0|1|0"   startTime="0.0" endTime="2" startRot="0 0 0" endRot="0 0 -20" />
            <part node="0>2|1|0|0|1|0"   startTime="2.0" endTime="7" startRot="0 0 -20" endRot="0 0 -45" />
            <part node="0>2|1|0|0|7|3|0" startTime="0.3" endTime="7" startRot="0 0 0" endRot="0 0 -45" />
            <part node="0>2|1|0|0|7|3|1" startTime="0.3" endTime="7" startRot="0 0 45" endRot="0 0 0" />
        </animation>
        <animation name="tipAnimationBack">
            <part node="0>2|1|0|0"       startTime="0.0" endTime="10" startRot="0 0 0" endRot="-45 0 0" />
            <part node="0>2|1|0|0|2"     startTime="0.0" endTime="2"  startRot="0 0 0" endRot="15 0 0" />
            <part node="0>2|1|0|0|2"     startTime="2"   endTime="10" startRot="15 0 0" endRot="45 0 0" />
            <part node="0>2|1|0|0|7|0|0" startTime="0.3" endTime="10" startRot="0 0 0" endRot="45 0 0" />
            <part node="0>2|1|0|0|7|0|1" startTime="0.3" endTime="10" startRot="-45 0 0" endRot="0 0 0" />
        </animation>
        <animation name="tipAnimationGrainDoor">
            <part node="0>2|1|0|0"       startTime="0.0" endTime="25" startRot="0 0 0" endRot="-45 0 0" />
            <part node="0>2|1|0|0|2|0"   startTime="0.0" endTime="1" startTrans="0 -1.043 0.007" endTrans="0 -0.82 0.007" />
            <part node="0>2|1|0|0|7|1|0" startTime="0.0" endTime="25" startRot="0 0 0" endRot="45 0 0" />
        </animation>

        <!-- move support wheel down/up -->
        <animation name="moveSupport">
            <part node="0>0|0|1" startTime="0.00" endTime="0.05" visibility="false" />
            <part node="0>0|0|1" startTime="0.05" endTime="0.10" visibility="true" />
            <part node="0>2|7"   startTime="0.00" endTime="0.05" visibility="true" />
            <part node="0>2|7"   startTime="0.05" endTime="0.10" visibility="false" />
            <part node="0>2|5"   startTime="0.00" endTime="0.50" startTrans="-0.002 0.660 2.358" endTrans="-0.002 0.393 2.358" />
            <part node="0>2|5|0" startTime="0.00" endTime="0.50" startTrans="0 0.282 0" endTrans="0 0 0" />
            <part node="0>2|6"   startTime="0.00" endTime="0.50" startRot="0 0 0" endRot="0 0 -720" />
        </animation>

        <!-- cover -->
        <animation name="toggleCover">
            <part node="0>2|1|0|0|5" startTime="0"    endTime="0.05" visibility="false" />
            <part node="0>2|1|0|0|5" startTime="0.05" endTime="0.1"  visibility="true" />
        </animation>
    </animations>

    <support animationName="moveSupport" />
    <cover animationName="toggleCover" />

    <washable dirtDuration="90" washDuration="1" workMultiplier="4" />

    <components count="1">
        <component1 centerOfMass="0 1 -0.5" solverIterationCount="10" mrSetMass="3.5" />
    </components>

    <schemaOverlay file="$dataS2/menu/schemas/implementSchema.png" fileSelected="$dataS2/menu/schemas/implementSchemaSelected.png" width="0.5" height="0.5" attacherJointPosition="0 0" />

</vehicle>
