﻿<?xml version="1.0" encoding="utf-8" standalone="no" ?>
<vehicle type="cutter_animated">
    <annotation>Copyright (C) GIANTS Software GmbH, All Rights Reserved.</annotation>

	<!--
		powerConsumer
		speedLimit
		center of mass
	-->
	
    <storeData>
        <name>Diamant HS12</name>
        <specs>
            <workingWidth>9.0</workingWidth>
            <combination>760,9380 Delta</combination>
        </specs>
        <functions>
            <function>$l10n_function_cutter</function>
        </functions>
        <image>data/store/store_capelloDiamantHS12.png</image>
        <price>40000</price>
        <dailyUpkeep>70</dailyUpkeep>
        <lifetime>600</lifetime>
        <rotation>0</rotation>
        <brand>CAPELLO</brand>
        <category>cutters</category>
        <fieldJob sizeCategory="2" typeCategory="cutter" >
            <dependency filename="$data/vehicles/steerable/masseyFerguson/MF9380Delta.xml" />
        </fieldJob>
        <vertexBufferMemoryUsage>2842624</vertexBufferMemoryUsage>
        <indexBufferMemoryUsage>763368</indexBufferMemoryUsage>
        <textureMemoryUsage>12932648</textureMemoryUsage>
        <instanceVertexBufferMemoryUsage>0</instanceVertexBufferMemoryUsage>
        <instanceIndexBufferMemoryUsage>0</instanceIndexBufferMemoryUsage>
    </storeData>

    <typeDesc>$l10n_typeDesc_cutter</typeDesc>
    <filename>data/vehicles/cutters/capello/capelloDiamantHS12.i3d</filename>

    <size width="6.5" length="3.5" />
    <speedLimit value="12" />
    <powerConsumer ptoRpm="540" neededPtoPower="48" areaDependantPtoPower="40" />

    <workAreas>
        <workArea startIndex="0>1|0" widthIndex="0>1|1" heightIndex="0>1|2" type="cutter" />
    </workAreas>

    <turnedOnRotationNodes>
        <turnedOnRotationNode index="0>5|0"       type="cutter" rotSpeed="800"  rotAxis="1" turnOnFadeTime="1" turnOffFadeTime="1" />
        <turnedOnRotationNode index="0>5|2|0|0"   type="cutter" rotSpeed="600"  rotAxis="1" turnOnFadeTime="1" turnOffFadeTime="1" />
        <turnedOnRotationNode index="0>5|2|1|0"   type="cutter" rotSpeed="600"  rotAxis="1" turnOnFadeTime="1" turnOffFadeTime="1" />
        <turnedOnRotationNode index="0>5|2|0|1|0" type="cutter" rotSpeed="400"  rotAxis="3" turnOnFadeTime="1" turnOffFadeTime="1" />
        <turnedOnRotationNode index="0>5|2|1|1|0" type="cutter" rotSpeed="-400" rotAxis="3" turnOnFadeTime="1" turnOffFadeTime="1" />

        <turnedOnRotationNode index="0>5|2|0|4|0" type="cutter" rotSpeed="-1200" rotAxis="3" turnOnFadeTime="1" turnOffFadeTime="1" />
        <turnedOnRotationNode index="0>5|2|0|4|1" type="cutter" rotSpeed="1200" rotAxis="3" turnOnFadeTime="1" turnOffFadeTime="1" />
        <turnedOnRotationNode index="0>5|2|0|4|2" type="cutter" rotSpeed="-1200" rotAxis="3" turnOnFadeTime="1" turnOffFadeTime="1" />
        <turnedOnRotationNode index="0>5|2|0|4|3" type="cutter" rotSpeed="1200" rotAxis="3" turnOnFadeTime="1" turnOffFadeTime="1" />
        <turnedOnRotationNode index="0>5|2|0|4|4" type="cutter" rotSpeed="1200" rotAxis="3" turnOnFadeTime="1" turnOffFadeTime="1" />
        <turnedOnRotationNode index="0>5|2|0|4|5" type="cutter" rotSpeed="1200" rotAxis="3" turnOnFadeTime="1" turnOffFadeTime="1" />

        <turnedOnRotationNode index="0>5|5|0" type="cutter" rotSpeed="-1200" rotAxis="3" turnOnFadeTime="1" turnOffFadeTime="1" />
        <turnedOnRotationNode index="0>5|5|1" type="cutter" rotSpeed="1200" rotAxis="3" turnOnFadeTime="1" turnOffFadeTime="1" />
        <turnedOnRotationNode index="0>5|5|2" type="cutter" rotSpeed="-1200" rotAxis="3" turnOnFadeTime="1" turnOffFadeTime="1" />
        <turnedOnRotationNode index="0>5|5|3" type="cutter" rotSpeed="1200" rotAxis="3" turnOnFadeTime="1" turnOffFadeTime="1" />
        <turnedOnRotationNode index="0>5|5|4" type="cutter" rotSpeed="-1200" rotAxis="3" turnOnFadeTime="1" turnOffFadeTime="1" />
        <turnedOnRotationNode index="0>5|5|5" type="cutter" rotSpeed="1200" rotAxis="3" turnOnFadeTime="1" turnOffFadeTime="1" />
        <turnedOnRotationNode index="0>5|5|6" type="cutter" rotSpeed="-1200" rotAxis="3" turnOnFadeTime="1" turnOffFadeTime="1" />
        <turnedOnRotationNode index="0>5|5|7" type="cutter" rotSpeed="1200" rotAxis="3" turnOnFadeTime="1" turnOffFadeTime="1" />
        <turnedOnRotationNode index="0>5|5|8" type="cutter" rotSpeed="1200" rotAxis="3" turnOnFadeTime="1" turnOffFadeTime="1" />
        <turnedOnRotationNode index="0>5|5|9" type="cutter" rotSpeed="1200" rotAxis="3" turnOnFadeTime="1" turnOffFadeTime="1" />
        <turnedOnRotationNode index="0>5|5|10" type="cutter" rotSpeed="1200" rotAxis="3" turnOnFadeTime="1" turnOffFadeTime="1" />
        <turnedOnRotationNode index="0>5|5|11" type="cutter" rotSpeed="1200" rotAxis="3" turnOnFadeTime="1" turnOffFadeTime="1" />

        <turnedOnRotationNode index="0>5|2|1|4|0" type="cutter" rotSpeed="-1200" rotAxis="3" turnOnFadeTime="1" turnOffFadeTime="1" />
        <turnedOnRotationNode index="0>5|2|1|4|1" type="cutter" rotSpeed="1200" rotAxis="3" turnOnFadeTime="1" turnOffFadeTime="1" />
        <turnedOnRotationNode index="0>5|2|1|4|2" type="cutter" rotSpeed="-1200" rotAxis="3" turnOnFadeTime="1" turnOffFadeTime="1" />
        <turnedOnRotationNode index="0>5|2|1|4|3" type="cutter" rotSpeed="1200" rotAxis="3" turnOnFadeTime="1" turnOffFadeTime="1" />
        <turnedOnRotationNode index="0>5|2|1|4|4" type="cutter" rotSpeed="1200" rotAxis="3" turnOnFadeTime="1" turnOffFadeTime="1" />
        <turnedOnRotationNode index="0>5|2|1|4|5" type="cutter" rotSpeed="1200" rotAxis="3" turnOnFadeTime="1" turnOffFadeTime="1" />

        <turnedOnRotationNode index="0>5|2|0|5|0" type="cutter" rotSpeed="1200" rotAxis="2" turnOnFadeTime="1" turnOffFadeTime="1" />
        <turnedOnRotationNode index="0>5|2|0|5|1" type="cutter" rotSpeed="1200" rotAxis="2" turnOnFadeTime="1" turnOffFadeTime="1" />
        <turnedOnRotationNode index="0>5|2|0|5|2" type="cutter" rotSpeed="1200" rotAxis="2" turnOnFadeTime="1" turnOffFadeTime="1" />

        <turnedOnRotationNode index="0>5|6|0" type="cutter" rotSpeed="1200" rotAxis="2" turnOnFadeTime="1" turnOffFadeTime="1" />
        <turnedOnRotationNode index="0>5|6|1" type="cutter" rotSpeed="1200" rotAxis="2" turnOnFadeTime="1" turnOffFadeTime="1" />
        <turnedOnRotationNode index="0>5|6|2" type="cutter" rotSpeed="1200" rotAxis="2" turnOnFadeTime="1" turnOffFadeTime="1" />
        <turnedOnRotationNode index="0>5|6|3" type="cutter" rotSpeed="1200" rotAxis="2" turnOnFadeTime="1" turnOffFadeTime="1" />
        <turnedOnRotationNode index="0>5|6|4" type="cutter" rotSpeed="1200" rotAxis="2" turnOnFadeTime="1" turnOffFadeTime="1" />
        <turnedOnRotationNode index="0>5|6|5" type="cutter" rotSpeed="1200" rotAxis="2" turnOnFadeTime="1" turnOffFadeTime="1" />

        <turnedOnRotationNode index="0>5|2|1|5|0" type="cutter" rotSpeed="1200" rotAxis="2" turnOnFadeTime="1" turnOffFadeTime="1" />
        <turnedOnRotationNode index="0>5|2|1|5|1" type="cutter" rotSpeed="1200" rotAxis="2" turnOnFadeTime="1" turnOffFadeTime="1" />
        <turnedOnRotationNode index="0>5|2|1|5|2" type="cutter" rotSpeed="1200" rotAxis="2" turnOnFadeTime="1" turnOffFadeTime="1" />
    </turnedOnRotationNodes>

    <inputAttacherJoints>
        <inputAttacherJoint index="0>0" jointType="cutter" upperDistanceToGround="1.6" lowerDistanceToGround="1.2" ptoInputNode="0>4" pto2InputNode="0>9" upperRotationOffset="12" lowerRotationOffset="12" forceSelectionOnAttach="false"/>
    </inputAttacherJoints>

    <movingTools>
        <movingTool index="0>5|2|0" playSound="true">
            <dependentPart index="0>5|2|2" />
        </movingTool>
        <movingTool index="0>5|2|1" playSound="true">
            <dependentPart index="0>5|2|3" />
        </movingTool>
        <movingTool index="0>5|3|0" playSound="true">
            <dependentPart index="0>5|3|1" />
        </movingTool>
        <movingTool index="0>5|4|0" playSound="true">
            <dependentPart index="0>5|4|1" />
        </movingTool>
    </movingTools>

    <movingParts>
        <movingPart index="0>5|2|2" localReferencePoint="0>5|2|2|0" referencePoint="0>5|2|0|2" referenceFrame="0>5|2|6">
            <dependentPart index="0>5|2|2|0" />
            <dependentPart index="0>5|2|4" />
        </movingPart>
        <movingPart index="0>5|2|2|0" referencePoint="0>5|2|0|2" referenceFrame="0>5|2|0|2" />
        <movingPart index="0>5|2|4" referencePoint="0>5|2|2|0" referenceFrame="0>5|2|8">
            <translatingPart index="0>5|2|4|0" />
        </movingPart>

        <movingPart index="0>5|2|3" localReferencePoint="0>5|2|3|0" referencePoint="0>5|2|1|2" referenceFrame="0>5|2|7">
            <dependentPart index="0>5|2|3|0" />
            <dependentPart index="0>5|2|5" />
        </movingPart>
        <movingPart index="0>5|2|3|0" referencePoint="0>5|2|1|2" referenceFrame="0>5|2|1|2" />
        <movingPart index="0>5|2|5" referencePoint="0>5|2|3|0" referenceFrame="0>5|2|8">
            <translatingPart index="0>5|2|5|0" />
        </movingPart>

        <movingPart index="0>5|3|1" referencePoint="0>5|3|0|0" referenceFrame="0>5|3|0|0">
            <translatingPart index="0>5|3|1|0" />
        </movingPart>
        <movingPart index="0>5|4|1" referencePoint="0>5|4|0|0" referenceFrame="0>5|4|0|0">
            <translatingPart index="0>5|4|1|0" />
        </movingPart>
    </movingParts>

    <foldingParts startMoveDirection="1" turnOnFoldMaxLimit="0.1" turnOnFoldMinLimit="0" turnOffOnFold="true" >
        <foldingPart animationName="folding" speedScale="1" />
    </foldingParts>

    <animations>
        <animation name="folding">
            <part node="0>5|3|0" startTime="0" endTime="1" startRot="0 0 0" endRot="0 0 50"/>
            <part node="0>5|4|0" startTime="0" endTime="1" startRot="0 0 0" endRot="0 0 -50"/>
            <part node="0>5|2|0" startTime="1" endTime="8" startRot="0 0 0" endRot="0 0 180"/>
            <part node="0>5|2|1" startTime="1" endTime="8" startRot="0 0 0" endRot="0 0 -180"/>
        </animation>

        <!-- move support wheel down/up -->
        <animation name="moveSupport">
            <part node="0>5|1|0" startTime="0" endTime="0.8" startTrans="0 0.092 0" endTrans="0 0 0" />
        </animation>
    </animations>

    <support animationName="moveSupport" />

    <ai>
        <areaMarkers leftIndex="0>2|0" rightIndex="0>2|1" backIndex="0>2|2" />
        <sizeMarkers leftIndex="0>3|0" rightIndex="0>3|1" backIndex="0>3|2" />
        <trafficCollisionTrigger index="0>6" />
    </ai>
    <dynamicMount forceLimitScale="1" />

    <cylinderedHydraulicSound file="$data/sounds/cultivatorHydraulic.wav"  pitchOffset="1.00" volume="1.00" indoorVolumeFactor="0.75" />

    <cutter fruitTypeCategories="maizeHeader">
        <turnedOnScrollers>
            <turnedOnScroller index="0>5|7"     scrollSpeed="-6" scrollLength="1" shaderParameterName="offsetUV" shaderParameterComponent="1" toggleVisibility="false" turnOnFadeTime="2" turnOffFadeTime="2"/>
            <turnedOnScroller index="0>5|2|0|6" scrollSpeed="-6" scrollLength="1" shaderParameterName="offsetUV" shaderParameterComponent="1" toggleVisibility="false" turnOnFadeTime="2" turnOffFadeTime="2"/>
            <turnedOnScroller index="0>5|2|1|6" scrollSpeed="-6" scrollLength="1" shaderParameterName="offsetUV" shaderParameterComponent="1" toggleVisibility="false" turnOnFadeTime="2" turnOffFadeTime="2"/>
        </turnedOnScrollers>
        <testAreas>
            <testArea startIndex="0>7|0" widthIndex="0>7|0|0" heightIndex="0>7|0|1" />
            <testArea startIndex="0>7|1" widthIndex="0>7|1|0" heightIndex="0>7|1|1" />
            <testArea startIndex="0>7|2" widthIndex="0>7|2|0" heightIndex="0>7|2|1" />
            <testArea startIndex="0>7|3" widthIndex="0>7|3|0" heightIndex="0>7|3|1" />
            <testArea startIndex="0>7|4" widthIndex="0>7|4|0" heightIndex="0>7|4|1" />
            <testArea startIndex="0>7|5" widthIndex="0>7|5|0" heightIndex="0>7|5|1" />
            <testArea startIndex="0>7|6" widthIndex="0>7|6|0" heightIndex="0>7|6|1" />
            <testArea startIndex="0>7|7" widthIndex="0>7|7|0" heightIndex="0>7|7|1" />
            <testArea startIndex="0>7|8" widthIndex="0>7|8|0" heightIndex="0>7|8|1" />
            <testArea startIndex="0>7|9" widthIndex="0>7|9|0" heightIndex="0>7|9|1" />
            <testArea startIndex="0>7|10" widthIndex="0>7|10|0" heightIndex="0>7|10|1" />
            <testArea startIndex="0>7|11" widthIndex="0>7|11|0" heightIndex="0>7|11|1" />
        </testAreas>
        <effect>
            <effectNode linkNode="0>8|0" speedScale="0.0018" inverted="true" lengthAndRadius="1 3.8 1 3" effectType="CENTER" changeSpeedScale="0.01" />
            <effectNode linkNode="0>8|1" speedScale="0.0012" inverted="true" lengthAndRadius="1 1 1 1"   effectType="LEFT"  useInterpolation="true" minOffset="5" />
            <effectNode linkNode="0>8|2" speedScale="0.0012" inverted="true" lengthAndRadius="1 1 1 1"   effectType="RIGHT" useInterpolation="true" minOffset="5" useMaxValue="true"/>
        </effect>
        <particleSystems>
            <emitterShape node="0>8|3" particleType="CUTTER_CHOPPER" />
        </particleSystems>
        <threshingParticleSystems>
            <threshingParticleSystem node="0>" file="$data/particleSystems/shared/threshingCutterParticles.i3d" />
        </threshingParticleSystems>
    </cutter>

    <baseColorConfigurations useDefaultColors="true" price="700" icon="$dataS2/menu/hud/configurations/config_color.png">
        <baseColorConfiguration color="0.584 0.012 0.026 1.0" />
        <colorNode node="0>5" />
    </baseColorConfigurations>

    <washable dirtDuration="300" washDuration="1" workMultiplier="2" />

    <components count="1">
        <component1 solverIterationCount="10" centerOfMass="0 0.4 -0.5" />
    </components>

    <schemaOverlay file="$dataS2/menu/schemas/implementSchema.png" fileSelected="$dataS2/menu/schemas/implementSchemaSelected.png" width="0.5" height="0.5" attacherJointPosition="0 0"/>

</vehicle>
