﻿<?xml version="1.0" encoding="utf-8" standalone="no" ?>
<vehicle type="cutter_animated">
    <annotation>Copyright (C) GIANTS Software GmbH, All Rights Reserved.</annotation>
	
	<!--
	
	remove neededPower from store data
	powerConsumer
	inputAttacherJoint
	center of mass
	
	-->

    <storeData>
        <name>Helianthus 12000</name>
        <specs>            
            <workingWidth>12.0</workingWidth>
            <combination>7130,760,9230...</combination>
        </specs>
        <functions>
            <function>$l10n_function_cutter</function>
        </functions>
        <image>data/store/store_capelloHelianthus12000.png</image>
        <price>54000</price>
        <dailyUpkeep>110</dailyUpkeep>
        <lifetime>600</lifetime>
        <rotation>0</rotation>
        <brand>CAPELLO</brand>
        <category>cutters</category>
        <fieldJob sizeCategory="3" typeCategory="cutter" >
            <dependency filename="$data/vehicles/steerable/newHolland/newHollandCR1090.xml" />
        </fieldJob>
        <vertexBufferMemoryUsage>909840</vertexBufferMemoryUsage>
        <indexBufferMemoryUsage>135504</indexBufferMemoryUsage>
        <textureMemoryUsage>10136648</textureMemoryUsage>
        <instanceVertexBufferMemoryUsage>0</instanceVertexBufferMemoryUsage>
        <instanceIndexBufferMemoryUsage>0</instanceIndexBufferMemoryUsage>
    </storeData>

    <typeDesc>$l10n_typeDesc_cutter</typeDesc>
    <filename>data/vehicles/cutters/capello/capelloHelianthus12000.i3d</filename>

    <size width="12.7" length="3" />
    <speedLimit value="15" />
    <powerConsumer ptoRpm="540" neededPtoPower="18" areaDependantPtoPower="10" />

    <turnedOnRotationNodes>
        <turnedOnRotationNode index="0>0|2"     type="cutter" rotSpeed="900"  rotAxis="1" turnOnFadeTime="1" turnOffFadeTime="1" />
        <turnedOnRotationNode index="0>0|3|0"   type="cutter" rotSpeed="400"  rotAxis="1" turnOnFadeTime="1" turnOffFadeTime="1" />
    </turnedOnRotationNodes>

    <workAreas>
        <workArea startIndex="0>0|4|0" widthIndex="0>0|4|1" heightIndex="0>0|4|2" type="cutter" />
    </workAreas>

    <inputAttacherJoints>
        <inputAttacherJoint index="0>0|0" jointType="cutter" ptoInputNode="0>0|1" lowerDistanceToGround="1.55" upperDistanceToGround="3" upperRotationOffset="0" lowerRotationOffset="0"/>
    </inputAttacherJoints>

    <movingTools>
        <movingTool index="0>0|3" playSound="true" >
            <controls axis="AXIS_CUTTER_REEL2" invertAxis="false" mouseSpeedFactor="0.3" iconFilename="$dataS2/menu/moveControls/reel_trans2.png" />
            <rotation rotSpeed="20" rotAcceleration="50" rotMax="0" rotMin="-16" />
        </movingTool>
    </movingTools>

    <ai>
        <areaMarkers leftIndex="0>0|5|0" rightIndex="0>0|5|1" backIndex="0>0|5|2" />
        <trafficCollisionTrigger index="0>0|5|3" />
    </ai>

    <dynamicMount forceLimit="0.04" />

    <cylinderedHydraulicSound file="$data/sounds/cultivatorHydraulic.wav"  pitchOffset="1.00" volume="1.00" indoorVolumeFactor="0.75" />

    <cutter fruitTypes="sunflower">
        <testAreas>
            <testArea startIndex="0>0|6|1|0" widthIndex="0>0|6|1|0|0" heightIndex="0>0|6|1|0|1" />
            <testArea startIndex="0>0|6|1|1" widthIndex="0>0|6|1|1|0" heightIndex="0>0|6|1|1|1" />
            <testArea startIndex="0>0|6|1|2" widthIndex="0>0|6|1|2|0" heightIndex="0>0|6|1|2|1" />
            <testArea startIndex="0>0|6|1|3" widthIndex="0>0|6|1|3|0" heightIndex="0>0|6|1|3|1" />
            <testArea startIndex="0>0|6|1|4" widthIndex="0>0|6|1|4|0" heightIndex="0>0|6|1|4|1" />
            <testArea startIndex="0>0|6|1|5" widthIndex="0>0|6|1|5|0" heightIndex="0>0|6|1|5|1" />
            <testArea startIndex="0>0|6|1|6" widthIndex="0>0|6|1|6|0" heightIndex="0>0|6|1|6|1" />
            <testArea startIndex="0>0|6|1|7" widthIndex="0>0|6|1|7|0" heightIndex="0>0|6|1|7|1" />
            <testArea startIndex="0>0|6|1|8" widthIndex="0>0|6|1|8|0" heightIndex="0>0|6|1|8|1" />
            <testArea startIndex="0>0|6|1|9" widthIndex="0>0|6|1|9|0" heightIndex="0>0|6|1|9|1" />
        </testAreas>
        <effect>
            <effectNode linkNode="0>0|6|0|0" speedScale="0.00180" inverted="true" lengthAndRadius="1 3.0 0.85 2.6" effectType="CENTER" changeSpeedScale="0.01" />
            <effectNode linkNode="0>0|6|0|1" speedScale="0.00120" inverted="true" lengthAndRadius="5 1 1 1"   effectType="LEFT"  useInterpolation="true" minOffset="7" />
            <effectNode linkNode="0>0|6|0|2" speedScale="0.00120" inverted="true" lengthAndRadius="5 1 1 1"   effectType="RIGHT" useInterpolation="true" minOffset="7" useMaxValue="true"/>
        </effect>
        <particleSystems>
            <emitterShape node="0>0|6|0|3" particleType="CUTTER_CHOPPER" />
        </particleSystems>
        <threshingParticleSystems>
            <threshingParticleSystem node="0>" file="$data/particleSystems/shared/threshingCutterParticles.i3d" />
        </threshingParticleSystems>
    </cutter>

    <washable dirtDuration="60" washDuration="1" workMultiplier="10" />

    <components count="1">
        <component1 centerOfMass="0 0.5 -0.3" />
    </components>

    <schemaOverlay file="$dataS2/menu/schemas/implementSchema.png" fileSelected="$dataS2/menu/schemas/implementSchemaSelected.png" width="0.5" height="0.5" attacherJointPosition="0 0"/>

</vehicle>
