<?xml version="1.0" encoding="utf-8" standalone="no" ?>
<!--
------------------------------------------------------------------------------------------------
--- HELP MENU
----------------------------------------------------------------------------------------------------
--- Purpose:  Setup of the help menu contents
--- Authors:  Rahkiin
---
--- Copyright (c) Realismus Modding, 2017
------------------------------------------------------------------------------------------------- 
--->


<helpLines>
    <helpLineCategory title="mr_helpCategory">
        <!-- Intro -->
        <helpLine title="mr_helpTitle_01">
            <item type="text" value="mr_helpText_01_01" />
            <item type="text" value="mr_helpText_01_02" />
            <item type="text" value="mr_helpText_01_03" />
			<item type="text" value="mr_helpText_01_04" />			
            <item type="image" value="img_01_01" />
			<item type="text" value="mr_helpText_01_05" />		
        </helpLine>

        <!-- Vehicles 1 -->
        <helpLine title="mr_helpTitle_02">
            <item type="text" value="mr_helpText_02_01" />
            <item type="text" value="mr_helpText_02_02" />
            <item type="text" value="mr_helpText_02_03" />
			<item type="text" value="mr_helpText_02_04" />
        </helpLine>

        <!-- Vehicles (2) -->
        <helpLine title="mr_helpTitle_03">
            <item type="text" value="mr_helpText_03_01" />
            <item type="text" value="mr_helpText_03_02" />
            <item type="text" value="mr_helpText_03_03" />
			<item type="text" value="mr_helpText_03_04" />
        </helpLine>

        <!-- Implements -->
        <helpLine title="mr_helpTitle_04">
            <item type="text" value="mr_helpText_04_01" />
            <item type="text" value="mr_helpText_04_02" />
            <item type="text" value="mr_helpText_04_03" />
			<item type="text" value="mr_helpText_04_04" />
        </helpLine>
		
		<!-- Power requirement  -->
        <helpLine title="mr_helpTitle_16">
            <item type="text" value="mr_helpText_16_01" />			
            <item type="text" value="mr_helpText_16_02" />
            <item type="text" value="mr_helpText_16_03" />
			<item type="text" value="mr_helpText_16_04" />
			<item type="text" value="mr_helpText_16_05" />						
        </helpLine>

        <!-- Seeding -->
        <helpLine title="mr_helpTitle_05">
            <item type="text" value="mr_helpText_05_01" />
            <item type="text" value="mr_helpText_05_02" />
			<item type="text" value="mr_helpText_05_03" />
			<item type="image" value="img_05_01" heightScale="1" />
			<item type="text" value="mr_helpText_05_04" />
        </helpLine>

        <!-- Fertilising -->
        <helpLine title="mr_helpTitle_06">
            <item type="text" value="mr_helpText_06_01" />
            <item type="text" value="mr_helpText_06_02" />
			<item type="text" value="mr_helpText_06_03" />
			<item type="image" value="img_06_01" heightScale="1" />
        </helpLine>

        <!-- Harvesting -->
        <helpLine title="mr_helpTitle_07">
            <item type="text" value="mr_helpText_07_01" />
            <item type="text" value="mr_helpText_07_02" />
			<item type="image" value="img_07_01" heightScale="1" />
			<item type="text" value="mr_helpText_07_03" />
        </helpLine>

        <!-- Baling -->
        <helpLine title="mr_helpTitle_08">
            <item type="text" value="mr_helpText_08_01" />
            <item type="text" value="mr_helpText_08_02" />
			<item type="image" value="img_08_01" heightScale="1" />
        </helpLine>

        <!-- Object handling -->
        <helpLine title="mr_helpTitle_09">
            <item type="text" value="mr_helpText_09_01" />
            <item type="text" value="mr_helpText_09_02" />
			<item type="image" value="img_09_01" heightScale="1" />
        </helpLine>

        <!-- Forestry -->
        <helpLine title="mr_helpTitle_10">
            <item type="text" value="mr_helpText_10_01" />
            <item type="text" value="mr_helpText_10_02" />
			<item type="image" value="img_10_01" heightScale="1" />
        </helpLine>

        <!-- Ground wetness -->
        <helpLine title="mr_helpTitle_11">
            <item type="text" value="mr_helpText_11_01" />
            <item type="text" value="mr_helpText_11_02" />
			<item type="image" value="img_11_01" heightScale="1" />
			<item type="text" value="mr_helpText_11_03" />
        </helpLine>

        <!-- Density, volume, mass -->
        <helpLine title="mr_helpTitle_12">
            <item type="text" value="mr_helpText_12_01" />
            <item type="text" value="mr_helpText_12_02" />
            <item type="text" value="mr_helpText_12_03" />
			<item type="text" value="mr_helpText_12_04" />
        </helpLine>

        <!-- Field jobs -->
        <helpLine title="mr_helpTitle_13">
            <item type="text" value="mr_helpText_13_01" />
			<item type="text" value="mr_helpText_13_02" />
        </helpLine>

        <!-- Pricing board -->
        <helpLine title="mr_helpTitle_14">
            <item type="text" value="mr_helpText_14_01" />
			<item type="image" value="img_14_01" heightScale="2" />
        </helpLine>

        <!-- Display -->
        <helpLine title="mr_helpTitle_15">
            <item type="text" value="mr_helpText_15_01" />
			<item type="image" value="img_15_01" heightScale="0.25" />
            <item type="text" value="mr_helpText_15_02" />
            <item type="text" value="mr_helpText_15_03" />
			<item type="text" value="mr_helpText_15_04" />
			<item type="text" value="mr_helpText_15_05" />
			<item type="text" value="mr_helpText_15_06" />			
        </helpLine>
		
		
    </helpLineCategory>
</helpLines>
