﻿<?xml version="1.0" encoding="utf-8" standalone="no" ?>
<vehicle type="sowingMachine">
    <annotation>Copyright (C) GIANTS Software GmbH, All Rights Reserved.</annotation>
	
	<!-- MR
	
		great plains YP2425A-48TR (twin rows seeder)
		2x  82 Bushels Seed Hoppers (2x 2890L = 5780L)
		
		power requirement = 410-440Hp (operator manual)
		
		hydraulics power = 40-45 gallons per minute => 150-170L/min => 50KW net power => 60KW required
		
		weight = 10.7T (base configuration ,empty)
		17.6T (max configuration, full)
		
		IRL = minimum 60s to fold/unfold (to avoid damage)
		
		seed rate limit => max speed = 10kph for wheat @150kg/ha
	
		inputAttacherJoint
		
		powerConsumer
		
		wheels
		
		components
		
		brakeforce = no brakes IRL
		fillLitersPerSecond
		
		seedFruitTypes
		
		
		
		<mrDebug>		
		<drawPoint centerOfMass="0>" />
		<drawPoint centerOfMass="1>" />		
		<drawPoint centerOfMass="2>" />	
		<drawPoint centerOfMass="3>" />	
		<drawPoint node="0>" translation="0 0.1 -3" />	
	</mrDebug>
	
	-->
	
	
	
	<moreRealistic>		
		<dragArea value="11" />		
	</moreRealistic>

    <storeData>
        <name>YP-2425A-48TR</name>
        <specs>
            <neededPower>350</neededPower>
            <workingWidth>18.2</workingWidth>            
        </specs>
        <functions>
            <function>$l10n_function_sowingMachine</function>
        </functions>
        <image>store_greatPlainsYP2425A.png</image>
        <price>142000</price>
        <dailyUpkeep>400</dailyUpkeep>
        <lifetime>600</lifetime>
        <rotation>0</rotation>
        <brand>GREATPLAINS</brand>
        <category>sowingMachines</category>
        <fieldJob sizeCategory="3" typeCategory="sowingMachine" />
        <vertexBufferMemoryUsage>6225160</vertexBufferMemoryUsage>
        <indexBufferMemoryUsage>1315746</indexBufferMemoryUsage>
        <textureMemoryUsage>39311488</textureMemoryUsage>
        <instanceVertexBufferMemoryUsage>0</instanceVertexBufferMemoryUsage>
        <instanceIndexBufferMemoryUsage>0</instanceIndexBufferMemoryUsage>
    </storeData>

    <typeDesc>$l10n_typeDesc_sowingMachine</typeDesc>
    <filename>vehicles/tools/greatPlains/greatPlainsYP2425A.i3d</filename>

    <size width="6" length="16.5" lengthOffset="1.4" />
    <powerConsumer ptoRpm="540" neededPtoPower="60" forceNode="0>" forceNodeCOM="0 0.1 -3" maxForce="35" />
    <speedLimit value="11" />

    <wheelConfigurations>
        <wheelConfiguration name="$l10n_configuration_valueDefault" price="0">
            <wheels>
                <!-- back wheels -->
                <wheel restLoad="2.1" repr="0>0|1|1|1|1|0" driveNode="0>0|1|1|1|1|0|0" filename="$data/vehicles/wheels/trelleborg/T404_400_55R22_5.xml" isLeft="true" forcePointRatio="0.3" initialCompression="25" suspTravel="0.15" spring="60" damper="5" hasTireTracks="true" hasParticles="true"  steeringAxleScale="-1" steeringAxleRotMax="50" steeringAxleRotMin="-50" brakeFactor="0">
                    <additionalWheel filename="$data/vehicles/wheels/trelleborg/T404_400_55R22_5.xml" isLeft="false" offset="-0.66" hasTireTracks="true" hasParticles="true"/>
                </wheel>
                <wheel restLoad="2.1" repr="0>0|1|1|1|3|0" driveNode="0>0|1|1|1|3|0|0" filename="$data/vehicles/wheels/trelleborg/T404_400_55R22_5.xml" isLeft="false" forcePointRatio="0.3" initialCompression="25" suspTravel="0.15" spring="60" damper="5" hasTireTracks="true" hasParticles="true"  steeringAxleScale="-1" steeringAxleRotMax="50" steeringAxleRotMin="-50" brakeFactor="0">
                    <additionalWheel filename="$data/vehicles/wheels/trelleborg/T404_400_55R22_5.xml" isLeft="true" offset="-0.66" hasTireTracks="true" hasParticles="true"/>
                </wheel>

                <!-- front wheels -->
                <wheel restLoad="5.5" repr="0>0|1|6|0" filename="$data/vehicles/wheels/trelleborg/T404_400_55R22_5.xml" isLeft="true"  forcePointRatio="0.3" initialCompression="25" suspTravel="0.15" spring="60" damper="5" hasTireTracks="true" hasParticles="true">
                    <additionalWheel filename="$data/vehicles/wheels/trelleborg/T404_400_55R22_5.xml" isLeft="false" offset="-0.634" hasTireTracks="true" hasParticles="true"/>
                </wheel>
                <wheel restLoad="5.5" repr="0>0|1|6|3" filename="$data/vehicles/wheels/trelleborg/T404_400_55R22_5.xml" isLeft="false" forcePointRatio="0.3" initialCompression="25" suspTravel="0.15" spring="60" damper="5" hasTireTracks="true" hasParticles="true" >
                    <additionalWheel filename="$data/vehicles/wheels/trelleborg/T404_400_55R22_5.xml" isLeft="true" offset="-0.634" hasTireTracks="true" hasParticles="true"/>
                </wheel>

                <wheel restLoad="1.7" repr="2>0|0|0|0" driveNode="2>0|0|0|0|0" filename="$data/vehicles/wheels/trelleborg/T404_400_55R22_5.xml" isLeft="true" useReprDirection="true" forcePointRatio="0.3" versatileYRot="true" initialCompression="30" suspTravel="0.15" spring="20" damper="5" frictionScale="0.1" brakeFactor="0" hasTireTracks="true" hasParticles="true"/>
                <wheel restLoad="1.7" repr="3>0|0|0|0" driveNode="3>0|0|0|0|0" filename="$data/vehicles/wheels/trelleborg/T404_400_55R22_5.xml" isLeft="true"  useReprDirection="true" forcePointRatio="0.3" versatileYRot="true" initialCompression="30" suspTravel="0.15" spring="20" damper="5" frictionScale="0.1" brakeFactor="0" hasTireTracks="true" hasParticles="true"/>

            </wheels>
        </wheelConfiguration>
    </wheelConfigurations>

    <dynamicallyLoadedWheels>
        <dynamicallyLoadedWheel linkNode="0>0|1|2|0|3|0|0|2" filename="$data/vehicles/wheels/trelleborg/T510_4_00R8.xml" isLeft="true" />
        <dynamicallyLoadedWheel linkNode="0>0|1|4|0|3|0|0|2" filename="$data/vehicles/wheels/trelleborg/T510_4_00R8.xml" isLeft="true" />
    </dynamicallyLoadedWheels>

    <rimColor>0.8913 0.4368 0.0278 1</rimColor>
    <axisColor>0.0000 0.2310 0.0316 1</axisColor>

    <brakeForce>0</brakeForce>

    <lights>
        <low>
            <light                       decoration="0>0|6|0|0" lightTypes="0 1 2 3"/> <!-- backLights -->
        </low>
        <high>
            <light realLight="0>0|6|0|1" decoration="0>0|6|0|0" lightTypes="0 1 2 3" /> <!-- backLights -->
        </high>
    </lights>

    <turnLights>
        <turnLightLeft  realLight="0>0|6|1|0|1" decoration="0>0|6|1|0|0" />
        <turnLightRight realLight="0>0|6|1|1|1" decoration="0>0|6|1|1|0" />
    </turnLights>

    <brakeLights>
        <brakeLight realLight="0>0|6|0|1" decoration="0>0|6|2|0" />
    </brakeLights>

    <!--<seedFruitTypes>wheat barley rape soybean oilseedRadish maize sunflower sugarBeet</seedFruitTypes>-->
	<seedFruitTypeCategories>sowingMachine planter</seedFruitTypeCategories>
    <fillLitersPerSecond>150</fillLitersPerSecond>

    <fillUnits>
        <fillUnit unit="$l10n_unit_literShort" fillTypes="seeds" capacity="5780" />
    </fillUnits>

    <sowingMachine fillUnitIndex="1" />

    <workAreas>
        <workArea startIndex="0>0|3|0" widthIndex="0>0|3|1" heightIndex="0>0|3|2" refNodeIndex="0" type="sowingMachine" />

        <workArea startIndex="0>0|1|2|0|3|0|0|1|0|0" widthIndex="0>0|1|2|0|3|0|0|1|0|1" heightIndex="0>0|1|2|0|3|0|0|1|0|2" startIndexTest="0>0|1|2|0|3|0|0|1|1|0" widthIndexTest="0>0|1|2|0|3|0|0|1|1|1" heightIndexTest="0>0|1|2|0|3|0|0|1|1|2" animName="leftArm" refNodeIndex="0" type="ridgemarker" needsSetIsTurnedOn="false"/>
        <workArea startIndex="0>0|1|4|0|3|0|0|1|0|0" widthIndex="0>0|1|4|0|3|0|0|1|0|1" heightIndex="0>0|1|4|0|3|0|0|1|0|2" startIndexTest="0>0|1|4|0|3|0|0|1|1|0" widthIndexTest="0>0|1|4|0|3|0|0|1|1|1" heightIndexTest="0>0|1|4|0|3|0|0|1|1|2" animName="rightArm" refNodeIndex="0" type="ridgemarker" needsSetIsTurnedOn="false"/>
    </workAreas>

    <groundReferenceNodes>
        <groundReferenceNode index="0>0|1|9|0|4" threshold="0.1" depthNode="0>0|1|9|0|4"/>
        <groundReferenceNode index="0>0|1|2|0|4|0|4" threshold="0.1" depthNode="0>0|1|2|0|4|0|4"/>
        <groundReferenceNode index="0>0|1|4|0|4|0|4" threshold="0.1" depthNode="0>0|1|4|0|4|0|4"/>
        <groundReferenceNode index="0>0|1|2|0|3|0|0|2" threshold="0.3" depthNode="0>0|1|2|0|3|0|0|3|1"/>
        <groundReferenceNode index="0>0|1|4|0|3|0|0|2" threshold="0.3" depthNode="0>0|1|4|0|3|0|0|3|1"/>
    </groundReferenceNodes>

    <groundParticleAnimations>
        <groundParticleAnimation>
            <node index="0>0|1|2|0|6|0|0"   refNodeIndex="0" materialType="SOIL" maxDepth="-0.01" />
            <node index="0>0|1|4|0|6|0|0"   refNodeIndex="0" materialType="SOIL" maxDepth="-0.01" />
            <node index="0>0|5|0|0"         refNodeIndex="0" materialType="SOIL" maxDepth="-0.01" />

            <node index="0>0|1|2|0|3|0|0|3|0|0" refNodeIndex="3" materialType="SOIL" maxDepth="-0.01" />
            <node index="0>0|1|4|0|3|0|0|3|0|0" refNodeIndex="4" materialType="SOIL" maxDepth="-0.01" />
        </groundParticleAnimation>

        <groundParticle>
            <node index="0>0|1|2|0|6|0|1" refNodeIndex="0" particleType="SOIL"  />
            <node index="0>0|1|2|0|6|0|2" refNodeIndex="0" particleType="SOIL_SMOKE"  />
            <node index="0>0|1|2|0|6|0|3" refNodeIndex="0" particleType="SOIL_CHUNKS" worldSpace="false" />

            <node index="0>0|1|4|0|6|0|1" refNodeIndex="0" particleType="SOIL"  />
            <node index="0>0|1|4|0|6|0|2" refNodeIndex="0" particleType="SOIL_SMOKE"  />
            <node index="0>0|1|4|0|6|0|3" refNodeIndex="0" particleType="SOIL_CHUNKS" worldSpace="false" />

            <node index="0>0|5|0|1" refNodeIndex="0" particleType="SOIL"  />
            <node index="0>0|5|0|2" refNodeIndex="0" particleType="SOIL_SMOKE"  />
            <node index="0>0|5|0|3" refNodeIndex="0" particleType="SOIL_CHUNKS" worldSpace="false" />
        </groundParticle>
    </groundParticleAnimations>

    <fillVolumes>
        <volumes>
            <volume index="0>0|2|0" maxDelta="0.0" />
        </volumes>
        <unloadInfos>
            <unloadInfo>
                <node index="0>0|2|1" width="0.2" length="0.2" />
            </unloadInfo>
        </unloadInfos>
        <loadInfos>
            <loadInfo>
                <node index="0>0|2|2" width="0.3" length="0.3" />
            </loadInfo>
        </loadInfos>
    </fillVolumes>

    <fillRootNode index="0>" />
    <exactFillRootNode index="0>0|2|3" />
    <fillMassNode index="0>" />

    <needsActivation value="true" />

    <cylinderedHydraulicSound file="$data/sounds/cultivatorHydraulic.wav"  pitchOffset="1.0" volume="1.0" indoorVolumeFactor="0.75" />
    <sowingSound file="$data/sounds/sowingSound.wav"                       pitchOffset="1.0" volume="1.0" indoorVolumeFactor="0.45"/>
    <airBlowerSound file="$data/sounds/airBlowerLoop.wav"                  pitchOffset="1.0" volume="1.2" indoorVolumeFactor="0.45"/>
    <fillSound file="$data/maps/sounds/siloFillSound.wav"                  pitchOffset="1.0" volume="1.0" indoorVolumeFactor="0.45" volume3D="1.0" innerRadius="10" radius="40" linkNode="0>0"/>

    <inputAttacherJoints>
        <inputAttacherJoint index="1>0|0" rootNode="1>" jointType="trailerLow" lowerRotLimitScale="1 0.85 1" attacherHeight="0.55" />
    </inputAttacherJoints>

    <speedRotatingParts>
        <speedRotatingPart index="0>0|1|2|0|3|0|0|2" radius="0.212" refNodeIndex="3"/>
        <speedRotatingPart index="0>0|1|4|0|3|0|0|2" radius="0.212" refNodeIndex="4"/>

        <speedRotatingPart index="0>0|1|2|0|3|0|0|0|0" radius="0.18" refNodeIndex="3"/>
        <speedRotatingPart index="0>0|1|4|0|3|0|0|0|0" radius="0.18" refNodeIndex="4"/>

        <!-- front discs -->
        <speedRotatingPart shaderNode="0>0|1|2|0|4|0|1|0" radius="0.15" refNodeIndex="0" />
        <speedRotatingPart shaderNode="0>0|1|2|0|4|0|1|1" radius="0.15" refNodeIndex="0" />

        <speedRotatingPart shaderNode="0>0|1|2|0|5|0|1|0" radius="0.15" refNodeIndex="0" />
        <speedRotatingPart shaderNode="0>0|1|2|0|5|0|1|1" radius="0.15" refNodeIndex="0" />

        <speedRotatingPart shaderNode="0>0|1|9|0|1|0" radius="0.15" refNodeIndex="0" />
        <speedRotatingPart shaderNode="0>0|1|9|0|1|1" radius="0.15" refNodeIndex="0" />

        <speedRotatingPart shaderNode="0>0|1|8|0|1|0" radius="0.15" refNodeIndex="0" />
        <speedRotatingPart shaderNode="0>0|1|8|0|1|1" radius="0.15" refNodeIndex="0" />

        <speedRotatingPart shaderNode="0>0|1|4|0|4|0|1|0" radius="0.15" refNodeIndex="0" />
        <speedRotatingPart shaderNode="0>0|1|4|0|4|0|1|1" radius="0.15" refNodeIndex="0" />

        <speedRotatingPart shaderNode="0>0|1|4|0|5|0|1|0" radius="0.15" refNodeIndex="0" />
        <speedRotatingPart shaderNode="0>0|1|4|0|5|0|1|1" radius="0.15" refNodeIndex="0" />

        <speedRotatingPart shaderNode="0>0|1|2|0|4|0|1" radius="-0.15" refNodeIndex="0" useRotation="false" scrollScale="0 4"/>
        <speedRotatingPart shaderNode="0>0|1|2|0|5|0|1" radius="-0.15" refNodeIndex="0" useRotation="false" scrollScale="0 4"/>

        <speedRotatingPart shaderNode="0>0|1|8|0|1" radius="-0.15" refNodeIndex="0" useRotation="false" scrollScale="0 4"/>
        <speedRotatingPart shaderNode="0>0|1|9|0|1" radius="-0.15" refNodeIndex="0" useRotation="false" scrollScale="0 4"/>

        <speedRotatingPart shaderNode="0>0|1|4|0|4|0|1" radius="-0.15" refNodeIndex="0" useRotation="false" scrollScale="0 4"/>
        <speedRotatingPart shaderNode="0>0|1|4|0|5|0|1" radius="-0.15" refNodeIndex="0" useRotation="false" scrollScale="0 4"/>

        <!-- middle rolls -->
        <speedRotatingPart shaderNode="0>0|1|2|0|4|0|2|0" radius="0.23" refNodeIndex="0" />
        <speedRotatingPart shaderNode="0>0|1|2|0|5|0|2|0" radius="0.23" refNodeIndex="0" />

        <speedRotatingPart shaderNode="0>0|1|9|0|2|0" radius="0.23" refNodeIndex="0" />
        <speedRotatingPart shaderNode="0>0|1|8|0|2|0" radius="0.23" refNodeIndex="0" />

        <speedRotatingPart shaderNode="0>0|1|4|0|4|0|2|0" radius="0.23" refNodeIndex="0" />
        <speedRotatingPart shaderNode="0>0|1|4|0|5|0|2|0" radius="0.23" refNodeIndex="0" />

        <speedRotatingPart shaderNode="0>0|1|2|0|4|0|2" radius="-0.23" refNodeIndex="0" useRotation="false" scrollScale="0 4"/>
        <speedRotatingPart shaderNode="0>0|1|2|0|5|0|2" radius="-0.23" refNodeIndex="0" useRotation="false" scrollScale="0 4"/>

        <speedRotatingPart shaderNode="0>0|1|8|0|2" radius="-0.23" refNodeIndex="0" useRotation="false" scrollScale="0 4"/>
        <speedRotatingPart shaderNode="0>0|1|9|0|2" radius="-0.23" refNodeIndex="0" useRotation="false" scrollScale="0 4"/>

        <speedRotatingPart shaderNode="0>0|1|4|0|4|0|2" radius="-0.23" refNodeIndex="0" useRotation="false" scrollScale="0 4"/>
        <speedRotatingPart shaderNode="0>0|1|4|0|5|0|2" radius="-0.23" refNodeIndex="0" useRotation="false" scrollScale="0 4"/>

        <!-- back discs -->
        <speedRotatingPart shaderNode="0>0|1|2|0|4|0|3" radius="0.15" refNodeIndex="0" />
        <speedRotatingPart shaderNode="0>0|1|2|0|5|0|3" radius="0.15" refNodeIndex="0" />

        <speedRotatingPart shaderNode="0>0|1|8|0|3" radius="0.15" refNodeIndex="0" />
        <speedRotatingPart shaderNode="0>0|1|9|0|3" radius="0.15" refNodeIndex="0" />

        <speedRotatingPart shaderNode="0>0|1|4|0|5|0|3" radius="0.15" refNodeIndex="0" />
        <speedRotatingPart shaderNode="0>0|1|4|0|4|0|3" radius="0.15" refNodeIndex="0" />
    </speedRotatingParts>

    <foldingParts startMoveDirection="1" foldMiddleAnimTime="0.0833" turnOnFoldMaxLimit="0.0833" turnOnFoldMinLimit="0" turnOffOnFold="true"  >
        <foldingPart animationName="folding" speedScale="0.5" />
    </foldingParts>

    <movingTools>
        <!-- drawbar -->
        <movingTool index="1>0" playSound="true">
            <inputAttacherJoint value="true" />
        </movingTool>

        <!-- left arm 1 -->
        <movingTool index="0>0|1|2" playSound="true">
            <dependentPart index="0>0|1|3" />
            <componentJoint index="1" />
        </movingTool>

        <!-- right arm 1 -->
        <movingTool index="0>0|1|4" playSound="true">
            <dependentPart index="0>0|1|5" />
            <componentJoint index="2" />
        </movingTool>

        <movingTool index="2>0" wheelIndices="5"/>
        <movingTool index="3>0" wheelIndices="6"/>

        <!-- front axis -->
        <movingTool index="0>0|1|6" wheelIndices="1 2 3 4" playSound="true">
            <dependentPart index="0>0|1|7" />
        </movingTool>

        <!-- left x rot axis -->
        <movingTool index="0>0|1|2|0|1|0" wheelIndices="5">
            <dependentPart index="0>0|1|2|0|1|0|0" />
            <dependentPart index="0>0|1|2|0|1|0|0|0" />
            <dependentPart index="0>0|1|2|0|1|1" />
            <dependentPart index="2>0|0" />
            <dependentPart index="2>0|0|0" />
        </movingTool>

        <!-- right x rot axis -->
        <movingTool index="0>0|1|4|0|1|0" wheelIndices="6">
            <dependentPart index="0>0|1|4|0|1|0|0" />
            <dependentPart index="0>0|1|4|0|1|0|0|0" />
            <dependentPart index="0>0|1|4|0|1|1" />
            <dependentPart index="3>0|0" />
            <dependentPart index="3>0|0|0" />
        </movingTool>

        <!-- left y rot axis -->
        <movingTool index="0>0|1|2|0|1">
            <dependentPart index="0>0|1|2|0|2" />
        </movingTool>

        <!-- right y rot axis -->
        <movingTool index="0>0|1|4|0|1">
            <dependentPart index="0>0|1|4|0|2" />
        </movingTool>

        <!-- ridge marker left -->
        <movingTool index="0>0|1|2|0|3" wheelIndices="1 2 3 4 5 6" playSound="true"> <!-- update wheels from ridge marker to update it after folding animation to prevent bug with not updated moving part 0>0|1|7 -->
            <dependentPart index="0>0|1|2|0|3|0|1" />
            <dependentPart index="0>0|1|2|0|3|0|0|4|0" />
            <dependentPart index="0>0|1|2|0|3|1|0" />
            <dependentPart index="0>0|1|2|0|3|1|0|0" />
        </movingTool>
        <movingTool index="0>0|1|2|0|3|0" playSound="true">
            <dependentPart index="0>0|1|2|0|3|0|1" />
            <dependentPart index="0>0|1|2|0|3|0|0|4|0" />
            <dependentPart index="0>0|1|2|0|3|1|0" />
            <dependentPart index="0>0|1|2|0|3|1|0|0" />
        </movingTool>

        <!-- ridge marker right -->
        <movingTool index="0>0|1|4|0|3" playSound="true">
            <dependentPart index="0>0|1|4|0|3|0|1" />
            <dependentPart index="0>0|1|4|0|3|0|1" />
            <dependentPart index="0>0|1|4|0|3|0|0|4|0" />
            <dependentPart index="0>0|1|4|0|3|1|0" />
            <dependentPart index="0>0|1|4|0|3|1|0|0" />
        </movingTool>
        <movingTool index="0>0|1|4|0|3|0" playSound="true">
            <dependentPart index="0>0|1|4|0|3|0|1" />
            <dependentPart index="0>0|1|4|0|3|0|0|4|0" />
            <dependentPart index="0>0|1|4|0|3|1|0" />
            <dependentPart index="0>0|1|4|0|3|1|0|0" />
        </movingTool>

        <!-- drawbar lock -->
        <movingTool index="0>0|1|0|0|2" playSound="true">
            <dependentPart index="0>0|1|0|0|3" />
        </movingTool>
    </movingTools>

    <movingParts isActiveDirtyTimeOffset="1">
        <!-- drawbar -->
        <movingPart index="0>0|1|0" referencePoint="1>0|1" referenceFrame="0>" isActiveDirty="true" limitedAxis="1">
            <translatingPart index="0>0|1|0|0" />
        </movingPart>

        <!-- left dirty arms -->
        <movingPart index="0>0|1|2|0" referencePoint="2>1" referenceFrame="0>0|1|2|3" isActiveDirty="true"/>
        <movingPart index="0>0|1|2|1" referencePoint="0>0|1|2|0|7" referenceFrame="0>0|1|2|0|7" isActiveDirty="true">
            <translatingPart index="0>0|1|2|1|0" />
        </movingPart>
        <movingPart index="0>0|1|2|0|0" referencePoint="0>0|1|0|0|4" referenceFrame="0>0|1|0|0|4" isActiveDirty="true" scaleZ="true"/>

       <!-- right dirty arms -->
        <movingPart index="0>0|1|4|0" referencePoint="3>1" referenceFrame="0>0|1|4|3" isActiveDirty="true"/>
        <movingPart index="0>0|1|4|1" referencePoint="0>0|1|4|0|7" referenceFrame="0>0|1|4|0|7" isActiveDirty="true">
            <translatingPart index="0>0|1|4|1|0" />
        </movingPart>
        <movingPart index="0>0|1|4|0|0" referencePoint="0>0|1|0|0|5" referenceFrame="0>0|1|0|0|5" isActiveDirty="true" scaleZ="true"/>

        <!-- left arm 1 -->
        <movingPart index="0>0|1|3" referencePoint="0>0|1|2|4" referenceFrame="0>0|1|2|4" >
            <translatingPart index="0>0|1|3|0" />
        </movingPart>

        <!-- right arm 1 -->
        <movingPart index="0>0|1|5" referencePoint="0>0|1|4|4" referenceFrame="0>0|1|4|4" >
            <translatingPart index="0>0|1|5|0" />
        </movingPart>

        <!-- front axis -->
        <movingPart index="0>0|1|7" referencePoint="0>0|1|6|4" referenceFrame="0>0|1|6|4" >
            <translatingPart index="0>0|1|7|0" />
            <dependentPart index="0>0|1|1" />
            <dependentPart index="0>0|1|1|0" />
            <dependentPart index="0>0|1|1|1" />
            <dependentPart index="0>0|1|1|1|0" />
        </movingPart>
        <movingPart index="0>0|1|1" localReferencePoint="0>0|1|1|0" referencePoint="0>0|1|6|5" referenceFrame="0>0|1|13" />
        <movingPart index="0>0|1|1|0" referencePoint="0>0|1|6|5" referenceFrame="0>0|1|6|5" />
        <movingPart index="0>0|1|1|1" localReferencePoint="0>0|1|1|1|0" referencePoint="0>0|1|12" referenceFrame="0>0|1|1|2" />
        <movingPart index="0>0|1|1|1|0" referencePoint="0>0|1|12" referenceFrame="0>0|1|12" />

        <!-- back axis -->
        <movingPart index="0>0|1|1|1|2" referencePoint="0>0|1|1|1|1|1|0" referenceFrame="0>0|1|1|1|1|1|0" isActiveDirty="true">
            <translatingPart index="0>0|1|1|1|2|0" />
        </movingPart>
        <movingPart index="0>0|1|1|1|4" referencePoint="0>0|1|1|1|3|1|0" referenceFrame="0>0|1|1|1|3|1|0" isActiveDirty="true">
            <translatingPart index="0>0|1|1|1|4|0" />
        </movingPart>
        <movingPart index="0>0|1|1|1|1|1" referenceFrame="0>0|1|1|1|1|0" doDirectionAlignment="false" moveToReferenceFrame="false" doRotationAlignment="true" rotMultiplier="1" isActiveDirty="true"/>
        <movingPart index="0>0|1|1|1|3|1" referenceFrame="0>0|1|1|1|3|0" doDirectionAlignment="false" moveToReferenceFrame="false" doRotationAlignment="true" rotMultiplier="1" isActiveDirty="true"/>

        <!-- left x rot axis -->
        <movingPart index="0>0|1|2|0|1|1" referencePoint="0>0|1|2|0|1|0|0|2" referenceFrame="0>0|1|2|0|1|0|0|2">
            <translatingPart index="0>0|1|2|0|1|1|0" />
        </movingPart>
        <movingPart index="0>0|1|2|0|1|0|0" referenceFrame="0>0|1|2|0|1|0" doDirectionAlignment="false" moveToReferenceFrame="false" doRotationAlignment="true" rotMultiplier="-1" />
        <movingPart index="0>0|1|2|0|1|0|0|0" referenceFrame="0>0|1|2|0|1|0" doDirectionAlignment="false" moveToReferenceFrame="false" doRotationAlignment="true" rotMultiplier="1" />
        <movingPart index="2>0|0" referenceFrame="0>0|1|2|0|1|0" doDirectionAlignment="false" moveToReferenceFrame="false" doRotationAlignment="true" rotMultiplier="1" />
        <movingPart index="2>0|0|0" referenceFrame="0>0|1|2|0|1|0" doDirectionAlignment="false" moveToReferenceFrame="false" doRotationAlignment="true" rotMultiplier="-1" />
        <movingPart index="0>0|1|2|0|1|0|0|1" referenceFrame="2>0|0|0|0" doDirectionAlignment="false" moveToReferenceFrame="false" doRotationAlignment="true" rotMultiplier="1" isActiveDirty="true"/>

        <!-- right x rot axis -->
        <movingPart index="0>0|1|4|0|1|1" referencePoint="0>0|1|4|0|1|0|0|2" referenceFrame="0>0|1|4|0|1|0|0|2">
            <translatingPart index="0>0|1|4|0|1|1|0" />
        </movingPart>
        <movingPart index="0>0|1|4|0|1|0|0" referenceFrame="0>0|1|4|0|1|0" doDirectionAlignment="false" moveToReferenceFrame="false" doRotationAlignment="true" rotMultiplier="-1" />
        <movingPart index="0>0|1|4|0|1|0|0|0" referenceFrame="0>0|1|4|0|1|0" doDirectionAlignment="false" moveToReferenceFrame="false" doRotationAlignment="true" rotMultiplier="1" />
        <movingPart index="3>0|0" referenceFrame="0>0|1|4|0|1|0" doDirectionAlignment="false" moveToReferenceFrame="false" doRotationAlignment="true" rotMultiplier="1" />
        <movingPart index="3>0|0|0" referenceFrame="0>0|1|4|0|1|0" doDirectionAlignment="false" moveToReferenceFrame="false" doRotationAlignment="true" rotMultiplier="-1" />
        <movingPart index="0>0|1|4|0|1|0|0|1" referenceFrame="3>0|0|0|0" doDirectionAlignment="false" moveToReferenceFrame="false" doRotationAlignment="true" rotMultiplier="1" isActiveDirty="true"/>

        <!-- left y rot axis -->
        <movingPart index="0>0|1|2|0|2" referencePoint="0>0|1|2|0|1|2" referenceFrame="0>0|1|2|0|1|2">
            <translatingPart index="0>0|1|2|0|2|0" />
        </movingPart>

        <!-- right y rot axis -->
        <movingPart index="0>0|1|4|0|2" referencePoint="0>0|1|4|0|1|2" referenceFrame="0>0|1|4|0|1|2">
            <translatingPart index="0>0|1|4|0|2|0" />
        </movingPart>

        <!-- ridge marker left -->
        <movingPart index="0>0|1|2|0|3|0|1" referencePoint="0>0|1|2|0|8" referenceFrame="0>0|1|2|0|8">
            <translatingPart index="0>0|1|2|0|3|0|1|0" />
        </movingPart>
        <movingPart index="0>0|1|2|0|3|0|0|4|0" referencePoint="0>0|1|2|0|3|1|0|1" referenceFrame="0>0|1|2|0|3|0|0|5" limitedAxis="1" minRot="-90" maxRot="90" />
        <movingPart index="0>0|1|2|0|3|1|0" referencePoint="0>0|1|2|0|3|0|0|4|0|0" referenceFrame="0>0|1|2|0|3|1" limitedAxis="1" minRot="0" maxRot="90" />
        <movingPart index="0>0|1|2|0|3|1|0|0" referencePoint="0>0|1|2|0|3|0|0|4|0|0" referenceFrame="0>0|1|2|0|3|0|0|4|0|0" scaleZ="true"/>

        <!-- ridge marker right -->
        <movingPart index="0>0|1|4|0|3|0|1" referencePoint="0>0|1|4|0|8" referenceFrame="0>0|1|4|0|8">
            <translatingPart index="0>0|1|4|0|3|0|1|0" />
        </movingPart>
        <movingPart index="0>0|1|4|0|3|0|0|4|0" referencePoint="0>0|1|4|0|3|1|0|1" referenceFrame="0>0|1|4|0|3|0|0|5" limitedAxis="1" minRot="-90" maxRot="90" />
        <movingPart index="0>0|1|4|0|3|1|0" referencePoint="0>0|1|4|0|3|0|0|4|0|0" referenceFrame="0>0|1|4|0|3|1" limitedAxis="1" minRot="0" maxRot="90" />
        <movingPart index="0>0|1|4|0|3|1|0|0" referencePoint="0>0|1|4|0|3|0|0|4|0|0" referenceFrame="0>0|1|4|0|3|0|0|4|0|0" scaleZ="true"/>

        <!-- drawbar lock -->
        <movingPart index="0>0|1|0|0|3" referencePoint="0>0|1|0|0|2|0" referenceFrame="0>0|1|0|0|2|0" >
            <translatingPart index="0>0|1|0|0|3|0" />
        </movingPart>
    </movingParts>

    <animations>
        <animation name="folding">
            <!-- chains -->
            <part node="0>0|1|2|0|9" startTime="0" endTime="0.3" startTrans="2.165 -1.13 2.601" endTrans="1.939 -1.217 2.601" />
            <part node="0>0|1|4|0|9" startTime="0" endTime="0.3" startTrans="-2.165 -1.13 2.601" endTrans="-1.939 -1.217 2.601" />
            <part node="0>0|1|16" startTime="0" endTime="0.3" startTrans="0 0.062 -4.35" endTrans="0 -0.024 -4.124" />

            <!-- outher wheels -->
            <part node="0>0|1|2|0|1|0" startTime="0" endTime="1"      startRot="-57 0 0" endRot="0 0 0" />
            <part node="0>0|1|4|0|1|0" startTime="0" endTime="1"      startRot="-57 0 0" endRot="0 0 0" />

            <!-- inner wheels -->
            <part node="0>0|1|6" startTime="0" endTime="1"      startRot="12 0 0" endRot="60 0 0" />
            <part node="0>0|1|6|6" startTime="0" endTime="1"      startRot="-12 0 0" endRot="-60 0 0" />

            <!-- lock -->
            <part node="0>0|1|0|0|2" startTime="1" endTime="1.5"      startRot="0 0 0" endRot="25 0 0" />

            <!-- arm2 -->
            <part node="0>0|1|2" startTime="1.5" endTime="10"      startRot="0 0 0" endRot="0 -89 0" />
            <part node="0>0|1|4" startTime="1.5" endTime="10"      startRot="0 0 0" endRot="0 89 0" />

            <part node="0>0|1|2" startTime="10.66" endTime="11.33"      startRot="0 -89 0" endRot="0 -90 0" />
            <part node="0>0|1|4" startTime="10.66" endTime="11.33"      startRot="0 89 0" endRot="0 90 0" />

            <part node="0>0|1|2|0|1|0" startTime="8" endTime="10.66"      startRot="0 0 0" endRot="-57 0 0" />
            <part node="0>0|1|4|0|1|0" startTime="8" endTime="10.66"      startRot="0 0 0" endRot="-57 0 0" />

            <part node="0>0|1|2|0|1|0" startTime="11.33" endTime="12"      startRot="-57 0 0" endRot="-20 0 0" />
            <part node="0>0|1|4|0|1|0" startTime="11.33" endTime="12"      startRot="-57 0 0" endRot="-20 0 0" />

            <!-- outer wheels rot y -->
            <part node="0>0|1|2|0|1" startTime="1.5" endTime="10"      startRot="0 -90 0" endRot="0 25 0" />
            <part node="2>0" startTime="1.5" endTime="10"      startRot="0 0 0" endRot="0 115 0" />
            <part node="0>0|1|4|0|1" startTime="1.5" endTime="10"      startRot="0 90 0" endRot="0 -25 0" />
            <part node="3>0" startTime="1.5" endTime="10"      startRot="0 0 0" endRot="0 -115 0" />

            <!-- drawbar -->
            <part node="1>0" startTime="1.5" endTime="10" startTrans="0 0 0" endTrans="0 0 4.166" />
        </animation>

        <animation name="moveSupport">
            <part node="0>0|1|0|0|1" startTime="0" endTime="0.5" startRot="90 0 0" endRot="0 0 0" />
            <part node="1>0|2"       startTime="0" endTime="0.1" startTrans="0 -0.5 3.549" endTrans="0 -1.010 3.549" />
        </animation>

        <animation name="toggleCover">
            <part node="0>0|1|11" startTime="0.0" endTime="3.097"  startRot="0.0 0.0 176.0" endRot="0.0 0.0 0.0" />
            <part node="0>0|1|11|0" startTime="0.0" endTime="4.0"  startRot="0.0 0.0 -45.0" endRot="0.0 0.0 0.0" />
            <part node="0>0|1|11|0|0" startTime="0.0" endTime="2.087"  startRot="0.0 0.0 42.85" endRot="0.0 0.0 19.796" />
            <part node="0>0|1|11|0|0" startTime="2.087" endTime="2.783"  startRot="0.0 0.0 19.796" endRot="0.0 0.0 12.004" />
            <part node="0>0|1|11|0|0" startTime="2.783" endTime="3.478"  startRot="0.0 0.0 12.004" endRot="0.0 0.0 5.044" />
            <part node="0>0|1|11|0|0" startTime="3.478" endTime="4.0"  startRot="0.0 0.0 5.044" endRot="0.0 0.0 0.0" />
        </animation>

        <animation name="leftArm">
            <part node="0>0|1|2|0|3" startTime="0.0" endTime="2.0"  startRot="90.0 -180.0 -90.0" endRot="90.0 -90.0 -90.0" />
            <part node="0>0|1|2|0|3|0" startTime="2.0" endTime="4.0"  startRot="0.0 0.0 90.0" endRot="0.0 0.0 -8.5" />
            <part node="0>0|1|2|0|3|0|0" startTime="2.0" endTime="4.0"  startRot="0.0 0.0 -175.0" endRot="0.0 0.0 0.0" />
        </animation>

        <animation name="rightArm">
            <part node="0>0|1|4|0|3" startTime="0.0" endTime="2.0"  startRot="90.0 180.0 90.0" endRot="90.0 90.0 90.0" />
            <part node="0>0|1|4|0|3|0" startTime="2.0" endTime="4.0"  startRot="0.0 0.0 -90.0" endRot="0.0 0.0 8.5" />
            <part node="0>0|1|4|0|3|0|0" startTime="2.0" endTime="4.0"  startRot="0.0 0.0 175.0" endRot="0.0 -0.0 -0.0" />
        </animation>
    </animations>

    <ridgeMarkers foldMaxLimit="0.0833" >
        <ridgeMarker animName="leftArm" />
        <ridgeMarker animName="rightArm" />
    </ridgeMarkers>

    <cover animationName="toggleCover" />
    <support animationName="moveSupport" />

    <ai>
        <needsLowering value="true" />
        <areaMarkers leftIndex="0>0|4|0|0" rightIndex="0>0|4|0|1" backIndex="0>0|4|0|2" />
        <sizeMarkers leftIndex="0>0|4|1|0" rightIndex="0>0|4|1|1" backIndex="0>0|4|1|2" />
        <trafficCollisionTrigger index="0>0|4|2" />
        <forceTurnNoBackward value="true" />
        <toolReverserDirectionNode index="0>0|4|1|2" />
        <turningRadiusLimitation radius="8" />
    </ai>

    <washable dirtDuration="60" washDuration="1" workMultiplier="20" />

    <components count="4">
        <component1 centerOfMass="0 1 -3"   solverIterationCount="20" mrSetMass="6" /> <!-- main -->
        <component2 centerOfMass="0 0 0"    solverIterationCount="10" mrSetMass="0.5" /> <!-- drawbar -->
        <component3 centerOfMass="0 -0.2 0" solverIterationCount="10" mrSetMass="2.5" /> <!-- left wing -->
        <component4 centerOfMass="0 -0.2 0" solverIterationCount="10" mrSetMass="2.5" /> <!-- right wing -->

        <joint component1="0" component2="1" index="0>0|0"     rotLimit="25 0 0" transLimit="0 0 0" breakable="false"/>
        <joint component1="0" component2="2" index="0>0|1|2|2" rotLimit="10 0 0" transLimit="0 0 0" breakable="false"/>
        <joint component1="0" component2="3" index="0>0|1|4|2" rotLimit="10 0 0" transLimit="0 0 0" breakable="false"/>

       <collisionPair component1="1" component2="2" enabled="false" />
       <collisionPair component1="1" component2="3" enabled="false" />
       <collisionPair component1="2" component2="3" enabled="false" />
    </components>

    <schemaOverlay file="$dataS2/menu/schemas/implementSchema.png" fileSelected="$dataS2/menu/schemas/implementSchemaSelected.png" fileTurnedOn="$dataS2/menu/schemas/implementSchemaTurnedOn.png" fileSelectedTurnedOn="$dataS2/menu/schemas/implementSchemaSelectedTurnedOn.png" width="0.5" height="0.5" attacherJointPosition="0 0"/>

</vehicle>