﻿<?xml version="1.0" encoding="utf-8" standalone="no" ?>
<vehicle type="subsoiler">
    <annotation>Copyright (C) GIANTS Software GmbH, All Rights Reserved.</annotation>
	
	<!-- MR
	
		working depth : 18 - 26cm
		2950kgs without seeder
		working speed : 4-8kph
	
		brakeforce = 0
		workingWidth
		speedLimit
		
		inputAttacherJoint
		
		mass and center of mass
		
		powerConsumer
		
		capacity
		
		mrCOMtransWithMass
		
		fix bug - cultivator area "cultivating" the "sowing area" = far more seeds usage than a normal seeder 
		easy check = play the vanilla game without mod, platinum DLC activated. Buy the fox11, put it on a field and turn it on, lower it. Press escape key and go to the data panel to see how much hectare you have seeded/fertilized => enjoy ! figures keep raising for cultivated and sowing
		
		dailyUpkeep
		
		<mrDebug>			
			<drawPoint centerOfMass="0>" />	
			<drawPoint1 node="0>8|3" />
			<drawPoint1 node="0>8|7" />
			<drawPoint1 node="0>" />
		</mrDebug>
		
		
		<mrDebug>		
			
			<drawPoint node="0>8|2" />
			<drawPoint node="0>8|4" />
			<drawPoint node="0>8|6" />
		</mrDebug>
		
	
	-->
	

	

    <storeData>
        <name>Fox 11</name>
        <specs>
            <neededPower>130</neededPower>
            <workingWidth>3.3</workingWidth>
        </specs>
        <functions>
            <function>$l10n_function_subsoiler</function>
            <function>$l10n_function_sowingMachineDirect</function>
        </functions>
        <image>store_staraFox11.png</image>
        <price>16000</price>
        <dailyUpkeep>25</dailyUpkeep>
        <lifetime>600</lifetime>
        <rotation>0</rotation>
        <brand>STARA</brand>
        <category>cultivators</category>
        <fieldJob sizeCategory="2" typeCategory="cultivator" />
        <vertexBufferMemoryUsage>1944040</vertexBufferMemoryUsage>
        <indexBufferMemoryUsage>303972</indexBufferMemoryUsage>
        <textureMemoryUsage>13785008</textureMemoryUsage>
        <instanceVertexBufferMemoryUsage>0</instanceVertexBufferMemoryUsage>
        <instanceIndexBufferMemoryUsage>0</instanceIndexBufferMemoryUsage>
    </storeData>

    <typeDesc>$l10n_typeDesc_cultivator</typeDesc>
    <filename>vehicles/tools/stara/staraFox11.i3d</filename>

    <wheelConfigurations>
        <wheelConfiguration name="$l10n_configuration_valueDefault" price="0">
            <wheels>
                <!-- wheels to prevent contact of physical body with ground -->
                <wheel restLoad="1.1" repr="0>1|0" forcePointRatio="0.3" mass="0.05" radius="0.185" isLeft="true"  initialCompression="40" suspTravel="0.05" spring="35" damper="10" isSynchronized="false" />
                <wheel restLoad="1.1" repr="0>1|1" forcePointRatio="0.3" mass="0.05" radius="0.185" isLeft="false" initialCompression="40" suspTravel="0.05" spring="35" damper="10" isSynchronized="false" />
                <!-- visual/real wheels on axis -->
                <wheel restLoad="1.6" repr="0>2|0" forcePointRatio="0.3" filename="$data/vehicles/wheels/lizard/295_70R18.xml" isLeft="true"  configIndex="n6v1" initialCompression="40" suspTravel="0.05" spring="35" damper="5" hasParticles="true" hasTireTracks="true" />
                <wheel restLoad="1.6" repr="0>2|1" forcePointRatio="0.3" filename="$data/vehicles/wheels/lizard/295_70R18.xml" isLeft="false" configIndex="n6v1" initialCompression="40" suspTravel="0.05" spring="35" damper="5" hasParticles="true" hasTireTracks="true" />
            </wheels>
			<!-- MR : fix bug - cultivator area "cultivating" the "sowing area" = far more seeds usage than a normal seeder -->
			<objectChange node="0>8|4" translationActive="1.573 0 -1.9" />
            <objectChange node="0>8|5" translationActive="-1.573 0 -1.9" />
			<objectChange node="0>8|6" translationActive="1.573 0 -2.2" />
        </wheelConfiguration>
    </wheelConfigurations>

    <rimColor>0.8832 0.1636 0.0046 1</rimColor>

    <axisColor>0.0037 0.1139 0.0220 1</axisColor>

    <size width="4.5" length="5.5"/>
    <speedLimit value="10" />
    <brakeForce>0</brakeForce>

    <workAreas>
        <workArea startIndex="0>8|0" widthIndex="0>8|1" heightIndex="0>8|2" refNodeIndex="0" type="cultivator" chargeValue="1" foldMinLimit="0" foldMaxLimit="0.1" needsSetIsTurnedOn="false" />
        <workArea startIndex="0>8|4" widthIndex="0>8|5" heightIndex="0>8|6" refNodeIndex="1" type="sowingMachine" chargeValue="1" foldMinLimit="0" foldMaxLimit="0.1" />
    </workAreas>

    <groundReferenceNodes>
        <groundReferenceNode index="0>8|3" threshold="0.05" depthNode="0>8|3" />
        <groundReferenceNode index="0>8|7" threshold="0.05" depthNode="0>8|7" />
    </groundReferenceNodes>

    <onlyActiveWhenLowered value="false" />

    <!-- recommended horsepower by manufacturer: 130 -->
    <powerConsumer neededPtoPower="0" forceNode="0>" maxForce="36" />

    <cultivatorSound file="$data/sounds/cultivatorSound.wav"                pitchOffset="0.90" volume="1.00" indoorVolumeFactor="0.55"/>
    <cylinderedHydraulicSound file="$data/sounds/cultivatorHydraulic.wav"   pitchOffset="1.10" volume="1.00" indoorVolumeFactor="0.75" />

    <inputAttacherJoints>
        <inputAttacherJoint jointType="trailerLow" attacherHeight="0.607" index="0>0" lowerRotLimitScale="1 0.88 1" />
    </inputAttacherJoints>

    <speedRotatingParts>
        <speedRotatingPart shaderNode="0>5|0"   radius="-0.200" foldMinLimit="0" foldMaxLimit="0.5" refNodeIndex="0" wheelIndex="0" />
        <speedRotatingPart index="0>5|1"        radius="0.185" foldMinLimit="0" foldMaxLimit="0.5" refNodeIndex="0" wheelIndex="0" />
        <speedRotatingPart index="0>5|2"        radius="0.185" foldMinLimit="0" foldMaxLimit="0.5" refNodeIndex="0" wheelIndex="1" />
        <speedRotatingPart index="0>5|3"        radius="0.185" foldMinLimit="0" foldMaxLimit="0.5" refNodeIndex="0" wheelIndex="1" />
        <speedRotatingPart index="0>5|5"        radius="0.185" foldMinLimit="0" foldMaxLimit="0.5" refNodeIndex="0" wheelIndex="1" />

        <!-- gears, group01 -->
        <speedRotatingPart index="0>5|4|0|0"        radius="0.185" foldMinLimit="0" foldMaxLimit="0.5" refNodeIndex="0" wheelIndex="1" />
        <speedRotatingPart shaderNode="0>5|4|0|1"   radius="0.800" foldMinLimit="0" foldMaxLimit="0.5" refNodeIndex="0" wheelIndex="1" useRotation="false" scrollScale="0 -12" />
        <speedRotatingPart index="0>5|4|0|2"        radius="-0.130" foldMinLimit="0" foldMaxLimit="0.5" refNodeIndex="0" wheelIndex="1" />
        <speedRotatingPart index="0>5|4|0|3"        radius="0.130" foldMinLimit="0" foldMaxLimit="0.5" refNodeIndex="0" wheelIndex="1" />

        <!-- gears, group02 0.00,065-->
        <speedRotatingPart index="0>5|4|1|0"        radius="0.300" foldMinLimit="0" foldMaxLimit="0.5" refNodeIndex="0" wheelIndex="1" />
        <speedRotatingPart index="0>5|4|1|1"        radius="-0.220" foldMinLimit="0" foldMaxLimit="0.5" refNodeIndex="0" wheelIndex="1" />
        <speedRotatingPart index="0>5|4|1|2"        radius="0.640" foldMinLimit="0" foldMaxLimit="0.5" refNodeIndex="0" wheelIndex="1" />
        <speedRotatingPart shaderNode="0>5|4|1|3"   radius="0.900" foldMinLimit="0" foldMaxLimit="0.5" refNodeIndex="0" wheelIndex="1" useRotation="false" scrollScale="0 9" />
        <speedRotatingPart index="0>5|4|1|4"        radius="0.640" foldMinLimit="0" foldMaxLimit="0.5" refNodeIndex="0" wheelIndex="1" />
    </speedRotatingParts>

    <movingTools>
        <!-- folding -->
        <movingTool index="0>2" wheelIndices="3 4" playSound="true">
            <dependentPart index="0>3" />
            <dependentPart index="0>4" />
        </movingTool>
    </movingTools>

    <movingParts>
        <!-- folding -->
        <movingPart index="0>3" referencePoint="0>2|2" referenceFrame="0>2|2" >
            <translatingPart index="0>3|0" />
        </movingPart>
        <movingPart index="0>4" referencePoint="0>2|3" referenceFrame="0>2|3" >
            <translatingPart index="0>4|0" />
        </movingPart>
    </movingParts>

    <animations>
        <animation name="folding">
            <part node="0>2" startTime="0" endTime="1" startRot="5 0 0" endRot="-40 0 0"/>
        </animation>
        <animation name="openCover">
            <part node="0>6|0|0" startTime="0" endTime="1" startRot="-120 0 0" endRot="0 0 0"/>
        </animation>
        <animation name="moveSupport">
            <part node="0>2" startTime="0.1" endTime="1" startRot="-40 0 0" endRot="-5 0 0"/>
            <part node="0>14|0" startTime="0" endTime="0.5" startTrans="0 0.552 -0.231" endTrans="0 0.034 -0.231" />
        </animation>
    </animations>

    <foldingParts startMoveDirection="1" foldMiddleAnimTime="1.0" turnOnFoldMaxLimit="1.0" turnOnFoldMinLimit="0.0" turnOffOnFold="false" onlyFoldOnDetach="true" >
        <foldingPart animationName="folding" speedScale="1" />
    </foldingParts>

    <cover animationName="openCover" openOnBuy="false"/>
    <support animationName="moveSupport" />

    <groundParticleAnimations>
        <groundParticleAnimation>
            <node index="0>10|0|0" refNodeIndex="0" materialType="SOIL" />
        </groundParticleAnimation>

        <groundParticle>
            <node index="0>10|0|1" refNodeIndex="0" particleType="SOIL"  />
            <node index="0>10|0|2" refNodeIndex="0" particleType="SOIL_SMOKE"  />
            <node index="0>10|0|3" refNodeIndex="0" particleType="SOIL_CHUNKS" worldSpace="false" />
            <node index="0>10|0|4" refNodeIndex="0" particleType="SOIL_BIG_CHUNKS" worldSpace="false" />
        </groundParticle>
    </groundParticleAnimations>

    <fillVolumes>
        <volumes>
            <volume index="0>7|0" maxDelta="0.1" maxAllowedHeapAngle="20" />
        </volumes>

        <loadInfos>
            <loadInfo fillVolumeIndex="1" >
                <node index="0>7|1|0" width="0.5" length="0.10" />
                <node index="0>7|1|1" width="0.5" length="0.10" />
                <node index="0>7|1|2" width="0.5" length="0.10" />
            </loadInfo>
        </loadInfos>
        <unloadInfos>
            <unloadInfo fillVolumeIndex="1" >
                <node index="0>7|1|0" width="0.5" length="0.10" />
                <node index="0>7|1|1" width="0.5" length="0.10" />
                <node index="0>7|1|2" width="0.5" length="0.10" />
            </unloadInfo>
        </unloadInfos>
    </fillVolumes>

    <fillRootNode index="0>" />
    <exactFillRootNode index="0>7|2" />
    <fillMassNode index="0>" mrCOMtransWithMass="0 0.1 -0.4" />

    <!--seedFruitTypeCategories>sowingMachine</seedFruitTypeCategories-->
    <seedFruitTypes>wheat barley grass oilseedRadish</seedFruitTypes>
    <fillLitersPerSecond>50</fillLitersPerSecond>

    <fillUnits>
        <fillUnit unit="$l10n_unit_literShort" fillTypes="seeds" capacity="405" />
    </fillUnits>

    <sowingMachine fillUnitIndex="1" unloadInfoIndex="1" loadInfoIndex="1" supportsAiWithoutSowingMachine="true" />

    <needsActivation value="true" />
    <useDirectPlanting>false</useDirectPlanting>

    <fillSound file="$data/maps/sounds/siloFillSound.wav"                  pitchOffset="1.00" volume="1.00" indoorVolumeFactor="0.45" volume3D="1.0" innerRadius="10" radius="40" linkNode="0>0"/>

    <vehicleTypeConfigurations>
        <vehicleTypeConfiguration name="$l10n_configuration_valueDefault" price="0" vehicleType="subsoiler">
            <objectChange node="0>5|3"  visibilityActive="false" visibilityInactive="true"/>
            <objectChange node="0>5|4"  visibilityActive="false" visibilityInactive="true"/>
            <objectChange node="0>6|0"  visibilityActive="false" visibilityInactive="true"/>
            <objectChange node="0>7"    visibilityActive="false" visibilityInactive="true"/>
        </vehicleTypeConfiguration>
        <vehicleTypeConfiguration name="$l10n_configuration_seederBox" price="5000" vehicleType="subsoilerSowingMachine">
            <objectChange node="0>5|3"  visibilityActive="true" visibilityInactive="false"/>
            <objectChange node="0>5|4"  visibilityActive="true" visibilityInactive="false"/>
            <objectChange node="0>6|0"  visibilityActive="true" visibilityInactive="false"/>
            <objectChange node="0>7"    visibilityActive="true" visibilityInactive="false"/>
        </vehicleTypeConfiguration>
    </vehicleTypeConfigurations>

    <ai>
        <areaMarkers leftIndex="0>9|1|0" rightIndex="0>9|1|1" backIndex="0>9|1|2" />
        <sizeMarkers leftIndex="0>9|2|0" rightIndex="0>9|2|1" backIndex="0>9|2|2" />
        <trafficCollisionTrigger index="0>9|0" />
        <needsLowering value="true"/>
        <forceTurnNoBackward value="false" />
        <toolReverserDirectionNode index="0>9|2|2" />
        <!-- <turningRadiusLimitation rotationJointNode="0>0" wheelIndices="0 1" /> -->
        <turningRadiusLimitation radius="4" />
    </ai>

    <washable dirtDuration="30" washDuration="1" workMultiplier="20" />

    <components count="1">
        <component1 centerOfMass="0 0.45 -0.1" solverIterationCount="10" mrSetMass="3.1" />
    </components>

    <schemaOverlay file="$dataS2/menu/schemas/implementSchema.png" fileSelected="$dataS2/menu/schemas/implementSchemaSelected.png" fileTurnedOn="$dataS2/menu/schemas/implementSchemaTurnedOn.png" fileSelectedTurnedOn="$dataS2/menu/schemas/implementSchemaSelectedTurnedOn.png" width="0.5" height="0.5" attacherJointPosition="0 0"/>

</vehicle>
