﻿<?xml version="1.0" encoding="utf-8" standalone="no" ?>
<vehicle type="sowingMachineSprayer_secondFillVolume">
    <annotation>Copyright (C) GIANTS Software GmbH, All Rights Reserved.</annotation>
	
	<!-- MR
	
		712kgs seeds => 1095L
		1444kgs fertilizer => 1310L
		
		12.4x24 tyres  (about 315/80R24)
		
		6-8kph operating speed
		
		4100kgs empty weight
		3.57m working width
		
		-------------------------------
		
		no brake
		speedLimit
		
		sprayUsageScales
		
		capacities ! (totally wrong)
		
		mass and center of mass
		
		mrCOMtransWithMass
		
		groundReferenceNode
		
		animation folding and moveSupport
		
		powerConsumer (direct planting seeder - less force when already on cultivated soil)
		
		remove air turbine sound !!!
		
		<mrDebug>			
		<drawPoint centerOfMass="0>" />	
		<drawPoint node="0>4|0|3" translation="0 -0.1 0" />		
	</mrDebug>
	
	<mrDebug>				
		<drawPoint node="0>4|0|5" />		
		<drawPoint node="0>4|0|6" />
		<drawPoint node="0>4|0|7" />
	</mrDebug>
	
	
	
	-->

	
	

    <storeData>
        <name>Ceres Master 3570</name>
        <specs>
            <neededPower>108</neededPower>
            <workingWidth>3.57</workingWidth>
        </specs>
        <functions>
            <function>$l10n_function_sowingMachine</function>
            <function>$l10n_function_sowingMachineDirect</function>
        </functions>
        <image>store_staraCeresMaster3570.png</image>
        <price>31000</price>
        <dailyUpkeep>90</dailyUpkeep>
        <lifetime>600</lifetime>
        <rotation>0</rotation>
        <brand>STARA</brand>
        <category>sowingMachines</category>
        <fieldJob sizeCategory="2" typeCategory="sowingMachine" />
        <vertexBufferMemoryUsage>4308848</vertexBufferMemoryUsage>
        <indexBufferMemoryUsage>1183248</indexBufferMemoryUsage>
        <textureMemoryUsage>26413216</textureMemoryUsage>
        <instanceVertexBufferMemoryUsage>0</instanceVertexBufferMemoryUsage>
        <instanceIndexBufferMemoryUsage>0</instanceIndexBufferMemoryUsage>
    </storeData>

    <typeDesc>$l10n_typeDesc_sowingMachine</typeDesc>
    <filename>vehicles/tools/stara/staraCeresMaster3570.i3d</filename>

    <wheelConfigurations>
        <wheelConfiguration name="$l10n_configuration_valueDefault" price="0">
            <wheels>
                <wheel restLoad="1.7" repr="0>0|0|0" forcePointRatio="0.3" filename="$data/vehicles/wheels/trelleborg/TH400_400_70R20.xml" isLeft="true"  configIndex="n8v6" initialCompression="-30" suspTravel="0.1" spring="60" damper="10" hasParticles="true" hasTireTracks="true" mrPressureFx="1.5" />
                <wheel restLoad="1.7" repr="0>0|0|1" forcePointRatio="0.3" filename="$data/vehicles/wheels/trelleborg/TH400_400_70R20.xml" isLeft="false" configIndex="n8v6" initialCompression="-30" suspTravel="0.1" spring="60" damper="10" hasParticles="true" hasTireTracks="true" mrPressureFx="1.5" />
            </wheels>
        </wheelConfiguration>
    </wheelConfigurations>

    <rimColor>0.8832 0.1636 0.0046 1</rimColor>

    <axisColor>0.0037 0.1139 0.0220 1</axisColor>

    <size width="5.8" length="5.1"/>
    <speedLimit value="10" />
    <brakeForce>0</brakeForce>

    <workAreas>
        <workArea startIndex="0>4|0|0" widthIndex="0>4|0|1" heightIndex="0>4|0|2" refNodeIndex="0" type="sowingMachine" chargeValue="1" foldMinLimit="0" foldMaxLimit="0.1" />
        <workArea startIndex="0>4|0|0" widthIndex="0>4|0|1" heightIndex="0>4|0|2" refNodeIndex="0" type="sprayer" chargeValue="1" foldMinLimit="0" foldMaxLimit="0.1" />
    </workAreas>

    <groundReferenceNodes>
        <groundReferenceNode index="0>4|0|3" threshold="0.1" depthNode="0>4|0|4" />
    </groundReferenceNodes>

    <onlyActiveWhenLowered value="false" />

    <!-- recommended horsepower by manufacturer: 108 -->
    <powerConsumer neededPtoPower="0" forceNode="0>" maxForce="24" />

    <cultivatorSound file="$data/sounds/cultivatorSound.wav"                pitchOffset="1.10" volume="1.00" indoorVolumeFactor="0.55"/>
    <cylinderedHydraulicSound file="$data/sounds/cultivatorHydraulic.wav"   pitchOffset="0.90" volume="1.00" indoorVolumeFactor="0.75" />

    <inputAttacherJoints>
        <inputAttacherJoint jointType="trailerLow" attacherHeight="0.351" index="0>2" />
    </inputAttacherJoints>

    <speedRotatingParts>
        <!-- discs ground 01 -->
        <speedRotatingPart shaderNode="0>5|0|0" radius="-0.193" foldMinLimit="0" foldMaxLimit="0.5" refNodeIndex="0" />
        <speedRotatingPart shaderNode="0>5|0|1" radius="-0.193" foldMinLimit="0" foldMaxLimit="0.5" refNodeIndex="0" />
        <speedRotatingPart shaderNode="0>5|0|2" radius="0.193" foldMinLimit="0" foldMaxLimit="0.5" refNodeIndex="0" />
        <speedRotatingPart shaderNode="0>5|0|3" foldMinLimit="0" foldMaxLimit="0.5" refNodeIndex="0" useRotation="false" scrollScale="0 15" />
        <speedRotatingPart shaderNode="0>5|0|4" foldMinLimit="0" foldMaxLimit="0.5" refNodeIndex="0" useRotation="false" scrollScale="0 -15" />

        <!-- discs ground 01 -->
        <speedRotatingPart shaderNode="0>5|1|0" radius="0.193" foldMinLimit="0" foldMaxLimit="0.5" refNodeIndex="0" />
        <speedRotatingPart shaderNode="0>5|1|1" radius="-0.193" foldMinLimit="0" foldMaxLimit="0.5" refNodeIndex="0" />
        <speedRotatingPart shaderNode="0>5|1|2" radius="0.193" foldMinLimit="0" foldMaxLimit="0.5" refNodeIndex="0" />
        <speedRotatingPart shaderNode="0>5|1|3" radius="-0.193" foldMinLimit="0" foldMaxLimit="0.5" refNodeIndex="0" />
        <speedRotatingPart shaderNode="0>5|1|4" foldMinLimit="0" foldMaxLimit="0.5" refNodeIndex="0" useRotation="false" scrollScale="0 31" />
        <speedRotatingPart shaderNode="0>5|1|5" foldMinLimit="0" foldMaxLimit="0.5" refNodeIndex="0" useRotation="false" scrollScale="0 -31" />

        <!-- machine discs -->
        <speedRotatingPart index="0>5|2|0" radius="0.495" foldMinLimit="0" foldMaxLimit="0.5" refNodeIndex="0" wheelIndex="0" />
        <speedRotatingPart shaderNode="0>5|2|1" radius="0.495" foldMinLimit="0" foldMaxLimit="0.5" refNodeIndex="0" />
        <speedRotatingPart shaderNode="0>5|2|2" radius="0.495" foldMinLimit="0" foldMaxLimit="0.5" refNodeIndex="0" />
        <speedRotatingPart shaderNode="0>5|2|3" foldMinLimit="0" foldMaxLimit="0.5" refNodeIndex="0" useRotation="false" scrollScale="0 5" />

        <speedRotatingPart shaderNode="0>5|2|4" foldMinLimit="0" foldMaxLimit="0.5" refNodeIndex="0" useRotation="false" scrollScale="0 5" />
        <speedRotatingPart shaderNode="0>5|2|5" radius="0.495" foldMinLimit="0" foldMaxLimit="0.5" refNodeIndex="0" />

        <speedRotatingPart index="0>5|2|6" radius="0.495" foldMinLimit="0" foldMaxLimit="0.5" refNodeIndex="0" wheelIndex="0" />
        <speedRotatingPart shaderNode="0>5|2|7" radius="0.495" foldMinLimit="0" foldMaxLimit="0.5" refNodeIndex="0" />
        <speedRotatingPart shaderNode="0>5|2|8" radius="0.495" foldMinLimit="0" foldMaxLimit="0.5" refNodeIndex="0" />

        <!-- machine discs 02 -->
        <speedRotatingPart index="0>5|3|0" radius="0.495" foldMinLimit="0" foldMaxLimit="0.5" refNodeIndex="0" wheelIndex="0" />
        <speedRotatingPart shaderNode="0>5|3|1" radius="0.495" foldMinLimit="0" foldMaxLimit="0.5" refNodeIndex="0" />
        <speedRotatingPart shaderNode="0>5|3|2" foldMinLimit="0" foldMaxLimit="0.5" refNodeIndex="0" useRotation="false" scrollScale="0 -5" />
        <speedRotatingPart shaderNode="0>5|3|3" foldMinLimit="0" foldMaxLimit="0.5" refNodeIndex="0" useRotation="false" scrollScale="0 -5" />
        <speedRotatingPart shaderNode="0>5|3|4" radius="0.495" foldMinLimit="0" foldMaxLimit="0.5" refNodeIndex="0" />

        <!-- machine discs 03 -->
        <speedRotatingPart index="0>5|4|0" radius="0.495" foldMinLimit="0" foldMaxLimit="0.5" refNodeIndex="0" wheelIndex="0" />
        <speedRotatingPart shaderNode="0>5|4|1" radius="0.495" foldMinLimit="0" foldMaxLimit="0.5" refNodeIndex="0" />
        <speedRotatingPart shaderNode="0>5|4|2" radius="-0.495" foldMinLimit="0" foldMaxLimit="0.5" refNodeIndex="0" />
        <speedRotatingPart shaderNode="0>5|4|3" radius="0.495" foldMinLimit="0" foldMaxLimit="0.5" refNodeIndex="0" />

        <!-- machine discs 03 -->
        <speedRotatingPart index="0>5|5|0" radius="0.495" foldMinLimit="0" foldMaxLimit="0.5" refNodeIndex="0" wheelIndex="0" />
        <speedRotatingPart shaderNode="0>5|5|1" foldMinLimit="0" foldMaxLimit="0.5" refNodeIndex="0" useRotation="false" scrollScale="0 5" />
        <speedRotatingPart shaderNode="0>5|5|2" radius="0.22" foldMinLimit="0" foldMaxLimit="0.5" refNodeIndex="0" />

        <speedRotatingPart index="0>5|5|3" radius="0.495" foldMinLimit="0" foldMaxLimit="0.5" refNodeIndex="0" wheelIndex="0" />
        <speedRotatingPart shaderNode="0>5|5|4" radius="0.495" foldMinLimit="0" foldMaxLimit="0.5" refNodeIndex="0" />
        <speedRotatingPart shaderNode="0>5|5|5" radius="0.495" foldMinLimit="0" foldMaxLimit="0.5" refNodeIndex="0" />
        <speedRotatingPart shaderNode="0>5|5|6" radius="0.495" foldMinLimit="0" foldMaxLimit="0.5" refNodeIndex="0" />

        <speedRotatingPart shaderNode="0>5|5|7" foldMinLimit="0" foldMaxLimit="0.5" refNodeIndex="0" useRotation="false" scrollScale="0 5" />
        <speedRotatingPart shaderNode="0>5|5|8" radius="0.495" foldMinLimit="0" foldMaxLimit="0.5" refNodeIndex="0" />

        <speedRotatingPart shaderNode="0>5|5|9" foldMinLimit="0" foldMaxLimit="0.5" refNodeIndex="0" useRotation="false" scrollScale="0 5" />

        <speedRotatingPart index="0>5|5|10" radius="0.495" foldMinLimit="0" foldMaxLimit="0.5" refNodeIndex="0" wheelIndex="0" />
    </speedRotatingParts>

    <movingTools>
        <!-- folding -->
        <movingTool index="0>0" wheelIndices="1 2" playSound="true">
            <dependentPart index="0>1" />
        </movingTool>
    </movingTools>

    <movingParts>
        <!-- folding -->
        <movingPart index="0>1" referencePoint="0>0|1" referenceFrame="0>0|1" >
            <translatingPart index="0>1|0" />
        </movingPart>
    </movingParts>

    <animations>
        <animation name="folding">
            <part node="0>0" startTime="0" endTime="1" startRot="-1.5 0 0" endRot="-17 0 0"/>
        </animation>
        <animation name="openCover">
            <part node="0>6|0" startTime="0" endTime="1" startRot="170 0 0" endRot="0 0 0"/>
            <part node="0>6|1" startTime="0" endTime="1" startRot="90 0 0" endRot="0 0 0"/>
            <part node="0>6|2" startTime="0" endTime="1" startRot="170 0 0" endRot="0 0 0"/>
            <part node="0>6|3" startTime="0" endTime="1" startRot="90 0 0" endRot="0 0 0"/>
        </animation>
        <animation name="moveSupport">
            <part node="0>3" startTime="0" endTime="1" startTrans="-0.044 0.743 0.208" endTrans="-0.044 0.35 0.208" />
            <!--part node="0>0" startTime="0" endTime="0.8" startRot="-15 0 0" endRot="-15 0 0" /-->
        </animation>
    </animations>

    <foldingParts startMoveDirection="1" foldMiddleAnimTime="1.0" turnOnFoldMaxLimit="1.0" turnOnFoldMinLimit="0.0" turnOffOnFold="false" onlyFoldOnDetach="true" >
        <foldingPart animationName="folding" speedScale="1" />
    </foldingParts>

    <cover animationName="openCover" openOnBuy="false"/>

    <groundParticleAnimations>
        <groundParticle>
            <node index="0>8|0|0" refNodeIndex="0" particleType="SOIL"  />
            <node index="0>8|0|1" refNodeIndex="0" particleType="SOIL_SMOKE"  />
            <node index="0>8|0|2" refNodeIndex="0" particleType="SOIL_CHUNKS" worldSpace="false" />
            <node index="0>8|0|3" refNodeIndex="0" particleType="SOIL_BIG_CHUNKS" worldSpace="false" />
        </groundParticle>
    </groundParticleAnimations>

    <fillVolumes>
        <volumes>
            <volume index="0>7|1|0" maxDelta="0.05" maxAllowedHeapAngle="20" fillUnitIndex="2" />
            <volume index="0>7|2|0" maxDelta="0.05" maxAllowedHeapAngle="20" fillUnitIndex="2" />
            <volume index="0>7|3|0" maxDelta="0.05" maxAllowedHeapAngle="20" fillUnitIndex="1" />
            <volume index="0>7|4|0" maxDelta="0.05" maxAllowedHeapAngle="20" fillUnitIndex="1" />
        </volumes>
        <!--
        <loadInfos>
            <loadInfo fillVolumeIndex="1" >
                <node index="0>7|1|0" width="0.5" length="0.10" />
                <node index="0>7|1|1" width="0.5" length="0.10" />
                <node index="0>7|1|2" width="0.5" length="0.10" />
            </loadInfo>
        </loadInfos>
        <unloadInfos>
            <unloadInfo fillVolumeIndex="1" >
                <node index="0>7|1|0" width="0.5" length="0.10" />
                <node index="0>7|1|1" width="0.5" length="0.10" />
                <node index="0>7|1|2" width="0.5" length="0.10" />
            </unloadInfo>
        </unloadInfos>
        -->
    </fillVolumes>

    <fillRootNode index="0>" />
    <exactFillRootNode index="0>7|0" />
    <fillMassNode index="0>" mrCOMtransWithMass="0 0.1 0" />

    <seedFruitTypeCategories>sowingMachine</seedFruitTypeCategories>
    <fillLitersPerSecond>100</fillLitersPerSecond>
	
	<sprayUsageScales workingWidth="3.6" scale="0.75" />

    <fillUnits>
        <fillUnit unit="$l10n_unit_literShort" fillTypes="seeds" capacity="1095" fillVolumeIndex="3" secondFillVolumeIndex="4" />
        <fillUnit unit="$l10n_unit_literShort" fillTypes="fertilizer" capacity="1310" fillVolumeIndex="1" secondFillVolumeIndex="2" />
    </fillUnits>

    <sowingMachine fillUnitIndex="1" unloadInfoIndex="1" loadInfoIndex="1" />
    <sprayer fillUnitIndex="2" unloadInfoIndex="2" loadInfoIndex="2" />

    <needsActivation value="true" />
    <useDirectPlanting>true</useDirectPlanting>
    <support animationName="moveSupport" />

    <cylinderedHydraulicSound file="$data/sounds/cultivatorHydraulic.wav"  pitchOffset="1.0" volume="1.0" indoorVolumeFactor="0.75" />
    <sowingSound file="$data/sounds/sowingSound.wav"                       pitchOffset="1.0" volume="1.0" indoorVolumeFactor="0.45"/>
    <!--<airBlowerSound file="$data/sounds/airBlowerLoop.wav"                  pitchOffset="1.0" volume="1.2" indoorVolumeFactor="0.45"/> MR = mechanical seeder - no air turbine ! -->
    <fillSound file="$data/maps/sounds/siloFillSound.wav"                  pitchOffset="1.0" volume="1.0" indoorVolumeFactor="0.45" volume3D="1.0" innerRadius="10" radius="40" linkNode="0>0"/>

    <ai>
        <areaMarkers leftIndex="0>4|1|0" rightIndex="0>4|1|1" backIndex="0>4|1|2" />
        <sizeMarkers leftIndex="0>4|2|0" rightIndex="0>4|2|1" backIndex="0>4|2|2" />
        <trafficCollisionTrigger index="0>4|3" />
        <needsLowering value="true"/>
        <forceTurnNoBackward value="false" />
        <toolReverserDirectionNode index="0>4|2|2" />
        <!--turningRadiusLimitation rotationJointNode="0>2" wheelIndices="0 1" /-->
        <turningRadiusLimitation radius="5" />
    </ai>

    <washable dirtDuration="60" washDuration="1" workMultiplier="20" />

    <components count="1">
        <component1 centerOfMass="0 0.8 -0.8" solverIterationCount="10" mrSetMass="4.1" />
    </components>

    <schemaOverlay file="$dataS2/menu/schemas/implementSchema.png" fileSelected="$dataS2/menu/schemas/implementSchemaSelected.png" fileTurnedOn="$dataS2/menu/schemas/implementSchemaTurnedOn.png" fileSelectedTurnedOn="$dataS2/menu/schemas/implementSchemaSelectedTurnedOn.png" width="0.5" height="0.5" attacherJointPosition="0 0"/>

</vehicle>
