﻿<?xml version="1.0" encoding="utf-8" standalone="no" ?>
<vehicle type="tractor">
    <annotation>Copyright (C) GIANTS Software GmbH, All Rights Reserved.</annotation>
	
	
	<!-- mr
	
		AGCO sisu engine 7.4L
		data : agroscope test 1986/13
		
		engine pto hp
		3230 = 149KW
		3200 = 126KW
		
		boost = 13% in D4,D5 and D6 gears
	
	
	-->
	
	<moreRealistic useMrTransmission="true">		
		<dragArea value="4.8" />
		<engine rotInertiaFx="1" transmissionEfficiency="0.885" minSpeed="3" fuelUsageFactor="1" />
	</moreRealistic>
	
	

    <storeData>
        <name>Fastrac 3000 Xtra</name>
        <specs>
            <power>195</power>
            <maxSpeed>70</maxSpeed>
        </specs>
        <functions>
            <function>$l10n_function_tractor</function>
        </functions>
        <image>data/store/store_jcbFastrac3000.png</image>
        <price>165000</price>
        <dailyUpkeep>250</dailyUpkeep>
        <lifetime>600</lifetime>
        <rotation>0</rotation>
        <brand>JCB</brand>
        <category>tractors</category>
        <fieldJob sizeCategory="2" typeCategory="tractor" hasFrontAndBackHydraulics="true" />
        <vertexBufferMemoryUsage>2558884</vertexBufferMemoryUsage>
        <indexBufferMemoryUsage>397776</indexBufferMemoryUsage>
        <textureMemoryUsage>20201888</textureMemoryUsage>
        <instanceVertexBufferMemoryUsage>0</instanceVertexBufferMemoryUsage>
        <instanceIndexBufferMemoryUsage>0</instanceIndexBufferMemoryUsage>
    </storeData>

    <typeDesc>$l10n_typeDesc_tractor</typeDesc>
    <filename>data/vehicles/steerable/jcb/jcbFastrac3000.i3d</filename>

    <size width="3" length="5.5"/>

    <wheelConfigurations>
        <wheelConfiguration name="$l10n_configuration_valueDefault" price="0">
            <wheels autoRotateBackSpeed="1.7">
                <wheel rotSpeed="1" restLoad="2.5" repr="0>0|0|0" driveNode="0>0|0|0|0" forcePointRatio="0.2" filename="$data/vehicles/wheels/trelleborg/TM800_540_65R34_HS.xml"                     isLeft="true"  initialCompression="23.5" suspTravel="0.2" spring="47" damper="7.5" fenderNode="0>0|0|0|1" fenderRotMax="28"  hasTireTracks="true" hasParticles="true" steeringNode="0>9|3" steeringNodeMinTransX="0.125" steeringNodeMaxTransX="-0.125"/>
                <wheel rotSpeed="1" restLoad="2.5" repr="0>0|1|0" driveNode="0>0|1|0|0" forcePointRatio="0.2" filename="$data/vehicles/wheels/trelleborg/TM800_540_65R34_HS.xml"                     isLeft="false" initialCompression="23.5" suspTravel="0.2" spring="47" damper="7.5" fenderNode="0>0|1|0|1" fenderRotMin="-28" hasTireTracks="true" hasParticles="true" />
                <wheel rotSpeed="0" restLoad="2.2" repr="0>0|2"                         forcePointRatio="0.3" filename="$data/vehicles/wheels/trelleborg/TM800_540_65R34_HS.xml" configIndex="n12v4" isLeft="true"  initialCompression="18.5" suspTravel="0.2" spring="59" damper="10"                                           hasTireTracks="true" hasParticles="true" />
                <wheel rotSpeed="0" restLoad="2.2" repr="0>0|3"                         forcePointRatio="0.3" filename="$data/vehicles/wheels/trelleborg/TM800_540_65R34_HS.xml" configIndex="n12v4" isLeft="false" initialCompression="18.5" suspTravel="0.2" spring="59" damper="10"                                           hasTireTracks="true" hasParticles="true" />
            </wheels>
        </wheelConfiguration>
        <wheelConfiguration name="$l10n_configuration_valueWheelBroad" price="1800" icon="$dataS2/menu/hud/configurations/config_wheel_broad.png">
            <wheels autoRotateBackSpeed="1.7" ackermannSteeringIndex="2">
                <wheel rotSpeed="1" restLoad="2.5" repr="0>0|0|0" driveNode="0>0|0|0|0" forcePointRatio="0.2" filename="$data/vehicles/wheels/trelleborg/TM900_650_60R34.xml" configIndex="n10v11" isLeft="true"  initialCompression="5" suspTravel="0.2" spring="47" damper="7.5" fenderNode="0>0|0|0|1" fenderRotMax="28"  hasTireTracks="true" hasParticles="true" steeringNode="0>9|3" steeringNodeMinTransX="0.125" steeringNodeMaxTransX="-0.125"/>
                <wheel rotSpeed="1" restLoad="2.5" repr="0>0|1|0" driveNode="0>0|1|0|0" forcePointRatio="0.2" filename="$data/vehicles/wheels/trelleborg/TM900_650_60R34.xml" configIndex="n10v11" isLeft="false" initialCompression="5" suspTravel="0.2" spring="47" damper="7.5" fenderNode="0>0|1|0|1" fenderRotMin="-28" hasTireTracks="true" hasParticles="true" />
                <wheel rotSpeed="0" restLoad="2.2" repr="0>0|2"                         forcePointRatio="0.3" filename="$data/vehicles/wheels/trelleborg/TM900_650_60R34.xml" configIndex="n12v4"  isLeft="true"  initialCompression="0" suspTravel="0.2" spring="59" damper="10"                                           hasTireTracks="true" hasParticles="true" />
                <wheel rotSpeed="0" restLoad="2.2" repr="0>0|3"                         forcePointRatio="0.3" filename="$data/vehicles/wheels/trelleborg/TM900_650_60R34.xml" configIndex="n12v4"  isLeft="false" initialCompression="0" suspTravel="0.2" spring="59" damper="10"                                           hasTireTracks="true" hasParticles="true" />
            </wheels>
        </wheelConfiguration>
    </wheelConfigurations>

    <rimColorConfigurations>
        <rimColorConfiguration color="0.294 0.294 0.294 1" />
        <rimColorConfiguration color="0.9647 0.4287 0.0185 1" price="400" icon="$dataS2/menu/hud/configurations/config_rimColor.png" />
        <colorNode node="0>0" />
    </rimColorConfigurations>

    <ackermannSteeringConfigurations>
		<ackermannSteering rotSpeed="60" rotMax="39" rotCenterWheel1="2" rotCenterWheel2="3" />
		<ackermannSteering rotSpeed="60" rotMax="32" rotCenterWheel1="2" rotCenterWheel2="3" />
    </ackermannSteeringConfigurations>

    <differentials>
        <differential torqueRatio="0.5"  maxSpeedRatio="1" wheelIndex1="0" wheelIndex2="1" /> <!-- front left-right -->
        <differential torqueRatio="0.5"  maxSpeedRatio="1" wheelIndex1="2" wheelIndex2="3" /> <!-- back left-right -->
        <differential torqueRatio="0.5"  maxSpeedRatio="1" differentialIndex1="0" differentialIndex2="1" /> <!-- front-back -->
    </differentials>

    <motorConfigurations>
        <motorConfiguration name="3200 Xtra" hp="195" price="0">
            <motor torqueScale="0.767" minRpm="800" maxRpm="2300" maxForwardSpeed="74" maxBackwardSpeed="20.2" brakeForce="7.2" lowBrakeForceScale="0.22" lowBrakeForceSpeedLimit="1" minForwardGearRatio="11.47" maxForwardGearRatio="150" minBackwardGearRatio="41.89" maxBackwardGearRatio="150" ptoMotorRpmRatio ="3.5" >
                <torque normRpm="0.3478" torque="0.7166"/>
                <torque normRpm="0.478" torque="0.9206"/>
                <torque normRpm="0.565" torque="0.99"/>
                <torque normRpm="0.652" torque="1"/>
                <torque normRpm="0.739" torque="0.923"/>
				<torque normRpm="0.818" torque="0.829"/>
				<torque normRpm="0.913" torque="0.684"/>
				<torque normRpm="0.9565" torque="0.463"/>
                <torque normRpm="1" torque="0"/>
            </motor>
            <objectChange node="0>12|0" visibilityActive="true"/>
            <objectChange node="0>12|1" visibilityActive="false"/>
			<mrBoost speedBoostTorqueRatio="1.17" speedBoostStartKph="40" speedBoostFullKph="50" maxBoostRatio="1.13" />
        </motorConfiguration>
        <motorConfiguration name="3230 Xtra" hp="230" price="17500" dailyUpkeep="35" icon="$dataS2/menu/hud/configurations/config_engine.png">
            <motor torqueScale="0.907" />
            <objectChange node="0>12|0" visibilityActive="false"/>
            <objectChange node="0>12|1" visibilityActive="true"/>
			<mrBoost speedBoostTorqueRatio="1.17" speedBoostStartKph="40" speedBoostFullKph="50" maxBoostRatio="1.13" />
        </motorConfiguration>
    </motorConfigurations>

    <fuelCapacity>400</fuelCapacity>

    <cameras count="2">
        <camera1 index="0>1|0|0" rotatable="true" rotateNode="0>1|0" limit="true" useWorldXZRotation="true" rotMinX="-1.4" rotMaxX="1" transMin="4" transMax="40" >
            <raycastNode index="0>1|2"/>
            <raycastNode index="0>1|3"/>
            <raycastNode index="0>1|4"/>
        </camera1>
        <camera2 index="0>1|1" rotatable="true" limit="true" rotMinX="-1.1" rotMaxX="0.4" transMin="0" transMax="0" useMirror="true" isInside="true" />
    </cameras>

    <lights>
        <low>
            <light                       decoration="0>2|0|0"   lightTypes="0 3" />
            <light realLight="0>2|0|1"                          lightTypes="0" excludedLightTypes="3" /> <!--FrontLights-->
            <light                       decoration="0>2|2|0"   lightTypes="0 1"/> <!--BackLights-->
            <light realLight="0>2|1|0|1" decoration="0>2|1|0|0" lightTypes="1"/> <!--WorklightBack-->
            <light                       decoration="0>2|1|1|0" lightTypes="2"/> <!--WorklightFront-->
            <light realLight="0>2|0|2"                          lightTypes="3"/> <!--HighBeam -->
        </low>
        <high>
            <light                       decoration="0>2|0|0"   lightTypes="0 3" />
            <light realLight="0>2|0|3"                          lightTypes="0" excludedLightTypes="2 3" /> <!--FrontLights-->
            <light realLight="0>2|2|1"   decoration="0>2|2|0"   lightTypes="0 3" /> <!--BackLights-->
            <light realLight="0>2|1|0|2" decoration="0>2|1|0|0" lightTypes="1" /> <!--WorklightBack  -->
            <light realLight="0>2|1|1|1" decoration="0>2|1|1|0" lightTypes="2"  /> <!--WorklightFront -->
            <light realLight="0>2|0|4"                          lightTypes="3" excludedLightTypes="2" /> <!--HighBeam-->
        </high>
        <states>
            <state lightTypes="0" />
            <state lightTypes="0 1" />
            <state lightTypes="0 1 2" />
        </states>
    </lights>

    <brakeLights>
        <brakeLight realLight="0>2|2|1" decoration="0>2|4|0" />
    </brakeLights>

    <beaconLights>
        <beaconLight index="0>2|5|0" speed="0.015" filename="$data/shared/beaconLights/beaconLight02.i3d" />
    </beaconLights>

    <turnLights>
        <turnLightLeft realLight="0>2|3|0|1" decoration="0>2|3|0|0" />
        <turnLightLeft realLight="0>2|3|0|2" />
        <turnLightRight realLight="0>2|3|1|1" decoration="0>2|3|1|0" />
        <turnLightRight realLight="0>2|3|1|2" />
    </turnLights>

    <reverseLights>
        <reverseLight realLight="0>2|6|1" decoration="0>2|6|0" />
    </reverseLights>

    <mirrors>
        <mirror index="0>11|0" prio="1" />
        <mirror index="0>11|1" prio="1" />
    </mirrors>

    <indoorHud>
        <speed numbers="0>10|0" precision="1" />
        <fuel animName="fuelDisplay" />
    </indoorHud>

    <enterReferenceNode index="0>"/>
    <exitPoint index="0>3"/>

    <attacherJoints comboDuration="2">
        <attacherJoint index="0>5|0|0|0|0" rotationNode="0>5|0|0" rotationNode2="0>5|0|0|0" upperRotation="38 0 0" lowerRotation="-15 0 0" upperDistanceToGround="1.16" lowerDistanceToGround="0.135" upperRotationOffset="0.05" moveTime="4.1" ptoOutputNode="0>5|2|0" comboTime="1">
            <bottomArm rotationNode="0>5|0|1" translationNode="0>5|0|1|0" referenceNode="0>5|0|1|0|0" zScale="-1" startRotation="-17 0 0" />
            <topArm baseNode="0>5|0|2" filename="$data/shared/vehicleParts/upperLink.i3d" zScale="-1" />
            <schema position="1 0" rotation="0" invertX="false" />
            <objectChange node="0>5|1|0" visibilityActive="false" visibilityInactive="true" />
        </attacherJoint>
        <attacherJoint index="0>5|0|3|0|0" rotationNode="0>5|0|3" rotationNode2="0>5|0|3|0" upperRotation="-26 0 0" lowerRotation="21 0 0" upperDistanceToGround="1.06" lowerDistanceToGround="0.41" upperRotationOffset="-0.05" moveTime="2.6" ptoOutputNode="0>5|2|1" comboTime="0">
            <bottomArm rotationNode="0>5|0|4" translationNode="0>5|0|4|0" referenceNode="0>5|0|4|0|0" zScale="1" startRotation="-33 0 0"/>
            <topArm baseNode="0>5|0|5" filename="$data/shared/vehicleParts/upperLink.i3d" zScale="1" toggleVisibility="true" />
            <schema position="0 0" rotation="0" invertX="true" />
            <objectChange node="0>5|0|4|0|2|0" rotationActive="0 0 0" />
            <objectChange node="0>5|0|4|0|3|0" rotationActive="0 0 0" />
        </attacherJoint>
        <!-- trailer attacher -->
        <attacherJoint index="0>5|1|0|0" transNode="0>5|1|0" transNodeMinY="0.45" transNodeMaxY="1.1" jointType="trailer"    lowerRotLimit="20 58 50" upperRotRotationOffset="0" allowsJointLimitMovement="false" ptoOutputNode="0>5|2|0" comboTime="1">
            <schema position="1 0" rotation="0" invertX="false" />
            <objectChange node="0>5|1|1" visibilityActive="false"  />
        </attacherJoint>
        <attacherJoint index="0>5|1|1|0" transNode="0>5|1|1" transNodeMinY="0.4" transNodeMaxY="0.7"  jointType="trailerLow" lowerRotLimit="20 56 50" upperRotRotationOffset="0" allowsJointLimitMovement="false" ptoOutputNode="0>5|2|0" comboTime="1">
            <schema position="1 0" rotation="0" invertX="false" />
            <objectChange node="0>5|0|1" rotationActive="35 0 0"  rotationInactive="-17 0 0" />
            <objectChange node="0>5|1|0" visibilityActive="false"  />
            <steeringBars leftNode="0>5|1|1|1" rightNode="0>5|1|1|2" />
        </attacherJoint>
        <attacherJoint index="0>5|1|2"   jointType="trailer"    lowerRotLimit="20 75 50" upperRotRotationOffset="0" allowsJointLimitMovement="false" ptoOutputNode="0>5|2|1" comboTime="0" >
            <schema position="0 0" rotation="0" invertX="true" />
            <objectChange node="0>5|0|4|0|2|0" visibilityActive="false" visibilityInactive="true" />
            <objectChange node="0>5|0|4|0|3|0" visibilityActive="false" visibilityInactive="true" />
        </attacherJoint>
    </attacherJoints>

    <movingTools>
        <!-- attacher joint back bottom-->
        <movingTool index="0>5|0|1">
            <dependentPart index="0>9|0" />
            <dependentPart index="0>9|4" />
            <dependentPart index="0>9|5" />
        </movingTool>
        <!-- attacher joint front bottom-->
        <movingTool index="0>5|0|4">
            <!-- cylinder -->
            <dependentPart index="0>9|2" />
        </movingTool>
    </movingTools>

    <movingParts>
        <!-- front -->
        <movingPart index="0>9|2" referencePoint="0>5|0|4|0|1" referenceFrame="0>5|0|4|0|1">
            <translatingPart index="0>9|2|0" />
        </movingPart>

        <!-- back -->
        <movingPart index="0>9|0" referencePoint="0>5|0|1|0|1" localReferencePoint="0>9|0|0" referenceFrame="0>5|0|0" >
            <dependentPart index="0>9|0|0" />
        </movingPart>
        <!-- attacher joint back bottom cylinder 2b -->
        <movingPart index="0>9|0|0" referencePoint="0>5|0|1|0|1" referenceFrame="0>5|0|1|0|1" scaleZ="true">
            <dependentPart index="0>9|1" />
        </movingPart>
        <!-- hydraulic -->
        <movingPart index="0>9|1" referencePoint="0>9|0|1" referenceFrame="0>9|0|1">
            <translatingPart index="0>9|1|0" />
        </movingPart>
        <movingPart index="0>9|4" referencePoint="0>5|0|1|0|2" referenceFrame="0>5|0|1|0|2" scaleZ="true" />
        <movingPart index="0>9|5" referencePoint="0>5|0|1|0|3" referenceFrame="0>5|0|1|0|3" scaleZ="true" />

        <!-- steering -->
        <movingPart index="0>9|3|0" referencePoint="0>0|0|0|2" referenceFrame="0>0|0|0|2" isActiveDirty="true" scaleZ="false" />
        <movingPart index="0>9|3|1" referencePoint="0>0|1|0|2" referenceFrame="0>0|1|0|2" isActiveDirty="true" scaleZ="false" />
        <!-- powershafts -->
        <movingPart index="0>9|6|0|0" referencePoint="0>9|6|3" referenceFrame="0>9|6|0" isActiveDirty="true" />
        <movingPart index="0>9|6|2|0" referencePoint="0>9|6|4" referenceFrame="0>9|6|2" isActiveDirty="true" />
    </movingParts>

    <animations>
        <animation name="fuelDisplay">
            <part node="0>10|1|0" startTime="0" endTime="1" startRot="0 -15 0" endRot="0 -125 0" />
        </animation>
    </animations>

    <steering index="0>4|0" indoorRotation="540" outdoorRotation="50" />

    <characterNode index="0>6|0" cameraMinDistance="1.5" filename="$dataS2/character/player/player.xml" spineRotation="180 0 100" >
        <target ikChain="rightFoot" targetNode="0>6|1" />
        <target ikChain="leftFoot"  targetNode="0>6|2" />
        <target ikChain="rightArm"  targetNode="0>6|3" setDirty="true"/>
        <target ikChain="leftArm"   targetNode="0>4|0|0" setDirty="true" />
    </characterNode>

    <ai>
        <trafficCollisionTrigger index="0>7|0" />
    </ai>

    <exhaustEffects>
        <exhaustEffect index="0>8|0" filename="$data/particleSystems/shared/exhaust.i3d" minRpmColor="0.9 0.9 0.9 0.1" maxRpmColor="0.9 0.9 0.9 0.4" minRpmScale="0.05" maxRpmScale="0.5" xzRotationsOffset="100 0" xzRotationsForward="100 0" xzRotationsBackward="-100 0" xzRotationsLeft="-40 -150" xzRotationsRight="-40 150" />
    </exhaustEffects>

    <motorStartDuration>2260</motorStartDuration>

    <motorStartSound file="$data/vehicles/steerable/jcb/jcbFastrac3000_start.wav" pitchOffset="0.82" volume="1.00" indoorVolumeFactor="0.55" indoorLowpassGain="0.85" />
    <motorStopSound file="$data/vehicles/steerable/jcb/jcb435s_stop.wav"          pitchOffset="0.85" volume="1.00" indoorVolumeFactor="0.55" indoorLowpassGain="0.85" />
    <motorSound file="$data/vehicles/steerable/jcb/jcbFastrac3000_idle.wav"       pitchOffset="0.85" volume="1.00" indoorVolumeFactor="0.55" indoorLowpassGain="0.85"   pitchScale="0.019" volumeMin="0.70" volumeMinSpeed="42"  pitchMax="1.35" />

    <motorSoundRun file="$data/vehicles/steerable/jcb/jcbFastrac3000_run.wav"     pitchOffset="0.60" volume="0.90" indoorVolumeFactor="0.56" indoorLowpassGain="0.85" pitchMax="1.05" />
    <motorSoundLoad file="$data/sounds/engine/loadHP300.wav"                      pitchOffset="0.69" volume="0.85" indoorVolumeFactor="0.45" indoorLowpassGain="0.85" pitchMax="1.10" minimalVolumeFactor="0.0" />

    <gearboxSound file="$data/sounds/transmission/transmissionCVT_XL.wav"          pitchOffset="0.54" volume="0.20" indoorVolumeFactor="0.90" indoorLowpassGain="0.75" pitchMax="1.00" volumeMax="1.00" reverseVolumeMax="0.45"  />
    <retarderSound file="$data/sounds/transmission/transmissionCVT_X.wav"          pitchOffset="0.74" volume="0.22" indoorVolumeFactor="0.65" indoorLowpassGain="0.80" pitchMax="1.90" volumeMax="0.45" minSpeed="2.50" />

    <brakeCompressor capacity="10000" fillSpeed="1950" />
    <maximalAirConsumptionPerFullStop value="2500" />
    <brakeCompressorStartSound file="$data/vehicles/steerable/jcb/jcb_module.wav"                 pitchOffset="1.00" volume="0.55"  indoorVolumeFactor="0.50" indoorLowpassGain="0.75" />
    <brakeCompressorRunSound file="$data/sounds/technicalAccessories/compressor_idle.wav"         pitchOffset="0.90" volume="0.10"  indoorVolumeFactor="0.20" indoorLowpassGain="0.75" pitchMax="1.00" />
    <brakeCompressorStopSound file="$data/sounds/technicalAccessories/pressure_regulator.wav"     pitchOffset="1.20" volume="0.85"  indoorVolumeFactor="0.55" indoorLowpassGain="0.75" />
    <compressedAirSound file="$data/sounds/technicalAccessories/brakeSmall.wav"                   pitchOffset="0.95" volume="0.75"  indoorVolumeFactor="0.55" indoorLowpassGain="0.75" />
    <airReleaseValveSound file="$data/sounds/technicalAccessories/regulator_valve.wav"            pitchOffset="1.00" volume="1.10"  indoorVolumeFactor="0.65" indoorLowpassGain="0.75" />

    <hydraulicSound file="$data/sounds/hydraulicUp.wav"                                           pitchOffset="0.90" volume="0.65"  indoorVolumeFactor="0.65" indoorLowpassGain="0.80" />
    <attachSound file="$data/sounds/attach.wav"                                                   pitchOffset="1.00" volume="1.00"  indoorVolumeFactor="0.75" indoorLowpassGain="0.80" />
    <honkSound file="$data/sounds/horn.wav"                                                       pitchOffset="1.00" volume="1.50"  indoorVolumeFactor="0.70" indoorLowpassGain="0.80" radius="70" innerRadius="10" />

    <speedRotatingParts>
        <speedRotatingPart index="0>9|6|0" wheelIndex="2" wheelScale="2"/>
        <speedRotatingPart index="0>9|6|1" wheelIndex="2" wheelScale="2"/>
        <speedRotatingPart index="0>9|6|2" wheelIndex="2" wheelScale="2"/>
    </speedRotatingParts>

    <washable dirtDuration="50" washDuration="1" workMultiplier="4" />

    <components count="1">
        <component1 centerOfMass="0 0.95 0.36" solverIterationCount="10" mrSetMass="7.89" />
    </components>

    <schemaOverlay file="$dataS2/menu/schemas/vehicleSchema.png" fileSelected="$dataS2/menu/schemas/vehicleSchemaSelected.png" width="0.5" height="0.5" attacherJointPosition="0.5 0" />

</vehicle>