<?xml version="1.0" encoding="utf-8" standalone="no" ?>
<wheel>
    <configurations>
        <configuration index="basic" >
            <tire filename="$data/vehicles/wheels/tires/trelleborg/R16_AW305.i3d" indexLeft="3|0" indexRight="3|1" />
            <outerRim filename="wheel/rim001.i3d" index="0|0" widthAndDiam="11 16" />
            <innerRim filename="wheel/rim001.i3d" indexLeft="2|0" indexRight="2|1" widthAndDiam="22 32" scale="0.48 0.48 0.48" />
            <hub filename="wheel/hub.i3d" indexLeft="0|0|0" indexRight="0|0|1" scale="0.15 0.15 0.15" />
        </configuration>
    </configurations>
    <size radius="0.374" width="0.3" maxDeformation="0.05" />
    <physics mass="0.071" frictionScale="2" maxLongStiffness="8" maxLatStiffness="100" maxLatStiffnessLoad="2" />
    <tire type="offRoad" atlasIndex="1" />
</wheel>
