﻿<?xml version="1.0" encoding="utf-8" standalone="no" ?>
<vehicle type="trailer">
    <annotation>Copyright (C) GIANTS Software GmbH, All Rights Reserved.</annotation>

	<!-- MR Modification
	
	wheel damper/spring/susptravel/compression
	
	brakeforce	
	
	backwards="true"
	
	fillMassNode mrCOMtransWithMass
	fillUnit mrFillVolumeCapacity
	
	components centerOfMass
	
	change tyre type to "offRoad" to get better rolling resistance on road (very important for a truck at "high" speed)
	
	mass : we want about 8.2T
	-->
	
	<moreRealistic>		
		<dragArea value="7" />
		<trailer unloadingPtoPower="35" />
	</moreRealistic>
	
    <storeData>
        <name>Bandit SB 30/60</name>
        <specs>
            <combination>Dolly EA</combination>
        </specs>
        <functions>
            <function>$l10n_function_tipper</function>
            <function>$l10n_function_semiTrailer</function>
        </functions>
        <image>data/store/store_krampeSB3060.png</image>
        <price>78000</price>
        <dailyUpkeep>40</dailyUpkeep>
        <lifetime>600</lifetime>
        <rotation>0</rotation>
        <brand>KRAMPE</brand>
        <category>tippers</category>
        <vertexBufferMemoryUsage>1136208</vertexBufferMemoryUsage>
        <indexBufferMemoryUsage>168120</indexBufferMemoryUsage>
        <textureMemoryUsage>9786944</textureMemoryUsage>
        <instanceVertexBufferMemoryUsage>0</instanceVertexBufferMemoryUsage>
        <instanceIndexBufferMemoryUsage>0</instanceIndexBufferMemoryUsage>
    </storeData>

    <typeDesc>$l10n_typeDesc_tipper</typeDesc>
    <filename>data/vehicles/trailers/krampe/krampeSB3060.i3d</filename>

    <size width="3" length="13.5"/>

    <wheelConfigurations>		
        <wheelConfiguration name="$l10n_configuration_valueDefault" price="3500">
            <wheels>
                <wheel tipOcclusionAreaGroupId="1" restLoad="1.6" repr="0>0|0" driveNode="0>0|0|0" forcePointRatio="0.2" filename="$data/vehicles/wheels/trelleborg/TwinRadial_710_50R26_5.xml" isLeft="true"  deltaY="0.37" suspTravel="0.31" spring="50" damper="14" hasParticles="true" steeringAxleScale="0.22" steeringAxleRotMax="10" steeringAxleRotMin="-10" tireType="offRoad"/>
                <wheel tipOcclusionAreaGroupId="2" restLoad="1.6" repr="0>0|1" driveNode="0>0|1|0" forcePointRatio="0.2" filename="$data/vehicles/wheels/trelleborg/TwinRadial_710_50R26_5.xml" isLeft="false" deltaY="0.37" suspTravel="0.31" spring="50" damper="14" hasParticles="true" steeringAxleScale="0.22" steeringAxleRotMax="10" steeringAxleRotMin="-10" tireType="offRoad"/>
                <wheel tipOcclusionAreaGroupId="1" restLoad="1.2" repr="0>0|2"                     forcePointRatio="0.2" filename="$data/vehicles/wheels/trelleborg/TwinRadial_710_50R26_5.xml" isLeft="true"  deltaY="0.37" suspTravel="0.305" spring="50" damper="14" tireType="offRoad" />
                <wheel tipOcclusionAreaGroupId="2" restLoad="1.2" repr="0>0|3"                     forcePointRatio="0.2" filename="$data/vehicles/wheels/trelleborg/TwinRadial_710_50R26_5.xml" isLeft="false" deltaY="0.37" suspTravel="0.305" spring="50" damper="14" tireType="offRoad" />
                <wheel tipOcclusionAreaGroupId="1" restLoad="0.9" repr="0>0|4" driveNode="0>0|4|0" forcePointRatio="0.2" filename="$data/vehicles/wheels/trelleborg/TwinRadial_710_50R26_5.xml" isLeft="true"  deltaY="0.37" suspTravel="0.3" spring="50" damper="14" hasTireTracks="true" hasParticles="true" steeringAxleScale="-0.5" steeringAxleRotMax="22" steeringAxleRotMin="-22" tireType="offRoad" />
                <wheel tipOcclusionAreaGroupId="2" restLoad="0.9" repr="0>0|5" driveNode="0>0|5|0" forcePointRatio="0.2" filename="$data/vehicles/wheels/trelleborg/TwinRadial_710_50R26_5.xml" isLeft="false" deltaY="0.37" suspTravel="0.3" spring="50" damper="14" hasTireTracks="true" hasParticles="true" steeringAxleScale="-0.5" steeringAxleRotMax="22" steeringAxleRotMin="-22" tireType="offRoad" />
            </wheels>
        </wheelConfiguration>
    </wheelConfigurations>

    <dynamicallyLoadedParts>
        <dynamicallyLoadedPart node="0" linkNode="0>0|5|1|0" filename="$data/shared/vehicleParts/wheelChock01.i3d" />
        <dynamicallyLoadedPart node="0" linkNode="0>0|5|1|1" filename="$data/shared/vehicleParts/wheelChock01.i3d" />
        <dynamicallyLoadedPart node="0" linkNode="0>5|8|0" filename="$data/shared/vehicleParts/wheelChock01.i3d" />
        <dynamicallyLoadedPart node="0" linkNode="0>5|8|1" filename="$data/shared/vehicleParts/wheelChock01.i3d" />
    </dynamicallyLoadedParts>

    <steeringAxleAngleScale startSpeed="15" endSpeed="200" backwards="true" />
    <brakeForce>2.2</brakeForce>
    <maximalAirConsumptionPerFullStop value="0.3" />

    <lights>
        <low>
            <light                     decoration="0>3|0|0" lightTypes="0 3" />
        </low>
        <high>
            <light realLight="0>3|0|1" decoration="0>3|0|0" lightTypes="0 3" />
            <light realLight="0>3|4|1" decoration="0>3|4|0" lightTypes="1" />
        </high>
    </lights>

    <brakeLights>
        <brakeLight realLight="0>3|0|1" decoration="0>3|2|0" />
    </brakeLights>

    <turnLights>
        <turnLightLeft realLight="0>3|1|0|1" decoration="0>3|1|0|0" />
        <turnLightRight realLight="0>3|1|1|1" decoration="0>3|1|1|0" />
    </turnLights>

    <reverseLights>
        <reverseLight realLight="0>3|3|1" decoration="0>3|3|0" />
    </reverseLights>

    <cylinderedHydraulicSound file="$data/sounds/hydraulicUp.wav"  pitchOffset="0.8" volume="0.5" indoorVolumeFactor="0.75" />
    <fillSound file="$data/maps/sounds/siloFillSound.wav"          pitchOffset="1.0" volume="1.5" indoorVolumeFactor="0.75" />

    <inputAttacherJoints>
        <inputAttacherJoint index="0>1" jointType="semitrailer" />
    </inputAttacherJoints>

    <fillUnits>
        <fillUnit unit="$l10n_unit_literShort" fillTypeCategories="bulk" capacity="59000" mrFillVolumeCapacity="52000" />
    </fillUnits>

    <fillVolumes>
        <volumes>
            <volume index="0>5|4|0" maxDelta="0.26" />
        </volumes>

        <unloadInfos>
            <unloadInfo> <!-- back -->
                <node index="0>5|4|1" width="1.0" length="1.7" />
            </unloadInfo>
        </unloadInfos>

        <heights>
            <height fillVolumeIndex="1" >
                <refNode index="0>5|4|2|0" />
                <refNode index="0>5|4|2|1" />
                <node index="0>5|6|0" baseScale="1 1 1"     transAxis="0 1 0" />
            </height>
        </heights>
    </fillVolumes>

    <tipReferencePoints>
        <tipReferencePoint index="0>6" width="2.5" />
        <tipReferencePoint index="0>6" width="0.5" />
    </tipReferencePoints>

    <tipAnimations>
        <tipAnimation speedScale="1" openSpeedScale="0.6" animationName="tipAnimationBack" dischargeStartTime="1" dischargeEndTime="20" name="info_tipSideBack" >
            <tipEffect>
                <effectNode effectNode="0>5|6|0|0" materialType="unloading" materialTypeId="3" fadeTime="0.5" />
                <effectNode effectNode="0>5|6|0|1" materialType="smoke"     materialTypeId="1" fadeTime="0.5" />
            </tipEffect>
            <emitterShape node="0>5|6|1|0" />
            <fillVolume>
                <unloadInfo index="1"/>
                <height index="1"/>
            </fillVolume>
        </tipAnimation>
        <tipAnimation speedScale="1" animationName="tipAnimationBackGrainDoor" closeSpeedScale="-5" dischargeStartTime="1" dischargeEndTime="45" name="info_tipSideBackGrainDoor" >
            <tipEffect>
                <effectNode effectNode="0>5|6|2|0" materialType="unloading" materialTypeId="3" fadeTime="0.5" />
                <effectNode effectNode="0>5|6|2|1" materialType="smoke"     materialTypeId="1" fadeTime="0.5" />
            </tipEffect>
            <emitterShape node="0>5|6|3|0" />
            <fillVolume>
                <unloadInfo index="1"/>
                <height index="1"/>
            </fillVolume>
        </tipAnimation>
    </tipAnimations>

    <fillRootNode index="0>" />
    <exactFillRootNode index="0>5|5|0" />
    <fillAutoAimTargetNode index="0>5|5|1" startZ="4.8" endZ="-5.2" invert="false" fillUnitIndex="1" startPercentage="25"/>
    <fillMassNode index="0>" mrCOMtransWithMass="0 0.01 0" />

    <movingTools>
        <movingTool index="0>5|0" playSound="true" >
            <dependentPart index="0>5|2" />
        </movingTool>
        <movingTool index="0>5|0|1">
            <dependentPart index="0>5|0|2" />
        </movingTool>
    </movingTools>

    <movingParts>
        <movingPart index="0>5|2" referencePoint="0>5|0|0" referenceFrame="0>5|1">
            <translatingPart index="0>5|2|0" />
        </movingPart>
        <movingPart index="0>5|0|2" referencePoint="0>5|0|1" referenceFrame="0>5|0|1" scaleZ="true" />

        <movingPart index="0>2|0" referencePoint="0>0|0|1" referenceFrame="0>" isActiveDirty="true" limitedAxis="2" />
        <movingPart index="0>2|1" referencePoint="0>0|4|1" referenceFrame="0>" isActiveDirty="true" limitedAxis="2" />
    </movingParts>

    <animations>
        <!-- backtipping -->
        <animation name="tipAnimationBack">
            <part node="0>5|0"   startTime="0" endTime="4"   startRot="0 0 0" endRot="90 0 0" />
            <part node="0>5|3|0" startTime="1" endTime="12"  startTrans="0 0 0" endTrans="0 0 -11.5" />
            <part node="0>5|3" startTime="1" endTime="12" shaderParameter="offsetUV" shaderStartValues="0 0 0 0" shaderEndValues="0 3.5 0 0"/>
        </animation>
        <animation name="tipAnimationBackGrainDoor">
            <part node="0>5|0|1" startTime="0" endTime="1"  startTrans="0 -1.809 -0.946" endTrans="0 -1.352 -0.946" />
            <part node="0>5|3|0" startTime="1" endTime="44"  startTrans="0 0 0" endTrans="0 0 -11.5" />
            <part node="0>5|3" startTime="1" endTime="44" shaderParameter="offsetUV" shaderStartValues="0 0 0 0" shaderEndValues="0 3.5 0 0"/>
        </animation>

        <!-- move support wheel down/up -->
        <animation name="moveSupport">
            <part node="0>0|5|1" startTime="0"    endTime="0.05" visibility="false" />
            <part node="0>5|8"  startTime="0"    endTime="0.05" visibility="true" />
            <part node="0>0|5|1" startTime="0.05" endTime="0.1"  visibility="true" />
            <part node="0>5|8"  startTime="0.05" endTime="0.1"  visibility="false" />
            <part node="0>4"  startTime="0"    endTime="0.2"  startTrans="0 0.526 1.939" endTrans="0 0.015 1.939" />
        </animation>

        <!-- cover -->
        <animation name="toggleCover">
            <part node="0>5|7|0" startTime="0"    endTime="0.05" visibility="true" />
            <part node="0>5|7|1" startTime="0"    endTime="0.05" visibility="false" />
            <part node="0>5|7|0" startTime="0.05" endTime="0.1"    visibility="false" />
            <part node="0>5|7|1" startTime="0.05" endTime="0.1"    visibility="true" />
        </animation>
    </animations>

    <support animationName="moveSupport" />
    <cover animationName="toggleCover" />

    <washable dirtDuration="90" washDuration="1" workMultiplier="4" />

    <components count="1">
        <component1 centerOfMass="0 1.1 0" solverIterationCount="10" mrSetMass="7" />
    </components>

    <schemaOverlay file="$dataS2/menu/schemas/implementSchema.png" fileSelected="$dataS2/menu/schemas/implementSchemaSelected.png" width="0.5" height="0.5" attacherJointPosition="0 0" />

</vehicle>