﻿<?xml version="1.0" encoding="utf-8" standalone="no" ?>
<vehicle type="telehandler">
    <annotation>Copyright (C) GIANTS Software GmbH, All Rights Reserved.</annotation>
	
	<!-- mr
	
		mass / center of mass
		
		max speed = 25kph (no known 40kph version for Liebherr telehandlers)
		
		wheels
		
		brake
		
		motor
		
		rot speed
		
		daily upkeep
		
		movingTool speed/acc
	
	-->
	
	<moreRealistic useMrTransmission="true">		
		<dragArea value="3.2" />
		<engine rotInertiaFx="1" transmissionEfficiency="0.85" minSpeed="3" fuelUsageFactor="0.97" />
	</moreRealistic>

    <storeData>
        <name>TL 436-7</name>
        <specs>
            <power>122</power>
            <maxSpeed>25</maxSpeed>
        </specs>
        <functions>
            <function>$l10n_function_telehandler</function>
        </functions>
        <image>data/store/store_liebherrTL432_7.png</image>
        <price>84000</price>
        <dailyUpkeep>150</dailyUpkeep>
        <lifetime>600</lifetime>
        <rotation>0</rotation>
        <brand>LIEBHERR</brand>
        <category>teleLoaders</category>
        <vertexBufferMemoryUsage>1939256</vertexBufferMemoryUsage>
        <indexBufferMemoryUsage>326340</indexBufferMemoryUsage>
        <textureMemoryUsage>25690400</textureMemoryUsage>
        <instanceVertexBufferMemoryUsage>0</instanceVertexBufferMemoryUsage>
        <instanceIndexBufferMemoryUsage>0</instanceIndexBufferMemoryUsage>
    </storeData>

    <typeDesc>$l10n_typeDesc_telehandler</typeDesc>
    <filename>data/vehicles/steerable/liebherr/liebherrTL432_7.i3d</filename>

    <size width="3" length="5"/>

    <wheelConfigurations>
        <wheelConfiguration name="$l10n_configuration_valueDefault" price="0">
            <wheels autoRotateBackSpeed="1.7">
                <wheel rotSpeed="1" restLoad="1.1" repr="0>0|0" forcePointRatio="0.2" driveNode="0>0|0|0" filename="$data/vehicles/wheels/trelleborg/TH400_460_70R24.xml" isLeft="true"  color="0.1113 0.1304 0.1511 1" initialCompression="0" suspTravel="0.2" spring="60" damper="9" fenderNode="0>0|0|1" fenderRotMax="38"  hasTireTracks="true" hasParticles="true" steeringNode="0>9|3" steeringNodeMinTransX="0.119" steeringNodeMaxTransX="-0.119" mrPressureFx="1.25" />
                <wheel rotSpeed="1" restLoad="1.1" repr="0>0|1" forcePointRatio="0.2" driveNode="0>0|1|0" filename="$data/vehicles/wheels/trelleborg/TH400_460_70R24.xml" isLeft="false" color="0.1113 0.1304 0.1511 1" initialCompression="0" suspTravel="0.2" spring="60" damper="9" fenderNode="0>0|1|1" fenderRotMin="-38" hasTireTracks="true" hasParticles="true" mrPressureFx="1.25" />
                <wheel rotSpeed="1" restLoad="2.6" repr="0>0|2" forcePointRatio="0.3" driveNode="0>0|2|0" filename="$data/vehicles/wheels/trelleborg/TH400_460_70R24.xml" isLeft="true"  color="0.1113 0.1304 0.1511 1" initialCompression="0" suspTravel="0.2" spring="40" damper="8" fenderNode="0>0|2|1" fenderRotMin="-38" hasTireTracks="true" hasParticles="true" steeringNode="0>9|4" steeringNodeMinTransX="-0.119" steeringNodeMaxTransX="0.119" mrPressureFx="1.25" />
                <wheel rotSpeed="1" restLoad="2.6" repr="0>0|3" forcePointRatio="0.3" driveNode="0>0|3|0" filename="$data/vehicles/wheels/trelleborg/TH400_460_70R24.xml" isLeft="false" color="0.1113 0.1304 0.1511 1" initialCompression="0" suspTravel="0.2" spring="40" damper="8" fenderNode="0>0|3|1" fenderRotMax="38"  hasTireTracks="true" hasParticles="true" mrPressureFx="1.25" />
            </wheels>
        </wheelConfiguration>
    </wheelConfigurations>

    <axisColor>0.1113 0.1304 0.1511 1</axisColor>

    <dynamicallyLoadedParts>
        <dynamicallyLoadedPart node="0"   linkNode="0>13|0" filename="$data/shared/vehicleParts/wheelChock02.i3d" />
    </dynamicallyLoadedParts>

    <ackermannSteering rotSpeed="45" rotMax="48" rotCenterWheel1="1" rotCenterWheel2="2" />

    <crabSteering>
        <steeringMode name="action_steeringModeAllWheel" >
            <wheel index="1" offset="0" />
            <wheel index="2" offset="0" />
            <wheel index="3" offset="0" />
            <wheel index="4" offset="0" />
        </steeringMode>
        <steeringMode name="action_steeringModeFrontWheel" >
            <wheel index="1" offset="0" locked="false" />
            <wheel index="2" offset="0" locked="false" />
            <wheel index="3" offset="0" locked="true" />
            <wheel index="4" offset="0" locked="true" />
        </steeringMode>
        <steeringMode name="action_steeringModeCrabLeft" >
            <wheel index="1" offset="15" />
            <wheel index="2" offset="15" />
            <wheel index="3" offset="15" />
            <wheel index="4" offset="15" />
        </steeringMode>
        <steeringMode name="action_steeringModeCrabRight" >
            <wheel index="1" offset="-15" />
            <wheel index="2" offset="-15" />
            <wheel index="3" offset="-15" />
            <wheel index="4" offset="-15" />
        </steeringMode>
    </crabSteering>

    <differentials>
        <differential torqueRatio="0.5" maxSpeedRatio="1" wheelIndex1="0" wheelIndex2="1" /> <!-- front left-right -->
        <differential torqueRatio="0.5" maxSpeedRatio="1" wheelIndex1="2" wheelIndex2="3" /> <!-- back left-right -->
        <differential torqueRatio="0.5" maxSpeedRatio="1" differentialIndex1="0" differentialIndex2="1" /> <!-- front-back -->
    </differentials>

    <motorConfigurations>
        <motorConfiguration name="$l10n_configuration_valueDefault" price="0">
            <motor torqueScale="0.450" minRpm="800" maxRpm="2600" maxForwardSpeed="27" maxBackwardSpeed="27" brakeForce="5" lowBrakeForceScale="0.22" lowBrakeForceSpeedLimit="1" rotInertia="0.0015" minForwardGearRatio="31" maxForwardGearRatio="150" minBackwardGearRatio="31" maxBackwardGearRatio="150">
                <torque normRpm="0.346" torque="0.8"/>
                <torque normRpm="0.538" torque="0.99"/>
                <torque normRpm="0.615" torque="1"/>
                <torque normRpm="0.75" torque="0.95"/>
                <torque normRpm="0.885" torque="0.825"/>
                <torque normRpm="1" torque="0"/>
            </motor>
        </motorConfiguration>
    </motorConfigurations>

    <fuelCapacity>120</fuelCapacity>

    <cameras count="2">
        <camera1 index="0>1|0|0" rotatable="true" rotateNode="0>1|0" limit="true" useWorldXZRotation="true" rotMinX="-1.4" rotMaxX="1" transMin="4" transMax="35">
            <raycastNode index="0>1|2"/>
            <raycastNode index="0>1|3"/>
            <raycastNode index="0>1|4"/>
        </camera1>
        <camera2 index="0>1|1" rotatable="true" limit="true" rotMinX="-1.1" rotMaxX="0.4" transMin="0" transMax="0" useMirror="true" isInside="true" />
    </cameras>

    <lights>
        <low>
            <light realLight="0>2|0|1"   decoration="0>2|0|0"       lightTypes="0" excludedLightTypes="3" /> <!--FrontLights-->
            <light                       decoration="0>0|2|1|1|0|0" lightTypes="0 1" excludedLightTypes="3" /> <!--BackLights-->
            <light                       decoration="0>0|3|1|1|0|0" lightTypes="0 1" excludedLightTypes="3" /> <!--BackLights-->
            <light realLight="0>2|1|0|1" decoration="0>2|1|0|0"     lightTypes="1"/> <!--WorklightBack-->
            <light                       decoration="0>2|1|1|0"     lightTypes="2"/> <!--WorklightFront-->
            <light                       decoration="0>9|0|1|0"     lightTypes="2"/> <!--WorklightFront-->
            <light realLight="0>2|0|2"                              lightTypes="3"/> <!--HighBeam -->
        </low>
        <high>
            <light realLight="0>2|0|3"   decoration="0>2|0|0"       lightTypes="0" excludedLightTypes="2 3" /> <!--FrontLights-->
            <light realLight="0>0|2|1|1|0|1"  decoration="0>0|2|1|1|0|0" lightTypes="0 1" excludedLightTypes="3" /> <!--BackLights-->
            <light realLight="0>0|3|1|1|0|1"  decoration="0>0|3|1|1|0|0" lightTypes="0 1" excludedLightTypes="3" /> <!--BackLights-->
            <light realLight="0>2|1|0|2" decoration="0>2|1|0|0"     lightTypes="1" /> <!--WorklightBack  -->
            <light realLight="0>2|1|1|1" decoration="0>2|1|1|0"     lightTypes="2"  /> <!--WorklightFront -->
            <light realLight="0>9|0|1|1" decoration="0>9|0|1|0"     lightTypes="2"  /> <!--WorklightFront -->
            <light realLight="0>2|0|4"                              lightTypes="3" excludedLightTypes="2" /> <!--HighBeam-->
        </high>
        <states>
            <state lightTypes="0" />
            <state lightTypes="0 1" />
            <state lightTypes="0 1 2" />
        </states>
    </lights>

    <brakeLights>
        <brakeLight realLight="0>0|2|1|1|0|1" decoration="0>0|2|1|1|1|0" />
        <brakeLight realLight="0>0|3|1|1|0|1" decoration="0>0|3|1|1|1|0" />
    </brakeLights>

    <beaconLights>
        <beaconLight index="0>2|4|0" speed="0.015" filename="$data/shared/beaconLights/beaconLight02.i3d" />
    </beaconLights>

    <turnLights>
        <turnLightLeft realLight="0>2|3|0|1"        decoration="0>2|3|0|0" />
        <turnLightLeft realLight="0>0|2|1|1|2|1"    decoration="0>0|2|1|1|2|0" />
        <turnLightRight realLight="0>2|3|1|1"       decoration="0>2|3|1|0" />
        <turnLightRight realLight="0>0|3|1|1|2|1"   decoration="0>0|3|1|1|2|0" />
    </turnLights>

    <mirrors>
        <mirror index="0>11|0" prio="2" />
        <mirror index="0>11|1" prio="1" />
        <mirror index="0>11|2" prio="1" />
    </mirrors>

    <indoorHud>
        <speed numbers="0>10|1" precision="1" />
        <fuel animName="fuelDisplay" />
    </indoorHud>

    <enterReferenceNode index="0>"/>
    <exitPoint index="0>3"/>

    <attacherJoints>
        <attacherJoint index="0>5|0|0"     jointType="trailer" lowerRotLimit="20 85 85" upperRotationOffset="0" allowsJointLimitMovement="false" canTurnOnImplement="false" >
            <schema position="1 0" rotation="0" invertX="false" />
        </attacherJoint>
        <attacherJoint index="0>9|9|0|0|0" jointType="telehandler" indexVisual="0>9|0|0|0|0" allowsJointLimitMovement="false" allowsLowering="false" rotLimitSpring="7500 7500 7500" rotLimitDamping="5 5 5" transLimitSpring="7500 7500 7500" transLimitDamping="5 5 5" >
            <schema position="0 0.4" rotation="0" invertX="true" />
        </attacherJoint>
    </attacherJoints>

    <movingTools>
        <!-- physics -->
        <movingTool index="0>9|9" delayedIndex="0>9|0" playSound="true">
            <controls axis="AXIS_FRONTLOADER_ARM" invertAxis="true" mouseSpeedFactor="1" iconFilename="$dataS2/menu/moveControls/crane_arm2_rotX.png" />
            <attacherJoint jointIndices="1" />
            <rotation rotSpeed="13" rotAcceleration="100" rotMax="4" rotMin="-60" />
            <dependentMovingTool index="0>9|9|0|0" rotSpeedScale="-1"/>
        </movingTool>
        <movingTool index="0>9|9|0" delayedIndex="0>9|0|0" playSound="true">
            <controls axis="AXIS_FRONTLOADER_ARM2" invertAxis="false" mouseSpeedFactor="1" iconFilename="$dataS2/menu/moveControls/crane_arm2_trans.png" />
            <attacherJoint jointIndices="1" />
            <translation transSpeed="0.75" transAcceleration="50" transMax="3" transMin="0" translationAxis="3" />
        </movingTool>
        <movingTool index="0>9|9|0|0" delayedIndex="0>9|0|0|0" playSound="true">
            <controls axis="AXIS_FRONTLOADER_TOOL" invertAxis="true" mouseSpeedFactor="1" iconFilename="$dataS2/menu/moveControls/crane_arm2_tool.png" />
            <attacherJoint jointIndices="1" />
            <rotation rotSpeed="39" rotAcceleration="100" rotMax="130" rotMin="-20" />
        </movingTool>

        <!-- delayed mesh -->
        <movingTool index="0>9|0" >
            <dependentPart index="0>9|1" />
            <dependentPart index="0>9|2" />
            <dependentMovingTool index="0>9|0|0|0" rotSpeedScale="-1"/>
        </movingTool>
        <movingTool index="0>9|0|0" >
            <dependentPart index="0>9|0|7" />
        </movingTool>
        <movingTool index="0>9|0|0|0" >
            <dependentPart index="0>9|0|0|1" />
        </movingTool>
    </movingTools>

    <movingParts>
        <!-- arm hydraulics -->
        <movingPart index="0>9|1" referencePoint="0>9|0|2" referenceFrame="0>9|0|2" playSound="true">
            <translatingPart index="0>9|1|0" />
        </movingPart>
        <movingPart index="0>9|2" referencePoint="0>9|0|3" referenceFrame="0>9|0|3" playSound="true">
            <translatingPart index="0>9|2|0" />
        </movingPart>

        <movingPart index="0>9|0|0|1" referencePoint="0>9|0|0|0|1" referenceFrame="0>9|0|0|0|1" playSound="true">
            <translatingPart index="0>9|0|0|1|0" />
        </movingPart>

        <!-- toparm sound node -->
        <movingPart index="0>9|0|7" referenceFrame="0>9|0|0" playSound="true"/>

        <!-- ptos back -->
        <movingPart index="0>9|5|0|0" referencePoint="0>9|6|0" referenceFrame="0>9|5|0" limitedAxis="2" isActiveDirty="true">
            <dependentPart index="0>9|5|0|0|0" />
        </movingPart>
        <movingPart index="0>9|5|0|0|0" referencePoint="0>9|6|0" referenceFrame="0>9|5|0" limitedAxis="1">
            <dependentPart index="0>9|5|0|0|0|0" />
        </movingPart>
        <movingPart index="0>9|5|0|0|0|0" referencePoint="0>9|6|0" referenceFrame="0>9|5|0" limitedAxis="2"/>
        <!-- ptos front -->
        <movingPart index="0>9|7|0|0" referencePoint="0>9|8|0" referenceFrame="0>9|7|0" limitedAxis="2" isActiveDirty="true">
            <dependentPart index="0>9|7|0|0|0" />
        </movingPart>
        <movingPart index="0>9|7|0|0|0" referencePoint="0>9|8|0" referenceFrame="0>9|7|0" limitedAxis="1">
            <dependentPart index="0>9|7|0|0|0|0" />
        </movingPart>
        <movingPart index="0>9|7|0|0|0|0" referencePoint="0>9|8|0" referenceFrame="0>9|7|0" limitedAxis="2"/>

        <!-- steering -->
        <movingPart index="0>0|0|2" referencePoint="0>9|3|0" referenceFrame="0>" isActiveDirty="true" scaleZ="true" />
        <movingPart index="0>0|1|2" referencePoint="0>9|3|1" referenceFrame="0>" isActiveDirty="true" scaleZ="true" />
        <movingPart index="0>0|2|2" referencePoint="0>9|4|0" referenceFrame="0>" isActiveDirty="true" scaleZ="true" />
        <movingPart index="0>0|3|2" referencePoint="0>9|4|1" referenceFrame="0>" isActiveDirty="true" scaleZ="true" />
    </movingParts>

    <animations>
        <animation name="fuelDisplay">
            <part node="0>10|0|0" startTime="0" endTime="1" startRot="0 0 -1" endRot="0 0 -77" />
        </animation>
    </animations>

    <steering index="0>4|0" indoorRotation="540" outdoorRotation="40" />

    <characterNode index="0>6|0" cameraMinDistance="1.5" filename="$dataS2/character/player/player.xml" spineRotation="180 0 104" >
        <target ikChain="rightFoot" targetNode="0>6|1" />
        <target ikChain="leftFoot"  targetNode="0>6|2" />
        <target ikChain="rightArm"  targetNode="0>6|3" />
        <target ikChain="leftArm"   targetNode="0>4|0|0" setDirty="true" />
    </characterNode>

    <ai>
        <trafficCollisionTrigger index="0>7|0" />
    </ai>

    <exhaustEffects>
        <exhaustEffect index="0>8" filename="$data/particleSystems/shared/exhaust.i3d" minRpmColor="0.9 0.9 0.9 0.1" maxRpmColor="0.9 0.9 0.9 0.4" minRpmScale="0.05" maxRpmScale="0.5" xzRotationsOffset="50 0" xzRotationsForward="-50 0" xzRotationsBackward="50 0" xzRotationsLeft="0 -100" xzRotationsRight="0 100" />
    </exhaustEffects>

    <motorStartDuration>2500</motorStartDuration>
    <motorStartSound file="$data/vehicles/steerable/liebherr/liebherrTL432_7_start.wav" pitchOffset="0.85" volume="1.00" indoorVolumeFactor="0.40" indoorLowpassGain="0.95" />
    <motorSound file="$data/vehicles/steerable/liebherr/liebherrTL432_7_idle.wav"       pitchOffset="0.85" volume="0.90" indoorVolumeFactor="0.42" indoorLowpassGain="0.75" pitchMax="1.20" radius="50" innerRadius="20"  volumeMin="0.30" volumeMinSpeed="10" />
    <motorStopSound file="$data/vehicles/steerable/liebherr/liebherrTL432_7_stop.wav"   pitchOffset="0.85" volume="1.00" indoorVolumeFactor="0.40" indoorLowpassGain="0.95" />
    <motorSoundRun file="$data/vehicles/steerable/lindner/lintrac90_load.wav"           pitchOffset="0.65" volume="1.00" indoorVolumeFactor="0.40" indoorLowpassGain="0.95" pitchMax="1.15" />

    <gearboxSound file="$data/sounds/transmission/hs115LE.wav"                          pitchOffset="0.85" volume="0.05" indoorVolumeFactor="0.55" indoorLowpassGain="0.75" volumeMax="0.50" pitchMax="1.32" reverseVolumeMax="0.60" />
    <retarderSound file="$data/sounds/transmission/retarderET1116.wav"                  pitchOffset="1.00" volume="0.08" indoorVolumeFactor="0.55" indoorLowpassGain="0.75" volumeMax="0.32" pitchMax="2.50" minSpeed="0.1" />
    <reverseDriveSound file="$data/sounds/reverseDrivingBeep.wav"                       pitchOffset="1.00" volume="0.50" indoorVolumeFactor="0.60" indoorLowpassGain="0.75" />
    <attachSound file="$data/sounds/header_attach.wav"                                  pitchOffset="1.00" volume="1.00" indoorVolumeFactor="0.45" indoorLowpassGain="0.75" />
    <cylinderedHydraulicSound file="$data/sounds/hydraulicUp.wav"                       pitchOffset="0.85" volume="0.55" indoorVolumeFactor="0.20" indoorLowpassGain="0.65" />
    <honkSound file="$data/sounds/horn.wav"                                             pitchOffset="1.00" volume="1.00" indoorVolumeFactor="0.60" indoorLowpassGain="0.95" radius="70" innerRadius="10" />

    <speedRotatingParts>
        <speedRotatingPart index="0>9|5|0" wheelIndex="2" wheelScale="2"/>
        <speedRotatingPart index="0>9|6|0" wheelIndex="2" wheelScale="2"/>
        <speedRotatingPart index="0>9|7|0" wheelIndex="2" wheelScale="-2"/>
        <speedRotatingPart index="0>9|8|0" wheelIndex="2" wheelScale="-2"/>
    </speedRotatingParts>

    <washable dirtDuration="90" washDuration="1" workMultiplier="4" />

    <components count="1">
        <component1 centerOfMass="0 0.7 -0.6" solverIterationCount="10" mrSetMass="6.6" />
    </components>

    <schemaOverlay file="$dataS2/menu/schemas/vehicleSchema.png" fileSelected="$dataS2/menu/schemas/vehicleSchemaSelected.png" width="0.5" height="0.5" attacherJointPosition="0.5 0" />

</vehicle>
