<?xml version="1.0" encoding="utf-8" standalone="no" ?>
<vehicle type="wheelLoader">
    <annotation>Copyright (C) GIANTS Software GmbH, All Rights Reserved.</annotation>
	
	<!-- mr
	
		mass !!! (more than 22T in the base game) and center of mass
		
		engine
		
		differentials
		
		wheels
		
		fuel capacity
		
		rotSpeed rotMAx/rotMin (40°)
		
		speed
		
		movingTool speed/acc
	
	-->
	
	<moreRealistic useMrTransmission="true">		
		<dragArea value="5.2" />
		<engine rotInertiaFx="1" transmissionEfficiency="0.85" minSpeed="3" fuelUsageFactor="1" engineBrakeRpm="2400" />
	</moreRealistic>

    <storeData>
        <name>L 538</name>
        <specs>
            <power>156</power>
            <maxSpeed>40</maxSpeed>
        </specs>
        <functions>
            <function>$l10n_function_wheelLoader</function>
        </functions>
        <image>data/store/store_liebherrL538.png</image>
        <price>145000</price>
        <dailyUpkeep>180</dailyUpkeep>
        <lifetime>600</lifetime>
        <rotation>0</rotation>
        <brand>LIEBHERR</brand>
        <category>wheelLoaders</category>
        <vertexBufferMemoryUsage>1433280</vertexBufferMemoryUsage>
        <indexBufferMemoryUsage>269994</indexBufferMemoryUsage>
        <textureMemoryUsage>26738792</textureMemoryUsage>
        <instanceVertexBufferMemoryUsage>0</instanceVertexBufferMemoryUsage>
        <instanceIndexBufferMemoryUsage>0</instanceIndexBufferMemoryUsage>
    </storeData>

    <typeDesc>$l10n_typeDesc_wheelLoader</typeDesc>
    <filename>data/vehicles/steerable/liebherr/liebherrL538.i3d</filename>

    <size width="3" length="6.5" />

    <wheelConfigurations>
        <wheelConfiguration name="$l10n_configuration_valueDefault" price="0">
            <wheels autoRotateBackSpeed="1.2">
                <wheel rotSpeed="0"  restLoad="8.2" repr="0>0|0" filename="$data/vehicles/wheels/trelleborg/TM2000_620_75R26.xml" isLeft="true"  color="0.1113 0.1304 0.1511 1" initialCompression="0" suspTravel="0.22" spring="63" damper="12" hasTireTracks="true" hasParticles="true" mrPressureFx="1.2" />
                <wheel rotSpeed="0"  restLoad="8.2" repr="0>0|1" filename="$data/vehicles/wheels/trelleborg/TM2000_620_75R26.xml" isLeft="false" color="0.1113 0.1304 0.1511 1" initialCompression="0" suspTravel="0.22" spring="63" damper="12" hasTireTracks="true" hasParticles="true" mrPressureFx="1.2" />
                <wheel rotSpeed="0"  restLoad="3.2" repr="1>0|0" filename="$data/vehicles/wheels/trelleborg/TM2000_620_75R26.xml" isLeft="true"  color="0.1113 0.1304 0.1511 1" initialCompression="0" suspTravel="0.22" spring="80" damper="12" hasTireTracks="true" hasParticles="true" mrPressureFx="1.2" />
                <wheel rotSpeed="0"  restLoad="3.2" repr="1>0|1" filename="$data/vehicles/wheels/trelleborg/TM2000_620_75R26.xml" isLeft="false" color="0.1113 0.1304 0.1511 1" initialCompression="0" suspTravel="0.22" spring="80" damper="12" hasTireTracks="true" hasParticles="true" mrPressureFx="1.2" />
            </wheels>
        </wheelConfiguration>
        <wheelConfiguration name="$l10n_configuration_valueTwinWheelsFront" price="5400" icon="$dataS2/menu/hud/configurations/config_wheel_twin.png" >
            <wheels autoRotateBackSpeed="1.2">
                <wheel rotSpeed="0"  restLoad="8.2" repr="0>0|0" filename="$data/vehicles/wheels/trelleborg/TM2000_620_75R26.xml" isLeft="true"  color="0.1113 0.1304 0.1511 1" initialCompression="48" suspTravel="0.22" spring="63" damper="12" hasTireTracks="true" hasParticles="true" mrPressureFx="1.2" />
                <wheel rotSpeed="0"  restLoad="8.2" repr="0>0|1" filename="$data/vehicles/wheels/trelleborg/TM2000_620_75R26.xml" isLeft="false" color="0.1113 0.1304 0.1511 1" initialCompression="48" suspTravel="0.22" spring="63" damper="12" hasTireTracks="true" hasParticles="true" mrPressureFx="1.2" />
                <wheel rotSpeed="0"  restLoad="3.3" repr="1>0|0" filename="$data/vehicles/wheels/trelleborg/TM2000_620_75R26.xml" isLeft="true"  color="0.1113 0.1304 0.1511 1" initialCompression="23" suspTravel="0.22" spring="80" damper="16" hasTireTracks="true" hasParticles="true" mrPressureFx="1" mrForcePointOffsetX="0.7" >
                    <additionalWheel filename="$data/vehicles/wheels/trelleborg/TM600_420_85R34.xml" configIndex="dual" isLeft="true" offset="0.17" hasTireTracks="true" hasParticles="true" addRaycast="true" >
                        <connector filename="$data/vehicles/wheels/rims/dual001.i3d" index="3|0" distance="3" />
                    </additionalWheel>
                </wheel>
                <wheel rotSpeed="0"  restLoad="3.3" repr="1>0|1" filename="$data/vehicles/wheels/trelleborg/TM2000_620_75R26.xml" isLeft="false" color="0.1113 0.1304 0.1511 1" initialCompression="23" suspTravel="0.22" spring="80" damper="16" hasTireTracks="true" hasParticles="true" mrPressureFx="1" mrForcePointOffsetX="0.7" >
                    <additionalWheel filename="$data/vehicles/wheels/trelleborg/TM600_420_85R34.xml" configIndex="dual" isLeft="false" offset="0.17" hasTireTracks="true" hasParticles="true" addRaycast="true" >
                        <connector filename="$data/vehicles/wheels/rims/dual001.i3d" index="3|1" distance="3" />
                    </additionalWheel>
                </wheel>
            </wheels>
            <objectChange node="1>9|2"  translationActive="-1.7 0.764 1.533"  translationInactive="-1.093 0.764 1.533" />
            <objectChange node="1>9|3"  translationActive="1.7 0.764 1.533"   translationInactive="1.093 0.764 1.533" />
            <size width="5" />
        </wheelConfiguration>
    </wheelConfigurations>

    <axisColor>0.1113 0.1304 0.1511 1</axisColor>

    <dynamicallyLoadedParts>
        <dynamicallyLoadedPart node="0"   linkNode="1>8|0|0" filename="$data/shared/vehicleParts/wheelChock02.i3d" />
        <dynamicallyLoadedPart node="0"   linkNode="1>8|0|1" filename="$data/shared/vehicleParts/wheelChock02.i3d" />
    </dynamicallyLoadedParts>

    <differentials>
        <differential torqueRatio="0.5" maxSpeedRatio="1" wheelIndex1="0" wheelIndex2="1" /> <!-- front left-right -->
        <differential torqueRatio="0.5" maxSpeedRatio="1" wheelIndex1="2" wheelIndex2="3" /> <!-- back left-right -->
        <differential torqueRatio="0.5" maxSpeedRatio="1" differentialIndex1="0" differentialIndex2="1" /><!-- front-back -->
    </differentials>

    <motorConfigurations>
        <motorConfiguration name="$l10n_configuration_valueDefault" price="0">
            <motor torqueScale="0.64" minRpm="800" maxRpm="2600" maxForwardSpeed="41" maxBackwardSpeed="41" brakeForce="7" lowBrakeForceScale="0.22" lowBrakeForceSpeedLimit="1" rotInertia="0.002" minForwardGearRatio="22.1" maxForwardGearRatio="150" minBackwardGearRatio="22.1" maxBackwardGearRatio="150">
                <torque normRpm="0.308" torque="0.615"/>
                <torque normRpm="0.346" torque="0.8"/>
                <torque normRpm="0.385" torque="0.9"/>
                <torque normRpm="0.461" torque="0.96"/>
                <torque normRpm="0.538" torque="1"/>
                <torque normRpm="0.615" torque="1"/>
				<torque normRpm="0.769" torque="0.854"/>
				<torque normRpm="0.942" torque="0.654"/>
				<torque normRpm="1" torque="0"/>
            </motor>
        </motorConfiguration>
    </motorConfigurations>

    <fuelCapacity>205</fuelCapacity>

    <cameras count="2">
        <camera1 index="1>1|0|0" rotatable="true" rotateNode="1>1|0" limit="true" useWorldXZRotation="true" rotMinX="-1.4" rotMaxX="1" transMin="5" transMax="35" >
            <raycastNode index="0>1|2"/>
            <raycastNode index="0>1|3"/>
            <raycastNode index="0>1|4"/>
            <raycastNode index="1>1|1"/>
        </camera1>
        <camera2 index="0>1|1" rotatable="true" limit="true" rotMinX="-1.1" rotMaxX="0.4" transMin="0" transMax="0" useMirror="true" isInside="true" />
    </cameras>

    <lights>
        <low>
            <light realLight="1>2|0|1"   decoration="1>2|0|0"   lightTypes="0" excludedLightTypes="3" /> <!--FrontLights-->
            <light                       decoration="0>2|2|0"   lightTypes="0 1"/> <!--BackLights-->
            <light realLight="0>2|1|0|1" decoration="0>2|1|0|0" lightTypes="1"/> <!--WorklightBack-->
            <light                       decoration="0>2|1|1|0" lightTypes="2"/> <!--WorklightFront-->
            <light realLight="1>2|0|2"                          lightTypes="3"/> <!--HighBeam -->
        </low>
        <high>
            <light realLight="1>2|0|3"   decoration="1>2|0|0"   lightTypes="0" excludedLightTypes="2 3" /> <!--FrontLights-->
            <light realLight="0>2|2|1"   decoration="0>2|2|0"   lightTypes="0 3" /> <!--BackLights-->
            <light realLight="0>2|1|0|2" decoration="0>2|1|0|0" lightTypes="1" /> <!--WorklightBack  -->
            <light realLight="0>2|1|1|1" decoration="0>2|1|1|0" lightTypes="2"  /> <!--WorklightFront -->
            <light realLight="1>2|0|4"                          lightTypes="3" excludedLightTypes="2" /> <!--HighBeam-->
        </high>
        <states>
            <state lightTypes="0" />
            <state lightTypes="0 1" />
            <state lightTypes="0 1 2" />
        </states>
    </lights>

    <brakeLights>
        <brakeLight realLight="0>2|2|1" decoration="0>2|4|0" />
    </brakeLights>

    <beaconLights>
        <beaconLight index="0>2|5|0" speed="0.015" filename="$data/shared/beaconLights/beaconLight02.i3d" />
    </beaconLights>

    <turnLights>
        <turnLightLeft  realLight="0>2|3|0|1" decoration="0>2|3|0|0" />
        <turnLightLeft  realLight="1>2|1|0|1" decoration="1>2|1|0|0" />
        <turnLightRight realLight="0>2|3|1|1" decoration="0>2|3|1|0" />
        <turnLightRight realLight="1>2|1|1|1" decoration="1>2|1|1|0" />
    </turnLights>

    <mirrors>
        <mirror index="0>11|0" prio="1" />
        <mirror index="0>11|1" prio="1" />
        <mirror index="0>11|2" prio="1" />
    </mirrors>

    <indoorHud>
        <speed animName="speedDisplay" minValueAnim="0" maxValueAnim="50" />
        <fuel animName="fuelDisplay" />
    </indoorHud>

    <enterReferenceNode index="0>" />
    <exitPoint index="0>3" />


    <motorStartDuration>1500</motorStartDuration>

    <motorStartSound file="$data/vehicles/steerable/liebherr/liebherrL538_start.wav" pitchOffset="1.00"  volume="0.70"  indoorVolumeFactor="0.35" indoorLowpassGain="0.75" />
    <motorSound file="$data/vehicles/steerable/liebherr/liebherrL538_idle.wav"       pitchOffset="1.00"  volume="0.70"  indoorVolumeFactor="0.35" indoorLowpassGain="0.75"  pitchMax="1.3" radius="50" innerRadius="20" volumeMin="0.40" volumeMinSpeed="14" />
    <motorStopSound file="$data/vehicles/steerable/liebherr/liebherrL538_stop.wav"   pitchOffset="1.00"  volume="0.70"  indoorVolumeFactor="0.35" indoorLowpassGain="0.75" />

    <motorSoundRun file="$data/vehicles/steerable/lindner/lintrac90_load.wav"        pitchOffset="0.70"  volume="0.90"  indoorVolumeFactor="0.50" indoorLowpassGain="0.95" pitchMax="1.15"           />
    <gearboxSound file="$data/sounds/transmission/hs115LE.wav"                       pitchOffset="0.80"  volume="0.10"  indoorVolumeFactor="0.60" indoorLowpassGain="0.75" volumeMax="0.60" pitchMax="0.95" reverseVolumeMax="0.30" />
    <retarderSound file="$data/sounds/transmission/retarderET1116.wav"               pitchOffset="1.00"  volume="0.08"  indoorVolumeFactor="0.60" indoorLowpassGain="0.75" volumeMax="0.32" pitchMax="2.50" minSpeed="1.00" />

    <reverseDriveSound file="$data/sounds/reverseDrivingBeep.wav"                    pitchOffset="1.00"  volume="0.50"  indoorVolumeFactor="0.70" indoorLowpassGain="0.75" />
    <attachSound file="$data/sounds/header_attach.wav"                               pitchOffset="1.00"  volume="1.00"  indoorVolumeFactor="0.45" indoorLowpassGain="0.75" />
    <cylinderedHydraulicSound file="$data/sounds/hydraulicUp.wav"                    pitchOffset="0.85"  volume="0.55"  indoorVolumeFactor="0.20" indoorLowpassGain="0.65" />
    <honkSound file="$data/sounds/horn.wav"                                          pitchOffset="1.00"  volume="1.00"  indoorVolumeFactor="0.45" indoorLowpassGain="0.75" radius="70" innerRadius="10" />

    <exhaustEffects>
        <exhaustEffect index="0>8|0" filename="$data/particleSystems/shared/exhaust.i3d" minRpmColor="0.9 0.9 0.9 0.1" maxRpmColor="0.9 0.9 0.9 0.4" minRpmScale="0.05" maxRpmScale="0.5" xzRotationsOffset="50 0" xzRotationsForward="-50 0" xzRotationsBackward="50 0" xzRotationsLeft="0 -180" xzRotationsRight="0 180" />
    </exhaustEffects>

    <steering index="0>4|0" indoorRotation="540" outdoorRotation="55" />

    <characterNode index="0>6|0" cameraMinDistance="1.5" filename="$dataS2/character/player/player.xml" spineRotation="180 0 100" >
        <target ikChain="rightFoot" targetNode="0>6|1" />
        <target ikChain="leftFoot"  targetNode="0>6|2" />
        <target ikChain="rightArm"  targetNode="0>6|3" />
        <target ikChain="leftArm"   targetNode="0>4|0|0" setDirty="true" />
    </characterNode>

    <ai>
        <trafficCollisionTrigger index="1>3|0" />
    </ai>

    <attacherJoints>
        <attacherJoint index="0>5|0"     jointType="trailer" lowerRotLimit="20 85 85" upperRotationOffset="0" allowsJointLimitMovement="false" canTurnOnImplement="false" >
            <schema position="1 0" rotation="0" invertX="false" />
        </attacherJoint>
        <attacherJoint index="1>4|8|0|0" jointType="wheelLoader" indexVisual="1>4|0|0|1" allowsJointLimitMovement="false" allowsLowering="false" rootNode="1>" rotLimitSpring="7500 7500 7500" rotLimitDamping="5 5 5" transLimitSpring="7500 7500 7500" transLimitDamping="5 5 5" >
            <schema position="0 0.4" rotation="0" invertX="true" />
        </attacherJoint>
    </attacherJoints>

    <movingTools>
        <!-- physics -->
        <movingTool index="1>4|8" delayedIndex="1>4|0">
            <controls axis="AXIS_FRONTLOADER_ARM" invertAxis="true" mouseSpeedFactor="1" iconFilename="$dataS2/menu/moveControls/frontloader_arm.png" />
            <attacherJoint jointIndices="1" />
            <rotation rotSpeed="20" rotAcceleration="100" rotMax="6" rotMin="-87" />
            <dependentMovingTool index="1>4|8|0" rotSpeedScale="-1" minRotLimits="6 85" maxRotLimits="120 180"/>
        </movingTool>
        <movingTool index="1>4|8|0" delayedIndex="1>4|0|0">
            <controls axis="AXIS_FRONTLOADER_TOOL" invertAxis="true" mouseSpeedFactor="1" iconFilename="$dataS2/menu/moveControls/frontloader_tool.png" />
            <attacherJoint jointIndices="1" />
            <rotation rotSpeed="30" rotAcceleration="100" rotMax="120" rotMin="0" syncMinRotLimits="true" syncMaxRotLimits="true" />
        </movingTool>

        <!-- delayed mesh -->
        <movingTool index="1>4|0" >
            <dependentPart index="1>4|0|1" />
            <dependentPart index="1>4|1" />
        </movingTool>
        <movingTool index="1>4|0|0" >
            <dependentPart index="1>4|0|1" />
        </movingTool>
    </movingTools>

    <movingParts>
        <!-- main arm cylinder -->
        <movingPart index="1>4|1" referencePoint="1>4|0|2" referenceFrame="1>4|0|2" playSound="true">
            <translatingPart index="1>4|1|0" />
        </movingPart>

        <!-- z kinematic -->
        <movingPart index="1>4|0|1" referencePoint="1>4|0|0|0" localReferencePoint="1>4|0|1|0" referenceFrame="1>4|0|3" playSound="true">
            <dependentPart index="1>4|0|1|0" />
            <dependentPart index="1>4|2" />
        </movingPart>
        <movingPart index="1>4|0|1|0" referencePoint="1>4|0|0|0" referenceFrame="1>4|0|1|2" playSound="true" />
        <!-- z cylinder -->
        <movingPart index="1>4|2" referencePoint="1>4|0|1|1" referenceFrame="1>4|0" playSound="true" >
            <translatingPart index="1>4|2|0" />
            <dependentPart index="1>7|0|0" />
        </movingPart>
        <movingPart index="1>7|0|0" referenceFrame="1>4|2" playSound="true" />

        <!-- driving -->
        <movingPart index="0>9|1" referencePoint="1>4|4" referenceFrame="1>4|4" isActiveDirty="true">
            <translatingPart index="0>9|1|0" />
        </movingPart>
        <movingPart index="0>9|2" referencePoint="1>4|5" referenceFrame="1>4|5" isActiveDirty="true">
            <translatingPart index="0>9|2|0" />
        </movingPart>
        <movingPart index="0>9|0" referencePoint="1>4|3" referenceFrame="1>4|3" scaleZ="true" isActiveDirty="true" />
        <movingPart index="0>9|3" referencePoint="1>4|6" referenceFrame="1>4|6" scaleZ="true" isActiveDirty="true" />
        <movingPart index="0>9|4" referencePoint="1>4|7" referenceFrame="1>4|7" scaleZ="true" isActiveDirty="true" />
    </movingParts>

    <animations>
        <animation name="speedDisplay">
            <part node="0>10|0|0|0" startTime="0"     endTime="0.010" visibility="true" />
            <part node="0>10|0|0|1" startTime="0"     endTime="0.111" visibility="true" />
            <part node="0>10|0|0|2" startTime="0"     endTime="0.222" visibility="true" />
            <part node="0>10|0|0|3" startTime="0"     endTime="0.333" visibility="true" />
            <part node="0>10|0|0|4" startTime="0"     endTime="0.444" visibility="true" />
            <part node="0>10|0|0|5" startTime="0"     endTime="0.555" visibility="true" />
            <part node="0>10|0|0|6" startTime="0"     endTime="0.666" visibility="true" />
            <part node="0>10|0|0|7" startTime="0"     endTime="0.777" visibility="true" />
            <part node="0>10|0|0|8" startTime="0"     endTime="0.888" visibility="true" />
            <part node="0>10|0|1|0" startTime="0"     endTime="0.010" visibility="false" />
            <part node="0>10|0|1|1" startTime="0"     endTime="0.111" visibility="false" />
            <part node="0>10|0|1|2" startTime="0"     endTime="0.222" visibility="false" />
            <part node="0>10|0|1|3" startTime="0"     endTime="0.333" visibility="false" />
            <part node="0>10|0|1|4" startTime="0"     endTime="0.444" visibility="false" />
            <part node="0>10|0|1|5" startTime="0"     endTime="0.555" visibility="false" />
            <part node="0>10|0|1|6" startTime="0"     endTime="0.666" visibility="false" />
            <part node="0>10|0|1|7" startTime="0"     endTime="0.777" visibility="false" />
            <part node="0>10|0|1|8" startTime="0"     endTime="0.888" visibility="false" />

            <part node="0>10|0|0|0" startTime="0.011" endTime="0.111" visibility="false" />
            <part node="0>10|0|0|1" startTime="0.112" endTime="0.222" visibility="false" />
            <part node="0>10|0|0|2" startTime="0.223" endTime="0.333" visibility="false" />
            <part node="0>10|0|0|3" startTime="0.334" endTime="0.444" visibility="false" />
            <part node="0>10|0|0|4" startTime="0.445" endTime="0.555" visibility="false" />
            <part node="0>10|0|0|5" startTime="0.556" endTime="0.666" visibility="false" />
            <part node="0>10|0|0|6" startTime="0.667" endTime="0.777" visibility="false" />
            <part node="0>10|0|0|7" startTime="0.778" endTime="0.888" visibility="false" />
            <part node="0>10|0|0|8" startTime="0.889" endTime="1.000" visibility="false" />
            <part node="0>10|0|1|0" startTime="0.011" endTime="0.111" visibility="true" />
            <part node="0>10|0|1|1" startTime="0.112" endTime="0.222" visibility="true" />
            <part node="0>10|0|1|2" startTime="0.223" endTime="0.333" visibility="true" />
            <part node="0>10|0|1|3" startTime="0.334" endTime="0.444" visibility="true" />
            <part node="0>10|0|1|4" startTime="0.445" endTime="0.555" visibility="true" />
            <part node="0>10|0|1|5" startTime="0.556" endTime="0.666" visibility="true" />
            <part node="0>10|0|1|6" startTime="0.667" endTime="0.777" visibility="true" />
            <part node="0>10|0|1|7" startTime="0.778" endTime="0.888" visibility="true" />
            <part node="0>10|0|1|8" startTime="0.889" endTime="1" visibility="true" />
        </animation>
        <animation name="fuelDisplay">
            <part node="0>10|1|0|0" startTime="0"     endTime="0.001" visibility="true" />
            <part node="0>10|1|0|1" startTime="0"     endTime="0.25" visibility="true" />
            <part node="0>10|1|0|2" startTime="0"     endTime="0.50" visibility="true" />
            <part node="0>10|1|0|3" startTime="0"     endTime="0.75" visibility="true" />

            <part node="0>10|1|1|0" startTime="0"     endTime="0.001" visibility="false" />
            <part node="0>10|1|1|1" startTime="0"     endTime="0.25" visibility="false" />
            <part node="0>10|1|1|2" startTime="0"     endTime="0.50" visibility="false" />
            <part node="0>10|1|1|3" startTime="0"     endTime="0.75" visibility="false" />

            <part node="0>10|1|0|0" startTime="0.002"     endTime="0.25" visibility="false" />
            <part node="0>10|1|0|1" startTime="0.251"     endTime="0.50" visibility="false" />
            <part node="0>10|1|0|2" startTime="0.501"     endTime="0.75" visibility="false" />
            <part node="0>10|1|0|3" startTime="0.751"     endTime="1" visibility="false" />

            <part node="0>10|1|1|0" startTime="0.002"     endTime="0.25" visibility="true" />
            <part node="0>10|1|1|1" startTime="0.251"     endTime="0.50" visibility="true" />
            <part node="0>10|1|1|2" startTime="0.501"     endTime="0.75" visibility="true" />
            <part node="0>10|1|1|3" startTime="0.751"     endTime="1" visibility="true" />
        </animation>
    </animations>

    <articulatedAxis componentJointIndex="0" anchorActor="0" rotSpeed="30" rotMax="40" rotMin="-40" />

    <washable dirtDuration="90" washDuration="1" workMultiplier="4" />

    <components count="2">
        <component1 centerOfMass="0 1 -1.3" solverIterationCount="10" mrSetMass="7.7" />
        <component2 centerOfMass="0 1 1.1" solverIterationCount="10" mrSetMass="4.2" />
        <joint component1="0" component2="1" index="0>13" rotLimit="0 0 0" transLimit="0 0 0" />
    </components>

    <schemaOverlay file="$dataS2/menu/schemas/vehicleSchema.png" fileSelected="$dataS2/menu/schemas/vehicleSchemaSelected.png" width="0.5" height="0.5" attacherJointPosition="0.5 0" />

</vehicle>
