﻿<?xml version="1.0" encoding="utf-8" standalone="no" ?>
<vehicle type="implement_animated">
    <annotation>Copyright (C) GIANTS Software GmbH, All Rights Reserved.</annotation>
	
	<!-- MR
	
		mass and center of mass (about 3.7T ?)
		wheels
		
		no brakes
		
		<mrDebug>		
		<drawPoint centerOfMass="0>" />		
	</mrDebug>
	
	-->
	
	

    <storeData>
        <name>TRAILED LIFTER</name>
        <functions>
            <function>$l10n_function_trailedLifter</function>
        </functions>
        <rotation>0</rotation>
        <image>store_trailedLifter.png</image>
        <price>15000</price>
        <dailyUpkeep>10</dailyUpkeep>
        <lifetime>600</lifetime>
        <brand>GREGOIREBESSON</brand>
        <category>plows</category>
        <vertexBufferMemoryUsage>687360</vertexBufferMemoryUsage>
        <indexBufferMemoryUsage>117264</indexBufferMemoryUsage>
        <textureMemoryUsage>5876856</textureMemoryUsage>
        <instanceVertexBufferMemoryUsage>0</instanceVertexBufferMemoryUsage>
        <instanceIndexBufferMemoryUsage>0</instanceIndexBufferMemoryUsage>
    </storeData>

    <typeDesc>$l10n_typeDesc_trailer</typeDesc>
    <filename>vehicles/trailer/gregoireBesson/trailedLifter.i3d</filename>

    <size width="4" length="6" lengthOffset="-0.5" />

    <wheelConfigurations>
        <wheelConfiguration name="$l10n_configuration_valueDefault" price="0">
            <wheels>
                <wheel restLoad="1.5" repr="0>0|2|0" forcePointRatio="0.3" filename="$data/vehicles/wheels/trelleborg/T404_560_50R22_5.xml" isLeft="true"  initialCompression="0" suspTravel="0.15" spring="75" damper="12" hasTireTracks="true" hasParticles="true" />
                <wheel restLoad="1.5" repr="0>0|2|1" forcePointRatio="0.3" filename="$data/vehicles/wheels/trelleborg/T404_560_50R22_5.xml" isLeft="false" initialCompression="0" suspTravel="0.15" spring="75" damper="12" hasTireTracks="true" hasParticles="true" />
            </wheels>
        </wheelConfiguration>
    </wheelConfigurations>

    <brakeForce>0</brakeForce>

    <axisColor>0.8355 0.0161 0.0111 1</axisColor>

    <inputAttacherJoints>
        <inputAttacherJoint index="0>0|0|0" jointType="trailerLow" attacherHeight="0.5" />
    </inputAttacherJoints>

    <attacherJoints>
        <attacherJoint index="0>0|1|0|0|0|0" rotationNode="0>0|1|0|0" rotationNode2="0>0|1|0|0|0" upperRotation="32 0 0" lowerRotation="-10 0 0" upperDistanceToGround="0.95" lowerDistanceToGround="0.15" upperRotationOffset="-1" moveTime="3.5">
            <bottomArm rotationNode="0>0|1|0|1" translationNode="0>0|1|0|1|0" referenceNode="0>0|1|0|1|0|0" zScale="-1" startRotation="30 0 0" />
            <topArm rotationNode="0>0|1|0|2" translationNode="0>0|1|0|2|0" referenceNode="0>0|1|0|2|0|0" zScale="1"/>
            <schema position="0.5 0" rotation="0" invertX="false" />
            <objectChange node="0>0|3|1" visibilityActive="false"  visibilityInactive="true" />
        </attacherJoint>
    </attacherJoints>

    <animations>
        <!-- move support wheel down/up -->
        <animation name="moveSupport">
            <part node="0>0|0|1"   startTime="0"   endTime="0.3" startRot="90 0 0" endRot="0 0 0" />
            <part node="0>0|0|1|0" startTime="0.3" endTime="0.6" startTrans="0 -0.331 0.031" endTrans="0 -0.397 0.031" />
            <part node="0>0|0|1|1" startTime="0" endTime="0.3" startRot="460 0 0" endRot="460 0 0" />
            <part node="0>0|0|1|1" startTime="0.3" endTime="0.6" startRot="460 0 0" endRot="0 0 0" />

            <part node="0>0|0|1|2" startTime="0"   endTime="0.001" visibility="true" />
            <part node="0>0|0|1|2" startTime="0.001"   endTime="0.599" visibility="false" />
            <part node="0>0|0|1|2" startTime="0.599"   endTime="0.6" visibility="true" />
        </animation>
    </animations>

    <movingTools>
        <movingTool index="0>0|1|0|1">
            <dependentPart index="0>0|3|0" />
            <dependentPart index="0>0|1|0|1|0|1" />
        </movingTool>
    </movingTools>

    <movingParts>
        <movingPart index="0>0|3|0" referencePoint="0>0|1|0|1|0|2" referenceFrame="0>0|1|0|1|0|2">
            <translatingPart index="0>0|3|0|0" />
        </movingPart>
        <movingPart index="0>0|1|0|1|0|1" referencePoint="0>0|3|2" referenceFrame="0>0|3|2">
            <translatingPart index="0>0|1|0|1|0|1|0" />
        </movingPart>
    </movingParts>

    <support animationName="moveSupport" />

    <attachSound file="$data/sounds/attach.wav"          pitchOffset="1.00" volume="0.80" indoorVolumeFactor="0.60" indoorLowpassGain="0.95" />
    <hydraulicSound file="$data/sounds/hydraulicUp.wav"  pitchOffset="0.55" volume="0.80" indoorVolumeFactor="0.60" indoorLowpassGain="0.95" />

    <washable dirtDuration="60" washDuration="1" workMultiplier="20" />

    <components count="1">
        <component1 centerOfMass="0 0.65 -1.2" solverIterationCount="10" mrSetMass="3.5" />
    </components>

    <schemaOverlay file="$dataS2/menu/schemas/implementSchema.png" fileSelected="$dataS2/menu/schemas/implementSchemaSelected.png" width="0.5" height="0.5" attacherJointPosition="0 0" />

</vehicle>
