<?xml version="1.0" encoding="utf-8" standalone="no" ?>
<daylight latitude="51.9" dst="yes">
    <annotation>Copyright (c) Realismus Modding, 2017</annotation>
    <contributors>Rahkiin</contributors>

    <seasons>
        <spring>
            <ambient>
                <key values="0.010 0.010 0.016" consoleValues="0.015 0.015 0.024" />
                <key values="0.010 0.010 0.016" consoleValues="0.015 0.015 0.024" />
                <key values="0.020 0.020 0.032" />
                <key values="0.035 0.035 0.040" />
                <key values="0.040 0.040 0.060" />
                <key values="0.080 0.080 0.140" />
                <key values="0.140 0.160 0.120" />
                <key values="0.200 0.250 0.200" />
                <key values="0.200 0.250 0.200" />
                <key values="0.160 0.140 0.160" />
                <key values="0.020 0.020 0.032" />
                <key values="0.048 0.048 0.072" />

                <key values="0.072 0.072 0.088" consoleValues="0.048 0.048 0.072" />
                <key values="0.072 0.072 0.088" consoleValues="0.048 0.048 0.072" />

                <key values="0.020 0.020 0.032" />
                <key values="0.010 0.010 0.016" consoleValues="0.015 0.015 0.024" />
            </ambient>

            <sunColor>
                <key values="0.000 0.000 0.000" consoleValues="0.025 0.030 0.060" />
                <key values="0.000 0.000 0.000" consoleValues="0.025 0.030 0.060" />
                <key values="0.010 0.010 0.010" />
                <key values="0.025 0.025 0.025" />
                <key values="0.050 0.050 0.030" />
                <key values="0.700 0.450 0.350" />
                <key values="0.900 0.650 0.400" />
                <key values="1.400 1.250 1.050" />
                <key values="1.650 1.500 1.300" />
                <key values="0.750 0.700 0.650" />
                <key values="0.800 0.700 0.100" />
                <key values="0.900 0.400 0.100" />
                <key values="0.300 0.250 0.500" />
                <key values="0.025 0.030 0.050" />
                <key values="0.015 0.015 0.015" />
                <key values="0.010 0.010 0.010" />
                <key values="0.005 0.005 0.005" consoleValues="0.010 0.010 0.010" />
                <key values="0.000 0.000 0.000" consoleValues="0.025 0.030 0.060" />
            </sunColor>

            <distanceFog>
                <key values="0 0 0 0.003" />
                <key values="(010/255)^2.2 (012/255)^2.2 (015/255)^2.2 0.0008" />
                <key values="(085/255)^2.2 (065/255)^2.2 (075/255)^2.2 0.0003" />
                <key values="(085/255)^2.2 (070/255)^2.2 (075/255)^2.2 0.0002" />
                <key values="(105/255)^2.2 (130/255)^2.2 (150/255)^2.2 0.0001" />
                <key values="(105/255)^2.2 (130/255)^2.2 (150/255)^2.2 0.0002" />
                <key values="(105/255)^2.2 (130/255)^2.2 (150/255)^2.2 0.0004" />
                <key values="(080/255)^2.2 (070/255)^2.2 (065/255)^2.2 0.0003" />
                <key values="(065/255)^2.2 (060/255)^2.2 (070/255)^2.2 0.0006" />
                <key values="(020/255)^2.2 (020/255)^2.2 (030/255)^2.2 0.0008" />
                <key values="0 0 0 0.003" />
            </distanceFog>

            <dustDensity>
                <key values="0" />
                <key values="0" />
                <key values="0.75" />
                <key values="0.15" />
                <key values="0.05" />
                <key values="0.05" />
                <key values="0.15" />
                <key values="0" />
                <key values="0" />
            </dustDensity>
        </spring>

        <summer>
            <ambient>
                <key values="0.010 0.010 0.016" consoleValues="0.015 0.015 0.024" />
                <key values="0.010 0.010 0.016" consoleValues="0.015 0.015 0.024" />
                <key values="0.020 0.020 0.032" />
                <key values="0.035 0.035 0.040" />
                <key values="0.040 0.040 0.060" />
                <key values="0.080 0.080 0.140" />
                <key values="0.140 0.140 0.120" />
                <key values="0.200 0.200 0.200" />
                <key values="0.200 0.200 0.200" />
                <key values="0.160 0.140 0.160" />
                <key values="0.020 0.020 0.032" />
                <key values="0.048 0.048 0.072" />
                <key values="0.072 0.072 0.088" />
                <key values="0.072 0.072 0.088" />
                <key values="0.020 0.020 0.032" />
                <key values="0.010 0.010 0.016" consoleValues="0.015 0.015 0.024" />
            </ambient>

            <sunColor>
                <key values="0.000 0.000 0.000" consoleValues="0.025 0.030 0.060" />
                <key values="0.000 0.000 0.000" consoleValues="0.025 0.030 0.060" />
                <key values="0.010 0.010 0.010" />
                <key values="0.025 0.025 0.025" />
                <key values="0.050 0.050 0.030" />
                <key values="0.700 0.450 0.350" />
                <key values="0.900 0.650 0.400" />
                <key values="1.500 1.250 1.150" />
                <key values="1.750 1.500 1.400" />
                <key values="0.750 0.700 0.650" />
                <key values="0.800 0.700 0.100" />
                <key values="0.900 0.400 0.100" />
                <key values="0.300 0.250 0.500" />
                <key values="0.025 0.030 0.050" />
                <key values="0.015 0.015 0.015" />
                <key values="0.010 0.010 0.010" />
                <key values="0.005 0.005 0.005" consoleValues="0.010 0.010 0.010" />
                <key values="0.000 0.000 0.000" consoleValues="0.025 0.030 0.060" />
            </sunColor>

            <distanceFog>
                <key values="0 0 0 0.003" />
                <key values="(010/255)^2.2 (012/255)^2.2 (015/255)^2.2 0.0008" />
                <key values="(085/255)^2.2 (065/255)^2.2 (075/255)^2.2 0.0003" />
                <key values="(085/255)^2.2 (070/255)^2.2 (075/255)^2.2 0.0002" />
                <key values="(105/255)^2.2 (130/255)^2.2 (150/255)^2.2 0.0001" />
                <key values="(105/255)^2.2 (130/255)^2.2 (150/255)^2.2 0.0003" />
                <key values="(105/255)^2.2 (130/255)^2.2 (150/255)^2.2 0.0005" />
                <key values="(080/255)^2.2 (070/255)^2.2 (065/255)^2.2 0.0003" />
                <key values="(065/255)^2.2 (060/255)^2.2 (070/255)^2.2 0.0006" />
                <key values="(020/255)^2.2 (020/255)^2.2 (030/255)^2.2 0.0008" />
                <key values="0 0 0 0.003" />
            </distanceFog>

            <dustDensity>
                <key values="0" />
                <key values="0" />
                <key values="0.75" />
                <key values="0.15" />
                <key values="0.05" />
                <key values="0.05" />
                <key values="0.15" />
                <key values="0" />
                <key values="0" />
            </dustDensity>
        </summer>

        <autumn>
            <ambient>
                <key values="0.010 0.010 0.016" consoleValues="0.015 0.015 0.024" />
                <key values="0.010 0.010 0.016" consoleValues="0.015 0.015 0.024" />
                <key values="0.020 0.020 0.032" />
                <key values="0.035 0.035 0.040" />
                <key values="0.040 0.040 0.060" />
                <key values="0.080 0.080 0.140" />
                <key values="0.160 0.140 0.120" />
                <key values="0.250 0.200 0.200" />
                <key values="0.250 0.200 0.200" />
                <key values="0.160 0.140 0.160" />
                <key values="0.020 0.020 0.032" />
                <key values="0.048 0.048 0.072" />
                <key values="0.072 0.072 0.088" />
                <key values="0.072 0.072 0.088" />
                <key values="0.020 0.020 0.032" />
                <key values="0.010 0.010 0.016" consoleValues="0.015 0.015 0.024" />
            </ambient>

            <sunColor>
                <key values="0.000 0.000 0.000" consoleValues="0.025 0.030 0.060" />
                <key values="0.000 0.000 0.000" consoleValues="0.025 0.030 0.060" />
                <key values="0.010 0.010 0.010" />
                <key values="0.025 0.025 0.025" />
                <key values="0.050 0.050 0.030" />
                <key values="0.700 0.450 0.350" />
                <key values="0.900 0.650 0.400" />
                <key values="1.400 1.150 0.950" />
                <key values="1.650 1.400 1.200" />
                <key values="0.750 0.700 0.650" />
                <key values="0.800 0.700 0.100" />
                <key values="0.900 0.400 0.100" />
                <key values="0.300 0.250 0.500" />
                <key values="0.025 0.030 0.050" />
                <key values="0.015 0.015 0.015" />
                <key values="0.010 0.010 0.010" />
                <key values="0.005 0.005 0.005" consoleValues="0.010 0.010 0.010" />
                <key values="0.000 0.000 0.000" consoleValues="0.025 0.030 0.060" />
            </sunColor>

            <distanceFog>
                <key values="0 0 0 0.003" />
                <key values="(010/255)^2.2 (012/255)^2.2 (015/255)^2.2 0.0008" />
                <key values="(085/255)^2.2 (065/255)^2.2 (075/255)^2.2 0.0003" />
                <key values="(085/255)^2.2 (070/255)^2.2 (075/255)^2.2 0.0002" />
                <key values="(105/255)^2.2 (130/255)^2.2 (150/255)^2.2 0.0001" />
                <key values="(105/255)^2.2 (130/255)^2.2 (150/255)^2.2 0.0002" />
                <key values="(105/255)^2.2 (130/255)^2.2 (150/255)^2.2 0.0003" />
                <key values="(080/255)^2.2 (070/255)^2.2 (065/255)^2.2 0.0003" />
                <key values="(065/255)^2.2 (060/255)^2.2 (070/255)^2.2 0.0006" />
                <key values="(020/255)^2.2 (020/255)^2.2 (030/255)^2.2 0.0008" />
                <key values="0 0 0 0.003" />
            </distanceFog>

            <dustDensity>
                <key values="0" />
                <key values="0" />
                <key values="0.75" />
                <key values="0.15" />
                <key values="0.05" />
                <key values="0.05" />
                <key values="0.15" />
                <key values="0" />
                <key values="0" />
            </dustDensity>
        </autumn>

        <winter>
            <ambient>
                <key values="0.010 0.010 0.016" consoleValues="0.015 0.015 0.024" />
                <key values="0.010 0.010 0.016" consoleValues="0.015 0.015 0.024" />
                <key values="0.020 0.020 0.032" />
                <key values="0.035 0.035 0.040" />
                <key values="0.040 0.040 0.060" />
                <key values="0.080 0.080 0.140" />
                <key values="0.140 0.140 0.160" />
                <key values="0.150 0.150 0.200" />
                <key values="0.150 0.150 0.200" />
                <key values="0.160 0.140 0.160" />
                <key values="0.020 0.020 0.032" />
                <key values="0.048 0.048 0.072" />
                <key values="0.072 0.072 0.088" />
                <key values="0.072 0.072 0.088" />
                <key values="0.020 0.020 0.032" />
                <key values="0.010 0.010 0.016" consoleValues="0.015 0.015 0.024" />
            </ambient>

            <sunColor>
                <key values="0.000 0.000 0.000" consoleValues="0.025 0.030 0.060" />
                <key values="0.000 0.000 0.000" consoleValues="0.025 0.030 0.060" />
                <key values="0.010 0.010 0.010" />
                <key values="0.025 0.025 0.025" />
                <key values="0.050 0.050 0.030" />
                <key values="0.700 0.450 0.350" />
                <key values="0.900 0.650 0.400" />
                <key values="1.300 1.050 1.150" />
                <key values="1.550 1.400 1.400" />
                <key values="0.750 0.700 0.650" />
                <key values="0.800 0.700 0.100" />
                <key values="0.900 0.400 0.100" />
                <key values="0.300 0.250 0.500" />
                <key values="0.025 0.030 0.050" />
                <key values="0.015 0.015 0.015" />
                <key values="0.010 0.010 0.010" />
                <key values="0.005 0.005 0.005" consoleValues="0.010 0.010 0.010" />
                <key values="0.000 0.000 0.000" consoleValues="0.025 0.030 0.060" />
            </sunColor>

            <distanceFog>
                <key values="0 0 0 0.003" />
                <key values="(010/255)^2.2 (012/255)^2.2 (015/255)^2.2 0.0008" />
                <key values="(085/255)^2.2 (065/255)^2.2 (075/255)^2.2 0.0003" />
                <key values="(085/255)^2.2 (070/255)^2.2 (075/255)^2.2 0.0002" />
                <key values="(105/255)^2.2 (130/255)^2.2 (150/255)^2.2 0.0001" />
                <key values="(105/255)^2.2 (130/255)^2.2 (150/255)^2.2 0.0002" />
                <key values="(105/255)^2.2 (130/255)^2.2 (150/255)^2.2 0.0003" />
                <key values="(080/255)^2.2 (070/255)^2.2 (065/255)^2.2 0.0003" />
                <key values="(065/255)^2.2 (060/255)^2.2 (070/255)^2.2 0.0006" />
                <key values="(020/255)^2.2 (020/255)^2.2 (030/255)^2.2 0.0008" />
                <key values="0 0 0 0.003" />
            </distanceFog>

            <dustDensity>
                <key values="0" />
                <key values="0" />
                <key values="0.75" />
                <key values="0.15" />
                <key values="0.05" />
                <key values="0.05" />
                <key values="0.15" />
                <key values="0" />
                <key values="0" />
            </dustDensity>
        </winter>
    </seasons>
</daylight>
