<?xml version="1.0" encoding="utf-8" standalone="no" ?>
<growth>
    <annotation>Copyright (c) Realismus Modding, 2017</annotation>
    <contributors>theSeb</contributors>

    <defaultFruits>
        <defaultFruit fruitName="barley" maxSprayGrowthState="4"/>
        <defaultFruit fruitName="wheat" maxSprayGrowthState="4"/>
        <defaultFruit fruitName="rape" maxSprayGrowthState="4"/>
        <defaultFruit fruitName="maize" maxSprayGrowthState="4"/>
        <defaultFruit fruitName="soybean" maxSprayGrowthState="4"/>
        <defaultFruit fruitName="sunflower" maxSprayGrowthState="4"/>
        <defaultFruit fruitName="potato" maxSprayGrowthState="4"/>
        <defaultFruit fruitName="sugarBeet" maxSprayGrowthState="4"/>
        <defaultFruit fruitName="poplar" maxSprayGrowthState="4"/>
        <defaultFruit fruitName="grass" maxSprayGrowthState="4"/>
        <defaultFruit fruitName="oilseedRadish" />
        <defaultFruit fruitName="dryGrass" />
        <defaultFruit fruitName="sugarCane" />
    </defaultFruits>
    <growthTransitions>
        <gt growthTransitionNum="1"> <!--late winter to early spring-->
            <fruit fruitName="barley"  normalGrowthState="1" normalGrowthMaxState="2"/>
            <fruit fruitName="wheat"   normalGrowthState="1" normalGrowthMaxState="2"/>
            <fruit fruitName="rape"    normalGrowthState="1" normalGrowthMaxState="2"/>
            <fruit fruitName="poplar" normalGrowthState="1" normalGrowthMaxState="MAX_STATE"/>
            <fruit fruitName="oilseedRadish" normalGrowthState="1" normalGrowthMaxState="MAX_STATE"/>
            <fruit fruitName="maize" setGrowthState="1" desiredGrowthState="CUT"/>
            <fruit fruitName="potato" setGrowthState="1" desiredGrowthState="CUT"/>
            <fruit fruitName="sugarBeet" setGrowthState="1" desiredGrowthState="CUT"/>
        </gt>
        <gt growthTransitionNum="2"> <!--early spring to mid spring-->
            <fruit fruitName="barley"  normalGrowthState="1"  normalGrowthMaxState="3"/>
            <fruit fruitName="wheat"   normalGrowthState="1" normalGrowthMaxState="3"/>
            <fruit fruitName="rape"    normalGrowthState="1" normalGrowthMaxState="3"/>
            <fruit fruitName="maize" normalGrowthState="1"/>
            <fruit fruitName="soybean" setGrowthState="1" desiredGrowthState="CUT"/>
            <fruit fruitName="sunflower" setGrowthState="1" desiredGrowthState="CUT"/>
            <fruit fruitName="potato"    normalGrowthState="1"/>
            <fruit fruitName="sugarBeet" normalGrowthState="1"/>
            <fruit fruitName="poplar" normalGrowthState="1" normalGrowthMaxState="MAX_STATE"/>
            <fruit fruitName="grass" normalGrowthState="1" setGrowthState="2" desiredGrowthState="3"/>
            <fruit fruitName="oilseedRadish" normalGrowthState="1" normalGrowthMaxState="MAX_STATE"/>
        </gt>
        <gt growthTransitionNum="3"> <!--mid spring to late spring-->
            <fruit fruitName="barley"  normalGrowthState="1" normalGrowthMaxState="3"/>
            <fruit fruitName="wheat"   normalGrowthState="1" normalGrowthMaxState="3"/>
            <fruit fruitName="rape"    normalGrowthState="1" normalGrowthMaxState="3"/>
            <fruit fruitName="maize" normalGrowthState="1" normalGrowthMaxState="2"/>
            <fruit fruitName="soybean" normalGrowthState="1"/>
            <fruit fruitName="sunflower" normalGrowthState="1"/>
            <fruit fruitName="potato"    normalGrowthState="1" normalGrowthMaxState="2"/>
            <fruit fruitName="sugarBeet" normalGrowthState="1" normalGrowthMaxState="2"/>
            <fruit fruitName="oilseedRadish" normalGrowthState="1" normalGrowthMaxState="MAX_STATE"/>
        </gt>
        <gt growthTransitionNum="4"> <!--late spring to early summer-->
            <fruit fruitName="barley"  normalGrowthState="1" normalGrowthMaxState="4"/>
            <fruit fruitName="wheat"   normalGrowthState="1" normalGrowthMaxState="4"/>
            <fruit fruitName="rape"    normalGrowthState="1" normalGrowthMaxState="4"/>
            <fruit fruitName="maize" normalGrowthState="1" normalGrowthMaxState="3"/>
            <fruit fruitName="soybean" normalGrowthState="1" normalGrowthMaxState="2"/>
            <fruit fruitName="sunflower" normalGrowthState="1" normalGrowthMaxState="2"/>
            <fruit fruitName="potato"    normalGrowthState="1" normalGrowthMaxState="3"/>
            <fruit fruitName="sugarBeet" normalGrowthState="1" normalGrowthMaxState="3"/>
            <fruit fruitName="poplar" normalGrowthState="1"  normalGrowthMaxState="MAX_STATE"/>
            <fruit fruitName="grass" normalGrowthState="1"  normalGrowthMaxState="MAX_STATE"/>
            <fruit fruitName="oilseedRadish" normalGrowthState="1"  normalGrowthMaxState="MAX_STATE"/>
        </gt>
        <gt growthTransitionNum="5"> <!--early summer to mid summer-->
            <fruit fruitName="barley"  normalGrowthState="2" normalGrowthMaxState="5" setGrowthState="1"  desiredGrowthState="CUT"/>
            <fruit fruitName="wheat"   normalGrowthState="2" normalGrowthMaxState="5" setGrowthState="1"  desiredGrowthState="CUT"/>
            <fruit fruitName="rape"    normalGrowthState="2" normalGrowthMaxState="5" setGrowthState="1"  desiredGrowthState="CUT"/>
            <fruit fruitName="maize" normalGrowthState="1" normalGrowthMaxState="4"/>
            <fruit fruitName="soybean" normalGrowthState="1" normalGrowthMaxState="3"/>
            <fruit fruitName="sunflower" normalGrowthState="2" normalGrowthMaxState="3" setGrowthState="1" desiredGrowthState="CUT"/>
            <fruit fruitName="potato"    normalGrowthState="2" normalGrowthMaxState="4" setGrowthState="1" desiredGrowthState="CUT"/>
            <fruit fruitName="sugarBeet" normalGrowthState="2" normalGrowthMaxState="4" setGrowthState="1" desiredGrowthState="CUT"/>
        </gt>
        <gt growthTransitionNum="6"> <!--mid summer to late summer-->
            <fruit fruitName="barley"  normalGrowthState="6" extraGrowthMinState="3" extraGrowthMaxState="5" extraGrowthFactor="2" setGrowthState="1"  desiredGrowthState="CUT"/>
            <fruit fruitName="wheat"   normalGrowthState="6" extraGrowthMinState="3" extraGrowthMaxState="5" extraGrowthFactor="2" setGrowthState="1"  desiredGrowthState="CUT"/>
            <fruit fruitName="rape"    normalGrowthState="6" extraGrowthMinState="3" extraGrowthMaxState="5" extraGrowthFactor="2" setGrowthState="1"  desiredGrowthState="CUT"/>
            <fruit fruitName="maize" extraGrowthMinState="2" extraGrowthMaxState="5" extraGrowthFactor="2" setGrowthState="1"  desiredGrowthState="CUT"/>
            <fruit fruitName="soybean" extraGrowthMinState="2" extraGrowthMaxState="4" extraGrowthFactor="2" setGrowthState="1"  desiredGrowthState="CUT"/>
            <fruit fruitName="sunflower" extraGrowthMinState="3" extraGrowthMaxState="4" extraGrowthFactor="2" setGrowthState="1"  desiredGrowthState="CUT"/>
            <fruit fruitName="potato"    normalGrowthState="3" normalGrowthMaxState="5" setGrowthState="1" desiredGrowthState="CUT"/>
            <fruit fruitName="sugarBeet" normalGrowthState="3" normalGrowthMaxState="5" setGrowthState="1" desiredGrowthState="CUT"/>
            <fruit fruitName="grass" normalGrowthState="2" normalGrowthMaxState="MAX_STATE"/>
        </gt>
        <gt growthTransitionNum="7"> <!--late summer to early autumn-->
            <fruit fruitName="barley"  normalGrowthState="5" normalGrowthMaxState="6" setGrowthState="1"  desiredGrowthState="CUT"/>
            <fruit fruitName="wheat"   normalGrowthState="5" normalGrowthMaxState="6" setGrowthState="1"  desiredGrowthState="CUT"/>
            <fruit fruitName="rape"    normalGrowthState="5" normalGrowthMaxState="6" />
            <fruit fruitName="maize" normalGrowthState="4" normalGrowthMaxState="6" setGrowthState="1"  desiredGrowthState="CUT"/>
            <fruit fruitName="soybean" normalGrowthState="4" normalGrowthMaxState="6" setGrowthState="1"  desiredGrowthState="CUT"/>
            <fruit fruitName="sunflower" normalGrowthState="5" normalGrowthMaxState="6" setGrowthState="1"  desiredGrowthState="CUT"/>
            <fruit fruitName="potato"    normalGrowthState="4" normalGrowthMaxState="5" setGrowthState="1"  desiredGrowthState="CUT"/>
            <fruit fruitName="sugarBeet" normalGrowthState="4" normalGrowthMaxState="6" setGrowthState="1"  desiredGrowthState="CUT"/>
            <fruit fruitName="poplar" normalGrowthState="1"  normalGrowthMaxState="MAX_STATE"/>
            <fruit fruitName="grass" normalGrowthState="1"  normalGrowthMaxState="MAX_STATE"/>
            <fruit fruitName="oilseedRadish" normalGrowthState="1"  normalGrowthMaxState="MAX_STATE"/>
        </gt>
        <gt growthTransitionNum="8"> <!--early autumn to mid autumn-->
            <fruit fruitName="barley"  normalGrowthState="1" normalGrowthMaxState="6"/>
            <fruit fruitName="wheat"   normalGrowthState="1" normalGrowthMaxState="6"/>
            <fruit fruitName="rape"    normalGrowthState="1" normalGrowthMaxState="6"/>
            <fruit fruitName="maize" normalGrowthState="5" normalGrowthMaxState="6" setGrowthState="1"  desiredGrowthState="CUT"/>
            <fruit fruitName="soybean" normalGrowthState="5" normalGrowthMaxState="6" setGrowthState="1"  desiredGrowthState="CUT"/>
            <fruit fruitName="sunflower" normalGrowthState="6" setGrowthState="1"  desiredGrowthState="CUT"/>
            <fruit fruitName="potato"    normalGrowthState="5" setGrowthState="1"  desiredGrowthState="CUT"/>
            <fruit fruitName="sugarBeet" normalGrowthState="5" normalGrowthMaxState="6" setGrowthState="1"  desiredGrowthState="CUT"/>
            <fruit fruitName="oilseedRadish" normalGrowthState="1"  normalGrowthMaxState="MAX_STATE"/>
        </gt>
        <gt growthTransitionNum="9"> <!--mid autumn to late autumn-->
            <fruit fruitName="barley"  normalGrowthState="1" />
            <fruit fruitName="wheat"   normalGrowthState="1" />
            <fruit fruitName="rape"    normalGrowthState="1" />
            <fruit fruitName="maize" normalGrowthState="6" setGrowthState="1"  desiredGrowthState="CUT"/>
            <fruit fruitName="soybean" normalGrowthState="6" setGrowthState="1"  desiredGrowthState="CUT"/>
            <fruit fruitName="sunflower" setGrowthState="1"  desiredGrowthState="CUT"/>
            <fruit fruitName="potato"    setGrowthState="1"  desiredGrowthState="CUT"/>
            <fruit fruitName="sugarBeet" normalGrowthState="6" setGrowthState="1"  desiredGrowthState="CUT"/>
            <fruit fruitName="oilseedRadish" normalGrowthState="1"  normalGrowthMaxState="MAX_STATE"/>
        </gt>
        <gt growthTransitionNum="10"> <!--late autumn to early winter-->
            <fruit fruitName="barley"  setGrowthState="4"  setGrowthMaxState="MAX_STATE" desiredGrowthState="WITHERED"/>
            <fruit fruitName="wheat"   setGrowthState="4"  setGrowthMaxState="MAX_STATE" desiredGrowthState="WITHERED"/>
            <fruit fruitName="rape"    setGrowthState="4"  setGrowthMaxState="MAX_STATE" desiredGrowthState="WITHERED"/>
            <fruit fruitName="maize" setGrowthState="1"  desiredGrowthState="CUT" normalGrowthState="7"/>
            <fruit fruitName="soybean" setGrowthState="1" desiredGrowthState="CUT" normalGrowthState="7"/>
            <fruit fruitName="sunflower" setGrowthState="1" desiredGrowthState="CUT" normalGrowthState="7"/>
            <fruit fruitName="potato" setGrowthState="1" desiredGrowthState="CUT" normalGrowthState="6"/>
            <fruit fruitName="sugarBeet" setGrowthState="1" desiredGrowthState="CUT" normalGrowthState="7"/>
            <fruit fruitName="grass" setGrowthState="1"  setGrowthMaxState="MAX_STATE" desiredGrowthState="2"/>
        </gt>
        <gt growthTransitionNum="11"/> <!--early winter to mid winter-->
        <gt growthTransitionNum="12"/> <!--mid winter to late winter-->
        <gt growthTransitionNum="FIRST_LOAD_TRANSITION">
            <fruit fruitName="barley" setGrowthState="1" setGrowthMaxState="MAX_STATE" desiredGrowthState="CUT"/>
            <fruit fruitName="wheat" setGrowthState="1" setGrowthMaxState="MAX_STATE" desiredGrowthState="CUT"/>
            <fruit fruitName="rape" setGrowthState="1" setGrowthMaxState="MAX_STATE" desiredGrowthState="CUT"/>
            <fruit fruitName="maize" setGrowthState="1" setGrowthMaxState="MAX_STATE" desiredGrowthState="CUT"/>
            <fruit fruitName="soybean" setGrowthState="1" setGrowthMaxState="MAX_STATE" desiredGrowthState="CUT"/>
            <fruit fruitName="sunflower" setGrowthState="1" setGrowthMaxState="MAX_STATE" desiredGrowthState="CUT"/>
            <fruit fruitName="potato" setGrowthState="1" setGrowthMaxState="MAX_STATE" desiredGrowthState="CUT"/>
            <fruit fruitName="sugarBeet" setGrowthState="1" setGrowthMaxState="MAX_STATE" desiredGrowthState="CUT"/>
            <fruit fruitName="poplar" setGrowthState="1" setGrowthMaxState="MAX_STATE" desiredGrowthState="CUT"/>
            <fruit fruitName="grass" setGrowthState="1" setGrowthMaxState="MAX_STATE" desiredGrowthState="2"/>
            <fruit fruitName="oilseedRadish" setGrowthState="1" setGrowthMaxState="MAX_STATE" desiredGrowthState="CUT"/>
        </gt>
    </growthTransitions>
    <germination>
        <fruit fruitName="barley" germinateTemp="5" />
        <fruit fruitName="wheat" germinateTemp="5" />
        <fruit fruitName="rape" germinateTemp="5" />
        <fruit fruitName="maize" germinateTemp="10" />
        <fruit fruitName="soybean" germinateTemp="10" />
        <fruit fruitName="sunflower" germinateTemp="7" />
        <fruit fruitName="potato" germinateTemp="5" />
        <fruit fruitName="sugarBeet" germinateTemp="5" />
        <fruit fruitName="grass" germinateTemp="3" />
        <fruit fruitName="oilseedRadish" germinateTemp="7" />
        <fruit fruitName="poplar" germinateTemp="5" />
        <fruit fruitName="sugarCane" germinateTemp="12" />
    </germination>
</growth>
