<?xml version="1.0" encoding="utf-8" standalone="no" ?>
<textures overwrite="true" materialHolder="../resources/replacementTextures/materialHolder.i3d" alphaBlending="false" blendingMaterialHolder="../resources/replacementTextures/materialHolderBlending.i3d" textureMemoryUsage="37290216">
    <annotation>Copyright (c) Realismus Modding, 2017</annotation>
    <contributors>mrbear, reallogger, Rahkiin</contributors>

    <seasons>
        <spring>
            <!-- Bushes and small trees -->
            <texture shapeName="bush01" secondaryNodeName="bush01" to="bushes_spring" />
            <texture shapeName="bush02" secondaryNodeName="bush02" to="bushes_spring" />
            <texture shapeName="bush03" secondaryNodeName="bush03" to="bushes_spring" />
            <texture shapeName="bush04" secondaryNodeName="bush04" to="bushes_spring" />
            <texture shapeName="bush05" secondaryNodeName="bush05" to="bushes_spring" />

            <texture shapeName="tree4m" secondaryNodeName="tree4m" to="treeBranch_spring" />
            <texture shapeName="tree5m" secondaryNodeName="tree5m" to="treeBranch_spring" />
            <texture shapeName="bush06" secondaryNodeName="bush06" to="treeBranch_spring" />
            <texture shapeName="bush07" secondaryNodeName="bush07" to="treeBranch_spring" />

            <!-- Birch -->
            <texture shapeName="birch_stage1" secondaryNodeName="LOD0" to="birchBranch_spring" />
            <texture shapeName="birch_stage1" secondaryNodeName="LOD1" to="birch1LOD_spring" />

            <texture shapeName="birch_stage2" secondaryNodeName="attachments" to="birchBranch_spring" />
            <texture shapeName="birch_stage2" secondaryNodeName="LOD0" to="birchTrunk_any" />
            <texture shapeName="birch_stage2" secondaryNodeName="LOD1" to="birch2LOD_spring" />

            <texture shapeName="birch_stage3" secondaryNodeName="attachments" to="birchBranch_spring" />
            <texture shapeName="birch_stage3" secondaryNodeName="LOD0" to="birchTrunk_any" />
            <texture shapeName="birch_stage3" secondaryNodeName="LOD1" to="birch3LOD_spring" />

            <texture shapeName="birch_stage4" secondaryNodeName="attachments" to="birchBranch_spring" />
            <texture shapeName="birch_stage4" secondaryNodeName="LOD0" to="birchTrunk_any" />
            <texture shapeName="birch_stage4" secondaryNodeName="LOD1" to="birch4LOD_spring" />

            <texture shapeName="birch_stage5" secondaryNodeName="attachments" to="birchBranch_spring" />
            <texture shapeName="birch_stage5" secondaryNodeName="LOD0" to="birchTrunk_any" />
            <texture shapeName="birch_stage5" secondaryNodeName="LOD1" to="birch5LOD_spring" />

            <texture shapeName="birch_stage6" secondaryNodeName="attachments" to="birchBranch_spring" />
            <texture shapeName="birch_stage6" secondaryNodeName="LOD0" to="birchTrunk_any" />
            <texture shapeName="birch_stage6" secondaryNodeName="LOD1" to="birch6LOD_spring" />

            <!-- Maple -->
            <texture shapeName="maple_stage5" secondaryNodeName="attachments" to="mapleBranch_spring" />
            <texture shapeName="maple_stage5" secondaryNodeName="LOD0" to="mapleTrunk_any" />
            <texture shapeName="maple_stage5" secondaryNodeName="LOD1" to="maple5LOD_spring" />

            <!-- Oak -->
            <texture shapeName="oak_stage4" secondaryNodeName="attachments" to="oakBranch_spring" />
            <texture shapeName="oak_stage4" secondaryNodeName="LOD0" to="oakTrunk_any" />
            <texture shapeName="oak_stage4" secondaryNodeName="LOD1" to="oak4LOD_spring" />

            <!-- Poplar -->
            <texture shapeName="poplar_stage5" secondaryNodeName="attachments" to="poplarBranch_spring" />
            <texture shapeName="poplar_stage5" secondaryNodeName="LOD0" to="oakTrunk_any" />
            <texture shapeName="poplar_stage5" secondaryNodeName="LOD1" to="poplar5LOD_spring" />

            <!-- Poplar for old Goldcrest Valley -->
            <texture shapeName="poplar_satge5" secondaryNodeName="attachments" to="poplarBranch_spring" />
            <texture shapeName="poplar_satge5" secondaryNodeName="LOD0" to="oakTrunk_any" />
            <texture shapeName="poplar_satge5" secondaryNodeName="LOD1" to="poplar5LOD_spring" />
        </spring>

        <summer>
            <!-- Bushes and small trees -->
            <texture shapeName="bush01" secondaryNodeName="bush01" to="bushes_summer" />
            <texture shapeName="bush02" secondaryNodeName="bush02" to="bushes_summer" />
            <texture shapeName="bush03" secondaryNodeName="bush03" to="bushes_summer" />
            <texture shapeName="bush04" secondaryNodeName="bush04" to="bushes_summer" />
            <texture shapeName="bush05" secondaryNodeName="bush05" to="bushes_summer" />

            <texture shapeName="tree4m" secondaryNodeName="tree4m" to="treeBranch_summer" />
            <texture shapeName="tree5m" secondaryNodeName="tree5m" to="treeBranch_summer" />
            <texture shapeName="bush06" secondaryNodeName="bush06" to="treeBranch_summer" />
            <texture shapeName="bush07" secondaryNodeName="bush07" to="treeBranch_summer" />

            <!-- Birch -->
            <texture shapeName="birch_stage1" secondaryNodeName="LOD0" to="birchBranch_summer" />
            <texture shapeName="birch_stage1" secondaryNodeName="LOD1" to="birch1LOD_summer" />

            <texture shapeName="birch_stage2" secondaryNodeName="attachments" to="birchBranch_summer" />
            <texture shapeName="birch_stage2" secondaryNodeName="LOD0" to="birchTrunk_any" />
            <texture shapeName="birch_stage2" secondaryNodeName="LOD1" to="birch2LOD_summer" />

            <texture shapeName="birch_stage3" secondaryNodeName="attachments" to="birchBranch_summer" />
            <texture shapeName="birch_stage3" secondaryNodeName="LOD0" to="birchTrunk_any" />
            <texture shapeName="birch_stage3" secondaryNodeName="LOD1" to="birch3LOD_summer" />

            <texture shapeName="birch_stage4" secondaryNodeName="attachments" to="birchBranch_summer" />
            <texture shapeName="birch_stage4" secondaryNodeName="LOD0" to="birchTrunk_any" />
            <texture shapeName="birch_stage4" secondaryNodeName="LOD1" to="birch4LOD_summer" />

            <texture shapeName="birch_stage5" secondaryNodeName="attachments" to="birchBranch_summer" />
            <texture shapeName="birch_stage5" secondaryNodeName="LOD0" to="birchTrunk_any" />
            <texture shapeName="birch_stage5" secondaryNodeName="LOD1" to="birch5LOD_summer" />

            <texture shapeName="birch_stage6" secondaryNodeName="attachments" to="birchBranch_summer" />
            <texture shapeName="birch_stage6" secondaryNodeName="LOD0" to="birchTrunk_any" />
            <texture shapeName="birch_stage6" secondaryNodeName="LOD1" to="birch6LOD_summer" />

            <!-- Maple -->
            <texture shapeName="maple_stage5" secondaryNodeName="attachments" to="mapleBranch_summer" />
            <texture shapeName="maple_stage5" secondaryNodeName="LOD0" to="mapleTrunk_any" />
            <texture shapeName="maple_stage5" secondaryNodeName="LOD1" to="maple5LOD_summer" />

            <!-- Oak -->
            <texture shapeName="oak_stage4" secondaryNodeName="attachments" to="oakBranch_summer" />
            <texture shapeName="oak_stage4" secondaryNodeName="LOD0" to="oakTrunk_any" />
            <texture shapeName="oak_stage4" secondaryNodeName="LOD1" to="oak4LOD_summer" />

            <!-- Poplar -->
            <texture shapeName="poplar_stage5" secondaryNodeName="attachments" to="poplarBranch_summer" />
            <texture shapeName="poplar_stage5" secondaryNodeName="LOD0" to="oakTrunk_any" />
            <texture shapeName="poplar_stage5" secondaryNodeName="LOD1" to="poplar5LOD_summer" />

            <!-- Poplar for old Goldcrest Valley -->
            <texture shapeName="poplar_satge5" secondaryNodeName="attachments" to="poplarBranch_summer" />
            <texture shapeName="poplar_satge5" secondaryNodeName="LOD0" to="oakTrunk_any" />
            <texture shapeName="poplar_satge5" secondaryNodeName="LOD1" to="poplar5LOD_summer" />
        </summer>

        <autumn>
            <!-- Bushes and small trees -->
            <texture shapeName="bush01" secondaryNodeName="bush01" to="bushes_autumn" />
            <texture shapeName="bush02" secondaryNodeName="bush02" to="bushes_autumn" />
            <texture shapeName="bush03" secondaryNodeName="bush03" to="bushes_autumn" />
            <texture shapeName="bush04" secondaryNodeName="bush04" to="bushes_autumn" />
            <texture shapeName="bush05" secondaryNodeName="bush05" to="bushes_autumn" />

            <texture shapeName="tree4m" secondaryNodeName="tree4m" to="treeBranch_autumn" />
            <texture shapeName="tree5m" secondaryNodeName="tree5m" to="treeBranch_autumn" />
            <texture shapeName="bush06" secondaryNodeName="bush06" to="treeBranch_autumn" />
            <texture shapeName="bush07" secondaryNodeName="bush07" to="treeBranch_autumn" />

            <!-- Birch -->
            <texture shapeName="birch_stage1" secondaryNodeName="LOD0" to="birchBranch_autumn" />
            <texture shapeName="birch_stage1" secondaryNodeName="LOD1" to="birch1LOD_autumn" />

            <texture shapeName="birch_stage2" secondaryNodeName="attachments" to="birchBranch_autumn" />
            <texture shapeName="birch_stage2" secondaryNodeName="LOD0" to="birchTrunk_any" />
            <texture shapeName="birch_stage2" secondaryNodeName="LOD1" to="birch2LOD_autumn" />

            <texture shapeName="birch_stage3" secondaryNodeName="attachments" to="birchBranch_autumn" />
            <texture shapeName="birch_stage3" secondaryNodeName="LOD0" to="birchTrunk_any" />
            <texture shapeName="birch_stage3" secondaryNodeName="LOD1" to="birch3LOD_autumn" />

            <texture shapeName="birch_stage4" secondaryNodeName="attachments" to="birchBranch_autumn" />
            <texture shapeName="birch_stage4" secondaryNodeName="LOD0" to="birchTrunk_any" />
            <texture shapeName="birch_stage4" secondaryNodeName="LOD1" to="birch4LOD_autumn" />

            <texture shapeName="birch_stage5" secondaryNodeName="attachments" to="birchBranch_autumn" />
            <texture shapeName="birch_stage5" secondaryNodeName="LOD0" to="birchTrunk_any" />
            <texture shapeName="birch_stage5" secondaryNodeName="LOD1" to="birch5LOD_autumn" />

            <texture shapeName="birch_stage6" secondaryNodeName="attachments" to="birchBranch_autumn" />
            <texture shapeName="birch_stage6" secondaryNodeName="LOD0" to="birchTrunk_any" />
            <texture shapeName="birch_stage6" secondaryNodeName="LOD1" to="birch6LOD_autumn" />

            <!-- Maple -->
            <texture shapeName="maple_stage5" secondaryNodeName="attachments" to="mapleBranch_autumn" />
            <texture shapeName="maple_stage5" secondaryNodeName="LOD0" to="mapleTrunk_any" />
            <texture shapeName="maple_stage5" secondaryNodeName="LOD1" to="maple5LOD_autumn" />

            <!-- Oak -->
            <texture shapeName="oak_stage4" secondaryNodeName="attachments" to="oakBranch_autumn" />
            <texture shapeName="oak_stage4" secondaryNodeName="LOD0" to="oakTrunk_any" />
            <texture shapeName="oak_stage4" secondaryNodeName="LOD1" to="oak4LOD_autumn" />

            <!-- Poplar -->
            <texture shapeName="poplar_stage5" secondaryNodeName="attachments" to="poplarBranch_autumn" />
            <texture shapeName="poplar_stage5" secondaryNodeName="LOD0" to="oakTrunk_any" />
            <texture shapeName="poplar_stage5" secondaryNodeName="LOD1" to="poplar5LOD_autumn" />

            <!-- Poplar for old Goldcrest Valley -->
            <texture shapeName="poplar_satge5" secondaryNodeName="attachments" to="poplarBranch_autumn" />
            <texture shapeName="poplar_satge5" secondaryNodeName="LOD0" to="oakTrunk_any" />
            <texture shapeName="poplar_satge5" secondaryNodeName="LOD1" to="poplar5LOD_autumn" />
        </autumn>

        <winter>
            <!-- Bushes and small trees -->
            <texture shapeName="bush01" secondaryNodeName="bush01" to="bushes_winter" />
            <texture shapeName="bush02" secondaryNodeName="bush02" to="bushes_winter" />
            <texture shapeName="bush03" secondaryNodeName="bush03" to="bushes_winter" />
            <texture shapeName="bush04" secondaryNodeName="bush04" to="bushes_winter" />
            <texture shapeName="bush05" secondaryNodeName="bush05" to="bushes_winter" />

            <texture shapeName="tree4m" secondaryNodeName="tree4m" to="treeBranch_winter" />
            <texture shapeName="tree5m" secondaryNodeName="tree5m" to="treeBranch_winter" />
            <texture shapeName="bush06" secondaryNodeName="bush06" to="treeBranch_winter" />
            <texture shapeName="bush07" secondaryNodeName="bush07" to="treeBranch_winter" />

            <!-- Birch -->
            <texture shapeName="birch_stage1" secondaryNodeName="LOD0" to="birchBranch_winter" />
            <texture shapeName="birch_stage1" secondaryNodeName="LOD1" to="birch1LOD_winter" />

            <texture shapeName="birch_stage2" secondaryNodeName="attachments" to="birchBranch_winter" />
            <texture shapeName="birch_stage2" secondaryNodeName="LOD0" to="birchTrunk_any" />
            <texture shapeName="birch_stage2" secondaryNodeName="LOD1" to="birch2LOD_winter" />

            <texture shapeName="birch_stage3" secondaryNodeName="attachments" to="birchBranch_winter" />
            <texture shapeName="birch_stage3" secondaryNodeName="LOD0" to="birchTrunk_any" />
            <texture shapeName="birch_stage3" secondaryNodeName="LOD1" to="birch3LOD_winter" />

            <texture shapeName="birch_stage4" secondaryNodeName="attachments" to="birchBranch_winter" />
            <texture shapeName="birch_stage4" secondaryNodeName="LOD0" to="birchTrunk_any" />
            <texture shapeName="birch_stage4" secondaryNodeName="LOD1" to="birch4LOD_winter" />

            <texture shapeName="birch_stage5" secondaryNodeName="attachments" to="birchBranch_winter" />
            <texture shapeName="birch_stage5" secondaryNodeName="LOD0" to="birchTrunk_any" />
            <texture shapeName="birch_stage5" secondaryNodeName="LOD1" to="birch5LOD_winter" />

            <texture shapeName="birch_stage6" secondaryNodeName="attachments" to="birchBranch_winter" />
            <texture shapeName="birch_stage6" secondaryNodeName="LOD0" to="birchTrunk_any" />
            <texture shapeName="birch_stage6" secondaryNodeName="LOD1" to="birch6LOD_winter" />

            <!-- Maple -->
            <texture shapeName="maple_stage5" secondaryNodeName="attachments" to="mapleBranch_winter" />
            <texture shapeName="maple_stage5" secondaryNodeName="LOD0" to="mapleTrunk_any" />
            <texture shapeName="maple_stage5" secondaryNodeName="LOD1" to="maple5LOD_winter" />

            <!-- Oak -->
            <texture shapeName="oak_stage4" secondaryNodeName="attachments" to="oakBranch_winter" />
            <texture shapeName="oak_stage4" secondaryNodeName="LOD0" to="oakTrunk_any" />
            <texture shapeName="oak_stage4" secondaryNodeName="LOD1" to="oak4LOD_winter" />

            <!-- Poplar -->
            <texture shapeName="poplar_stage5" secondaryNodeName="attachments" to="poplarBranch_winter" />
            <texture shapeName="poplar_stage5" secondaryNodeName="LOD0" to="oakTrunk_any" />
            <texture shapeName="poplar_stage5" secondaryNodeName="LOD1" to="poplar5LOD_winter" />

            <!-- Poplar for old Goldcrest Valley -->
            <texture shapeName="poplar_satge5" secondaryNodeName="attachments" to="poplarBranch_winter" />
            <texture shapeName="poplar_satge5" secondaryNodeName="LOD0" to="oakTrunk_any" />
            <texture shapeName="poplar_satge5" secondaryNodeName="LOD1" to="poplar5LOD_winter" />

            <foliageLayer name="grass" to="grass_winter" />
        </winter>
    </seasons>
</textures>
