<?xml version="1.0" encoding="utf-8" standalone="no" ?>

<!--–––––––––––––––––––––––––––
–– latCat = 1 ––  0 to 30 deg
–– latCat = 2 –– 30 to 35 deg
–– latCat = 3 –– 35 to 45 deg
–– latCat = 4 –– 45 to 50 deg
–– latCat = 5 –– 50 to 60 deg
–– latCat = 6 –– 60 to 70 deg
––––––––––––––––––––––––––––-->

<visualSeason>
    <annotation>Copyright (c) Realismus Modding, 2017</annotation>
    <contributors>reallogger</contributors>

    <latitudeCategory type="1">
        <visual transition="1">summer</visual>
        <visual transition="2">summer</visual>
        <visual transition="3">summer</visual>
        <visual transition="4">summer</visual>
        <visual transition="5">summer</visual>
        <visual transition="6">summer</visual>
        <visual transition="7">summer</visual>
        <visual transition="8">summer</visual>
        <visual transition="9">summer</visual>
        <visual transition="10">summer</visual>
        <visual transition="11">summer</visual>
        <visual transition="12">summer</visual>
    </latitudeCategory>

    <latitudeCategory type="2">
        <visual transition="1">spring</visual>
        <visual transition="2">summer</visual>
        <visual transition="3">summer</visual>
        <visual transition="4">summer</visual>
        <visual transition="5">summer</visual>
        <visual transition="6">summer</visual>
        <visual transition="7">summer</visual>
        <visual transition="8">summer</visual>
        <visual transition="9">autumn</visual>
        <visual transition="10">winterTemp</visual>
        <visual transition="11">winter</visual>
        <visual transition="12">springTemp</visual>
    </latitudeCategory>

    <latitudeCategory type="3">
        <visual transition="1">spring</visual>
        <visual transition="2">summer</visual>
        <visual transition="3">summer</visual>
        <visual transition="4">summer</visual>
        <visual transition="5">summer</visual>
        <visual transition="6">summer</visual>
        <visual transition="7">summer</visual>
        <visual transition="8">autumn</visual>
        <visual transition="9">winterTemp</visual>
        <visual transition="10">winter</visual>
        <visual transition="11">winter</visual>
        <visual transition="12">springTemp</visual>
    </latitudeCategory>

    <latitudeCategory type="4">
        <visual transition="1">springTemp</visual>
        <visual transition="2">spring</visual>
        <visual transition="3">summer</visual>
        <visual transition="4">summer</visual>
        <visual transition="5">summer</visual>
        <visual transition="6">summer</visual>
        <visual transition="7">summer</visual>
        <visual transition="8">autumn</visual>
        <visual transition="9">winterTemp</visual>
        <visual transition="10">winter</visual>
        <visual transition="11">winter</visual>
        <visual transition="12">winter</visual>
    </latitudeCategory>

    <latitudeCategory type="5">
        <visual transition="1">winter</visual>
        <visual transition="2">springTemp</visual>
        <visual transition="3">spring</visual>
        <visual transition="4">summer</visual>
        <visual transition="5">summer</visual>
        <visual transition="6">summer</visual>
        <visual transition="7">summer</visual>
        <visual transition="8">autumn</visual>
        <visual transition="9">winterTemp</visual>
        <visual transition="10">winter</visual>
        <visual transition="11">winter</visual>
        <visual transition="12">winter</visual>
    </latitudeCategory>

    <latitudeCategory type="6">
        <visual transition="1">winter</visual>
        <visual transition="2">winter</visual>
        <visual transition="3">springTemp</visual>
        <visual transition="4">spring</visual>
        <visual transition="5">summer</visual>
        <visual transition="6">summer</visual>
        <visual transition="7">autumn</visual>
        <visual transition="8">winterTemp</visual>
        <visual transition="9">winter</visual>
        <visual transition="10">winter</visual>
        <visual transition="11">winter</visual>
        <visual transition="12">winter</visual>
    </latitudeCategory>

</visualSeason>
