<?xml version="1.0" encoding="utf-8" standalone="no" ?>
<weather>
    <annotation>Copyright (c) Realismus Modding, 2017</annotation>
    <contributors>reallogger</contributors>

    <startValues>
        <soilTemp>4.9</soilTemp>
        <highAirTemp>5</highAirTemp>
        <snowDepth>0</snowDepth>
    </startValues>
    <temperature>
        <p period="1">
            <min value="4.4" />
            <mode value="8.2" />
            <max value="10.6" />
        </p>
        <p period="2">
            <min value="11.1" />
            <mode value="13.2" />
            <max value="16.9" />
        </p>
        <p period="3">
            <min value="15.5" />
            <mode value="16.9" />
            <max value="18.8" />
        </p>
        <p period="4">
            <min value="17.7" />
            <mode value="20.0" />
            <max value="21.8" />
        </p>
        <p period="5">
            <min value="19.4" />
            <mode value="21.7" />
            <max value="26.0" />
        </p>
        <p period="6">
            <min value="19.6" />
            <mode value="21.2" />
            <max value="24.6" />
        </p>
        <p period="7">
            <min value="18.0" />
            <mode value="19.4" />
            <max value="21.6" />
        </p>
        <p period="8">
            <min value="13.0" />
            <mode value="14.6" />
            <max value="16.3" />
        </p>
        <p period="9">
            <min value="6.6" />
            <mode value="8.7" />
            <max value="10.7" />
        </p>
        <p period="10">
            <min value="-1.5" />
            <mode value="3.0" />
            <max value="6.5" />
        </p>
        <p period="11">
            <min value="-3.0" />
            <mode value="0.6" />
            <max value="2.7" />
        </p>
        <p period="12">
            <min value="-0.2" />
            <mode value="1.8" />
            <max value="3.9" />
        </p>
    </temperature>
    <rain>
        <s season="0">
            <mu value="1.1" />
            <sigma value="0.2" />
            <probRain value="0.40" />
            <probClouds value="0.55" />
            <probHail value="0.05" />
        </s>
        <s season="1">
            <mu value="0.7" />
            <sigma value="0.1" />
            <probRain value="0.15" />
            <probClouds value="0.30" />
            <probHail value="0.10" />
        </s>
        <s season="2">
            <mu value="1.2" />
            <sigma value="0.25" />
            <probRain value="0.50" />
            <probClouds value="0.65" />
            <probHail value="0.10" />
        </s>
        <s season="3">
            <mu value="1.6" />
            <sigma value="0.25" />
            <probRain value="0.55" />
            <probClouds value="0.70" />
            <probHail value="0.01" />
        </s>
    </rain>
</weather>
