﻿<?xml version="1.0" encoding="utf-8" standalone="no" ?>
<vehicle type="sowingMachineSprayer">
    <annotation>Copyright (C) GIANTS Software GmbH, All Rights Reserved.</annotation>
	
	<!-- MR
	
		maestro sw 
		2000L seeds tank
		7000L fertilizer tank
		12kph seeding speed
		
		empty weight 10.4T
		
		oil flow : 
		45L/min for fertilizer turbine
		20L/min for seeds turbine
		25L/min for "void" turbine
		total = 90L/min => @180 bar = 27KW
		electric current needed = 70A x12V = 0.84KW
		
		powerConsumer
		remove combination
		speed limit (limited by the fertiliser delivering rate)
		
		brakeForce
		
		sprayUsageScales
		
		groundReferenceNode threshold
		
		mrCOMtransWithMass
		
		<mrDebug>
			<drawPoint node="0>" translation="0 0.1 -3" />
			<drawPoint1 node="0>0|5|0|6" />
			<drawPoint1 node="0>0|5|0|0|0|8|0" />
			<drawPoint1 node="0>0|5|0|1|0|8|0" />
			<drawPoint centerOfMass="0>" />
			<drawPoint centerOfMass="1>" />
			<drawPoint centerOfMass="2>" />
			<drawPoint centerOfMass="3>" />		
		</mrDebug>
	
	-->
	
	

    <storeData>
        <name>Maestro 16.75 SW</name>
        <specs>
            <neededPower>220</neededPower>
            <workingWidth>12</workingWidth>            
        </specs>
        <functions>
            <function>$l10n_function_sowingMachine</function>
        </functions>
        <image>store_horschMaestro1675SW.png</image>
        <price>162000</price>
        <dailyUpkeep>440</dailyUpkeep>
        <lifetime>600</lifetime>
        <rotation>0</rotation>
        <brand>HORSCH</brand>
        <category>sowingMachines</category>
        <fieldJob sizeCategory="3" typeCategory="sowingMachine" />
        <vertexBufferMemoryUsage>1</vertexBufferMemoryUsage>
        <indexBufferMemoryUsage>1</indexBufferMemoryUsage>
        <textureMemoryUsage>1</textureMemoryUsage>
        <instanceVertexBufferMemoryUsage>0</instanceVertexBufferMemoryUsage>
        <instanceIndexBufferMemoryUsage>0</instanceIndexBufferMemoryUsage>
    </storeData>

    <typeDesc>$l10n_typeDesc_sowingMachine</typeDesc>
    <filename>vehicles/tools/horschMaestroSW1675.i3d</filename>

    <size width="4.5" length="9" lengthOffset="0.5"/>
    <powerConsumer ptoRpm="500" neededPtoPower="27" forceNode="0>" maxForce="22" forceNodeCOM="0 0.1 -3" />
    <speedLimit value="12" />

    <wheelConfigurations>
        <wheelConfiguration name="$l10n_configuration_valueDefault" price="0">
            <wheels>
                <wheel rotSpeed="0" restLoad="4.6" repr="0>0|0|0" forcePointRatio="0.3" filename="$data/vehicles/wheels/trelleborg/TM600_520_85R42.xml" isLeft="true"  initialCompression="30" suspTravel="0.20" spring="135" damper="22" hasTireTracks="true" mrPressureFx="1.5" />
                <wheel rotSpeed="0" restLoad="4.6" repr="0>0|1|0" forcePointRatio="0.3" filename="$data/vehicles/wheels/trelleborg/TM600_520_85R42.xml" isLeft="false" initialCompression="30" suspTravel="0.20" spring="135" damper="22" hasTireTracks="true" mrPressureFx="1.5" />
                <wheel rotSpeed="0" restLoad="0.3" repr="2>0"     forcePointRatio="0.3" initialCompression="10" radius="0.58" width="0.56" mass="0.05" suspTravel="0.15" spring="20"  damper="2" brakeFactor="0" />
                <wheel rotSpeed="0" restLoad="0.3" repr="3>0"     forcePointRatio="0.3" initialCompression="10" radius="0.58" width="0.56" mass="0.05" suspTravel="0.15" spring="20"  damper="2" brakeFactor="0" />
                <wheel rotSpeed="0" restLoad="0.1" repr="2>1"     forcePointRatio="0.3" initialCompression="10" radius="0.24" width="0.1"  mass="0.01" suspTravel="0.05" spring="20" damper="10" isSynchronized="false" brakeFactor="0" />
                <wheel rotSpeed="0" restLoad="0.1" repr="3>1"     forcePointRatio="0.3" initialCompression="10" radius="0.24" width="0.1"  mass="0.01" suspTravel="0.05" spring="20" damper="10" isSynchronized="false" brakeFactor="0" />
                <wheel rotSpeed="0" restLoad="0.5" repr="1>2"     forcePointRatio="0.3" initialCompression="20" radius="0.24"  width="0.1"  mass="0.01" suspTravel="0.05" spring="50" damper="20" isSynchronized="false" brakeFactor="0" /> <!-- middle -->
                <wheel rotSpeed="0" restLoad="0.5" repr="1>3"     forcePointRatio="0.3" initialCompression="20" radius="0.24"  width="0.1"  mass="0.01" suspTravel="0.05" spring="50" damper="20" isSynchronized="false" brakeFactor="0" /> <!-- middle -->
            </wheels>
        </wheelConfiguration>
    </wheelConfigurations>

    <axisColor>0.5732 0.0078 0.0210 1</axisColor>

    <dynamicallyLoadedWheels>
        <dynamicallyLoadedWheel linkNode="0>0|5|0|0|0|1|0" filename="$data/vehicles/wheels/trelleborg/TH400_400_70R24.xml" isLeft="true" />
        <dynamicallyLoadedWheel linkNode="0>0|5|0|1|0|1|0" filename="$data/vehicles/wheels/trelleborg/TH400_400_70R24.xml" isLeft="false" />
    </dynamicallyLoadedWheels>

    <dynamicallyLoadedParts>
        <dynamicallyLoadedPart node="0" linkNode="0>0|12|0" filename="$data/shared/vehicleParts/wheelChock01.i3d" />
        <dynamicallyLoadedPart node="0" linkNode="0>0|12|1" filename="$data/shared/vehicleParts/wheelChock01.i3d" />
    </dynamicallyLoadedParts>

    <brakeForce>2.5</brakeForce>

    <lights>
        <low>
            <light                           decoration="0>0|0|1|0|0" lightTypes="0 1 2 3"/>
            <light                           decoration="0>0|1|1|0|0" lightTypes="0 1 2 3"/>
            <light                           decoration="0>0|11|0|0"  lightTypes="0 1 2 3"/>
        </low>
        <high>
            <light realLight="0>0|0|1|0|1" decoration="0>0|0|1|0|0" lightTypes="0 1 2 3" />
            <light realLight="0>0|1|1|0|1" decoration="0>0|1|1|0|0" lightTypes="0 1 2 3" />
            <light                         decoration="0>0|11|0|0" lightTypes="0 1 2 3" />
        </high>
    </lights>

    <turnLights>
        <turnLightLeft realLight="0>0|0|1|1|0|1" decoration="0>0|0|1|1|0|0" />
        <turnLightRight realLight="0>0|1|1|1|0|1" decoration="0>0|1|1|1|0|0" />
    </turnLights>

    <brakeLights>
        <brakeLight realLight="0>0|0|1|0|1" decoration="0>0|0|1|2|0" />
        <brakeLight realLight="0>0|1|1|0|1" decoration="0>0|1|1|2|0" />
    </brakeLights>

    <seedFruitTypeCategories>planter</seedFruitTypeCategories>
    <fillLitersPerSecond>150</fillLitersPerSecond>

    <fillVolumes>
        <volumes>
            <volume index="0>0|13|1|0" maxDelta="0.0" />
            <volume index="0>0|13|0|0" maxDelta="0.0" />
        </volumes>
        <unloadInfos>
            <unloadInfo>
                <node index="0>0|14|0" width="1.4" length="0.1" />
            </unloadInfo>
            <unloadInfo>
                <node index="0>0|14|1" width="1.4" length="0.1" />
            </unloadInfo>
        </unloadInfos>
        <loadInfos>
            <loadInfo>
                <node index="0>0|14|0" width="1.4" length="0.1" />
            </loadInfo>
            <loadInfo>
                <node index="0>0|14|1" width="1.4" length="0.1" />
            </loadInfo>
        </loadInfos>
    </fillVolumes>

    <fillRootNode index="0>" />
    <exactFillRootNode index="0>0|14|2" />
    <fillMassNode index="0>" mrCOMtransWithMass="0 0.065 0" />

    <sprayUsageScales workingWidth="12.0" scale="0.75" />

    <fillUnits>
        <fillUnit unit="$l10n_unit_literShort" fillTypes="seeds" capacity="2000" />
        <fillUnit unit="$l10n_unit_literShort" fillTypes="fertilizer" capacity="7000" />
    </fillUnits>

    <sowingMachine fillUnitIndex="1" unloadInfoIndex="1" loadInfoIndex="1" />
    <sprayer fillUnitIndex="2" unloadInfoIndex="2" loadInfoIndex="2" />

    <workAreas>
        <workArea startIndex="0>0|10|0" widthIndex="0>0|10|1" heightIndex="0>0|10|2" refNodeIndex="0" type="sowingMachine" />
        <workArea startIndex="0>0|10|0" widthIndex="0>0|10|1" heightIndex="0>0|10|2" refNodeIndex="0" type="sprayer" />
    </workAreas>

    <groundReferenceNodes>
        <groundReferenceNode index="0>0|5|0|6" threshold="0.05"/>
        <groundReferenceNode index="0>0|5|0|0|0|8|0" threshold="0" depthNode="0>0|5|0|0|0|8|0" />
        <groundReferenceNode index="0>0|5|0|1|0|8|0" threshold="0" depthNode="0>0|5|0|1|0|8|0" />
    </groundReferenceNodes>

    <groundParticleAnimations>
        <groundParticleAnimation>
            <node index="0>0|5|0|0|0|8|1" refNodeIndex="1" maxDepth="-0.01" materialType="SOIL" />
            <node index="0>0|5|0|1|0|8|1" refNodeIndex="2" maxDepth="-0.01" materialType="SOIL" />
        </groundParticleAnimation>

        <groundParticle>
            <node index="0>0|5|0|0|0|8|2" refNodeIndex="1" particleType="SOIL" emitCountScale="2.0"/>
            <node index="0>0|5|0|0|0|8|3" refNodeIndex="1" particleType="SOIL_SMOKE"  />
            <node index="0>0|5|0|0|0|8|4" refNodeIndex="1" particleType="SOIL_CHUNKS" emitCountScale="2.0" worldSpace="false" />

            <node index="0>0|5|0|1|0|8|2" refNodeIndex="2" particleType="SOIL" emitCountScale="2.0"/>
            <node index="0>0|5|0|1|0|8|3" refNodeIndex="2" particleType="SOIL_SMOKE"  />
            <node index="0>0|5|0|1|0|8|4" refNodeIndex="2" particleType="SOIL_CHUNKS" emitCountScale="2.0" worldSpace="false" />
        </groundParticle>
    </groundParticleAnimations>

    <needsActivation value="true" />

    <sowingSound file="$data/sounds/sowingSound.wav"                       pitchOffset="1.00" volume="1.00" indoorVolumeFactor="0.45"/>
    <airBlowerSound file="$data/sounds/airBlowerLoop.wav"                  pitchOffset="1.20" volume="1.00" indoorVolumeFactor="0.45"/>
    <fillSound file="$data/maps/sounds/siloFillSound.wav"                  pitchOffset="1.00" volume="1.00" indoorVolumeFactor="0.45" volume3D="1.0" innerRadius="10" radius="40" linkNode="0>0"/>
    <cylinderedHydraulicSound file="$data/sounds/cultivatorHydraulic.wav"  pitchOffset="1.00" volume="1.00" indoorVolumeFactor="0.75" />

    <inputAttacherJoints>
        <inputAttacherJoint index="0>0|2" jointType="trailerLow" attacherHeight="0.6" lowerRotLimitScale="1 0.88 1" />
    </inputAttacherJoints>

    <speedRotatingParts>
        <speedRotatingPart index="0>0|5|0|0|0|1|0" wheelIndex="2" />
        <speedRotatingPart index="0>0|5|0|1|0|1|0" wheelIndex="3" />

        <speedRotatingPart shaderNode="0>0|5|0|0|0|5|0" radius="0.20"  refNodeIndex="0" />
        <speedRotatingPart shaderNode="0>0|5|0|0|0|5|1" radius="0.125" refNodeIndex="0" />
        <speedRotatingPart shaderNode="0>0|5|0|0|0|5|2" radius="0.185" refNodeIndex="0" />
        <speedRotatingPart shaderNode="0>0|5|0|0|0|5|3" radius="0.145" refNodeIndex="0" />
        <speedRotatingPart shaderNode="0>0|5|0|0|0|5|4" radius="0.155" refNodeIndex="0" />
        <speedRotatingPart shaderNode="0>0|5|0|0|0|5|5" radius="-0.13" refNodeIndex="0" useRotation="false"/>
        <speedRotatingPart index="0>0|5|0|0|0|6|0"  radius="0.2" refNodeIndex="0" />
        <speedRotatingPart index="0>0|5|0|0|0|6|1"  radius="0.2" refNodeIndex="0" />
        <speedRotatingPart index="0>0|5|0|0|0|6|2"  radius="0.2" refNodeIndex="0" />
        <speedRotatingPart index="0>0|5|0|0|0|6|3"  radius="0.2" refNodeIndex="0" />
        <speedRotatingPart index="0>0|5|0|0|0|6|4"  radius="0.2" refNodeIndex="0" />
        <speedRotatingPart index="0>0|5|0|0|0|6|5"  radius="0.2" refNodeIndex="0" />
        <speedRotatingPart index="0>0|5|0|0|0|6|6"  radius="0.2" refNodeIndex="0" />
        <speedRotatingPart index="0>0|5|0|0|0|6|7"  radius="0.2" refNodeIndex="0" />
        <speedRotatingPart index="0>0|5|0|0|0|7|0"  radius="0.2" refNodeIndex="0" />
        <speedRotatingPart index="0>0|5|0|0|0|7|1"  radius="0.2" refNodeIndex="0" />
        <speedRotatingPart index="0>0|5|0|0|0|7|2"  radius="0.2" refNodeIndex="0" />
        <speedRotatingPart index="0>0|5|0|0|0|7|3"  radius="0.2" refNodeIndex="0" />
        <speedRotatingPart index="0>0|5|0|0|0|7|4"  radius="0.2" refNodeIndex="0" />
        <speedRotatingPart index="0>0|5|0|0|0|7|5"  radius="0.2" refNodeIndex="0" />
        <speedRotatingPart index="0>0|5|0|0|0|7|6"  radius="0.2" refNodeIndex="0" />
        <speedRotatingPart index="0>0|5|0|0|0|7|7"  radius="0.2" refNodeIndex="0" />

        <speedRotatingPart shaderNode="0>0|5|0|1|0|5|0" radius="0.20" refNodeIndex="0" />
        <speedRotatingPart shaderNode="0>0|5|0|1|0|5|1" radius="0.125" refNodeIndex="0" />
        <speedRotatingPart shaderNode="0>0|5|0|1|0|5|2" radius="0.185" refNodeIndex="0" />
        <speedRotatingPart shaderNode="0>0|5|0|1|0|5|3" radius="0.145" refNodeIndex="0" />
        <speedRotatingPart shaderNode="0>0|5|0|1|0|5|4" radius="0.155" refNodeIndex="0" />
        <speedRotatingPart shaderNode="0>0|5|0|1|0|5|5" radius="-0.13" refNodeIndex="0" useRotation="false"/>
        <speedRotatingPart index="0>0|5|0|1|0|6|0"  radius="0.2" refNodeIndex="0" />
        <speedRotatingPart index="0>0|5|0|1|0|6|1"  radius="0.2" refNodeIndex="0" />
        <speedRotatingPart index="0>0|5|0|1|0|6|2"  radius="0.2" refNodeIndex="0" />
        <speedRotatingPart index="0>0|5|0|1|0|6|3"  radius="0.2" refNodeIndex="0" />
        <speedRotatingPart index="0>0|5|0|1|0|6|4"  radius="0.2" refNodeIndex="0" />
        <speedRotatingPart index="0>0|5|0|1|0|6|5"  radius="0.2" refNodeIndex="0" />
        <speedRotatingPart index="0>0|5|0|1|0|6|6"  radius="0.2" refNodeIndex="0" />
        <speedRotatingPart index="0>0|5|0|1|0|6|7"  radius="0.2" refNodeIndex="0" />
        <speedRotatingPart index="0>0|5|0|1|0|7|0"  radius="0.2" refNodeIndex="0" />
        <speedRotatingPart index="0>0|5|0|1|0|7|1"  radius="0.2" refNodeIndex="0" />
        <speedRotatingPart index="0>0|5|0|1|0|7|2"  radius="0.2" refNodeIndex="0" />
        <speedRotatingPart index="0>0|5|0|1|0|7|3"  radius="0.2" refNodeIndex="0" />
        <speedRotatingPart index="0>0|5|0|1|0|7|4"  radius="0.2" refNodeIndex="0" />
        <speedRotatingPart index="0>0|5|0|1|0|7|5"  radius="0.2" refNodeIndex="0" />
        <speedRotatingPart index="0>0|5|0|1|0|7|6"  radius="0.2" refNodeIndex="0" />
        <speedRotatingPart index="0>0|5|0|1|0|7|7"  radius="0.2" refNodeIndex="0" />
    </speedRotatingParts>

    <foldingParts startMoveDirection="1" foldMiddleAnimTime="0.088" turnOnFoldMaxLimit="0.125" turnOnFoldMinLimit="0.0" turnOffOnFold="true"  >
        <foldingPart animationName="folding" speedScale="1" />
    </foldingParts>

    <movingTools>
        <movingTool index="0>0|4" playSound="true">
            <componentJoint index="0" />
        </movingTool>
        <movingTool index="1>0" playSound="true">
            <componentJoint index="1" />
        </movingTool>
        <movingTool index="1>1" playSound="true">
            <componentJoint index="2" />
        </movingTool>
        <movingTool index="0>0|0" wheelIndices="1" playSound="true" />
        <movingTool index="0>0|1" wheelIndices="2" playSound="true" />
        <movingTool index="0>0|5|0|0|0|3">
            <dependentPart index="0>0|5|0|0|0|3|0" />
        </movingTool>
        <movingTool index="0>0|5|0|1|0|3">
            <dependentPart index="0>0|5|0|1|0|3|0" />
        </movingTool>

        <movingTool index="0>0|8|0">
            <dependentPart index="0>0|8|0|0" />
        </movingTool>
    </movingTools>

    <movingParts>
        <movingPart index="0>0|5" referencePoint="1>4" referenceFrame="1>4" isActiveDirty="true">
            <dependentPart index="0>0|6" />
            <dependentPart index="0>0|5|0|4" />
        </movingPart>
        <movingPart index="0>0|5|0|0" referencePoint="2>2" referenceFrame="2>2" isActiveDirty="true">
            <dependentPart index="0>0|5|0|2" />
        </movingPart>
        <movingPart index="0>0|5|0|1" referencePoint="3>2" referenceFrame="3>2" isActiveDirty="true">
            <dependentPart index="0>0|5|0|3" />
        </movingPart>
        <movingPart index="0>0|6" referencePoint="0>0|5|0|5" referenceFrame="0>" >
            <translatingPart index="0>0|6|0" />
        </movingPart>
        <movingPart index="0>0|5|0|2" referencePoint="0>0|5|0|0|0|0" referenceFrame="0>0|5|0|0|0|0" >
            <translatingPart index="0>0|5|0|2|0" />
        </movingPart>
        <movingPart index="0>0|5|0|3" referencePoint="0>0|5|0|1|0|0" referenceFrame="0>0|5|0|1|0|0" >
            <translatingPart index="0>0|5|0|3|0" />
        </movingPart>

        <movingPart index="0>0|5|0|0|0|3|0" referencePoint="0>0|5|0|0|0|4" referenceFrame="0>0|5|0|0|0|4" >
            <translatingPart index="0>0|5|0|0|0|3|0|0" />
        </movingPart>
        <movingPart index="0>0|5|0|1|0|3|0" referencePoint="0>0|5|0|1|0|4" referenceFrame="0>0|5|0|1|0|4" >
            <translatingPart index="0>0|5|0|1|0|3|0|0" />
        </movingPart>

        <movingPart index="0>0|8|0|0" referencePoint="0>0|8|1" referenceFrame="0>0|8|0" >
            <translatingPart index="0>0|8|0|0|0" />
        </movingPart>
        <movingPart index="0>0|5|0|4" referencePoint="0>0|9" localReferencePoint="0>0|5|0|4|0" referenceFrame="0>0|9|0">
            <dependentPart index="0>0|5|0|4|0" />
        </movingPart>
        <movingPart index="0>0|5|0|4|0" referencePoint="0>0|9" referenceFrame="0>0|9|1" />
    </movingParts>

    <animations>
        <animation name="folding">
			<!-- mr : handle all with rotLimit -->
            <part componentJointIndex="0" startTime="0" endTime="1.5" startRotLimit="25 0 0" endRotLimit="0 0 0" />
            <!--<part1 node="0>0|4"            startTime="0" endTime="1.5" startRot="0 0 0" endRot="15 0 0"/>-->
            <part node="0>0|7|0"   startTime="2"  endTime="2.8"  startRot="0 0 0"  endRot="-85 0 0"/>
            <part node="0>0|7|0|0" startTime="2"  endTime="2.8"  startRot="0 0 0"  endRot="85 0 0"/>
            <part node="0>0|7|1"   startTime="2"  endTime="2.8"  startRot="0 0 0"  endRot="-85 0 0"/>
            <part node="0>0|7|2"   startTime="2"  endTime="2.8"  startRot="0 0 0"  endRot="-85 0 0"/>
            <part node="0>0|7|2|0" startTime="2"  endTime="2.8"  startRot="0 0 0"  endRot="85 0 0"/>
            <part node="0>0|7|3"   startTime="2"  endTime="2.8"  startRot="0 0 0"  endRot="-76.559 0 0"/>
            <part node="0>0|7|3|0" startTime="2"  endTime="2.8"  startRot="0 0 0"  endRot="-94.177 0 0"/>
            <part componentJointIndex="1" startTime="3.1" endTime="4.1" startRotLimit="2 0 10" endRotLimit="0 0 0" /> <!-- mr add some flexibility -->
            <part componentJointIndex="2" startTime="3.1" endTime="4.1" startRotLimit="2 0 10" endRotLimit="0 0 0" />
            <part node="0>0|5|0|0|0|3"     startTime="3.1"  endTime="4.1"  startRot="0 0 0" endRot="-82 0 0"/>
            <part node="0>0|5|0|1|0|3"     startTime="3.1"  endTime="4.1"  startRot="0 0 0" endRot="-82 0 0"/>
            <part node="0>0|4"     startTime="4.5"  endTime="8.0"  startRot="15 0 0" endRot="88 0 0"/>

            <part node="0>0|5|0|0|0|1" startTime="6.5"  endTime="9.0"  startTrans="0 0 0" endTrans="1 0 0"/>
            <part node="0>0|5|0|1|0|1" startTime="6.5"  endTime="9.0"  startTrans="0 0 0" endTrans="-1 0 0"/>
            <part node="1>0"       startTime="8.5"  endTime="14.0" startRot="0 0 0"  endRot="0 0 90"/>
            <part node="1>1"       startTime="8.5"  endTime="14.0" startRot="0 0 0"  endRot="0 0 -90"/>
            <part node="0>0|4"     startTime="14.5" endTime="15.0" startRot="88 0 0" endRot="90 0 0"/>
            <part node="0>0|0"     startTime="15.0" endTime="17.0" startTrans="1.5 0.997 -1.582" endTrans="1.26 0.997 -1.582" />
            <part node="0>0|1"     startTime="15.0" endTime="17.0" startTrans="-1.5 0.997 -1.582" endTrans="-1.26 0.997 -1.582" />
        </animation>

        <animation name="moveSupport">
            <part node="0>0|3|0" startTime="0" endTime="0.5" startTrans="0 0.4 0" endTrans="0 0 0" />
            <part node="0>0|3|1" startTime="0" endTime="0.5" startRot="0 0 720" endRot="0 0 0" />
        </animation>
        <!-- cover -->
        <animation name="toggleCover">
            <part node="0>0|8|0" startTime="0" endTime="3.5" startRot="0 0 71" endRot="0 0 0" />
        </animation>
    </animations>

    <cover animationName="toggleCover" openOnBuy="false"/>
    <support animationName="moveSupport" />

    <ai>
        <needsLowering value="true" />
        <areaMarkers leftIndex="0>0|15|1|0" rightIndex="0>0|15|1|1" backIndex="0>0|15|1|2" />
        <sizeMarkers leftIndex="0>0|15|2|0" rightIndex="0>0|15|2|1" backIndex="0>0|15|2|2" />
        <trafficCollisionTrigger index="0>0|15|0" />
        <forceTurnNoBackward value="true" />
        <toolReverserDirectionNode index="0>0|15|1|2" />
        <turningRadiusLimitation rotationJointNode="0>0|2" wheelIndices="0 1" />
    </ai>

    <washable dirtDuration="60" washDuration="1" workMultiplier="20" />

    <components count="4">
        <component1 centerOfMass="0 0.9 -0.5" solverIterationCount="10" mrSetMass="7" />
        <component2 centerOfMass="0 0 0.7" solverIterationCount="20" mrSetMass="1" /> <!-- seeding ramp middle col -->
        <component3 centerOfMass="0 0 0.3" solverIterationCount="10" mrSetMass="1" /> <!-- seeding ramp left col -->
        <component4 centerOfMass="0 0 0.3" solverIterationCount="10" mrSetMass="1" /> <!-- seeding ramp right col -->
        <joint component1="0" component2="1" index="0>0|4" rotLimit="0 0 0" transLimit="0 0 0" breakable="false" rotLimitSpring="999999 0 0" rotLimitDamping="9999 0 0" />
        <joint component1="1" component2="2" index="1>0"   rotLimit="0 0 0" transLimit="0 0 0" breakable="false" rotLimitSpring="0 0 3000" rotLimitDamping="0 0 300" />
        <joint component1="1" component2="3" index="1>1"   rotLimit="0 0 0" transLimit="0 0 0" breakable="false" rotLimitSpring="0 0 3000" rotLimitDamping="0 0 300" />
        <collisionPair component1="0" component2="2" enabled="false" />
        <collisionPair component1="0" component2="3" enabled="false" />
    </components>

    <schemaOverlay file="$dataS2/menu/schemas/implementSchema.png" fileSelected="$dataS2/menu/schemas/implementSchemaSelected.png" fileTurnedOn="$dataS2/menu/schemas/implementSchemaTurnedOn.png" fileSelectedTurnedOn="$dataS2/menu/schemas/implementSchemaSelectedTurnedOn.png" width="0.5" height="0.5" attacherJointPosition="0 0"/>

</vehicle>