﻿<?xml version="1.0" encoding="utf-8" standalone="no" ?>
<vehicle type="cultivator">
    <annotation>Copyright (C) GIANTS Software GmbH, All Rights Reserved.</annotation>
	
	<!-- mr
		horsch tiger 10LT
		real width in game = 10m (IRL = 10.2)
		
		
		speedLimit
		
		wheel spring damper
		center of mass and masses
		mrNotAWheel		
		brakeforce		
		powerConsumer
		
		rotLimitSpring
		
		inputattcherjoint lowerRotLimitScale
	-->

    <storeData>
        <name>Tiger 10 LT</name>
        <specs>
            <neededPower>400</neededPower>
            <workingWidth>10.2</workingWidth>
        </specs>
        <functions>
            <function>$l10n_function_cultivator</function>
        </functions>
        <image>data/store/store_horschTiger10LT.png</image>
        <price>69000</price>
        <dailyUpkeep>20</dailyUpkeep>
        <lifetime>600</lifetime>
        <rotation>0</rotation>
        <brand>HORSCH</brand>
        <category>cultivators</category>
        <fieldJob sizeCategory="3" typeCategory="cultivator" />
        <vertexBufferMemoryUsage>1453696</vertexBufferMemoryUsage>
        <indexBufferMemoryUsage>275172</indexBufferMemoryUsage>
        <textureMemoryUsage>8738688</textureMemoryUsage>
        <instanceVertexBufferMemoryUsage>0</instanceVertexBufferMemoryUsage>
        <instanceIndexBufferMemoryUsage>0</instanceIndexBufferMemoryUsage>
    </storeData>

    <typeDesc>$l10n_typeDesc_cultivator</typeDesc>
    <filename>data/vehicles/tools/horsch/horschTiger10LT.i3d</filename>

    <size width="4.5" length="7.5" lengthOffset="0.5" />

    <speedLimit value="15" />

    <wheelConfigurations>
        <wheelConfiguration name="$l10n_configuration_valueDefault" price="0">
            <wheels>
                <wheel restLoad="3.7" repr="0>0|2|0|0" forcePointRatio="0.3" radius="0.398" initialCompression="55" suspTravel="0.08" spring="80" damper="5" mass="0.1" frictionScale="2" hasParticles="true" />
                <wheel restLoad="3.7" repr="0>0|2|0|1" forcePointRatio="0.3" radius="0.398" initialCompression="55" suspTravel="0.08" spring="80" damper="5" mass="0.1" frictionScale="2" hasParticles="true" />
                <wheel restLoad="3.7" repr="0>0|4|2"   forcePointRatio="0.3" radius="0.425" deltaY="0.07" suspTravel="0.08" spring="80" damper="5" mass="0.1" isSynchronized="false" mrNotAWheel="true" frictionScale="0.5" />
                <wheel restLoad="3.7" repr="0>0|6|2"   forcePointRatio="0.3" radius="0.425" deltaY="0.07" suspTravel="0.08" spring="80" damper="5" mass="0.1" isSynchronized="false" mrNotAWheel="true" frictionScale="0.5" />
            </wheels>
        </wheelConfiguration>
    </wheelConfigurations>

    <axisColor>0.5732 0.0078 0.0210 1</axisColor>

    <dynamicallyLoadedWheels>
        <dynamicallyLoadedWheel linkNode="0>0|4|2|0" filename="$data/vehicles/wheels/trelleborg/AW305_380_55R17.xml" />
        <dynamicallyLoadedWheel linkNode="0>0|4|2|1" filename="$data/vehicles/wheels/trelleborg/AW305_380_55R17.xml" isLeft="false" />
        <dynamicallyLoadedWheel linkNode="0>0|6|2|0" filename="$data/vehicles/wheels/trelleborg/AW305_380_55R17.xml" />
        <dynamicallyLoadedWheel linkNode="0>0|6|2|1" filename="$data/vehicles/wheels/trelleborg/AW305_380_55R17.xml" isLeft="false" />
    </dynamicallyLoadedWheels>

    <dynamicallyLoadedParts>
        <dynamicallyLoadedPart node="4|0" linkNode="0>0|4|0|0" filename="$data/vehicles/wheels/lizard/lizardUnsized.i3d" />
        <dynamicallyLoadedPart node="4|0" linkNode="0>0|6|0|0" filename="$data/vehicles/wheels/lizard/lizardUnsized.i3d" />
        <dynamicallyLoadedPart node="3|0" linkNode="0>0|2|0|0" filename="$data/vehicles/wheels/lizard/lizardUnsized.i3d" />
        <dynamicallyLoadedPart node="3|0" linkNode="0>0|2|0|1" filename="$data/vehicles/wheels/lizard/lizardUnsized.i3d" />
    </dynamicallyLoadedParts>

    <brakeForce>2.5</brakeForce>

    <lights>
        <low>
            <light                          decoration="0>0|2|4|0|0" lightTypes="0 3" /> <!--BackLights-->
            <light                          decoration="0>0|8|0"     lightTypes="0 3" /> <!--BackLights-->
        </low>
        <high>
            <light realLight="0>0|2|4|0|1"  decoration="0>0|2|4|0|0" lightTypes="0 3" /> <!--BackLights-->
            <light                          decoration="0>0|8|0"     lightTypes="0 3" /> <!--BackLights-->
        </high>
    </lights>

    <brakeLights>
        <brakeLight realLight="0>0|2|4|0|1" decoration="0>0|2|4|2|0" />
    </brakeLights>

    <turnLights>
        <turnLightLeft  realLight="0>0|2|4|1|0|1" decoration="0>0|2|4|1|0|0" />
        <turnLightRight realLight="0>0|2|4|1|1|1" decoration="0>0|2|4|1|1|0" />
    </turnLights>

    <workAreas>
        <workArea startIndex="0>1|0" widthIndex="0>1|1" heightIndex="0>1|2" refNodeIndex="0" type="cultivator" chargeValue="1" foldMinLimit="0" foldMaxLimit="0.1" />
    </workAreas>

    <groundReferenceNodes>
        <groundReferenceNode index="0>1|3" threshold="0.3" depthNode="0>0|10" />
    </groundReferenceNodes>

    <onlyActiveWhenLowered value="false" />

    <!-- recommended horsepower by manufacturer: 400 - 600 -->
    <powerConsumer neededPtoPower="0" forceNode="0>" maxForce="60" />

    <cultivatorSound file="$data/sounds/cultivatorSound.wav"             pitchOffset="1.00" volume="1.00" indoorVolumeFactor="0.65"/>
    <cylinderedHydraulicSound file="$data/sounds/cultivatorHydraulic.wav"  pitchOffset="1.00" volume="1.00" indoorVolumeFactor="0.75" />

    <inputAttacherJoints>
        <inputAttacherJoint jointType="trailerLow" rootNode="1>" index="1>0|0" needsLowering="true" allowsLowering="true" lowerRotLimitScale="1 0.92 1" />
    </inputAttacherJoints>

    <speedRotatingParts>
        <speedRotatingPart index="0>0|4|0|0"        radius="0.398" foldMinLimit="0.0" foldMaxLimit="0.35" />
        <speedRotatingPart index="0>0|6|0|0"        radius="0.398" foldMinLimit="0.0" foldMaxLimit="0.35" />
        <speedRotatingPart index="0>0|4|2"          radius="0.45"  foldMinLimit="0.0" foldMaxLimit="0.1" />
        <speedRotatingPart index="0>0|6|2"          radius="0.45"  foldMinLimit="0.0" foldMaxLimit="0.1" />
        <speedRotatingPart shaderNode="0>0|2|2|1"   radius="-0.23" foldMinLimit="0.0" foldMaxLimit="0.1"/>
        <speedRotatingPart shaderNode="0>0|2|2|2"   radius="-0.23" foldMinLimit="0.0" foldMaxLimit="0.1"/>
        <speedRotatingPart shaderNode="0>0|4|0|1|1" radius="-0.23" foldMinLimit="0.0" foldMaxLimit="0.1"/>
        <speedRotatingPart shaderNode="0>0|4|0|1|2" radius="-0.23" foldMinLimit="0.0" foldMaxLimit="0.1"/>
        <speedRotatingPart shaderNode="0>0|6|0|1|1" radius="-0.23" foldMinLimit="0.0" foldMaxLimit="0.1"/>
        <speedRotatingPart shaderNode="0>0|6|0|1|2" radius="-0.23" foldMinLimit="0.0" foldMaxLimit="0.1"/>
    </speedRotatingParts>

    <movingTools>
        <!-- drawbar -->
        <movingTool index="0>0|0" >
            <componentJoint index="0" />
            <dependentPart index="0>0|1"/>
        </movingTool>

        <!-- sides -->
        <movingTool index="0>0|4" wheelIndices="3">
            <dependentPart index="0>0|5"/>
        </movingTool>
        <movingTool index="0>0|6" wheelIndices="4" >
            <dependentPart index="0>0|7"/>
        </movingTool>

        <!-- back parts -->
        <movingTool index="0>0|2" wheelIndices="1 2" >
            <dependentPart index="0>0|3"/>
        </movingTool>
        <movingTool index="0>0|4|0" >
            <dependentPart index="0>0|4|1"/>
        </movingTool>
        <movingTool index="0>0|6|0" >
            <dependentPart index="0>0|6|1"/>
        </movingTool>
        <!-- discs -->
        <movingTool index="0>0|2|2" >
            <dependentPart index="0>0|2|3"/>
        </movingTool>
        <movingTool index="0>0|4|0|1" >
            <dependentPart index="0>0|4|0|2"/>
        </movingTool>
        <movingTool index="0>0|6|0|1" >
            <dependentPart index="0>0|6|0|2"/>
        </movingTool>
    </movingTools>

    <movingParts>
        <!-- drawbar -->
        <movingPart index="0>0|1" referencePoint="1>0|1" referenceFrame="1>0|1" isActiveDirty="true" >
            <translatingPart index="0>0|1|0" />
        </movingPart>
        <!-- sides -->
        <movingPart index="0>0|5" referencePoint="0>0|4|3" referenceFrame="0>0|4|3" playSound="true" >
            <translatingPart index="0>0|5|0" />
        </movingPart>
        <movingPart index="0>0|7" referencePoint="0>0|6|3" referenceFrame="0>0|6|3" playSound="true" >
            <translatingPart index="0>0|7|0" />
        </movingPart>
        <!-- back parts -->
        <movingPart index="0>0|3" referencePoint="0>0|2|1" referenceFrame="0>0|2|1" playSound="true" >
            <translatingPart index="0>0|3|0" />
        </movingPart>
        <movingPart index="0>0|4|1" referencePoint="0>0|4|0|3" referenceFrame="0>0|4|0|3" playSound="true" >
            <translatingPart index="0>0|4|1|0" />
        </movingPart>
        <movingPart index="0>0|6|1" referencePoint="0>0|6|0|3" referenceFrame="0>0|6|0|3" playSound="true" >
            <translatingPart index="0>0|6|1|0" />
        </movingPart>
        <!-- discs -->
        <movingPart index="0>0|2|3" referencePoint="0>0|2|2|0" referenceFrame="0>0|2|2|0" playSound="true" >
            <translatingPart index="0>0|2|3|0" />
        </movingPart>
        <movingPart index="0>0|4|0|2" referencePoint="0>0|4|0|1|0" referenceFrame="0>0|4|0|1|0" playSound="true" >
            <translatingPart index="0>0|4|0|2|0" />
        </movingPart>
        <movingPart index="0>0|6|0|2" referencePoint="0>0|6|0|1|0" referenceFrame="0>0|6|0|1|0" playSound="true" >
            <translatingPart index="0>0|6|0|2|0" />
        </movingPart>
    </movingParts>

    <animations>
        <animation name="moveSupport">
            <part node="0>0|0|1|0" startTime="0" endTime="0.6" startRot="0 0 0" endRot="74 0 0" />
            <part node="0>0|0|1|1" startTime="0" endTime="0.4" startTrans="0 0.2 -0.017" endTrans="0 -0.439 -0.017" />
        </animation>

        <animation name="folding">
            <!-- raise/lower -->
                <!-- drawbar -->
                <part node="0>0|0" startTime="0" endTime="2" startRot="-2 0 0" endRot="10 0 0" />
                <!-- <part              startTime="1" endTime="2" componentJointIndex="0" startRotLimit="0 0 0" endRotLimit="0 0 0"/> mr not useful, we rae using rotSpring instead to get somme weight transfer on the tractor at work -->
                <!-- back parts -->
                <part node="0>0|2"   startTime="0" endTime="2" startRot="0 0 0" endRot="-14 0 0" />
                <part node="0>0|2|0" startTime="0" endTime="2" startRot="0 0 0" endRot="12 0 0" />
                <part node="0>0|4|0" startTime="0" endTime="2" startRot="0 0 0" endRot="-14 0 0" />
                <part node="0>0|6|0" startTime="0" endTime="2" startRot="0 0 0" endRot="-14 0 0" />
                <!-- discs -->
                <part node="0>0|2|2"   startTime="0" endTime="2" startRot="5 0 0" endRot="-10 0 0" />
                <part node="0>0|4|0|1" startTime="0" endTime="2" startRot="5 0 0" endRot="-10 0 0" />
                <part node="0>0|6|0|1" startTime="0" endTime="2" startRot="5 0 0" endRot="-10 0 0" />
            <!-- fold -->
                <!-- sides -->
                <part node="0>0|4" startTime="2" endTime="10" startRot="0 0 0" endRot="0 0 102" />
                <part node="0>0|6" startTime="2" endTime="10" startRot="0 0 0" endRot="0 0 -102" />
                <!-- back parts -->
                <part node="0>0|4|0" startTime="2" endTime="10" startRot="-14 0 0" endRot="0 0 0" />
                <part node="0>0|6|0" startTime="2" endTime="10" startRot="-14 0 0" endRot="0 0 0" />
            <!-- adjust groundRefNode and dpethNode -->
            <part node="0>1|3" startTime="0" endTime="0.1" startTrans="0 0.469 0.001"  endTrans="0 1.469 0.001"/>
            <part node="0>0|10" startTime="0" endTime="0.1" startTrans="-0.726 -0.316 -0.165"  endTrans="-0.726 1.316 -0.165"/>
        </animation>
    </animations>

    <support animationName="moveSupport" />

    <foldingParts startMoveDirection="1" foldMiddleAnimTime="0.2">
        <foldingPart animationName="folding" speedScale="1" />
    </foldingParts>

    <groundParticleAnimations>
        <groundParticleAnimation>
            <node index="0>0|9|0" refNodeIndex="0" materialType="SOIL" />
        </groundParticleAnimation>

        <groundParticle>
            <node index="0>0|9|1" refNodeIndex="0" particleType="SOIL"  />
            <node index="0>0|9|2" refNodeIndex="0" particleType="SOIL_SMOKE" emitCountScale="0.15" />
            <node index="0>0|9|3" refNodeIndex="0" particleType="SOIL_CHUNKS" worldSpace="false"  />
            <node index="0>0|9|4" refNodeIndex="0" particleType="SOIL_BIG_CHUNKS" worldSpace="false"  />
        </groundParticle>
    </groundParticleAnimations>

    <ai>
        <areaMarkers leftIndex="0>2|0|0" rightIndex="0>2|0|1" backIndex="0>2|0|2" />
        <sizeMarkers leftIndex="0>2|1|0" rightIndex="0>2|1|1" backIndex="0>2|1|2" />
        <trafficCollisionTrigger index="0>2|2" />
        <needsLowering value="true"/>
        <forceTurnNoBackward value="true" />
        <toolReverserDirectionNode index="0>2|1|2" />
        <turningRadiusLimitation rotationJointNode="1>0|0" wheelIndices="0 1" />
    </ai>

    <washable dirtDuration="30" washDuration="1" workMultiplier="20" />

    <components count="2">
        <component1 centerOfMass="0 1 -0.9" solverIterationCount="10" mrSetMass="9.65" />
        <component2 centerOfMass="0 0 0" solverIterationCount="10" mrSetMass="1" />
        <joint component1="0" component2="1" index="0>0|0|0" rotLimit="0 0 0" transLimit="0 0 0" rotLimitSpring="1000 0 0" />
    </components>

    <schemaOverlay file="$dataS2/menu/schemas/implementSchema.png" fileSelected="$dataS2/menu/schemas/implementSchemaSelected.png" width="0.5" height="0.5" attacherJointPosition="0 0"/>

</vehicle>
