﻿<?xml version="1.0" encoding="utf-8" standalone="no" ?>
<vehicle type="horschCruiser">
    <annotation>Copyright (C) GIANTS Software GmbH, All Rights Reserved.</annotation>
	
	<!-- MR
	
		Horsch Cruiser XL 12 => set at max depth in the game (15cm)
	
		mass / center of mass (13.5T minimum)
		
		brakeforce
		
		powerConsumer
		
		wheels
		
		inputAttacherJoint
		components joints spring limit
		
		groundReferenceNodes
		
		<mrDebug>
			<drawPoint node="0>0|13|3" />
			<drawPoint node="0>0|7|0|5|0" />
			<drawPoint node="0>0|8|0|5|0" />
			<drawPoint centerOfMass="0>" />
			<drawPoint centerOfMass="1>" />
			<drawPoint centerOfMass="2>" />
			<drawPoint centerOfMass="3>" />		
		</mrDebug>
	
	-->
	
	

    <storeData>
        <name>Cruiser 12 XL</name>
        <specs>
            <neededPower>500</neededPower>
            <workingWidth>12</workingWidth>
        </specs>
        <functions>
            <function>$l10n_function_cultivator</function>
        </functions>
        <image>store_horschCruiser12XL.png</image>
        <price>65000</price>
        <dailyUpkeep>20</dailyUpkeep>
        <lifetime>600</lifetime>
        <rotation>0</rotation>
        <brand>HORSCH</brand>
        <category>cultivators</category>
        <fieldJob sizeCategory="3" typeCategory="cultivator" />
        <vertexBufferMemoryUsage>1</vertexBufferMemoryUsage>
        <indexBufferMemoryUsage>1</indexBufferMemoryUsage>
        <textureMemoryUsage>1</textureMemoryUsage>
        <instanceVertexBufferMemoryUsage>0</instanceVertexBufferMemoryUsage>
        <instanceIndexBufferMemoryUsage>0</instanceIndexBufferMemoryUsage>
    </storeData>

    <typeDesc>$l10n_typeDesc_cultivator</typeDesc>
    <filename>vehicles/tools/horschCruiser12XL.i3d</filename>

    <size width="4.5" length="11.5" lengthOffset="-0.3" />
    <speedLimit value="15" />

    <wheelConfigurations>
        <wheelConfiguration name="$l10n_configuration_valueDefault">
            <wheels>
                <wheel restLoad="5.9" repr="0>0|9|0|0|0|0" forcePointRatio="0.2" filename="$data/vehicles/wheels/trelleborg/T421_500_60R22_5.xml" isLeft="true"  initialCompression="0" suspTravel="0.15" spring="150" damper="17" hasTireTracks="true" hasParticles="true" mrPressureFx="2" />
                <wheel restLoad="5.9" repr="0>0|9|0|0|0|1" forcePointRatio="0.2" filename="$data/vehicles/wheels/trelleborg/T421_500_60R22_5.xml" isLeft="false" initialCompression="0" suspTravel="0.15" spring="150" damper="17" hasTireTracks="true" hasParticles="true" mrPressureFx="2" />

                <wheel restLoad="1.7" repr="2>3|0|0" driveNode="2>3|0|0|0" forcePointRatio="0.2" radius="0.437" mass="0.05" initialCompression="0" suspTravel="0.1" spring="30" damper="4" brakeFactor="0" useReprDirection="true" versatileYRot="true" />
                <wheel restLoad="1.7" repr="3>3|0|0" driveNode="3>3|0|0|0" forcePointRatio="0.2" radius="0.437" mass="0.05" initialCompression="0" suspTravel="0.1" spring="30" damper="4" brakeFactor="0" useReprDirection="true" versatileYRot="true" />

                <wheel restLoad="2.0" repr="0>0|0|0"       forcePointRatio="0.2" radius="0.20" mass="0.05" initialCompression="50" suspTravel="0.05" spring="80"  damper="10" isSynchronized="false" brakeFactor="0" /> <!-- front virtual wheel - main body -->
                <wheel restLoad="2.0" repr="0>0|0|1"       forcePointRatio="0.2" radius="0.20" mass="0.05" initialCompression="50" suspTravel="0.05" spring="80"  damper="10" isSynchronized="false" brakeFactor="0" /> <!-- front virtual wheel - main body -->
                <wheel restLoad="3.7" repr="0>0|9|0|0|1|0" forcePointRatio="0.2" radius="0.25" mass="0.05" initialCompression="50" suspTravel="0.05" spring="150" damper="15" isSynchronized="false" brakeFactor="0" /> <!-- rear roller - main body -->
                <wheel restLoad="3.7" repr="0>0|9|0|0|1|1" forcePointRatio="0.2" radius="0.25" mass="0.05" initialCompression="50" suspTravel="0.05" spring="150" damper="15" isSynchronized="false" brakeFactor="0" /> <!-- rear roller - main body -->

                <wheel restLoad="5.4" repr="2>2|0"         forcePointRatio="0.2" radius="0.23" mass="0.05" initialCompression="50" suspTravel="0.10" spring="90" damper="10" isSynchronized="false" brakeFactor="0" /> <!-- rear roller - first extension -->
                <wheel restLoad="5.4" repr="3>2|0"         forcePointRatio="0.2" radius="0.23" mass="0.05" initialCompression="50" suspTravel="0.10" spring="90" damper="10" isSynchronized="false" brakeFactor="0" /> <!-- rear roller - first extension -->

                <wheel restLoad="0.3" repr="2>0|0|0"       forcePointRatio="0.2" radius="0.23" mass="0.05" initialCompression="50" suspTravel="0.10" spring="90"  damper="10" isSynchronized="false" brakeFactor="0" /> <!-- rear roller - second extension -->
                <wheel restLoad="0.3" repr="3>0|0|0"       forcePointRatio="0.2" radius="0.23" mass="0.05" initialCompression="50" suspTravel="0.10" spring="90"  damper="10" isSynchronized="false" brakeFactor="0" /> <!-- rear roller - second extension -->
            </wheels>
        </wheelConfiguration>
    </wheelConfigurations>

    <axisColor>0.5732 0.0078 0.0210 1</axisColor>

    <brakeForce>2</brakeForce>

    <dynamicallyLoadedWheels>
        <dynamicallyLoadedWheel linkNode="0>0|7|0|2|0|0|0|0" filename="$data/vehicles/wheels/trelleborg/T404_400_60R15_5.xml" isLeft="true"/>
        <dynamicallyLoadedWheel linkNode="0>0|7|0|2|0|0|0|1" filename="$data/vehicles/wheels/trelleborg/T404_400_60R15_5.xml" isLeft="false"/>
        <dynamicallyLoadedWheel linkNode="0>0|8|0|2|0|0|0|0" filename="$data/vehicles/wheels/trelleborg/T404_400_60R15_5.xml" isLeft="true"/>
        <dynamicallyLoadedWheel linkNode="0>0|8|0|2|0|0|0|1" filename="$data/vehicles/wheels/trelleborg/T404_400_60R15_5.xml" isLeft="false"/>
    </dynamicallyLoadedWheels>

    <lights>
        <low>
            <light  decoration="0>0|9|3|0|0" lightTypes="0 3" />
            <light  decoration="0>0|2|1|0|0" lightTypes="0 3" />
        </low>
        <high>
            <light  decoration="0>0|9|3|0|0" realLight="0>0|9|3|0|1" lightTypes="0 3" />
            <light  decoration="0>0|2|1|0|0" lightTypes="0 3" />
        </high>
    </lights>

    <brakeLights>
        <brakeLight realLight="0>0|9|3|0|1" decoration="0>0|9|3|2|0" />
    </brakeLights>

    <turnLights>
        <turnLightLeft  realLight="0>0|9|3|1|0|1" decoration="0>0|9|3|1|0|0" />
        <turnLightRight realLight="0>0|9|3|1|1|1" decoration="0>0|9|3|1|1|0" />
    </turnLights>

    <workAreas>
        <workArea startIndex="0>0|13|0" widthIndex="0>0|13|1" heightIndex="0>0|13|2" refNodeIndex="0" type="cultivator" />
    </workAreas>

    <groundReferenceNodes>
        <groundReferenceNode index="0>0|13|3"    threshold="0" depthNode="0>0|13|3" chargeValue="1" />
        <groundReferenceNode index="0>0|7|0|5|0" threshold="0" depthNode="0>0|7|0|5|0" />
        <groundReferenceNode index="0>0|8|0|5|0" threshold="0" depthNode="0>0|8|0|5|0" />
    </groundReferenceNodes>

    <!-- recommended horsepower by manufacturer: 500 -->
    <powerConsumer neededPtoPower="0" forceNode="0>" maxForce="65" />

    <cultivatorSound file="$data/sounds/cultivatorSound.wav"              pitchOffset="1.00" volume="1.00" indoorVolumeFactor="0.50"/>
    <cylinderedHydraulicSound file="$data/sounds/cultivatorHydraulic.wav" pitchOffset="1.00" volume="0.95" indoorVolumeFactor="0.75" />

    <inputAttacherJoints>
        <inputAttacherJoint index="1>0" rootNode="1>" jointType="trailerLow" lowerRotLimitScale="1 0.92 1" />
    </inputAttacherJoints>

    <groundParticleAnimations>
        <groundParticleAnimation>
            <node index="0>0|15|1"    refNodeIndex="0" materialType="SOIL" maxDepth="-0.01" />
            <node index="0>0|7|0|5|2" refNodeIndex="1" materialType="SOIL" maxDepth="-0.01" />
            <node index="0>0|8|0|5|2" refNodeIndex="2" materialType="SOIL" maxDepth="-0.01" />
        </groundParticleAnimation>

        <groundParticle>
            <node index="0>0|15|2" refNodeIndex="0" particleType="SOIL_CHUNKS" worldSpace="false"/>
            <node index="0>0|15|3" refNodeIndex="0" particleType="SOIL" />
            <node index="0>0|15|4" refNodeIndex="0" particleType="SOIL_SMOKE" />

            <node index="0>0|7|0|5|3" refNodeIndex="1" particleType="SOIL_CHUNKS" worldSpace="false" />
            <node index="0>0|7|0|5|4" refNodeIndex="1" particleType="SOIL" emitCountScale="0.5"/>
            <node index="0>0|7|0|5|5" refNodeIndex="1" particleType="SOIL_SMOKE" />

            <node index="0>0|8|0|5|3" refNodeIndex="2" particleType="SOIL_CHUNKS" worldSpace="false" />
            <node index="0>0|8|0|5|4" refNodeIndex="2" particleType="SOIL" emitCountScale="0.5"/>
            <node index="0>0|8|0|5|5" refNodeIndex="2" particleType="SOIL_SMOKE" />
        </groundParticle>
    </groundParticleAnimations>

    <jigglingParts>
        <jigglingPart index="0>0|15|0"    speedScale="2" amplitudeScale="4" shaderParameter="amplFreq" shaderParameterComponentSpeed="4" shaderParameterComponentAmplitude="1" refNodeIndex="0" />
        <jigglingPart index="0>0|7|0|5|1" speedScale="2" amplitudeScale="4" shaderParameter="amplFreq" shaderParameterComponentSpeed="4" shaderParameterComponentAmplitude="1" refNodeIndex="1" />
        <jigglingPart index="0>0|7|0|0|2" speedScale="2" amplitudeScale="4" shaderParameter="amplFreq" shaderParameterComponentSpeed="4" shaderParameterComponentAmplitude="1" refNodeIndex="1" />
        <jigglingPart index="0>0|8|0|5|1" speedScale="2" amplitudeScale="4" shaderParameter="amplFreq" shaderParameterComponentSpeed="4" shaderParameterComponentAmplitude="1" refNodeIndex="2" />
        <jigglingPart index="0>0|8|0|0|2" speedScale="2" amplitudeScale="4" shaderParameter="amplFreq" shaderParameterComponentSpeed="4" shaderParameterComponentAmplitude="1" refNodeIndex="2" />
    </jigglingParts>

    <foldingParts startMoveDirection="1" foldMiddleAnimTime="0.13">
        <foldingPart animationName="folding" speedScale="1" />
    </foldingParts>

    <movingTools>
        <movingTool index="0>0|9|0" wheelIndices="1 2 7 8" playSound="true">
            <dependentPart index="0>0|9|1" />
            <dependentPart index="0>0|9|2" />
        </movingTool>
        <movingTool index="0>0|9" wheelIndices="1 2 7 8" playSound="true">
            <dependentPart index="0>0|12" />
        </movingTool>

        <movingTool index="2>2"   wheelIndices="9" />
        <movingTool index="3>2"   wheelIndices="10" />
        <movingTool index="2>0"   wheelIndices="11" />
        <movingTool index="2>0|0" wheelIndices="11" />
        <movingTool index="3>0"   wheelIndices="12" />
        <movingTool index="3>0|0" wheelIndices="12" />
        <movingTool index="2>3|0" wheelIndices="3" />
        <movingTool index="3>3|0" wheelIndices="4" />

        <movingTool index="0>0|1" playSound="true">
            <componentJoint index="0" anchorActor="0" />
        </movingTool>
        <movingTool index="0>0|5" playSound="true">
            <componentJoint index="1" anchorActor="0" />
        </movingTool>
        <movingTool index="0>0|6" playSound="true">
            <componentJoint index="2" anchorActor="0" />
        </movingTool>
        <movingTool index="0>0|7|0|2|0" playSound="true">
            <dependentPart index="0>0|7|0|2|2" />
        </movingTool>
        <movingTool index="0>0|8|0|2|0" playSound="true">
            <dependentPart index="0>0|8|0|2|2" />
        </movingTool>
        <movingTool index="0>0|7|0|0|0" playSound="true">
            <dependentPart index="0>0|7|0|0|1" />
        </movingTool>
        <movingTool index="0>0|7|0|3" playSound="true">
            <dependentPart index="0>0|7|0|4" />
        </movingTool>
        <movingTool index="0>0|8|0|0|0" playSound="true">
            <dependentPart index="0>0|8|0|0|1" />
        </movingTool>
        <movingTool index="0>0|8|0|3" playSound="true">
            <dependentPart index="0>0|8|0|4" />
        </movingTool>
        <movingTool index="0>0|2|2" playSound="true">
            <dependentPart index="0>0|4|1" />
        </movingTool>

        <movingTool index="0>0|8|0|0|3|0" playSound="true">
            <dependentPart index="0>0|8|0|0|3|0|0" />
        </movingTool>
        <movingTool index="0>0|7|0|0|3|0" playSound="true">
            <dependentPart index="0>0|7|0|0|3|0|0" />
        </movingTool>
    </movingTools>

    <movingParts isActiveDirtyTimeOffset="1">
        <movingPart index="0>0|7|0|2|0|0|0" referenceFrame="2>3|0|0" doDirectionAlignment="false" moveToReferenceFrame="false" doRotationAlignment="true" rotMultiplier="1" isActiveDirty="true" />
        <movingPart index="0>0|8|0|2|0|0|0" referenceFrame="3>3|0|0" doDirectionAlignment="false" moveToReferenceFrame="false" doRotationAlignment="true" rotMultiplier="1" isActiveDirty="true" />

        <movingPart index="0>0|2" referencePoint="1>1" referenceFrame="1>1" isActiveDirty="true" limitedAxis="1">
            <dependentPart index="0>0|3" />
        </movingPart>
        <movingPart index="0>0|3" referencePoint="0>0|2|0" referenceFrame="0>0|2|0" >
            <translatingPart index="0>0|3|0" />
        </movingPart>
        <movingPart index="0>0|7" referencePoint="2>1" referenceFrame="2>1" isActiveDirty="true" limitedAxis="3">
            <dependentPart index="0>0|10" />
        </movingPart>
        <movingPart index="0>0|10" referencePoint="0>0|7|0|1" referenceFrame="0>0|7|0|1" >
            <translatingPart index="0>0|10|0" />
        </movingPart>
        <movingPart index="0>0|8" referencePoint="3>1" referenceFrame="3>1" isActiveDirty="true" limitedAxis="3">
            <dependentPart index="0>0|11" />
        </movingPart>
        <movingPart index="0>0|11" referencePoint="0>0|8|0|1" referenceFrame="0>0|8|0|1" >
            <translatingPart index="0>0|11|0" />
        </movingPart>
        <movingPart index="0>0|12" referencePoint="0>0|9|4" referenceFrame="0>0|9|4" >
            <translatingPart index="0>0|12|0" />
        </movingPart>

        <movingPart index="0>0|9|1" referencePoint="0>0|9|0|2" referenceFrame="0>0|9" >
            <translatingPart index="0>0|9|1|0" />
        </movingPart>
        <movingPart index="0>0|9|2" referencePoint="0>0|9|0|3" localReferencePoint="0>0|9|2|0" referenceFrame="0>0|9|5" >
            <dependentPart index="0>0|9|2|0" />
        </movingPart>
        <movingPart index="0>0|9|2|0" referencePoint="0>0|9|0|3" referenceFrame="0>0|9" />

        <movingPart index="0>0|7|0|2|2" referencePoint="0>0|7|0|2|0|1" referenceFrame="0>0|7|0|2|0|1" >
            <translatingPart index="0>0|7|0|2|2|0" />
        </movingPart>
        <movingPart index="0>0|8|0|2|2" referencePoint="0>0|8|0|2|0|1" referenceFrame="0>0|8|0|2|0|1" >
            <translatingPart index="0>0|8|0|2|2|0" />
        </movingPart>

        <movingPart index="0>0|7|0|0|1" referencePoint="0>0|7|0|0|0|0" referenceFrame="0>0|7|0|0|0|0" >
            <translatingPart index="0>0|7|0|0|1|0" />
        </movingPart>
        <movingPart index="0>0|7|0|4" referencePoint="0>0|7|0|3|0" referenceFrame="0>0|7|0|3|0" >
            <translatingPart index="0>0|7|0|4|0" />
        </movingPart>
        <movingPart index="0>0|8|0|4" referencePoint="0>0|8|0|3|0" referenceFrame="0>0|8|0|3|0" >
            <translatingPart index="0>0|8|0|4|0" />
        </movingPart>
        <movingPart index="0>0|8|0|0|1" referencePoint="0>0|8|0|0|0|0" referenceFrame="0>0|8|0|0|0|0" >
            <translatingPart index="0>0|8|0|0|1|0" />
        </movingPart>
        <movingPart index="0>0|4|1" referencePoint="0>0|2|2" referenceFrame="0>0|2|2" >
            <translatingPart index="0>0|4|1|0" />
        </movingPart>

        <movingPart index="0>0|7|0|0|3|0|0" referencePoint="0>0|7|0|6" referenceFrame="0>0|7|0|6" scaleZ="true" />
        <movingPart index="0>0|8|0|0|3|0|0" referencePoint="0>0|8|0|6" referenceFrame="0>0|8|0|6" scaleZ="true" />
    </movingParts>

    <animations>
        <animation name="folding">
        <!-- lowering -->
            <part node="0>0|1"        startTime="0" endTime="1.5" startRot="0 0 0" endRot="9 0 0"/>
            <part node="0>0|8|0|0|0"  startTime="0" endTime="1.5" startRot="2 0 0" endRot="-12 0 0"/>
            <part node="3>0|0"        startTime="0" endTime="1.5" startRot="2 0 0" endRot="-12 0 0"/>
            <part node="0>0|7|0|0|0"  startTime="0" endTime="1.5" startRot="2 0 0" endRot="-12 0 0"/>
            <part node="2>0|0"        startTime="0" endTime="1.5" startRot="2 0 0" endRot="-12 0 0"/>
            <part node="0>0|7|0|3"    startTime="0" endTime="1.5" startRot="2 0 0" endRot="-12 0 0"/>
            <part node="2>2"          startTime="0" endTime="1.5" startRot="2 0 0" endRot="-12 0 0"/>
            <part node="0>0|8|0|3"    startTime="0" endTime="1.5" startRot="2 0 0" endRot="-12 0 0"/>
            <part node="3>2"          startTime="0" endTime="1.5" startRot="2 0 0" endRot="-12 0 0"/>
            <part node="0>0|9"        startTime="0" endTime="1.5" startRot="2 0 0" endRot="-10 0 0"/>
            <part                     startTime="0" endTime="1" componentJointIndex="0" startRotLimit="5 0 0" endRotLimit="0 0 0"/>
            <part                     startTime="0" endTime="1" componentJointIndex="1" startRotLimit="0 0 8" endRotLimit="0 0 0"/>
            <part                     startTime="0" endTime="1" componentJointIndex="2" startRotLimit="0 0 8" endRotLimit="0 0 0"/>
            <part node="2>3"           startTime="0" endTime="1.5" startRot="-10 0 0" endRot="30 0 0" />
            <part node="2>3|0"         startTime="0" endTime="1.5" startRot="10 0 0" endRot="-30 0 0"/>
            <part node="0>0|7|0|2|0"   startTime="0" endTime="1.5" startRot="-10 0 0" endRot="30 0 0" />
            <part node="0>0|7|0|2|1"   startTime="0" endTime="1.5" startRot="-10 0 0" endRot="30 0 0" />
            <part node="0>0|7|0|2|0|0" startTime="0" endTime="1.5" startRot="10 0 0" endRot="-30 0 0"/>
            <part node="3>3"           startTime="0" endTime="1.5" startRot="-10 0 0" endRot="30 0 0" />
            <part node="3>3|0"         startTime="0" endTime="1.5" startRot="10 0 0" endRot="-30 0 0"/>
            <part node="0>0|8|0|2|0"   startTime="0" endTime="1.5" startRot="-10 0 0" endRot="30 0 0" />
            <part node="0>0|8|0|2|1"   startTime="0" endTime="1.5" startRot="-10 0 0" endRot="30 0 0" />
            <part node="0>0|8|0|2|0|0" startTime="0" endTime="1.5" startRot="5 0 0" endRot="-30 0 0"/>

        <!-- folding -->
            <part node="0>0|9"        startTime="2"   endTime="4"   startRot="-9 0 0" endRot="0 0 0"/>
            <part node="0>0|8|0|0|0"  startTime="2.5" endTime="4.5" startRot="-12 0 0" endRot="-2 0 0"/>
            <part node="3>0|0"        startTime="2.5" endTime="4.5" startRot="-12 0 0" endRot="-2 0 0"/>
            <part node="0>0|7|0|0|0"  startTime="2.5" endTime="4.5" startRot="-12 0 0" endRot="-2 0 0"/>
            <part node="2>0|0"        startTime="2.5" endTime="4.5" startRot="-12 0 0" endRot="-2 0 0"/>


            <part node="2>3"           startTime="8.5" endTime="10.5" startRot="30 0 0" endRot="0 0 0"/>
            <part node="2>3|0"         startTime="8.5" endTime="10.5" startRot="-30 0 0" endRot="0 0 0"/>
            <part node="0>0|7|0|2|0"   startTime="8.5" endTime="10.5" startRot="30 0 0" endRot="0 0 0"/>
            <part node="0>0|7|0|2|1"   startTime="8.5" endTime="10.5" startRot="30 0 0" endRot="0 0 0"/>
            <part node="0>0|7|0|2|0|0" startTime="8.5" endTime="10.5" startRot="-30 0 0" endRot="0 0 0"/>
            <part node="3>3"           startTime="8.5" endTime="10.5" startRot="30 0 0" endRot="0 0 0"/>
            <part node="3>3|0"         startTime="8.5" endTime="10.5" startRot="-30 0 0" endRot="0 0 0"/>
            <part node="0>0|8|0|2|0"   startTime="8.5" endTime="10.5" startRot="30 0 0" endRot="0 0 0"/>
            <part node="0>0|8|0|2|1"   startTime="8.5" endTime="10.5" startRot="30 0 0" endRot="0 0 0"/>
            <part node="0>0|8|0|2|0|0" startTime="8.5" endTime="10.5" startRot="-30 0 0" endRot="0 0 0"/>

            <part node="0>0|9|0"      startTime="4.5" endTime="6.5" startRot="0 0 0" endRot="88 0 0"/>

            <part node="0>0|7|0|0"     startTime="4.5" endTime="9"   startRot="0 0 0" endRot="0 0 179.9"/>
            <part node="0>0|7|0|0|3|0" startTime="4.5" endTime="9"   startTrans="0 0 0" endTrans="0 0 0.44"/>
            <part node="2>0"           startTime="4.5" endTime="9"   startRot="0 0 0" endRot="0 0 179.9"/>
            <part node="0>0|8|0|0"     startTime="5"   endTime="9.5" startRot="0 0 0" endRot="0 0 -179.9"/>
            <part node="3>0"           startTime="5"   endTime="9.5" startRot="0 0 0" endRot="0 0 -179.9"/>
            <part node="0>0|8|0|0|3|0" startTime="5"   endTime="9.5" startTrans="0 0 0" endTrans="0 0 0.44"/>

            <part node="0>0|7|0|3"    startTime="8.5" endTime="10.5" startRot="-12 0 0" endRot="-2 0 0"/>
            <part node="2>2"          startTime="8.5" endTime="10.5" startRot="-12 0 0" endRot="-2 0 0"/>
            <part node="3>2"          startTime="8.5" endTime="10.5" startRot="-12 0 0" endRot="-2 0 0"/>
            <part node="0>0|8|0|3"    startTime="8.5" endTime="10.5" startRot="-12 0 0" endRot="-2 0 0"/>

			<!-- MR = a little bit slower to deploy main extension -->
            <part node="0>0|5"        startTime="10.5"   endTime="15.5" startRot="0 0 0" endRot="0 0 90"/>
            <part node="0>0|6"        startTime="11.5"   endTime="16.5" startRot="0 0 0" endRot="0 0 -90"/>
        </animation>

        <!-- move support arm down/up -->
        <animation name="moveSupport">
            <part node="0>0|4|0" startTime="0" endTime="0.2" startTrans="0 0.4 0" endTrans="0 0 0"/>
            <part node="0>0|2|2" startTime="0" endTime="0.2" startRot="-90 0 0" endRot="0 0 0"/>
        </animation>
    </animations>

    <support animationName="moveSupport" />

    <speedRotatingParts>
        <!-- front wheels -->
        <speedRotatingPart index="0>0|7|0|2|0|0|0|0" wheelIndex="2" />
        <speedRotatingPart index="0>0|7|0|2|0|0|0|1" wheelIndex="2" />
        <speedRotatingPart index="0>0|8|0|2|0|0|0|0" wheelIndex="3" />
        <speedRotatingPart index="0>0|8|0|2|0|0|0|1" wheelIndex="3" />
        <!-- drums -->
        <speedRotatingPart index="0>0|9|0|1|0"          radius="0.25" foldMinLimit="0" foldMaxLimit="0.03" />
        <speedRotatingPart index="0>0|9|0|1|1"          radius="0.25" foldMinLimit="0" foldMaxLimit="0.13" />
        <speedRotatingPart index="0>0|7|0|3|1|0"        radius="0.25" foldMinLimit="0" foldMaxLimit="0.03" />
        <speedRotatingPart index="0>0|7|0|3|1|1"        radius="0.25" foldMinLimit="0" foldMaxLimit="0.59" />
        <speedRotatingPart index="0>0|8|0|3|1|0"        radius="0.25" foldMinLimit="0" foldMaxLimit="0.03" />
        <speedRotatingPart index="0>0|8|0|3|1|1"        radius="0.25" foldMinLimit="0" foldMaxLimit="0.59" />
        <speedRotatingPart index="0>0|7|0|0|0|1|0"      radius="0.25" foldMinLimit="0" foldMaxLimit="0.03"/>
        <speedRotatingPart index="0>0|7|0|0|0|1|1"      radius="0.25" foldMinLimit="0" foldMaxLimit="0.13" />
        <speedRotatingPart index="0>0|8|0|0|0|1|0"      radius="0.25" foldMinLimit="0" foldMaxLimit="0.03" />
        <speedRotatingPart index="0>0|8|0|0|0|1|1"      radius="0.25" foldMinLimit="0" foldMaxLimit="0.13" />
        <!-- discs -->
        <speedRotatingPart shaderNode="0>0|9|2|1|0"     radius="0.15" foldMinLimit="0" foldMaxLimit="0.03" />
        <speedRotatingPart shaderNode="0>0|9|2|1|1"     radius="0.15" foldMinLimit="0" foldMaxLimit="0.03" />
        <speedRotatingPart shaderNode="0>0|7|0|3|1|2"   radius="0.15" foldMinLimit="0" foldMaxLimit="0.03" />
        <speedRotatingPart shaderNode="0>0|7|0|3|1|3"   radius="0.15" foldMinLimit="0" foldMaxLimit="0.03" />
        <speedRotatingPart shaderNode="0>0|7|0|0|0|1|2" radius="0.15" foldMinLimit="0" foldMaxLimit="0.03" />
        <speedRotatingPart shaderNode="0>0|7|0|0|0|1|3" radius="0.15" foldMinLimit="0" foldMaxLimit="0.03" />
        <speedRotatingPart shaderNode="0>0|8|0|3|1|2"   radius="0.15" foldMinLimit="0" foldMaxLimit="0.03" />
        <speedRotatingPart shaderNode="0>0|8|0|3|1|3"   radius="0.15" foldMinLimit="0" foldMaxLimit="0.03" />
        <speedRotatingPart shaderNode="0>0|8|0|0|0|1|2" radius="0.15" foldMinLimit="0" foldMaxLimit="0.03" />
        <speedRotatingPart shaderNode="0>0|8|0|0|0|1|3" radius="0.15" foldMinLimit="0" foldMaxLimit="0.03" />
    </speedRotatingParts>

    <washable dirtDuration="30" washDuration="1" workMultiplier="20" />

    <ai>
        <needsLowering value="true" />
        <areaMarkers leftIndex="0>0|14|0|0" rightIndex="0>0|14|0|1" backIndex="0>0|14|0|2" />
        <sizeMarkers leftIndex="0>0|14|1|0" rightIndex="0>0|14|1|1" backIndex="0>0|14|1|2" />
        <trafficCollisionTrigger index="0>0|14|2" />
        <forceTurnNoBackward value="true" />
        <toolReverserDirectionNode index="0>0|14|1|2" />
        <turningRadiusLimitation radius="10" />
    </ai>

    <components count="4">
        <component1 centerOfMass="0 0.3 -2.1" solverIterationCount="15" mrSetMass="6.9" />
        <component2 centerOfMass="0 0 -0.7"   solverIterationCount="15" mrSetMass="1" />
        <component3 centerOfMass="1.2 0 -0.3"   solverIterationCount="10" mrSetMass="3" />
        <component4 centerOfMass="-1.2 0 -0.3"   solverIterationCount="10" mrSetMass="3" />
        <joint component1="0" component2="1" index="0>0|1" rotLimit="0 0 0" transLimit="0 0 0" rotLimitSpring="1500 0 0" rotLimitDamping="1000 0 0" />
        <joint component1="0" component2="2" index="0>0|5" rotLimit="0 0 0" transLimit="0 0 0" rotLimitSpring="0 0 8000" />
        <joint component1="0" component2="3" index="0>0|6" rotLimit="0 0 0" transLimit="0 0 0" rotLimitSpring="0 0 8000" />
        <collisionPair component1="1" component2="2" enabled="false" />
        <collisionPair component1="1" component2="3" enabled="false" />
        <collisionPair component1="2" component2="3" enabled="false" />
    </components>

    <schemaOverlay file="$dataS2/menu/schemas/implementSchema.png" fileSelected="$dataS2/menu/schemas/implementSchemaSelected.png" width="0.5" height="0.5" attacherJointPosition="0 0"/>
</vehicle>