﻿<?xml version="1.0" encoding="utf-8" standalone="no" ?>
<vehicle type="combine_anim_articAxis_slopeCompensation">
    <annotation>Copyright (C) GIANTS Software GmbH, All Rights Reserved.</annotation>
	
	<!-- MR
		
		data : 
		Volvo penta D16 768Hp engine (TAD1643VE-B, nominal rpm set at 1600rpm by Ropa. Max rapm set at 1690rpm)
		40kph at 1195rpm
		engine rpm at work between 1100 and 1650rpm
		--------------------------------------------
	
		autoRotateBackSpeed
		wheels
		differentials
		ackermannSteering
		articulatedAxis
		
		engine
		
		attacherJoints
		
		mass and center of mass
		
		
	<mrDebug>		
		<drawPoint centerOfMass="0>" />
		<drawPoint centerOfMass="1>" />			
	</mrDebug>
		
	
	-->
	
	
	
		
	
	<moreRealistic useMrTransmission="true">		
		<dragArea value="8.2" />
		<engine transmissionEfficiency="0.82" fuelUsageFactor="0.85" minSpeed="2" engineBrakeRpm="1690" engineBrakeForceFx="3.5" />
		<combine turnedOnPtoPower="90" unloadingAugerPtoPower="45" basePerf="370" speedDependantPtoPowerWhenFilling="65" />			
	</moreRealistic>

    <storeData>
        <name>Tiger 6 XL</name>
        <specs>
            <power>768</power>
            <maxSpeed>40</maxSpeed>
            <combination>RR-XL 9x45</combination>
        </specs>
        <functions>
            <function>$l10n_function_combine</function>
            <function>$l10n_function_combineNeedsCutter</function>
        </functions>
        <image>store_ropaTiger6.png</image>
        <price>499000</price>
        <dailyUpkeep>1700</dailyUpkeep>
        <lifetime>600</lifetime>
        <rotation>0</rotation>
        <brand>ROPA</brand>
        <category>beetHarvesting</category>
        <vertexBufferMemoryUsage>8269880</vertexBufferMemoryUsage>
        <indexBufferMemoryUsage>1610652</indexBufferMemoryUsage>
        <textureMemoryUsage>44471592</textureMemoryUsage>
        <instanceVertexBufferMemoryUsage>0</instanceVertexBufferMemoryUsage>
        <instanceIndexBufferMemoryUsage>0</instanceIndexBufferMemoryUsage>
    </storeData>

    <typeDesc>$l10n_typeDesc_harvester</typeDesc>
    <filename>vehicles/steerable/ropaTiger6/ropaTiger6.i3d</filename>

    <size width="4.5" length="13" lengthOffset="1"/>

    <wheelConfigurations>
        <wheelConfiguration name="$l10n_configuration_valueDefault" price="0">
            <wheels autoRotateBackSpeed="1" >
                <wheel rotSpeed="1" restLoad="6.5" repr="0>0|0|0|0|0" driveNode="0>0|0|0|0|0|0|0" filename="$data/vehicles/wheels/trelleborg/TM3000_800_70R38.xml" isLeft="true"  initialCompression="0" suspTravel="0.25" spring="120" damper="33" hasTireTracks="true" hasParticles="true" />
                <wheel rotSpeed="1" restLoad="6.5" repr="0>0|0|0|1|0" driveNode="0>0|0|0|1|0|0|0" filename="$data/vehicles/wheels/trelleborg/TM3000_800_70R38.xml" isLeft="false" initialCompression="0" suspTravel="0.25" spring="120" damper="33" hasTireTracks="true" hasParticles="true" />
                <wheel rotSpeed="1" restLoad="5.5" repr="1>0|0|0|0|0" driveNode="1>0|0|0|0|0|0|0" filename="$data/vehicles/wheels/trelleborg/TM2000_900_60R32.xml" isLeft="true"  initialCompression="10" suspTravel="0.35" spring="100" damper="30" hasTireTracks="true" hasParticles="true" steeringNode="1>0|0|0|2" steeringNodeMinRotY="37" steeringNodeMaxRotY="-37"/>
                <wheel rotSpeed="1" restLoad="5.5" repr="1>0|0|0|1|0" driveNode="1>0|0|0|1|0|0|0" filename="$data/vehicles/wheels/trelleborg/TM2000_900_60R32.xml" isLeft="false" initialCompression="10" suspTravel="0.35" spring="100" damper="30" hasTireTracks="true" hasParticles="true" />
                <wheel rotSpeed="1" restLoad="6.0" repr="1>0|0|1|0|0" driveNode="1>0|0|1|0|0|0|0" filename="$data/vehicles/wheels/trelleborg/TM2000_900_60R32.xml" isLeft="true"  initialCompression="10" suspTravel="0.35" spring="100" damper="30" hasTireTracks="true" hasParticles="true" steeringNode="1>0|0|1|2" steeringNodeMinRotY="55" steeringNodeMaxRotY="-55"/>
                <wheel rotSpeed="1" restLoad="6.0" repr="1>0|0|1|1|0" driveNode="1>0|0|1|1|0|0|0" filename="$data/vehicles/wheels/trelleborg/TM2000_900_60R32.xml" isLeft="false" initialCompression="10" suspTravel="0.35" spring="100" damper="30" hasTireTracks="true" hasParticles="true" />
            </wheels>
        </wheelConfiguration>
    </wheelConfigurations>
    
    <slopeCompensation>
        <compensationNode wheel1="1" wheel2="2" maxAngle="8" animationName="slopeCompensation_axis1" foldAngleScale="0"/>
        <compensationNode wheel1="3" wheel2="4" maxAngle="8" animationName="slopeCompensation_axis2" foldAngleScale="0"/>
        <compensationNode wheel1="5" wheel2="6" maxAngle="8" animationName="slopeCompensation_axis3" foldAngleScale="0"/>
    </slopeCompensation>    

    <axisColor>0.9914 0.6870 0.0000 1</axisColor>
    <rimColor>0.9914 0.6870 0.0000 1</rimColor>

    <dynamicallyLoadedParts>
        <dynamicallyLoadedPart node="0" linkNode="1>0|0|9" filename="$data/shared/vehicleParts/wheelChock01.i3d" />
    </dynamicallyLoadedParts>
    
    <differentials>
        <differential torqueRatio="0.5" maxSpeedRatio="1" wheelIndex1="2" wheelIndex2="3" /> <!-- middle left-right -->
        <differential torqueRatio="0.5" maxSpeedRatio="1" wheelIndex1="4" wheelIndex2="5" /> <!-- back left-right -->
        <differential torqueRatio="0.5" maxSpeedRatio="1" wheelIndex1="0" wheelIndex2="1" /> <!-- front left-right -->
        <differential torqueRatio="0.5" maxSpeedRatio="1" differentialIndex1="0" differentialIndex2="1" /> <!-- middle-back -->
        <differential torqueRatio="0.5" maxSpeedRatio="1" differentialIndex1="2" differentialIndex2="3" /> <!-- front-'back' -->
    </differentials>

    <ackermannSteeringConfigurations>
        <ackermannSteering rotSpeed="60" rotMax="32" rotCenter="0 2.379"  />
    </ackermannSteeringConfigurations>

    <articulatedAxis componentJointIndex="0" anchorActor="0" rotSpeed="-20" rotMax="30" rotMin="-30" aiRevereserNode="1>0|0|8" />

    <crabSteering distFromCompJointToCenterOfBackWheels="6.3695" aiSteeringModeIndex="2" toggleSpeedFactor="0.1" >
        <steeringMode name="action_steeringModeAllWheel" >
            <wheel index="1" />
            <wheel index="2" />
            <wheel index="3" />
            <wheel index="4" />
            <wheel index="5" />
            <wheel index="6" />
            <articulatedAxis offset="0" locked="true" />
        </steeringMode>
        <steeringMode name="action_steeringModeTurnSteering" inputBindingName="CRABSTEERING_ALLWHEEL">
            <wheel index="1" />
            <wheel index="2" />
            <wheel index="3" />
            <wheel index="4" />
            <wheel index="5" />
            <wheel index="6" />
            <articulatedAxis offset="0" locked="false" />
        </steeringMode>
        <steeringMode name="action_steeringModeCrabLeft" inputBindingName="CRABSTEERING_CRABLEFT">
            <wheel index="1" offset="0" />
            <wheel index="2" offset="0" />
            <wheel index="3" offset="15" locked="true" />
            <wheel index="4" offset="15" locked="true" />
            <wheel index="5" offset="15" locked="true" />
            <wheel index="6" offset="15" locked="true" />
            <articulatedAxis offset="-15" locked="true" wheelIndices="3 4 5 6" />
            <animation name="safetyBarLeft" speed="1.0" />
        </steeringMode>
        <steeringMode name="action_steeringModeCrabRight" inputBindingName="CRABSTEERING_CRABRIGHT">
            <wheel index="1" offset="0" />
            <wheel index="2" offset="0" />
            <wheel index="3" offset="-15" locked="true" />
            <wheel index="4" offset="-15" locked="true" />
            <wheel index="5" offset="-15" locked="true" />
            <wheel index="6" offset="-15" locked="true" />
            <articulatedAxis offset="15" locked="true" wheelIndices="3 4 5 6" />
            <animation name="safetyBarRight" speed="1.0" />
        </steeringMode>
    </crabSteering>

    <motor torqueScale="3.260" minRpm="800" maxRpm="1700" maxForwardSpeed="40" maxBackwardSpeed="18" brakeForce="11" lowBrakeForceScale="0.22" lowBrakeForceSpeedLimit="1" rotInertia="0.004" minForwardGearRatio="11.26" maxForwardGearRatio="100" minBackwardGearRatio="26.28" maxBackwardGearRatio="100" ptoMotorRpmRatio="2.685" >
        <torque normRpm="0.47" torque="0.57"/>
        <torque normRpm="0.647" torque="0.92"/>
        <torque normRpm="0.735" torque="1"/>
        <torque normRpm="0.97" torque="1"/>        
        <torque normRpm="1" torque="0"/>
    </motor>

    <fuelCapacity>1320</fuelCapacity>

    <cameras count="2">
        <camera1 index="0>0|1|0|0" rotatable="true" rotateNode="0>0|1|0" limit="true" useWorldXZRotation="true" rotMinX="-1.4" rotMaxX="1" transMin="4" transMax="30" >
            <raycastNode index="0>0|1|2"/>
            <raycastNode index="0>0|1|3"/>
            <raycastNode index="1>0|1|0"/>
            <raycastNode index="1>0|1|1"/>
        </camera1>
        <camera2 index="0>0|1|1" rotatable="true" limit="true" rotMinX="-1.1" rotMaxX="0.4" transMin="0" transMax="0" useMirror="true" isInside="true" positionSmoothingParameter="0.85"/>
    </cameras>

    <lights>
        <low>
            <light                                    decoration="0>0|4|0|0|0|0|0|2|0|0|0"  lightTypes="0 3" />
            <light realLight="0>0|4|0|0|0|0|0|2|0|0|1"                                      lightTypes="0" excludedLightTypes="3" /> <!-- front lights-->
            <light realLight="0>0|4|0|0|0|0|0|2|0|0|2"                                      lightTypes="3"/> <!-- high beam -->
            <light                                    decoration="1>0|6|1|0"                lightTypes="0 3"/> <!-- back lights -->
            <light realLight="1>0|6|0|0|1"            decoration="1>0|6|0|0|0"              lightTypes="1"/>   <!-- worklight back -->
            <light realLight="1>0|6|0|0|2"                                                  lightTypes="1"/>   <!-- worklight pipe -->
            <light                                    decoration="0>0|11|0|0|1"             lightTypes="2"/>   <!-- worklight front -->
        </low>
        <high>
            <light                                    decoration="0>0|4|0|0|0|0|0|2|0|0|0"  lightTypes="0 3" />
            <light realLight="0>0|4|0|0|0|0|0|2|0|0|3"                                      lightTypes="0" excludedLightTypes="2 3" /> <!-- front lights-->
            <light realLight="0>0|4|0|0|0|0|0|2|0|0|4"                                      lightTypes="3" excludedLightTypes="2" /> <!-- high beam-->
            <light realLight="1>0|6|1|1"              decoration="1>0|6|1|0"                lightTypes="0 3"/> <!-- back lights -->
            <light realLight="1>0|6|0|0|3"            decoration="1>0|6|0|0|0"              lightTypes="1"/>   <!-- worklight back -->
            <light realLight="1>0|6|0|0|4"                                                  lightTypes="1"/>   <!-- worklight pipe -->
            <light realLight="1>0|6|0|0|5"                                                  lightTypes="1"/>   <!-- worklight side -->
            <light realLight="1>0|6|0|0|6"                                                  lightTypes="1"/>   <!-- worklight bunker -->
            <light realLight="0>0|11|0|0|1"           decoration="0>0|11|0|0|0"             lightTypes="2"/>   <!-- worklight front -->
        </high> 
        <states>
            <state lightTypes="0" />
            <state lightTypes="0 1" />
            <state lightTypes="0 1 2" />
        </states>
    </lights>

    <brakeLights>
        <brakeLight realLight="1>0|6|1|1" decoration="1>0|6|3|0" />
    </brakeLights>
    
    <reverseLights>
        <reverseLight realLight="1>0|6|5|1" decoration="1>0|6|5|0" />
    </reverseLights>

    <turnLights>
        <turnLightLeft  realLight="1>0|6|2|0|1"            decoration="1>0|6|2|0|0" />
        <turnLightLeft  realLight="0>0|4|0|0|0|0|0|2|0|1|0|1"  decoration="0>0|4|0|0|0|0|0|2|0|1|0|0" />
        <turnLightRight realLight="1>0|6|2|1|1"            decoration="1>0|6|2|1|0" />
        <turnLightRight realLight="0>0|4|0|0|0|0|0|2|0|1|1|1"  decoration="0>0|4|0|0|0|0|0|2|0|1|1|0" />
    </turnLights>

    <beaconLights>
        <beaconLight index="0>0|11|1|0"  speed="0.015" filename="$data/shared/beaconLights/beaconLight02.i3d"/>
        <beaconLight index="0>0|11|1|1"  speed="0.015" filename="$data/shared/beaconLights/beaconLight02.i3d"/>
        <beaconLight index="1>0|6|4|0"   speed="0.015" filename="$data/shared/beaconLights/beaconLight02.i3d"/>
        <beaconLight index="1>0|6|4|1"   speed="0.015" filename="$data/shared/beaconLights/beaconLight02.i3d"/>
    </beaconLights>

    <mirrors>
        <mirror index="0>0|8|0" prio="1" />
        <mirror index="0>0|8|1" prio="2" />
        <mirror index="0>0|8|2" prio="1" />
        <mirror index="0>0|8|3" prio="2" />
    </mirrors>

    <indoorHud>
        <speed numbers="0>0|9|0" precision="1" />
        <rpm numbers="0>0|9|1" precision="0" />
        <time numbers="0>0|9|2" precision="2" />
        <fuelUsage numbers="0>0|9|3" precision="0" />
    </indoorHud>
    
    <steering index="0>0|3|0" indoorRotation="540" outdoorRotation="30" />

    <characterNode index="0>0|5|0" cameraMinDistance="1.5" filename="$dataS2/character/player/player.xml" spineRotation="180 0 108" >
        <target ikChain="rightFoot" targetNode="0>0|5|1" />
        <target ikChain="leftFoot"  targetNode="0>0|5|2" />
        <target ikChain="rightArm"  targetNode="0>0|3|0|0"   setDirty="true"/>
        <target ikChain="leftArm"   targetNode="0>0|3|0|1"   setDirty="true" />
    </characterNode>

    <attacherJoints>
        <attacherJoint jointType="cutter" index="0>0|4|0|0|0|0|0|8" jointPositionOffset="0 0 -0.839" rotationNode="0>0|4|0|0" rotationNode2="0>0|4|0|0|0|0|0" upperRotation="-25 0 0" lowerRotation="15 0 0" startRotation="-12 -0.372 0" upperRotation2="100 0 -180" lowerRotation2="107 0 -180" lowerTransLimit="0 0 0" upperDistanceToGround="1.464" lowerDistanceToGround="0.843" rotLimitSpring="3000 0 2000" rotLimitDamping="100 0 60" moveTime="3.8" comboTime="0">
            <schema position="0 0" rotation="0" invertX="true" />
            <objectChange node="0>0|4|0|0|0|0|0|2" visibilityActive="false" visibilityInactive="true" />
        </attacherJoint>
        <attacherJoint index="1>0|2|2|0" rootNode="1>" jointType="trailer" allowsJointLimitMovement="false" allowsLowering="false" lowerRotLimit="20 75 50" lowerTransLimit="0 0 0" canTurnOnImplement="false" comboTime="1" >
            <schema position="1 0" rotation="0" invertX="false" />
        </attacherJoint>
    </attacherJoints>

    <exitPoint index="0>0|2" />
    <enterReferenceNode index="0>0|2|0" />

    <motorStartDuration>2750</motorStartDuration>

    <motorStartSound file="vehicles/steerable/ropaTiger6/ropaTiger6_start.wav"          pitchOffset="1.00" volume="0.85" indoorVolumeFactor="0.45" indoorLowpassGain="0.75"/>
    <motorSound file="vehicles/steerable/ropaTiger6/ropaTiger6_idle.wav"                pitchOffset="1.00" volume="0.85" indoorVolumeFactor="0.45" indoorLowpassGain="0.75" pitchMax="1.30" />
    <motorStopSound file="vehicles/steerable/ropaTiger6/ropaTiger6_stop.wav"            pitchOffset="1.00" volume="0.85" indoorVolumeFactor="0.45" indoorLowpassGain="0.75"/>
    <motorSoundRun file="vehicles/steerable/ropaTiger6/ropaTiger6_run.wav"              pitchOffset="1.00" volume="0.60" indoorVolumeFactor="0.40" indoorLowpassGain="0.65" pitchMax="1.15" />
    <motorSoundLoad file="vehicles/steerable/ropaTiger6/ropaTiger6_load.wav"            pitchOffset="1.00" volume="0.60" indoorVolumeFactor="0.40" indoorLowpassGain="0.65" pitchMax="1.15" />

    <gearboxSound file="vehicles/steerable/ropaTiger6/ropaTiger6_transmission.wav"      pitchOffset="0.85"  volume="0.20"  indoorVolumeFactor="0.65"  indoorLowpassGain="0.75"  pitchMax="1.00" volumeMax="0.85" reverseVolumeMax="0.65" />
    <retarderSound file="$data/sounds/transmission/module1.wav"                         pitchOffset="0.85"  volume="0.10"  indoorVolumeFactor="0.45"  indoorLowpassGain="0.75"  pitchMax="1.40" volumeMax="0.35" minSpeed="0.05"/>
    <reverseDriveSound file="vehicles/steerable/ropaMaus5/ropa_reverse_beep.wav"        pitchOffset="0.98"  volume="0.50"  indoorVolumeFactor="0.25"  indoorLowpassGain="0.75"  />

    <threshingStartSound file="vehicles/steerable/ropaTiger6/ropaTiger6_start_work.wav" pitchOffset="1.00" volume="1.00" indoorVolumeFactor="0.50" indoorLowpassGain="0.75" />
    <threshingSound file="vehicles/steerable/ropaTiger6/ropaTiger6_work.wav"            pitchOffset="1.00" volume="1.00" indoorVolumeFactor="0.50" indoorLowpassGain="0.75" />
    <threshingStopSound file="vehicles/steerable/ropaTiger6/ropaTiger6_stop_work.wav"   pitchOffset="1.00" volume="1.00" indoorVolumeFactor="0.50" indoorLowpassGain="0.75" />

    <brakeCompressor capacity="10000" fillSpeed="500" />
    <maximalAirConsumptionPerFullStop value="4500" />
    <brakeCompressorStartSound file="$data/vehicles/steerable/jcb/jcb_module.wav"                pitchOffset="1.10" volume="0.65" indoorVolumeFactor="0.64" indoorLowpassGain="0.90" />
    <brakeCompressorRunSound file="$data/sounds/technicalAccessories/compressor_idle.wav"        pitchOffset="0.88" volume="0.20" indoorVolumeFactor="0.15" indoorLowpassGain="0.90" pitchMax="1.1" />
    <brakeCompressorStopSound file="$data/sounds/technicalAccessories/compressor_controller.wav" pitchOffset="1.10" volume="0.85" indoorVolumeFactor="0.45" indoorLowpassGain="0.90" />
    <compressedAirSound file="$data/sounds/technicalAccessories/brakeSmall.wav"                  pitchOffset="1.00" volume="0.10" indoorVolumeFactor="0.00" indoorLowpassGain="0.00" />
    <airReleaseValveSound      file="$data/sounds/technicalAccessories/regulator_valve.wav"      pitchOffset="0.92" volume="1.20" indoorVolumeFactor="0.52" indoorLowpassGain="0.75"/>

    <cylinderedHydraulicSound file="$data/sounds/hydraulicUp.wav"                                pitchOffset="0.75" volume="0.50" indoorVolumeFactor="0.85" indoorLowpassGain="0.90" />
    <hydraulicSound file="$data/sounds/hydraulicUp.wav"                                          pitchOffset="0.95" volume="1.05" indoorVolumeFactor="0.95" indoorLowpassGain="0.75" />
    <attachSound file="$data/sounds/header_attach.wav"                                           pitchOffset="1.00" volume="1.00" indoorVolumeFactor="0.55" indoorLowpassGain="0.75" />
    <honkSound file="vehicles/steerable/ropaTiger6/ropaTiger6_horn_loop.wav"                     pitchOffset="1.00" volume="1.00" indoorVolumeFactor="0.50" indoorLowpassGain="0.75" />
    <attachSound file="$data/sounds/attach.wav" pitchOffset="1" />

    <pipe numStates="2" unloadingStates="2" raycastNodeIndex="1>0|3|1|0|0|0|0|0" raycastDistance="6" foldMinState="1" foldMaxState="1" foldMinLimit="0" foldMaxLimit="0" foldMinTime="0" foldMaxTime="0" delay="2.1" effectExtraDistance="2.2" effectExtraDistanceOnTrailer="-0.5" dischargeInfoIndex="1">
        <node index="1>0|3|1|0" rotationSpeeds="0 0 8">
            <state1 rotation="0 0 0"/>
            <state2 rotation="0 0 -50"/>
        </node>
        <node index="1>0|3|1|0|0" rotationSpeeds="0 0 8">
            <state1 rotation="0 0 25"/>
            <state2 rotation="0 0 0"/>
        </node>
        <node index="1>0|3|1|0|0|0" rotationSpeeds="0 0 15">
            <state1 rotation="0 0 -115"/>
            <state2 rotation="0 0 -25"/>
        </node>
    </pipe>

    <foldingParts startMoveDirection="1" turnOnFoldMinLimit="0" turnOnFoldMaxLimit="0.02" loadMovingToolStatesMaxLimit="-1" loadMovingToolStatesMinLimit="-1">
        <foldingPart animationName="foldGrainTank" speedScale="0.7" />
    </foldingParts>

    <animations>
        <animation name="foldGrainTank">
            <part node="1>0|3|0|9|6" startTime="4.954" endTime="6.33"  startRot="90.0 0.0 0.0" endRot="0.0 0.0 0.0" />
            <part node="1>0|3|0|9|0" startTime="0.0" endTime="3.846"  startRot="0.0 0.0 0.0" endRot="-96.722 0.0 0.0" />
            <part node="1>0|3|1|0|0|0" startTime="4.954" endTime="7.248"  startRot="0.0 0.0 -115.0" endRot="0.0 0.0 -50.118" />
            <part node="1>0|3|0|4" startTime="7.798" endTime="10.0"  startRot="0.0 0.0 0.0" endRot="0.0 0.0 63.0" />
            <part node="1>0|3|1|0" startTime="3.578" endTime="6.33"  startRot="0.0 0.0 0" endRot="0.0 0.0 0" />
            <part node="1>0|3|1|0|0" startTime="3.578" endTime="6.33"  startRot="0.0 0.0 25.0" endRot="0.0 0.0 115.021" />
            <part node="1>0|3|0|9|4" startTime="4.49" endTime="5.412"  startRot="0.0 0.0 0.0" endRot="0.0 0.0 20" />
            <part node="1>0|3|0|9|4" startTime="5.412" endTime="6.33"  startRot="0.0 0.0 20" endRot="0.0 0.0 33" />
            <part node="1>0|3|0|7" startTime="3.578" endTime="5.413"  startRot="0.0 0.0 0.0" endRot="90.0 0.0 0.0" />
            <part node="1>0|3|0|8" startTime="4.495" endTime="6.33"  startRot="0.0 0.0 0.0" endRot="-90.0 0.0 0.0" />
            <part node="1>0|3|0|6" startTime="6.33" endTime="8.165"  startRot="0.0 0.0 0.0" endRot="0.0 0.0 -44.827" />
            <part node="1>0|3|0|6" startTime="8.165" endTime="10.0"  startRot="0.0 0.0 -44.827" endRot="0.0 0.0 -75.0" />
            <part node="1>0|3|0|0" startTime="0.0" endTime="3.578"  startRot="0.0 0.0 0.0" endRot="0.0 0.0 -86" />
            <part node="1>0|3|0|2" startTime="0.0" endTime="3.578"  startRot="0.0 0.0 0.0" endRot="0.0 0.0 -78" />
        </animation>

        <animation name="enterAnimation">
            <part node="0>0|6|2"       startTime="0" endTime="2" startRot="0 0 0" endRot="0 0 160"/>
        </animation>

        <animation name="slopeCompensation_axis1">
            <part node="0>0|0|0"       startTime="0" endTime="3" startRot="0 0 -8" endRot="0 0 8"/>
            <part node="0>0|4|0|0|0"     startTime="0" endTime="3" startRot="1 0 -8" endRot="0 0 8"/>
        </animation>
        <animation name="slopeCompensation_axis2">
            <part node="1>0|0|0"       startTime="0" endTime="3" startRot="0 0 -8" endRot="0 0 8"/>
        </animation>
        <animation name="slopeCompensation_axis3">
            <part node="1>0|0|1"       startTime="0" endTime="3" startRot="0 0 -8" endRot="0 0 8"/>
        </animation>

        <animation name="safetyBarLeft">
            <part node="1>0|3|5"       startTime="0" endTime="3" startRot="0 0 0" endRot="0 0 70"/>
        </animation>
        <animation name="safetyBarRight">
            <part node="1>0|3|6"       startTime="0" endTime="3" startRot="0 0 0" endRot="0 0 -70"/>
        </animation>
    </animations>

    <movingTools>
        <movingTool index="0>0|0|0" wheelIndices="1 2">
            <dependentPart index="0>0|0|1"/>
            <dependentPart index="0>0|0|2"/>
        </movingTool>
        <movingTool index="1>0|0|0" wheelIndices="3 4">
            <dependentPart index="1>0|0|2"/>
            <dependentPart index="1>0|0|3"/>
            <dependentPart index="1>0|0|0|5"/>
        </movingTool>
        <movingTool index="1>0|0|1" wheelIndices="5 6">
            <dependentPart index="1>0|0|4"/>
            <dependentPart index="1>0|0|5"/>
            <dependentPart index="1>0|0|1|5"/>
        </movingTool>   

        <!-- unloading arm -->
        <movingTool index="0>0|4|0|0|0">
            <attacherJoint jointIndices="0" />
        </movingTool>  
        
        <!-- arm up/down --> 
        <movingTool index="1>0|3|1|0" freezingPipeStates="0 1" foldMinLimit="0" foldMaxLimit="0" playSound="true" >
            <controls axis="AXIS_PIPE" invertAxis="false" mouseSpeedFactor="1" iconFilename="$dataS2/menu/moveControls/pipe_end.png" />
            <rotation rotSpeed="10" rotAcceleration="125" rotMax="-40" rotMin="-80" rotationAxis="3" />
            <dependentPart index="1>0|3|1|1"/>
            <dependentPart index="1>0|3|1|2"/>
        </movingTool>
        
        <!-- arm end -->
        <movingTool index="1>0|3|1|0|0|0" freezingPipeStates="0 1" foldMinLimit="0" foldMaxLimit="0" playSound="true" >
            <controls axis="AXIS_PIPE2" invertAxis="true" mouseSpeedFactor="1" iconFilename="$dataS2/menu/moveControls/pipe_end.png" />
            <rotation rotSpeed="10" rotAcceleration="125" rotMax="0" rotMin="-70" rotationAxis="3" />
            <dependentPart index="1>0|3|1|0|0|1"/>
        </movingTool>
        
        <!-- railings right -->
        <movingTool index="1>0|3|0|6" playSound="true" >
            <dependentPart index="1>0|3|0|9|5"/>
        </movingTool>

        <!-- railings left -->
        <movingTool index="1>0|3|0|4" playSound="true" >
            <dependentPart index="1>0|3|0|9|3"/>
        </movingTool>
        
        <!-- railings front -->
        <movingTool index="1>0|3|0|9|0" playSound="true" >
            <dependentPart index="1>0|3|0|9|1"/>
        </movingTool>
        
        <!-- railings back -->
        <movingTool index="1>0|3|0|9|6" playSound="true" >
            <dependentPart index="1>0|3|0|9|7"/>
        </movingTool>
        
        <!-- auger -->
        <movingTool index="1>0|3|0|0" playSound="true" >
            <dependentPart index="1>0|3|0|0|0"/>
            <dependentPart index="1>0|3|0|1"/>
        </movingTool>
        <movingTool index="1>0|3|0|2" playSound="true" >
            <dependentPart index="1>0|3|0|0|0"/>
            <dependentPart index="1>0|3|0|3"/>
        </movingTool>
        
        <!-- unloading arm -->
        <movingTool index="1>0|3|1|0|0" playSound="true" >
            <dependentPart index="1>0|3|1|0|1"/>
        </movingTool>        
    </movingTools>

    <movingParts>
        <!-- railings - right -->
        <movingPart index="1>0|3|0|9|5" localReferencePoint="1>0|3|0|9|5|0" referencePoint="1>0|3|0|6|3" referenceFrame="1>0|3|0|9|8">
            <dependentPart index="1>0|3|0|9|5|0" />
            <dependentPart index="1>0|3|0|6|1" />
        </movingPart>
        <movingPart index="1>0|3|0|9|5|0" referencePoint="1>0|3|0|6|3" referenceFrame="1>0|3|0|6|3" />
        
        <!-- railings - left -->  
        <movingPart index="1>0|3|0|9|3" localReferencePoint="1>0|3|0|9|3|0" referencePoint="1>0|3|0|4|1" referenceFrame="1>0|3|0|9|9">
            <dependentPart index="1>0|3|0|9|3|0" />
            <dependentPart index="1>0|3|0|9|2" />
            <dependentPart index="1>0|3|0|9|2|0" />
            <dependentPart index="1>0|3|0|6|1" />
        </movingPart>
        <movingPart index="1>0|3|0|9|3|0" referencePoint="1>0|3|0|4|1"   referenceFrame="1>0|3|0|4|1" />
        <movingPart index="1>0|3|0|9|2"   referencePoint="1>0|3|0|9|3|1" referenceFrame="1>0|3|0|9|3|1" />
        <movingPart index="1>0|3|0|9|2|0" referencePoint="1>0|3|0|9|3|2" referenceFrame="1>0|3|0|9|3|2" />
        
        <movingPart index="1>0|3|0|6|1" referencePoint="1>0|3|0|4|2" referenceFrame="1>0|3|0|4|2">
            <translatingPart index="1>0|3|0|6|1|0"/>
        </movingPart>
        
        <!-- railings front -->
        <movingPart index="1>0|3|0|9|1" referencePoint="1>0|3|0|9|0|0" referenceFrame="1>0|3|0|9|0|0">
            <translatingPart index="1>0|3|0|9|1|0"/>
        </movingPart>
        
        <!-- railings back -->
        <movingPart index="1>0|3|0|9|7" referencePoint="1>0|3|0|9|6|0" referenceFrame="1>0|3|0|9|6|0">
            <translatingPart index="1>0|3|0|9|7|0"/>
        </movingPart>
        
        <!-- auger -->
        <movingPart index="1>0|3|0|0|0" referencePoint="1>0|3|0|2|1" referenceFrame="1>0|3|0|2|1" />
        <movingPart index="1>0|3|0|3" referencePoint="1>0|3|0|2|2" referenceFrame="1>0|3|0|2|2">
            <translatingPart index="1>0|3|0|3|0"/>
        </movingPart>  
        <movingPart index="1>0|3|0|1" referencePoint="1>0|3|0|0|1" referenceFrame="1>0|3|0|0|1">
            <translatingPart index="1>0|3|0|1|0"/>
        </movingPart>
        
        <!-- unloading arm -->
        <movingPart index="1>0|3|1|1" referencePoint="1>0|3|1|0|3" referenceFrame="1>0|3|1|0|3">
            <translatingPart index="1>0|3|1|1|0"/>
        </movingPart>
        <movingPart index="1>0|3|1|2" referencePoint="1>0|3|1|0|2" referenceFrame="1>0|3|1|0|2">
            <translatingPart index="1>0|3|1|2|0"/>
        </movingPart>
        
        <movingPart index="1>0|3|1|0|1" referencePoint="1>0|3|1|0|0|2" referenceFrame="1>0|3|1|0|0|2">
            <translatingPart index="1>0|3|1|0|1|0"/>
        </movingPart>

        <movingPart index="1>0|3|1|0|0|1" referencePoint="1>0|3|1|0|0|0|2" referenceFrame="1>0|3|1|0|0|0|2">
            <translatingPart index="1>0|3|1|0|0|1|0"/>
        </movingPart>

        <!-- pipe nodes -->
        <movingPart index="1>0|3|1|0|0|0|0" referenceFrame="1>" isActiveDirty="true"/>       

        
        <!-- steering -->
        <movingPart index="1>0|0|0|0|0|1" referencePoint="1>0|0|0|2|2" referenceFrame="1>0|0|0|2|2" scaleZ="true" isActiveDirty="true"/>
        <movingPart index="1>0|0|0|1|0|1" referencePoint="1>0|0|0|2|3" referenceFrame="1>0|0|0|2|3" scaleZ="true" isActiveDirty="true"/>
        <movingPart index="1>0|0|0|3" referencePoint="1>0|0|0|2|0" referenceFrame="1>0|0|0|2|0" isActiveDirty="true">
            <translatingPart index="1>0|0|0|3|0"/>
        </movingPart>
        <movingPart index="1>0|0|0|4" referencePoint="1>0|0|0|2|1" referenceFrame="1>0|0|0|2|1" isActiveDirty="true">
            <translatingPart index="1>0|0|0|4|0"/>
        </movingPart>  
        
        <movingPart index="1>0|0|1|0|0|1" referencePoint="1>0|0|1|2|2" referenceFrame="1>0|0|1|2|2" scaleZ="true" isActiveDirty="true"/>
        <movingPart index="1>0|0|1|1|0|1" referencePoint="1>0|0|1|2|3" referenceFrame="1>0|0|1|2|3" scaleZ="true" isActiveDirty="true"/>
        <movingPart index="1>0|0|1|3" referencePoint="1>0|0|1|2|0" referenceFrame="1>0|0|1|2|0" isActiveDirty="true">
            <translatingPart index="1>0|0|1|3|0"/>
        </movingPart>
        <movingPart index="1>0|0|1|4" referencePoint="1>0|0|1|2|1" referenceFrame="1>0|0|1|2|1" isActiveDirty="true">
            <translatingPart index="1>0|0|1|4|0"/>
        </movingPart>  
        
        <movingPart index="0>0|0|0|2" referencePoint="0>0|0|0|0|0|1" referenceFrame="0>0|0|0|0|0|1" isActiveDirty="true">
            <translatingPart index="0>0|0|0|2|0"/>
        </movingPart>  
        <movingPart index="0>0|0|0|3" referencePoint="0>0|0|0|1|0|1" referenceFrame="0>0|0|0|1|0|1" isActiveDirty="true">
            <translatingPart index="0>0|0|0|3|0"/>
        </movingPart>
        <movingPart index="0>0|0|0|0|0|2" referencePoint="0>0|0|0|1|0|2"   referenceFrame="0>0|0|0|1|0|2" isActiveDirty="true"/>
        
        <movingPart index="0>0|6|0" referencePoint="1>0|3|3" referenceFrame="1>0|3|3" isActiveDirty="true">
            <translatingPart index="0>0|6|0|0"/>
        </movingPart>
        <movingPart index="0>0|6|1" referencePoint="1>0|3|4" referenceFrame="1>0|3|4" isActiveDirty="true">
            <translatingPart index="0>0|6|1|0"/>
        </movingPart>
        
        <!-- slope compensation -->
        <movingPart index="1>0|0|2" referencePoint="1>0|0|0|8" referenceFrame="1>0|0|0|8">
            <translatingPart index="1>0|0|2|0"/>
        </movingPart>
        <movingPart index="1>0|0|3" referencePoint="1>0|0|0|9" referenceFrame="1>0|0|0|9">
            <translatingPart index="1>0|0|3|0"/>
        </movingPart>
        <movingPart index="1>0|0|0|5" referencePoint="1>0|0|6" referenceFrame="1>0|0|6" scaleZ="true"/>
        
        <movingPart index="1>0|0|4" referencePoint="1>0|0|1|7" referenceFrame="1>0|0|1|7">
            <translatingPart index="1>0|0|4|0"/>
        </movingPart>
        <movingPart index="1>0|0|5" referencePoint="1>0|0|1|8" referenceFrame="1>0|0|1|8">
            <translatingPart index="1>0|0|5|0"/>
        </movingPart>
        <movingPart index="1>0|0|1|5" referencePoint="1>0|0|7" referenceFrame="1>0|0|7" scaleZ="true"/>
        
        <movingPart index="0>0|0|1" referencePoint="0>0|0|0|4" referenceFrame="0>0|0|0|4">
            <translatingPart index="0>0|0|1|0"/>
        </movingPart>
        <movingPart index="0>0|0|2" referencePoint="0>0|0|0|5" referenceFrame="0>0|0|0|5">
            <translatingPart index="0>0|0|2|0"/>
        </movingPart>
        
        <!-- drive shaft -->
        <movingPart index="1>0|0|0|7|0|0" referencePoint="1>0|0|0|7|1"   referenceFrame="1>0|0|0|7|0" isActiveDirty="true"/>
        <movingPart index="1>0|0|0|7|0|0|0" referencePoint="0>0|7|0|0|0"   referenceFrame="1>0|0|0|7|0|0|1" isActiveDirty="true"/>
       
        <!-- feeder -->
        <movingPart index="1>0|3|2|0" referencePoint="0>0|6|3"   referenceFrame="0>0|6|3" isActiveDirty="true" />
        <movingPart index="0>0|4|0|0|0|0|0|1" localReferencePoint="0>0|4|0|0|0|0|0|1|0" referencePoint="1>0|3|2|0|0" referenceFrame="0>0|4|0|0|0|0|0|6" isActiveDirty="true">
            <dependentPart index="0>0|4|0|0|0|0|0|1|0" />
        </movingPart>
        <movingPart index="0>0|4|0|0|0|0|0|1|0" referencePoint="1>0|3|2|0|0" referenceFrame="0>0|4|0|0|0|0|0|6" /> 

        <movingPart index="0>0|4|0|3" referencePoint="0>0|4|0|0|0|0|2" referenceFrame="0>0|4|0|0|0|0|2" isActiveDirty="true">
            <translatingPart index="0>0|4|0|3|0"/>
        </movingPart>
        <movingPart index="0>0|4|0|4" referencePoint="0>0|4|0|0|0|0|1" referenceFrame="0>0|4|0|0|0|0|1" isActiveDirty="true">
            <translatingPart index="0>0|4|0|4|0"/>
        </movingPart>
        
        <movingPart index="0>0|4|0|0|0|0|0|0" referencePoint="0>0|4|0|5|0" referenceFrame="0>0|4|0|0|0|0|0|7" isActiveDirty="true">
            <dependentPart index="0>0|4|0|0|0|0|0|0|0" />
        </movingPart>
        <movingPart index="0>0|4|0|0|0|0|0|0|0" referencePoint="0>0|4|0|5" referenceFrame="0>0|4|0|5"/>
        <movingPart index="0>0|4|0|1" referencePoint="0>0|4|0|0|0|0|0|3" referenceFrame="0>0|4|0|6" isActiveDirty="true" />
        <movingPart index="0>0|4|0|2" referencePoint="0>0|4|0|0|0|0|0|4" referenceFrame="0>0|4|0|0|0|0|0|4" isActiveDirty="true" />
        
        <movingPart index="1>0|3|2|2" localReferencePoint="1>0|3|2|2|0" referencePoint="1>0|3|2|0|1" referenceFrame="1>0|3|2|0|1" isActiveDirty="true">
            <dependentPart index="1>0|3|2|2|0" />
        </movingPart>
        <movingPart index="1>0|3|2|2|0" referencePoint="1>0|3|2|0|1" referenceFrame="1>0|3|2|0|1" /> 
    </movingParts>

    <speedRotatingParts>
        <speedRotatingPart index="1>0|0|0|6|0" radius="0.38" />
        <speedRotatingPart index="1>0|0|1|6|0" radius="-0.38" />
        <speedRotatingPart index="1>0|4|0|0|0" radius="0.38" />
        <speedRotatingPart index="1>0|0|0|7|0" radius="0.38" />
        <speedRotatingPart index="0>0|7|0|0"   radius="0.38" />
    </speedRotatingParts>

    <turnedOnRotationNodes>
        <!-- auger -->
        <turnedOnRotationNode index="1>0|3|0|0|0|0"   type="combine" rotAxis="3" rotSpeed="-300" turnOnFadeTime="2" turnOffFadeTime="4" />
        <turnedOnRotationNode index="1>0|3|0|2|0"     type="combine" rotAxis="3" rotSpeed="300"  turnOnFadeTime="2" turnOffFadeTime="4" />
        
        <!-- cleaning -->
        <turnedOnRotationNode index="1>0|4|1|0|0"     type="combine" rotAxis="2" rotSpeed="-250"  turnOnFadeTime="2" turnOffFadeTime="4" />
        <turnedOnRotationNode index="1>0|4|1|1|0"     type="combine" rotAxis="2" rotSpeed="250"   turnOnFadeTime="2" turnOffFadeTime="4" />
        <turnedOnRotationNode index="1>0|4|1|2|0"     type="combine" rotAxis="2" rotSpeed="-250"  turnOnFadeTime="2" turnOffFadeTime="4" />
        <turnedOnRotationNode index="1>0|4|1|3|0"     type="combine" rotAxis="2" rotSpeed="-250"  turnOnFadeTime="2" turnOffFadeTime="4" />
        
        <!-- belts -->
        <turnedOnRotationNode index="1>0|3|0|6|0"     type="combine" rotAxis="3" rotSpeed="400"  turnOnFadeTime="2" turnOffFadeTime="4" />
        <turnedOnRotationNode index="1>0|3|0|4|0"     type="combine" rotAxis="3" rotSpeed="400"  turnOnFadeTime="2" turnOffFadeTime="4" />
        <turnedOnRotationNode index="0>2|3"           type="combine" shaderParam="offsetUV" shaderComponentScale="1 0 0 0" rotSpeed="-7.5" turnOnFadeTime="2" turnOffFadeTime="4" />
        
        <turnedOnRotationNode index="0>0|4|0|0|0|0|0|1|0|0|0|1" type="combine" shaderParam="offsetUV" shaderComponentScale="1 0 0 0" rotSpeed="12.5" turnOnFadeTime="2" turnOffFadeTime="4" />
        
        <!-- pipe -->
        <turnedOnRotationNode index="1>0|4|2|2"       type="pipe"    rotAxis="3" rotSpeed="-300" turnOnFadeTime="1" turnOffFadeTime="1" />
    </turnedOnRotationNodes>

    <pipeScrollers>
        <!-- arm -->
        <pipeScroller type="sugarBeet" index="0>2|4"   scrollSpeed="-0.33" scrollLength="10" shaderParameterName="offsetUV" shaderParameterComponent="1" toggleVisibility="false" turnOnFadeTime="0.3" turnOffFadeTime="1"/>

        <!-- floor -->
        <pipeScroller type="sugarBeet" index="1>0|8|5" scrollSpeed="0.07"  scrollLength="10" shaderParameterName="offsetUV" shaderParameterComponent="1" toggleVisibility="false" turnOnFadeTime="1" turnOffFadeTime="1"/>
        <pipeScroller type="sugarBeet" index="1>0|8|6" scrollSpeed="-0.15" scrollLength="10" shaderParameterName="offsetUV" shaderParameterComponent="1" toggleVisibility="false" turnOnFadeTime="1" turnOffFadeTime="1"/>
    </pipeScrollers>

    <pipeEffect>
        <effectNode effectClass="MorphPositionEffect" effectNode="0>2|6" materialType="belt" delay="0" fadeTime="1.5" speed="0.9" scrollLength="10" scrollSpeed="1.5" />
    </pipeEffect>

    <pipeParticleSystems>
        <emitterShape node="1>0|3|1|0|0|0|3|0" particleType="UNLOADING" emitCountScale="10" delay="1.5" lifespan="0.11"/>
    </pipeParticleSystems>

    <exhaustEffects>
        <exhaustEffect index="1>0|5|0" filename="$data/particleSystems/shared/exhaust.i3d" minRpmColor="0.9 0.9 0.9 0.1" maxRpmColor="0.9 0.9 0.9 0.4" minRpmScale="0.1" maxRpmScale="0.55" xzRotationsOffset="40 0" xzRotationsForward="0 0" xzRotationsBackward="180 0" xzRotationsLeft="0 -180" xzRotationsRight="0 180" />
    </exhaustEffects>

    <fillUnits>
        <fillUnit unit="$l10n_unit_literShort" fillTypes="sugarBeet" capacity="43000" />
    </fillUnits>

    <fillVolumes>
        <volumes>
            <volume index="1>0|2|1|0" maxAllowedHeapAngle="25" maxDelta="0.5" />
        </volumes>

        <unloadInfos>
            <unloadInfo fillVolumeIndex="1" >
                <node index="1>0|2|1|2|0" width="2.4" length="3.5" priority="2" minHeight="1.0" />
                <node index="1>0|2|1|2|1" width="2.4" length="3.5" priority="1"/>
                <node index="1>0|2|1|2|2" width="2.4" length="3.5" priority="1" minHeight="1.0"/>
            </unloadInfo>
        </unloadInfos>

        <loadInfos>
            <loadInfo>
                <node index="1>0|2|1|1|0" width="0.6" length="0.5" priority="1"  />
                <node index="1>0|2|1|1|1" width="0.6" length="0.5" priority="2" minFillLevelPercentage="0.5" heightForTranslation="1.6" translationStart="-0.25 4.791 -0.687" translationEnd="-0.25 4.791 -2.864"/>
            </loadInfo>
        </loadInfos>

        <dischargeInfos>
            <dischargeInfo>
                <node index="1>0|3|1|0|0|0|0|1" width="0.3" length="0.8" />
            </dischargeInfo>
        </dischargeInfos>
    </fillVolumes>

    <combine allowThreshingDuringRain="true">
        <chopperSwitch available="false" />
        <threshingFillParticleSystem toggleTime="800"/>
        <threshingFillParticleSystems>
            <emitterShape node="0>0|4|0|0|0|0|0|1|0|0|2|0"    particleType="CLEANING_SOIL" />
            <emitterShape node="1>0|7|0"                      particleType="CLEANING_SOIL" />
            <emitterShape node="0>0|4|0|0|0|0|0|1|0|0|2|1"    particleType="CLEANING_DUST" />
            <emitterShape node="1>0|7|1"                      particleType="CLEANING_DUST" />
        </threshingFillParticleSystems>
        <fillEffect>
            <effectNode effectClass="MorphPositionEffect" effectNode="0>2|5" materialType="belt" delay="0" fadeTime="6" speed="0.9" scrollLength="10" scrollSpeed="0.8" />
        </fillEffect>
    </combine>

    <overloading capacity="1500">
        <trailerTriggers>
            <trailerTrigger index="1>0|2|0" />
        </trailerTriggers>
    </overloading>

    <allowFillFromAir value="false" />
    <fillMassNode index="1>" mrCOMtransWithMass="0 0 0.03" />

    <ai>
        <trafficCollisionTrigger index="0>0|10|0" />
    </ai>

    <enterAnimation name="enterAnimation" />

    <washable dirtDuration="90" washDuration="1" workMultiplier="4" />

    <components count="2">
        <component1 centerOfMass="0 1.3 5.2" solverIterationCount="10" mrSetMass="5" />
        <component2 centerOfMass="0 1.3 -1.5" solverIterationCount="10" mrSetMass="26" />
        <joint component1="0" component2="1" index="0>1" rotLimit="0 0 0" transLimit="0 0 0" />
    </components>

    <schemaOverlay file="$dataS2/menu/schemas/vehicleSchema.png" fileSelected="$dataS2/menu/schemas/vehicleSchemaSelected.png" fileTurnedOn="$dataS2/menu/schemas/vehicleSchemaTurnedOn.png" fileSelectedTurnedOn="$dataS2/menu/schemas/vehicleSchemaSelectedTurnedOn.png" width="0.5" height="0.5" attacherJointPosition="0.5 0" />

</vehicle>
