﻿<?xml version="1.0" encoding="utf-8" standalone="no" ?>
<vehicle type="loaderVehicle_cylinderedAnimations">
    <annotation>Copyright (C) GIANTS Software GmbH, All Rights Reserved.</annotation>
	
	<!--MR
	
		engine (maus5) = OM936LA
		
		max instant output = 900M3/H = 250L/S		
		overloading capacity = 250 * 2 = 500 for gameplay (like harvesters)
	
		wheels
		differentials
		ackermannSteering
		
		engine		
		
		mass/center of masses
		
		add 2 dummy wheels for the pickup
		
		lift a little the 4 "road" wheels (small ones)
		
		<mrDebug>		
		<drawPoint centerOfMass="0>" />
		<drawPoint centerOfMass="1>" />		
		<drawPoint centerOfMass="2>" />	
		<drawPoint centerOfMass="3>" />	
		<drawPoint centerOfMass="4>" />			
	</mrDebug>
	
	-->
	
	
	
	<moreRealistic useMrTransmission="true">		
		<dragArea value="8" />
		<engine rotInertiaFx="1.2" transmissionEfficiency="0.86" minSpeed="0.3" fuelUsageFactor="0.96" engineBrakeRpm="2000" engineBrakeForceFx="2.5" />
		<turnOnVehicle neededPtoPower="22" ptoRpm="540" additionalPtoPower="86" additionalPtoPowerTrigger="overload" />		
	</moreRealistic>
	
	

    <storeData>
        <name>Maus 5</name>
        <specs>
            <power>354</power>
            <maxSpeed>40</maxSpeed>
            <workingWidth>10.2</workingWidth>
        </specs>
        <functions>
            <function>$l10n_function_loadingVehicle</function>
        </functions>
        <image>store_ropaMaus5.png</image>
        <price>369000</price>
        <dailyUpkeep>1580</dailyUpkeep>
        <lifetime>600</lifetime>
        <rotation>0</rotation>
        <brand>ROPA</brand>
        <category>beetHarvesting</category>
        <vertexBufferMemoryUsage>10898640</vertexBufferMemoryUsage>
        <indexBufferMemoryUsage>2105430</indexBufferMemoryUsage>
        <textureMemoryUsage>31349960</textureMemoryUsage>
        <instanceVertexBufferMemoryUsage>0</instanceVertexBufferMemoryUsage>
        <instanceIndexBufferMemoryUsage>0</instanceIndexBufferMemoryUsage>
    </storeData>

    <typeDesc>$l10n_typeDesc_loaderVehicle</typeDesc>
    <filename>vehicles/steerable/ropaMaus5/ropaMaus5.i3d</filename>

    <size width="5" length="16"/>

    <wheelConfigurations>
        <wheelConfiguration name="$l10n_configuration_valueDefault" price="0">
            <wheels autoRotateBackSpeed="1.7">
                <wheel rotSpeed="1"  restLoad="8.0" repr="0>0|0|0|0" driveNode="0>0|0|0|0|0|0" forcePointRatio="0.2" filename="vehicles/wheels/trelleborg/TM2000_710_75R32.xml" isLeft="true"  initialCompression="0" suspTravel="0.3" spring="120" damper="14" hasTireTracks="true" hasParticles="true" />
                <wheel rotSpeed="1"  restLoad="8.0" repr="0>0|0|1|0" driveNode="0>0|0|1|0|0|0" forcePointRatio="0.2" filename="vehicles/wheels/trelleborg/TM2000_710_75R32.xml" isLeft="false" initialCompression="0" suspTravel="0.3" spring="120" damper="14" hasTireTracks="true" hasParticles="true" />
                <wheel rotSpeed="-1" restLoad="7.9" repr="0>0|0|2|0" driveNode="0>0|0|2|0|0|0" forcePointRatio="0.3" filename="vehicles/wheels/trelleborg/TM2000_710_75R32.xml" isLeft="true"  initialCompression="0" suspTravel="0.3" spring="120" damper="14" hasTireTracks="true" hasParticles="true" />
                <wheel rotSpeed="-1" restLoad="7.9" repr="0>0|0|3|0" driveNode="0>0|0|3|0|0|0" forcePointRatio="0.3" filename="vehicles/wheels/trelleborg/TM2000_710_75R32.xml" isLeft="false" initialCompression="0" suspTravel="0.3" spring="120" damper="14" hasTireTracks="true" hasParticles="true" />
				
				<!-- dummy wheels for the "pickup" -->
				<wheel repr="1>" mrPositionX="1" mrPositionY="0" mrPositionZ="1.2" radius="0.25" deltaY="-0.1" suspTravel="0.2" spring="5" damper="1" mrLateralStiffnessScale="0.01"  mrDummyWheel="true" />
				<wheel repr="1>" mrPositionX="-1" mrPositionY="0" mrPositionZ="1.2" radius="0.25" deltaY="-0.1" suspTravel="0.2" spring="5" damper="1" mrLateralStiffnessScale="0.01" mrDummyWheel="true" />
            </wheels>
        </wheelConfiguration>
    </wheelConfigurations>

    <axisColor>0.9914 0.6870 0.0000 1</axisColor>
    <rimColor>0.9914 0.6870 0.0000 1</rimColor>

    <dynamicallyLoadedWheels>
        <dynamicallyLoadedWheel linkNode="0>0|0|6|0|0" filename="$data/vehicles/wheels/trelleborg/AW305_215_75R17_5.xml" isLeft="false" color="0.4423 0.4423 0.4423 1" axisColor="0.4423 0.4423 0.4423 1"/>
        <dynamicallyLoadedWheel linkNode="0>0|0|6|0|1" filename="$data/vehicles/wheels/trelleborg/AW305_215_75R17_5.xml" isLeft="true"  color="0.4423 0.4423 0.4423 1" axisColor="0.4423 0.4423 0.4423 1"/>
        <dynamicallyLoadedWheel linkNode="0>0|0|6|2|0" filename="$data/vehicles/wheels/trelleborg/AW305_215_75R17_5.xml" isLeft="true"  color="0.4423 0.4423 0.4423 1" axisColor="0.4423 0.4423 0.4423 1"/>
        <dynamicallyLoadedWheel linkNode="0>0|0|6|2|1" filename="$data/vehicles/wheels/trelleborg/AW305_215_75R17_5.xml" isLeft="false" color="0.4423 0.4423 0.4423 1" axisColor="0.4423 0.4423 0.4423 1"/>
    </dynamicallyLoadedWheels>
    
    <dynamicallyLoadedParts>
        <dynamicallyLoadedPart node="0" linkNode="0>0|5|1|1|1|5|0"       filename="$data/shared/vehicleParts/wheelChock01.i3d" />
        <dynamicallyLoadedPart node="0" linkNode="0>0|5|1|1|1|5|1"       filename="$data/shared/vehicleParts/wheelChock01.i3d" />
    </dynamicallyLoadedParts>

    <ackermannSteering rotSpeed="40" rotMax="32" rotCenter="0 0.2 0" />

    <differentials>
        <differential torqueRatio="0.5" maxSpeedRatio="1" wheelIndex1="0" wheelIndex2="1" /> <!-- front left-right -->
        <differential torqueRatio="0.5" maxSpeedRatio="1" wheelIndex1="2" wheelIndex2="3" /> <!-- back left-right -->
        <differential torqueRatio="0.5" maxSpeedRatio="1" differentialIndex1="0" differentialIndex2="1" /> <!-- front-back -->
    </differentials>

    <motorConfigurations>
        <motorConfiguration name="$l10n_configuration_valueDefault" price="0">
            <motor torqueScale="1.4" minRpm="740" maxRpm="2350" maxForwardSpeed="39" maxBackwardSpeed="18" brakeForce="16" lowBrakeForceScale="0.22" lowBrakeForceSpeedLimit="1" rotInertia="0.002" minForwardGearRatio="17.9" maxForwardGearRatio="150" minBackwardGearRatio="36" maxBackwardGearRatio="150" ptoMotorRpmRatio="2.315">
                <torque normRpm="0.315" torque="0.55"/>
                <torque normRpm="0.51" torque="1"/>
                <torque normRpm="0.681" torque="0.98"/>
                <torque normRpm="0.936" torque="0.806"/>
                <torque normRpm="1" torque="0"/>                
            </motor>
        </motorConfiguration>
    </motorConfigurations>

    <!--<powerConsumer neededPtoPower="150" ptoRpm="400"/>-->

    <fuelCapacity>1225</fuelCapacity>

    <cameras count="2">
        <camera1 index="0>0|1|0|0" rotatable="true" rotateNode="0>0|1|0" limit="true" useWorldXZRotation="true" rotMinX="-1.4" rotMaxX="1" transMin="6" transMax="30" >
            <raycastNode index="0>0|1|1"/>
            <raycastNode index="0>0|1|2"/>
            <raycastNode index="0>0|1|3"/>
        </camera1>
        <camera2 index="0>0|5|0|1|0|0|2" rotatable="true" limit="true" rotMinX="-1.1" rotMaxX="0.4" transMin="0" transMax="0" useMirror="true" isInside="true" positionSmoothingParameter="0.256"/>
    </cameras>

    <lights>
        <low>
            <light                                 decoration="0>0|5|2|3|0|2|0|1|0|0"             lightTypes="0 3" /> <!--FrontLights-->
            <light                                 decoration="0>0|5|2|3|0|1|0|1|0|0"             lightTypes="0 3" /> <!--FrontLights-->
            <light realLight="0>0|5|2|3|0|2|0|1|0|1"                                              lightTypes="0" excludedLightTypes="3" /> <!--FrontLights-->
            <light realLight="0>0|5|2|3|0|2|0|1|0|2"                                              lightTypes="3"/> <!--HighBeam -->
            <light                                 decoration="0>0|5|1|1|1|3|1|0"                 lightTypes="0 3" /> <!--BackLights-->
            <light                                 decoration="0>0|2|0|0|0"                       lightTypes="1"/> <!--WorklightBack-->
            <light                                 decoration="0>0|5|1|2|11|0"                    lightTypes="1"/> <!--WorklightBack-->
            <light realLight="0>0|5|1|1|1|3|0|0|1" decoration="0>0|5|1|1|1|3|0|0|0"               lightTypes="1"/> <!--WorklightBack-->
            <light realLight="0>0|5|1|2|0|0|0|2|1" decoration="0>0|5|1|2|0|0|0|2|0"               lightTypes="1"/> <!--WorklightBack-->
            <light realLight="0>0|5|0|1|0|2|0|0|1" decoration="0>0|5|0|1|0|2|0|0|0"               lightTypes="2"/> <!--WorklightFront-->
        </low>
        <high>
            <light                                 decoration="0>0|5|2|3|0|2|0|1|0|0"             lightTypes="0 3" /> <!--FrontLights-->
            <light                                 decoration="0>0|5|2|3|0|1|0|1|0|0"             lightTypes="0 3" /> <!--FrontLights-->
            <light realLight="0>0|5|2|3|0|2|0|1|0|3"                                              lightTypes="0" excludedLightTypes="3" /> <!--FrontLights-->
            <light realLight="0>0|5|2|3|0|2|0|1|0|4"                                              lightTypes="3"/> <!--HighBeam -->
            <light realLight="0>0|5|2|3|0|1|0|1|0|1"                                              lightTypes="0" excludedLightTypes="3" /> <!--FrontLights-->
            <light realLight="0>0|5|2|3|0|1|0|1|0|2"                                              lightTypes="3"/> <!--HighBeam -->
            <light realLight="0>0|5|1|1|1|3|1|1"   decoration="0>0|5|1|1|1|3|1|0"                 lightTypes="0 3" /> <!--BackLights-->
            <light realLight="0>0|2|0|0|1"         decoration="0>0|2|0|0|0"                       lightTypes="1"/> <!--WorklightBack-->
            <light realLight="0>0|5|1|2|11|1"      decoration="0>0|5|1|2|11|0"                    lightTypes="1"/> <!--WorklightBack-->
            <light realLight="0>0|5|1|1|1|3|0|0|2" decoration="0>0|5|1|1|1|3|0|0|0"               lightTypes="1"/> <!--WorklightBack-->
            <light realLight="0>0|5|1|2|0|0|0|2|2" decoration="0>0|5|1|2|0|0|0|2|0"               lightTypes="1"/> <!--WorklightBack-->
            <light realLight="0>0|5|0|1|0|2|0|0|2" decoration="0>0|5|0|1|0|2|0|0|0"               lightTypes="2"/> <!--WorklightFront-->
        </high>
        <states>
            <state lightTypes="0" />
            <state lightTypes="0 1" />
            <state lightTypes="0 1 2" />
        </states>
    </lights>

    <brakeLights>
        <brakeLight realLight="0>0|5|1|1|1|3|1|1" decoration="0>0|5|1|1|1|3|3|0" />
    </brakeLights>

    <beaconLights>
        <beaconLight index="0>0|5|0|1|0|2|1|0" speed="0.015" filename="$data/shared/beaconLights/beaconLight02.i3d"/>
        <beaconLight index="0>0|5|0|1|0|2|1|1" speed="0.015" filename="$data/shared/beaconLights/beaconLight02.i3d"/>
        <beaconLight index="0>0|5|1|1|1|3|4|0" speed="0.015" filename="$data/shared/beaconLights/beaconLight02.i3d"/>
    </beaconLights>

    <turnLights>
        <turnLightLeft realLight="0>0|5|2|3|0|2|0|1|1|0|1" decoration="0>0|5|2|3|0|2|0|1|1|0|0" />
        <turnLightLeft realLight="0>0|5|1|1|1|3|2|0|1" decoration="0>0|5|1|1|1|3|2|0|0" />
        <turnLightRight realLight="0>0|5|2|3|0|1|0|1|1|0|1" decoration="0>0|5|2|3|0|1|0|1|1|0|0" />
        <turnLightRight realLight="0>0|5|1|1|1|3|2|1|1" decoration="0>0|5|1|1|1|3|2|1|0" />
    </turnLights>

    <reverseLights>
        <reverseLight realLight="0>0|5|1|1|1|3|5|1" decoration="0>0|5|1|1|1|3|5|0" />
    </reverseLights>
    
    <mirrors>
        <mirror index="0>0|5|0|1|0|1|0" prio="2" />
        <mirror index="0>0|5|0|1|0|1|1" prio="1" />
        <mirror index="0>0|5|0|1|0|1|2" prio="1" />
        <mirror index="0>0|5|0|1|0|1|3" prio="2" />
    </mirrors>

    <indoorHud>
        <speed numbers="0>0|5|0|1|0|0|3|0" precision="1" />
        <rpm numbers="0>0|5|0|1|0|0|3|1" precision="0" />
        <time numbers="0>0|5|0|1|0|0|3|2" precision="2" />
        <fuelUsage numbers="0>0|5|0|1|0|0|3|3" precision="0" />
    </indoorHud>

    <enterReferenceNode index="0>"/>
    <exitPoint index="0>0|3"/>

    <foldingParts startMoveDirection="1" foldMiddleAnimTime="0.0833" turnOnFoldMinLimit="0" turnOnFoldMaxLimit="0.09" turnOffOnFold="true" loadMovingToolStatesMaxLimit="0.99" loadMovingToolStatesMinLimit="0">
        <foldingPart animationName="folding" speedScale="0.45" />
    </foldingParts>

    <movingTools>
        <!-- pipe -->

        <!-- inner arm rot -->
        <movingTool index="0>0|5|1|2" foldMinLimit="0" foldMaxLimit="0.1" playSound="true">
            <controls group="pipe" l10nName="label_pipe" axis="AXIS_CRANE_ARM4" invertAxis="true" mouseSpeedFactor="0.5" iconFilename="$dataS2/menu/moveControls/crane_arm1_rotY.png"/>
            <rotation rotSpeed="15" rotAcceleration="35.42" rotMax="75" rotMin="-75" rotationAxis="2"/>
            <dependentAnimation name="unloadingArmsChainFront" rotationAxis="2" minValue="-75" maxValue="75"/>
            <dependentPart index="0>0|5|1|5"/>
            <dependentPart index="0>0|5|1|1"/>
            <dependentPart index="0>0|5|1|3"/>
            <dependentPart index="0>0|5|1|2|1"/>
            <dependentPart index="0>0|5|1|2|2"/>
        </movingTool>

        <!-- outer arm rot -->
        <movingTool index="0>0|5|1|2|0" foldMinLimit="0" foldMaxLimit="0.1" playSound="true">
            <controls group="pipe" l10nName="label_pipe" axis="AXIS_CRANE_ARM" invertAxis="true" mouseSpeedFactor="0.5" iconFilename="$dataS2/menu/moveControls/crane_arm1_rotY.png" />
            <rotation rotSpeed="15" rotAcceleration="50" rotMax="30" rotMin="-179" rotationAxis="2" rotSendNumBits="10"/>
            <dependentAnimation name="unloadingArmsChainBack" rotationAxis="2" minValue="-180" maxValue="90"/>
            <dependentPart index="0>0|5|1|5"/>
            <dependentPart index="0>0|5|1|1"/>
            <dependentPart index="0>0|5|1|3"/>
            <dependentPart index="0>0|5|1|2|3"/>
            <dependentPart index="0>0|5|1|2|4"/>
        </movingTool>

        <!-- outer arm height -->
        <movingTool index="0>0|5|1|2|0|0" foldMinLimit="0" foldMaxLimit="0.1" playSound="true">
            <controls group="pipe" l10nName="label_pipe" axis="AXIS_CRANE_ARM2" invertAxis="true" mouseSpeedFactor="0.5" iconFilename="$dataS2/menu/moveControls/crane_arm1_rotX.png" />
            <rotation rotSpeed="15" rotAcceleration="50" rotMax="10" rotMin="-32" rotationAxis="3"/>
            <dependentAnimation name="unloadingArm3CableArm" rotationAxis="3" minValue="10" maxValue="-32"/>
            <dependentPart index="0>0|5|1|2|0|1"/>
            <dependentPart index="0>0|5|1|2|0|2"/>
            <dependentPart index="0>0|5|1|2|0|0|5"/>
        </movingTool>
        <movingTool index="0>0|5|1|2|0|0|0" foldMinLimit="0" foldMaxLimit="0.1" playSound="true">
            <controls group="pipe" l10nName="label_pipe" axis="AXIS_CRANE_ARM2" invertAxis="true" mouseSpeedFactor="0.5" />
            <rotation rotSpeed="-15" rotAcceleration="50" rotMax="42" rotMin="0" rotationAxis="3"/>
            <dependentPart index="0>0|5|1|2|0|0|1"/>
        </movingTool>

        <!-- leveler -->
        <movingTool index="0>0|5|2|6|0" foldMinLimit="0" foldMaxLimit="0.083" playSound="true">
            <controls group="arm" l10nName="label_arm" axis="AXIS_CRANE_ARM" invertAxis="true" mouseSpeedFactor="1" iconFilename="beetPickup_trans1.png" />
            <translation transSpeed="0.8" transAcceleration="5.0" transMin="-3.3" transMax="3.3" translationAxis="1" startTrans="0" />
            <componentJoint index="3" />
        </movingTool>
        <movingTool index="0>0|5|2|6|0|0" foldMinLimit="0" foldMaxLimit="0.083" playSound="true">
            <controls group="arm" l10nName="label_arm" axis="AXIS_CRANE_ARM2" invertAxis="false" mouseSpeedFactor="1" iconFilename="beetPickup_trans2.png" />
            <translation transSpeed="0.9" transAcceleration="5.0" transMin="-1" transMax="0.6" translationAxis="2" startTrans="0" />
            <componentJoint index="3" />
        </movingTool>
        <movingTool index="0>0|5|2|6|0|0|0" foldMinLimit="0" foldMaxLimit="0.083" playSound="true">
            <controls group="arm" l10nName="label_arm" axis="AXIS_CRANE_ARM4" invertAxis="false" mouseSpeedFactor="0.5" iconFilename="$dataS2/menu/moveControls/crane_arm2_trans.png" />
            <translation transSpeed="0.7" transAcceleration="5.0" transMin="-0.25" transMax="1.1" translationAxis="3" startTrans="0" />
            <componentJoint index="3" />
        </movingTool>

        <!-- seat -->
        <movingTool index="0>0|5|0|1|0|0" foldMinLimit="0" foldMaxLimit="0.7">
            <controls axis="AXIS_CRANE_ARM3" invertAxis="true" mouseSpeedFactor="0.5" iconFilename="seat_rotY.png" />
            <rotation rotSpeed="50" rotAcceleration="100" rotMax="360" rotMin="-360" rotationAxis="2"/>
        </movingTool>

        <!-- feeder arms -->
        <movingTool index="0>0|5|2|0" playSound="true">
            <componentJoint index="0" />
        </movingTool>
        <movingTool index="1>0|0|0" playSound="true">
            <componentJoint index="1" />
        </movingTool>
        <movingTool index="1>0|1|0" playSound="true">
            <componentJoint index="2" />
        </movingTool>

        <!-- feeder hydraulics -->
        <movingTool index="0>0|5|2|1|0|0|3|0">
            <dependentPart index="0>0|5|2|1|0|0|4"/>
        </movingTool>
        <movingTool index="0>0|5|2|1|0|0|0|0">
            <dependentPart index="0>0|5|2|1|0|0|1"/>
        </movingTool>

        <movingTool index="0>0|5|2|1|2|0|3|0">
            <dependentPart index="0>0|5|2|1|2|0|4"/>
        </movingTool>
        <movingTool index="0>0|5|2|1|2|0|0|0">
            <dependentPart index="0>0|5|2|1|2|0|1"/>
        </movingTool>
        
        <movingTool index="0>0|5|2|1|0|0|7|0">
            <dependentPart index="0>0|5|2|1|0|0|8"/>
        </movingTool>
        <movingTool index="0>0|5|2|1|2|0|7|0">
            <dependentPart index="0>0|5|2|1|2|0|8"/>
        </movingTool>

        <!-- seperator -->
        <movingTool index="0>0|5|2|1|6|0">
            <dependentPart index="0>0|5|2|1|4"/>
        </movingTool>

        <!-- front lights -->
        <movingTool index="0>0|5|2|3|0|1|0" playSound="true">
            <dependentPart index="0>0|5|2|3|0|1|0|0"/>
        </movingTool>
        <movingTool index="0>0|5|2|3|0|2|0" playSound="true">
            <dependentPart index="0>0|5|2|3|0|1|0|0"/>
        </movingTool>

        <!-- cabin -->
        <movingTool index="0>0|5|0|1" playSound="true">
            <dependentPart index="0>0|5|0|0|0"/>
            <dependentPart index="0>0|5|0|4"/>
        </movingTool>

        <!-- ladder -->
        <movingTool index="0>0|5|4|2" playSound="true">
            <dependentPart index="0>0|5|4|1"/>
        </movingTool>

        <!-- additional axis -->
        <movingTool index="0>0|0|6|0" playSound="true">
            <dependentPart index="0>0|0|6|1"/>
        </movingTool>
        <movingTool index="0>0|0|6|2" playSound="true">
            <dependentPart index="0>0|0|6|3"/>
        </movingTool>

        <!-- middle arm -->
        <movingTool index="0>0|5|1|2|5">
            <dependentPart index="0>0|5|1|2|6"/>
            <dependentPart index="0>0|5|1|2|5|0"/>
        </movingTool>

        <!-- weight arm -->
        <movingTool index="0>0|5|1|1|1" playSound="true">
            <dependentPart index="0>0|5|1|1|2"/>
        </movingTool>

        <!-- weight arm lock -->
        <movingTool index="0>0|5|1|1|4" playSound="true">
            <dependentPart index="0>0|5|1|1|3"/>
        </movingTool>

        <!-- bumper -->
        <movingTool index="0>0|5|1|1|1|0" playSound="true">
            <dependentPart index="0>0|5|1|1|1|1"/>
        </movingTool>
    </movingTools>

    <movingParts>
        <!-- feeder arms -->
        <movingPart index="0>0|5|2|1" referencePoint="1>2" referenceFrame="0>" isActiveDirty="true"/>
        <movingPart index="0>0|5|2|1|0|0" referencePoint="2>0|0" referenceFrame="0>0|5|2|1|0|1" isActiveDirty="true"/>
        <movingPart index="0>0|5|2|1|2|0" referencePoint="3>0|0" referenceFrame="0>0|5|2|1|2|1" isActiveDirty="true"/>

        <!-- seperator -->
        <movingPart index="0>0|5|2|1|4" referencePoint="0>0|5|2|1|6|0|0" referenceFrame="0>0|5|2|1|7" />

        <!-- leveler -->
        <movingPart index="0>0|5|2|3" referencePoint="4>0" referenceFrame="4>0" limitedAxis="2" isActiveDirty="true">
            <dependentPart index="0>0|5|2|4"/>
            <dependentPart index="0>0|5|2|5"/>
        </movingPart>
        <movingPart index="0>0|5|2|4" referencePoint="0>0|5|2|3|3" referenceFrame="0>0|5|2|3|3" >
            <translatingPart index="0>0|5|2|4|0" />
        </movingPart>
        <movingPart index="0>0|5|2|5" referencePoint="0>0|5|2|3|4" referenceFrame="0>0|5|2|3|4" >
            <translatingPart index="0>0|5|2|5|0" />
        </movingPart>

        <movingPart index="0>0|5|2|3|0" referencePoint="4>1" referenceFrame="4>1" limitedAxis="1" isActiveDirty="true">
            <translatingPart index="0>0|5|2|3|0|0" />
            <dependentPart index="0>0|5|2|3|1"/>
            <dependentPart index="0>0|5|2|3|2"/>
            <dependentAnimation useTranslatingPartIndex="1" name="levelerCableAnimation" translationAxis="3" minValue="1.787" maxValue="3.926"/>
        </movingPart>
        <movingPart index="0>0|5|2|3|1" referencePoint="0>0|5|2|3|0|3" referenceFrame="0>0|5|2|3|0|3" >
            <translatingPart index="0>0|5|2|3|1|0" />
        </movingPart>
        <movingPart index="0>0|5|2|3|2" localReferencePoint="0>0|5|2|3|2|0" referencePoint="0>0|5|2|3|0|4" referenceFrame="0>0|5|2|3|0|4" >
            <dependentPart index="0>0|5|2|3|2|0" />
        </movingPart>
        <movingPart index="0>0|5|2|3|2|0" referencePoint="0>0|5|2|3|0|4" referenceFrame="0>0|5|2|3|0|4" />

        <movingPart index="0>0|5|2|3|0|0|0" referencePoint="4>2" referenceFrame="4>2" limitedAxis="1" isActiveDirty="true">
            <dependentPart index="0>0|5|2|3|0|0|1"/>
            <dependentPart index="0>0|5|2|3|0|0|2"/>
        </movingPart>
        <movingPart index="0>0|5|2|3|0|0|1" referencePoint="0>0|5|2|3|0|0|0|0" referenceFrame="0>0|5|2|3|0|0|0|0" >
            <translatingPart index="0>0|5|2|3|0|0|1|0" />
        </movingPart>
        <movingPart index="0>0|5|2|3|0|0|2" referencePoint="0>0|5|2|3|0|0|0|1" referenceFrame="0>0|5|2|3|0|0|0|1" >
            <translatingPart index="0>0|5|2|3|0|0|2|0" />
        </movingPart>

        <!-- cabin -->
        <movingPart index="0>0|5|0|0|0" referencePoint="0>0|5|0|1|1" referenceFrame="0>0|5|0|1|1" >
            <translatingPart index="0>0|5|0|0|0|0" />
        </movingPart>
        <movingPart index="0>0|5|0|4" localReferencePoint="0>0|5|0|4|0" referencePoint="0>0|5|0|1|2" referenceFrame="0>0|5|0|1|2" >
            <dependentPart index="0>0|5|0|4|0" />
            <dependentPart index="0>0|5|0|4|1" />
            <dependentPart index="0>0|5|0|4|2" />
        </movingPart>
        <movingPart index="0>0|5|0|4|0" referencePoint="0>0|5|0|1|2" referenceFrame="0>0|5|0|1|2" />
        <movingPart index="0>0|5|0|4|1" referencePoint="0>0|5|0|1|3" referenceFrame="0>0|5|0|1|3" />
        <movingPart index="0>0|5|0|4|2" referencePoint="0>0|5|0|1|4" referenceFrame="0>0|5|0|1|4" />

        <!-- front lights -->
        <movingPart index="0>0|5|2|3|0|1|0|0" referencePoint="0>0|5|2|3|0|2|0|0" referenceFrame="0>0|5|2|3|0|2|0|0" >
            <translatingPart index="0>0|5|2|3|0|1|0|0|0" />
        </movingPart>

        <!-- ladder -->
        <movingPart index="0>0|5|4|1" localReferencePoint="0>0|5|4|1|0" referencePoint="0>0|5|4|2|0" referenceFrame="0>0|5|4|2|0" >
            <dependentPart index="0>0|5|4|1|0" />
            <dependentPart index="0>0|5|4|0" />
        </movingPart>
        <movingPart index="0>0|5|4|1|0" referencePoint="0>0|5|4|2|1" referenceFrame="0>0|5|4|2|1" />
        <movingPart index="0>0|5|4|0" referencePoint="0>0|5|4|2|2" referenceFrame="0>0|5|4|2|2" >
            <translatingPart index="0>0|5|4|0|0" />
        </movingPart>

        <!-- additional axis -->
        <movingPart index="0>0|0|6|1" referencePoint="0>0|0|6|0|2" referenceFrame="0>0|0|6|0|2" >
            <translatingPart index="0>0|0|6|1|0" />
        </movingPart>
        <movingPart index="0>0|0|6|3" referencePoint="0>0|0|6|2|2" referenceFrame="0>0|0|6|2|2" >
            <translatingPart index="0>0|0|6|3|0" />
        </movingPart>

        <!-- weight arm -->
        <movingPart index="0>0|5|1|5" referencePoint="0>0|5|1|2|0|3" referenceFrame="0>" isActiveDirty="true"/>
        <movingPart index="0>0|5|1|1" referenceFrame="0>0|5|1|5" doDirectionAlignment="false" moveToReferenceFrame="false" doRotationAlignment="true" rotMultiplier="1" isActiveDirty="true">
            <dependentPart index="0>0|5|1|0" />
        </movingPart>
        <movingPart index="0>0|5|1|0" localReferencePoint="0>0|5|1|0|0" referencePoint="0>0|5|1|1|6" referenceFrame="0>0|5|1|7" >
            <dependentPart index="0>0|5|1|0|0" />
            <dependentPart index="0>0|5|1|1|0" />
        </movingPart>
        <movingPart index="0>0|5|1|0|0" referencePoint="0>0|5|1|1|6" referenceFrame="0>0|5|1|1|6" />
        <movingPart index="0>0|5|1|1|0" referencePoint="0>0|5|1|0|1" referenceFrame="0>0|5|1|0|1" >
            <translatingPart index="0>0|5|1|1|0|0" />
        </movingPart>
        <movingPart index="0>0|5|1|1|2" referencePoint="0>0|5|1|1|1|2" referenceFrame="0>0|5|1|1|1|2" >
            <translatingPart index="0>0|5|1|1|2|0" />
        </movingPart>

        <!-- weight lock -->
        <movingPart index="0>0|5|1|1|3" localReferencePoint="0>0|5|1|1|3|0" referencePoint="0>0|5|1|1|4|0" referenceFrame="0>0|5|1|1|7" >
            <dependentPart index="0>0|5|1|1|3|0" />
            <dependentPart index="0>0|5|1|1|5" />
        </movingPart>
        <movingPart index="0>0|5|1|1|3|0" referencePoint="0>0|5|1|1|4|0" referenceFrame="0>0|5|1|1|4|0" />
        <movingPart index="0>0|5|1|1|5" referencePoint="0>0|5|1|1|4|1" referenceFrame="0>0|5|1|1|4|1" >
            <translatingPart index="0>0|5|1|1|5|0" />
        </movingPart>

        <!-- bumper -->
        <movingPart index="0>0|5|1|1|1|1" referencePoint="0>0|5|1|1|1|0|0" referenceFrame="0>0|5|1|1|1|0|0" >
            <translatingPart index="0>0|5|1|1|1|1|0" />
        </movingPart>

        <!-- cleaning arm -->
        <movingPart index="0>0|5|1|3" referencePoint="0>0|5|1|2|0|4" referenceFrame="0>0|5|1|6">
            <dependentPart index="0>0|5|1|2|7" />
            <dependentPart index="0>0|5|1|4|0|0|0|0|0|0|0|0|0" />
            <dependentAnimation name="cableTrayAnimation" rotationAxis="2" minValue="80" maxValue="-95"/>
        </movingPart>
        <movingPart index="0>0|5|1|2|7" localReferencePoint="0>0|5|1|2|7|0" referencePoint="0>0|5|1|3|3|0" referenceFrame="0>0|5|1|2|9" >
            <dependentPart index="0>0|5|1|2|7|0" />
            <dependentPart index="0>0|5|1|2|7|0|0" />
        </movingPart>
        <movingPart index="0>0|5|1|2|7|0" referencePoint="0>0|5|1|3|3|0" referenceFrame="0>0|5|1|3|3|0" />
        <movingPart index="0>0|5|1|2|7|0|0" referencePoint="0>0|5|1|2|8" referenceFrame="0>0|5|1|2|8" >
            <translatingPart index="0>0|5|1|2|7|0|0|0" />
        </movingPart>
        <movingPart index="0>0|5|1|4|0|0|0|0|0|0|0|0|0" referencePoint="0>0|5|1|3|2" referenceFrame="0>0|5|1|3|2" />

        <!-- middle arm -->
        <movingPart index="0>0|5|1|2|6" referencePoint="0>0|5|1|2|5|1" referenceFrame="0>0|5|1|2|5|1" >
            <translatingPart index="0>0|5|1|2|6|0" />
        </movingPart>
        <movingPart index="0>0|5|1|2|5|0" referencePoint="0>0|5|1|2|10" referenceFrame="0>0|5|1|2|10" scaleZ="true"/>

        <!-- unloading arm 1 -->
        <movingPart index="0>0|5|1|2|0|1" referencePoint="0>0|5|1|2|0|0|2" referenceFrame="0>0|5|1|2|0|0|2" >
            <translatingPart index="0>0|5|1|2|0|1|0" />
        </movingPart>
        <movingPart index="0>0|5|1|2|0|2" referencePoint="0>0|5|1|2|0|0|3" referenceFrame="0>0|5|1|2|0|0|3" >
            <translatingPart index="0>0|5|1|2|0|2|0" />
        </movingPart>
        <movingPart index="0>0|5|1|2|1" referencePoint="0>0|5|1|8|0|0|0|0|0|0|0|0|0" referenceFrame="0>0|5|1|8|0|0|0|0|0|0|0|0|0" >
            <translatingPart index="0>0|5|1|2|1|0" />
        </movingPart>
        <movingPart index="0>0|5|1|2|2" referencePoint="0>0|5|1|8|1|0|0|0|0|0|0|0|0|0|0" referenceFrame="0>0|5|1|8|1|0|0|0|0|0|0|0|0|0|0" >
            <translatingPart index="0>0|5|1|2|2|0" />
        </movingPart>
        
        <!-- unloading arm 2 -->
        <movingPart index="0>0|5|1|2|0|0|1" referencePoint="0>0|5|1|2|0|0|0|0" referenceFrame="0>0|5|1|2|0|0|0|0" >
            <translatingPart index="0>0|5|1|2|0|0|1|0" />
        </movingPart>
        <movingPart index="0>0|5|1|2|3" referencePoint="0>0|5|1|2|12|0|1" referenceFrame="0>0|5|1|2|12|0|1" >
            <translatingPart index="0>0|5|1|2|3|0" />
        </movingPart>
        <movingPart index="0>0|5|1|2|4" referencePoint="0>0|5|1|2|12|0|0|0|0|0|0|0|0|0|0|0|0|0|0|0|0|0|0|0|0" referenceFrame="0>0|5|1|2|12|0|0|0|0|0|0|0|0|0|0|0|0|0|0|0|0|0|0|0|0" >
            <translatingPart index="0>0|5|1|2|4|0" />
        </movingPart>
        
        <!-- unloading arm 2 -->
        <movingPart index="0>0|5|1|2|0|0|5" referencePoint="0>0|5|1|2|0|0|4|0" referenceFrame="0>0|5|1|2|0|0|4|0" scaleZ="true"/>

        <!-- feeder hydraulics -->
        <movingPart index="0>0|5|2|1|0|0|4" referencePoint="0>0|5|2|1|0|0|3|0|0" referenceFrame="0>0|5|2|1|0|0|3|0|0" playSound="true" >
            <translatingPart index="0>0|5|2|1|0|0|4|0" />
        </movingPart>
        <movingPart index="0>0|5|2|1|0|0|1" referencePoint="0>0|5|2|1|0|0|0|0|0" referenceFrame="0>0|5|2|1|0|0|0|0|0" playSound="true" >
            <translatingPart index="0>0|5|2|1|0|0|1|0" />
        </movingPart>
         <movingPart index="0>0|5|2|1|1" referencePoint="0>0|5|2|1|0|0|6" referenceFrame="0>0|5|2|1|0|0|6" isActiveDirty="true">
            <translatingPart index="0>0|5|2|1|1|0" />
        </movingPart>

        <movingPart index="0>0|5|2|1|2|0|4" referencePoint="0>0|5|2|1|2|0|3|0|0" referenceFrame="0>0|5|2|1|2|0|3|0|0" playSound="true" >
            <translatingPart index="0>0|5|2|1|2|0|4|0" />
        </movingPart>
        <movingPart index="0>0|5|2|1|2|0|1" referencePoint="0>0|5|2|1|2|0|0|0|0" referenceFrame="0>0|5|2|1|2|0|0|0|0" playSound="true" >
            <translatingPart index="0>0|5|2|1|2|0|1|0" />
        </movingPart>
         <movingPart index="0>0|5|2|1|3" referencePoint="0>0|5|2|1|2|0|6" referenceFrame="0>0|5|2|1|2|0|6" isActiveDirty="true">
            <translatingPart index="0>0|5|2|1|3|0" />
        </movingPart>

        <movingPart index="0>0|5|2|2" referencePoint="0>0|5|2|1|5" referenceFrame="0>0|5|2|1|5" isActiveDirty="true">
            <translatingPart index="0>0|5|2|2|0" />
        </movingPart>
        
        <movingPart index="0>0|5|2|1|0|0|8" referencePoint="0>0|5|2|1|0|0|7|0|0" referenceFrame="0>0|5|2|1|0|0|7|0|0" playSound="true" >
            <translatingPart index="0>0|5|2|1|0|0|8|0" />
        </movingPart>
        <movingPart index="0>0|5|2|1|2|0|8" referencePoint="0>0|5|2|1|2|0|7|0|0" referenceFrame="0>0|5|2|1|2|0|7|0|0" playSound="true" >
            <translatingPart index="0>0|5|2|1|2|0|8|0" />
        </movingPart>

        <!-- steering -->
        <movingPart index="0>0|0|4" referencePoint="0>0|0|3|0|1" referenceFrame="0>0|0|3|0|1" isActiveDirty="true">
            <translatingPart index="0>0|0|4|0" />
        </movingPart>
        <movingPart index="0>0|0|5" referencePoint="0>0|0|2|0|1" referenceFrame="0>0|0|2|0|1" isActiveDirty="true">
            <translatingPart index="0>0|0|5|0" />
        </movingPart>
    </movingParts>

    <animations>
        <animation name="folding" >
            <!-- lowering -->
            <part componentJointIndex="0" startTime="0" endTime="1" startRotMinLimit="-5 0 0" startRotMaxLimit="15 0 0" endRotMinLimit="0 0 0" endRotMaxLimit="0 0 0"/>
            <part node="0>0|5|2|0"        startTime="0" endTime="1" startRot="10 0 0" endRot="0 0 0" />

            <part componentJointIndex="1" startTime="0" endTime="0.6" startRotMinLimit="-10 0 0" startRotMaxLimit="5 0 0" endRotMinLimit="0 0 0" endRotMaxLimit="0 0 0"/>
            <part componentJointIndex="2" startTime="0" endTime="0.6" startRotMinLimit="-10 0 0" startRotMaxLimit="5 0 0" endRotMinLimit="0 0 0" endRotMaxLimit="0 0 0"/>

            <!-- folding -->
            <part node="0>0|5|2|3|0|2|0"    startTime="11"    endTime="11.7"   startRot="0 0 45.0"         endRot="0 0 1.861" />
            <part node="0>0|5|2|3|0|1|0"    startTime="11.3"  endTime="12.0"   startRot="0 0 -45.0"        endRot="0 0 -1.861" />
            <part node="0>0|5|0|0"          startTime="10" endTime="12"     startRot="-45.0 0 0"        endRot="0 0 0" />
            <part node="0>0|5|0|1"          startTime="10" endTime="12"     startRot="-45.0 0 0"        endRot="0 0 0" />
            <part node="0>0|5|0|1|0"        startTime="10" endTime="12"     startRot="45.0 0 0"         endRot="0 0 0" />
            <part node="0>0|5|0|3"          startTime="10" endTime="12"     startRot="-45.0 0 0"        endRot="0 0 0" />
            <part node="0>0|5|0|2"          startTime="10" endTime="12"     startRot="-45.0 0 0"        endRot="0 0 0" />
            <part node="0>0|5|1|1|1"        startTime="6.174" endTime="8"      startRot="0 0 0"            endRot="-90 0 0" />
            <part node="0>0|5|1|1|1|0"      startTime="7.5"   endTime="8"      startRot="65 0 0"           endRot="0 0 0" />
            <part node="0>0|5|1|2"          startTime="1.0"   endTime="2.812"                              endRot="0 0 0" />
            <part node="0>0|5|1|2|5"        startTime="2.812" endTime="3.2"    startRot="0 10 0"           endRot="0 0 0"   />
            <part node="0>0|5|1|2|0|4"      startTime="1.0"   endTime="2.812"  startTrans="0.2 -1.778 0.2" endTrans="0.247 -1.778 1.05"/>
            <part node="0>0|5|1|2|0"        startTime="1.0"   endTime="4.5"    startRot="0 0 0"            endRot="0 71.313 0" />
            <part node="0>0|5|1|2|0"        startTime="5.613" endTime="6.454"  startRot="0 71.313 0"       endRot="0 90.0 0" />
            <part node="0>0|5|1|2|0|0"      startTime="3.653" endTime="6.454"  startRot="0 0 -10.0"        endRot="0 0 0" />
            <part node="0>0|5|1|2|0|0|0"    startTime="4.213" endTime="5.333"  startRot="0 0 20.0"         endRot="0 0 104" />
            <part node="0>0|5|2|1|2|0|0|0"  startTime="8.554" endTime="9.255"  startRot="0 100.0 0"        endRot="0 0 0" />
            <part node="0>0|5|2|1|2|0|2|0"  startTime="8.975" endTime="9.059"  startRot="0 0 0"            endRot="0 0 -1.905" />
            <part node="0>0|5|2|1|2|0|2|0"  startTime="9.059" endTime="9.115"  startRot="0 0 -1.905"       endRot="0 0 -30.088" />
            <part node="0>0|5|2|1|2|0|2|0"  startTime="9.115" endTime="9.171"  startRot="0 0 -30.088"      endRot="0 0 -84.797" />
            <part node="0>0|5|2|1|2|0|2|0"  startTime="9.171" endTime="9.255"  startRot="0 0 -84.797"      endRot="0 0 -88.0" />
            <part node="0>0|5|2|1|2|0|3|0"  startTime="8.134" endTime="8.554"  startRot="0 -120.0 0"       endRot="0 0 0" />
            <part node="0>0|5|2|1|0|0|0|0"  startTime="8.554" endTime="9.255"  startRot="0 100.0 0"        endRot="0 0 0" />
            <part node="0>0|5|2|1|0|0|2|0"  startTime="8.975" endTime="9.059"  startRot="0 0 0"            endRot="0 0 1.905" />
            <part node="0>0|5|2|1|0|0|2|0"  startTime="9.059" endTime="9.115"  startRot="0 0 1.905"        endRot="0 0 30.088" />
            <part node="0>0|5|2|1|0|0|2|0"  startTime="9.115" endTime="9.171"  startRot="0 0 30.088"       endRot="0 0 84.797" />
            <part node="0>0|5|2|1|0|0|2|0"  startTime="9.171" endTime="9.255"  startRot="0 0 84.797"       endRot="0 0 88.0" />
            <part node="0>0|5|2|1|0|0|2|0"  startTime="9.255" endTime="12.0"   startRot="0 0 88.0"         endRot="0 0 88.0" />
            <part node="0>0|5|2|1|0|0|3|0"  startTime="8.134" endTime="8.554"  startRot="0 120.0 0"        endRot="0 0 0" />

            <!-- seat -->
            <part node="0>0|5|0|1|0|0"      startTime="8"     endTime="12"     startRot="0 -140 0"        endRot="0 0 0" />

            <!-- weight lock -->
            <part node="0>0|5|1|1|4"  startTime="6.454" endTime="7"  startRot="70 0 0"      endRot="0 0 0" />

            <!-- leveler -->
            <part node="0>0|5|2|6|0"      startTime="4" endTime="8" endTrans="0 0 0" />
            <part node="0>0|5|2|6|0|0"    startTime="3" endTime="5" startTrans="0 0.2 0" endTrans="0 0.2 0" />
            <part node="0>0|5|2|6|0|0|0"  startTime="4" endTime="8" endTrans="0 0 0" />

            <!-- additional axis -->
            <part node="0>0|0|6|0"  startTime="10" endTime="12"  startRot="25 0 0" endRot="2 0 0" />
            <part node="0>0|0|6|2"  startTime="10" endTime="12"  startRot="25 0 0" endRot="2 0 0" />
            
            <!-- maus 5 -->
            <part node="1>0|0|0"              startTime="8.554" endTime="12.0"   startRot="0 0 0"            endRot="-109.12 0 0" />
            <part node="1>0|1|0"              startTime="8.554" endTime="12.0"   startRot="0 0 0"            endRot="-109.12 0 0" />
            <part node="0>0|5|2|1|0|0|7|0"    startTime="7.5"   endTime="8.554"  startRot="-10 0 0"          endRot="0 0 0" />
            <part node="0>0|5|2|1|2|0|7|0"    startTime="7.5"   endTime="8.554"  startRot="-10 0 0"          endRot="0 0 0" />
            
            <!-- effects -->
            <part node="0>1"            startTime="0.0"    endTime="1.0"    visibility="true" />
            <part node="0>1"            startTime="1.0"    endTime="12.0"   visibility="false" />
            <part node="0>0|5|1|3|0|2"    startTime="0.0"    endTime="1.0"    visibility="true" />
            <part node="0>0|5|1|3|0|2"    startTime="1.0"    endTime="12.0"   visibility="false" />
        </animation>
        <animation name="cableTrayAnimation">
            <part node="0>0|5|1|4|0|0|0|0|0|0|0|0" startTime="0" endTime="1.0"  startRot="0 43.611 0" endRot="0 34.904 0" />
            <part node="0>0|5|1|4|0|0|0|0|0|0|0|0" startTime="1.0" endTime="2.0"  startRot="0 34.904 0" endRot="0 29.576 0" />
            <part node="0>0|5|1|4|0|0|0|0|0|0|0|0" startTime="2.0" endTime="3.0"  startRot="0 29.576 0" endRot="0 20.717 0" />
            <part node="0>0|5|1|4|0|0|0|0|0|0|0|0" startTime="3.0" endTime="4.0"  startRot="0 20.717 0" endRot="0 4.453 0" />
            <part node="0>0|5|1|4|0|0|0|0|0|0|0|0" startTime="4.0" endTime="4.58"  startRot="0 4.453 0" endRot="0 -0.065 0" />
            <part node="0>0|5|1|4|0|0|0|0|0|0|0|0" startTime="4.58" endTime="6.0"  startRot="0 -0.065 0" endRot="0 -11.125 0" />
            <part node="0>0|5|1|4|0|0|0|0|0|0|0|0" startTime="6.0" endTime="7.0"  startRot="0 -11.125 0" endRot="0 -4.657 0" />
            <part node="0>0|5|1|4|0|0|0|0|0|0|0|0" startTime="7.0" endTime="8.0"  startRot="0 -4.657 0" endRot="0 -0.145 0" />
            <part node="0>0|5|1|4|0|0|0|0|0|0|0|0" startTime="8.0" endTime="9.0"  startRot="0 -0.145 0" endRot="0 21.3 0" />
            <part node="0>0|5|1|4|0|0|0|0|0|0|0|0" startTime="9.0" endTime="10.0"  startRot="0 21.3 0" endRot="0 51.543 0" />
            <part node="0>0|5|1|4|0|0|0|0|0|0|0" startTime="0" endTime="1.0"  startRot="0 20.475 0" endRot="0 9.918 0" />
            <part node="0>0|5|1|4|0|0|0|0|0|0|0" startTime="1.0" endTime="2.0"  startRot="0 9.918 0" endRot="0 1.095 0" />
            <part node="0>0|5|1|4|0|0|0|0|0|0|0" startTime="2.0" endTime="3.0"  startRot="0 1.095 0" endRot="0 -3.089 0" />
            <part node="0>0|5|1|4|0|0|0|0|0|0|0" startTime="3.0" endTime="4.0"  startRot="0 -3.089 0" endRot="0 -1.134 0" />
            <part node="0>0|5|1|4|0|0|0|0|0|0|0" startTime="4.0" endTime="4.58"  startRot="0 -1.134 0" endRot="0 0 0" />
            <part node="0>0|5|1|4|0|0|0|0|0|0|0" startTime="4.58" endTime="6.0"  startRot="0 0 0" endRot="0 -10.762 0" />
            <part node="0>0|5|1|4|0|0|0|0|0|0|0" startTime="6.0" endTime="7.0"  startRot="0 -10.762 0" endRot="0 -14.733 0" />
            <part node="0>0|5|1|4|0|0|0|0|0|0|0" startTime="7.0" endTime="8.0"  startRot="0 -14.733 0" endRot="0 -13.597 0" />
            <part node="0>0|5|1|4|0|0|0|0|0|0|0" startTime="8.0" endTime="9.0"  startRot="0 -13.597 0" endRot="0 -2.628 0" />
            <part node="0>0|5|1|4|0|0|0|0|0|0|0" startTime="9.0" endTime="9.5"  startRot="0 -2.628 0" endRot="0 30.833 0" />
            <part node="0>0|5|1|4|0|0|0|0|0|0|0" startTime="9.5" endTime="10.0"  startRot="0 30.833 0" endRot="0 48.268 0" />
            <part node="0>0|5|1|4|0|0|0|0|0|0" startTime="0" endTime="1.0"  startRot="0 6.108 0" endRot="0 -1.221 0" />
            <part node="0>0|5|1|4|0|0|0|0|0|0" startTime="1.0" endTime="2.0"  startRot="0 -1.221 0" endRot="0 -4.282 0" />
            <part node="0>0|5|1|4|0|0|0|0|0|0" startTime="2.0" endTime="3.0"  startRot="0 -4.282 0" endRot="0 -8.341 0" />
            <part node="0>0|5|1|4|0|0|0|0|0|0" startTime="3.0" endTime="4.0"  startRot="0 -8.341 0" endRot="0 -3.062 0" />
            <part node="0>0|5|1|4|0|0|0|0|0|0" startTime="4.0" endTime="4.58"  startRot="0 -3.062 0" endRot="0 0 0" />
            <part node="0>0|5|1|4|0|0|0|0|0|0" startTime="4.58" endTime="6.0"  startRot="0 0 0" endRot="0 26.911 0" />
            <part node="0>0|5|1|4|0|0|0|0|0|0" startTime="6.0" endTime="7.0"  startRot="0 26.911 0" endRot="0 45.862 0" />
            <part node="0>0|5|1|4|0|0|0|0|0|0" startTime="7.0" endTime="8.0"  startRot="0 45.862 0" endRot="0 74.304 0" />
            <part node="0>0|5|1|4|0|0|0|0|0|0" startTime="8.0" endTime="9.0"  startRot="0 74.304 0" endRot="0 90.388 0" />
            <part node="0>0|5|1|4|0|0|0|0|0|0" startTime="9.0" endTime="9.5"  startRot="0 90.388 0" endRot="0 90.294 0" />
            <part node="0>0|5|1|4|0|0|0|0|0|0" startTime="9.5" endTime="10.0"  startRot="0 90.294 0" endRot="0 90.2 0" />
            <part node="0>0|5|1|4|0|0|0|0|0" startTime="0" endTime="1.0"  startRot="0 -14.943 0" endRot="0 -11.681 0" />
            <part node="0>0|5|1|4|0|0|0|0|0" startTime="1.0" endTime="2.0"  startRot="0 -11.681 0" endRot="0 -11.475 0" />
            <part node="0>0|5|1|4|0|0|0|0|0" startTime="2.0" endTime="3.0"  startRot="0 -11.475 0" endRot="0 -7.027 0" />
            <part node="0>0|5|1|4|0|0|0|0|0" startTime="3.0" endTime="4.0"  startRot="0 -7.027 0" endRot="0 -3.19 0" />
            <part node="0>0|5|1|4|0|0|0|0|0" startTime="4.0" endTime="4.58"  startRot="0 -3.19 0" endRot="0 0 0" />
            <part node="0>0|5|1|4|0|0|0|0|0" startTime="4.58" endTime="6.0"  startRot="0 0 0" endRot="0 18.844 0" />
            <part node="0>0|5|1|4|0|0|0|0|0" startTime="6.0" endTime="7.0"  startRot="0 18.844 0" endRot="0 34.902 0" />
            <part node="0>0|5|1|4|0|0|0|0|0" startTime="7.0" endTime="8.0"  startRot="0 34.902 0" endRot="0 49.324 0" />
            <part node="0>0|5|1|4|0|0|0|0|0" startTime="8.0" endTime="9.0"  startRot="0 49.324 0" endRot="0 54.448 0" />
            <part node="0>0|5|1|4|0|0|0|0|0" startTime="9.0" endTime="9.5"  startRot="0 54.448 0" endRot="0 52.764 0" />
            <part node="0>0|5|1|4|0|0|0|0|0" startTime="9.5" endTime="10.0"  startRot="0 52.764 0" endRot="0 51.079 0" />
            <part node="0>0|5|1|4|0|0|0|0" startTime="0" endTime="1.0"  startRot="0 -62.28 0" endRot="0 -48.682 0" />
            <part node="0>0|5|1|4|0|0|0|0" startTime="1.0" endTime="2.0"  startRot="0 -48.682 0" endRot="0 -35.084 0" />
            <part node="0>0|5|1|4|0|0|0|0" startTime="2.0" endTime="3.0"  startRot="0 -35.084 0" endRot="0 -19.032 0" />
            <part node="0>0|5|1|4|0|0|0|0" startTime="3.0" endTime="4.0"  startRot="0 -19.032 0" endRot="0 -5.578 0" />
            <part node="0>0|5|1|4|0|0|0|0" startTime="4.0" endTime="4.58"  startRot="0 -5.578 0" endRot="0 0 0" />
            <part node="0>0|5|1|4|0|0|0|0" startTime="4.58" endTime="6.0"  startRot="0 0 0" endRot="0 11.146 0" />
            <part node="0>0|5|1|4|0|0|0|0" startTime="6.0" endTime="7.0"  startRot="0 11.146 0" endRot="0 14.874 0" />
            <part node="0>0|5|1|4|0|0|0|0" startTime="7.0" endTime="8.0"  startRot="0 14.874 0" endRot="0 9.652 0" />
            <part node="0>0|5|1|4|0|0|0|0" startTime="8.0" endTime="9.0"  startRot="0 9.652 0" endRot="0 11.651 0" />
            <part node="0>0|5|1|4|0|0|0|0" startTime="9.0" endTime="9.5"  startRot="0 11.651 0" endRot="0 7.088 0" />
            <part node="0>0|5|1|4|0|0|0|0" startTime="9.5" endTime="10.0"  startRot="0 7.088 0" endRot="0 2.524 0" />
            <part node="0>0|5|1|4|0|0|0" startTime="0" endTime="1.0"  startRot="0 -51.091 0" endRot="0 -39.936 0" />
            <part node="0>0|5|1|4|0|0|0" startTime="1.0" endTime="2.0"  startRot="0 -39.936 0" endRot="0 -27.481 0" />
            <part node="0>0|5|1|4|0|0|0" startTime="2.0" endTime="3.0"  startRot="0 -27.481 0" endRot="0 -14.267 0" />
            <part node="0>0|5|1|4|0|0|0" startTime="3.0" endTime="4.0"  startRot="0 -14.267 0" endRot="0 -5.237 0" />
            <part node="0>0|5|1|4|0|0|0" startTime="4.0" endTime="4.58"  startRot="0 -5.237 0" endRot="0 0 0" />
            <part node="0>0|5|1|4|0|0|0" startTime="4.58" endTime="6.0"  startRot="0 0 0" endRot="0 -1.646 0" />
            <part node="0>0|5|1|4|0|0|0" startTime="6.0" endTime="7.0"  startRot="0 -1.646 0" endRot="0 -2.805 0" />
            <part node="0>0|5|1|4|0|0|0" startTime="7.0" endTime="8.0"  startRot="0 -2.805 0" endRot="0 -3.964 0" />
            <part node="0>0|5|1|4|0|0|0" startTime="8.0" endTime="9.0"  startRot="0 -3.964 0" endRot="0 -8.161 0" />
            <part node="0>0|5|1|4|0|0|0" startTime="9.0" endTime="9.5"  startRot="0 -8.161 0" endRot="0 -11.444 0" />
            <part node="0>0|5|1|4|0|0|0" startTime="9.5" endTime="10.0"  startRot="0 -11.444 0" endRot="0 -14.727 0" />
            <part node="0>0|5|1|4|0|0" startTime="0" endTime="1.0"  startRot="0 -27.421 0" endRot="0 -19.936 0" />
            <part node="0>0|5|1|4|0|0" startTime="1.0" endTime="2.0"  startRot="0 -19.936 0" endRot="0 -10.258 0" />
            <part node="0>0|5|1|4|0|0" startTime="2.0" endTime="3.0"  startRot="0 -10.258 0" endRot="0 -6.282 0" />
            <part node="0>0|5|1|4|0|0" startTime="3.0" endTime="4.0"  startRot="0 -6.282 0" endRot="0 -2.306 0" />
            <part node="0>0|5|1|4|0|0" startTime="4.0" endTime="4.58"  startRot="0 -2.306 0" endRot="0 0 0" />
            <part node="0>0|5|1|4|0|0" startTime="4.58" endTime="6.0"  startRot="0 0 0" endRot="0 0.801 0" />
            <part node="0>0|5|1|4|0|0" startTime="6.0" endTime="7.0"  startRot="0 0.801 0" endRot="0 1.365 0" />
            <part node="0>0|5|1|4|0|0" startTime="7.0" endTime="8.0"  startRot="0 1.365 0" endRot="0 1.93 0" />
            <part node="0>0|5|1|4|0|0" startTime="8.0" endTime="9.0"  startRot="0 1.93 0" endRot="0 2.494 0" />
            <part node="0>0|5|1|4|0|0" startTime="9.0" endTime="9.5"  startRot="0 2.494 0" endRot="0 2.776 0" />
            <part node="0>0|5|1|4|0|0" startTime="9.5" endTime="10.0"  startRot="0 2.776 0" endRot="0 3.058 0" />
            <part node="0>0|5|1|4|0" startTime="0" endTime="1.0"  startRot="0 0.461 0" endRot="0 2.153 0" />
            <part node="0>0|5|1|4|0" startTime="1.0" endTime="2.0"  startRot="0 2.153 0" endRot="0 1.552 0" />
            <part node="0>0|5|1|4|0" startTime="2.0" endTime="3.0"  startRot="0 1.552 0" endRot="0 0.95 0" />
            <part node="0>0|5|1|4|0" startTime="3.0" endTime="4.0"  startRot="0 0.95 0" endRot="0 0.349 0" />
            <part node="0>0|5|1|4|0" startTime="4.0" endTime="4.58"  startRot="0 0.349 0" endRot="0 0 0" />
            <part node="0>0|5|1|4|0" startTime="4.58" endTime="6.0"  startRot="0 0 0" endRot="0 -1.442 0" />
            <part node="0>0|5|1|4|0" startTime="6.0" endTime="7.0"  startRot="0 -1.442 0" endRot="0 -2.457 0" />
            <part node="0>0|5|1|4|0" startTime="7.0" endTime="8.0"  startRot="0 -2.457 0" endRot="0 -3.473 0" />
            <part node="0>0|5|1|4|0" startTime="8.0" endTime="9.0"  startRot="0 -3.473 0" endRot="0 -4.488 0" />
            <part node="0>0|5|1|4|0" startTime="9.0" endTime="9.5"  startRot="0 -4.488 0" endRot="0 -4.996 0" />
            <part node="0>0|5|1|4|0" startTime="9.5" endTime="10.0"  startRot="0 -4.996 0" endRot="0 -5.504 0" />
            <part node="0>0|5|1|4" startTime="0" endTime="1.0"  startRot="0 4.177 0" endRot="0 3.265 0" />
            <part node="0>0|5|1|4" startTime="1.0" endTime="2.0"  startRot="0 3.265 0" endRot="0 2.353 0" />
            <part node="0>0|5|1|4" startTime="2.0" endTime="3.0"  startRot="0 2.353 0" endRot="0 1.441 0" />
            <part node="0>0|5|1|4" startTime="3.0" endTime="4.0"  startRot="0 1.441 0" endRot="0 0.529 0" />
            <part node="0>0|5|1|4" startTime="4.0" endTime="4.58"  startRot="0 0.529 0" endRot="0 0 0" />
            <part node="0>0|5|1|4" startTime="4.58" endTime="6.0"  startRot="0 0 0" endRot="0 -0.661 0" />
            <part node="0>0|5|1|4" startTime="6.0" endTime="7.0"  startRot="0 -0.661 0" endRot="0 -1.126 0" />
            <part node="0>0|5|1|4" startTime="7.0" endTime="8.0"  startRot="0 -1.126 0" endRot="0 -1.591 0" />
            <part node="0>0|5|1|4" startTime="8.0" endTime="9.0"  startRot="0 -1.591 0" endRot="0 -2.056 0" />
            <part node="0>0|5|1|4" startTime="9.0" endTime="9.5"  startRot="0 -2.056 0" endRot="0 -2.289 0" />
            <part node="0>0|5|1|4" startTime="9.5" endTime="10.0"  startRot="0 -2.289 0" endRot="0 -2.522 0" />
        </animation>
        <animation name="unloadingArmsChainFront">   
            <part node="0>0|5|1|8|0" startTime="5.0" endTime="7.5"  startRot="0.0 0.0 0.0" endRot="0.0 1.485 0.0" />
            <part node="0>0|5|1|8|0" startTime="7.5" endTime="10.0"  startRot="0.0 1.485 0.0" endRot="0.0 26.25 0.0" />
            <part node="0>0|5|1|8|0|0" startTime="5.0" endTime="7.5"  startRot="0.0 0.0 0.0" endRot="0.0 10.971 0.0" />
            <part node="0>0|5|1|8|0|0" startTime="7.5" endTime="10.0"  startRot="0.0 10.971 0.0" endRot="0.0 24.357 0.0" />
            <part node="0>0|5|1|8|0|0|0" startTime="0.0" endTime="2.5"  startRot="0.0 -5.751 0.0" endRot="0.0 -4.098 0.0" />
            <part node="0>0|5|1|8|0|0|0" startTime="2.5" endTime="5.0"  startRot="0.0 -4.098 0.0" endRot="0.0 0.0 0.0" />
            <part node="0>0|5|1|8|0|0|0" startTime="5.0" endTime="7.5"  startRot="0.0 0.0 0.0" endRot="0.0 16.596 0.0" />
            <part node="0>0|5|1|8|0|0|0" startTime="7.5" endTime="10.0"  startRot="0.0 16.596 0.0" endRot="0.0 17.232 0.0" />
            <part node="0>0|5|1|8|0|0|0|0" startTime="0.0" endTime="2.5"  startRot="0.0 -12.317 0.0" endRot="0.0 -14.025 0.0" />
            <part node="0>0|5|1|8|0|0|0|0" startTime="2.5" endTime="5.0"  startRot="0.0 -14.025 0.0" endRot="0.0 0.0 0.0" />
            <part node="0>0|5|1|8|0|0|0|0" startTime="5.0" endTime="7.5"  startRot="0.0 0.0 0.0" endRot="0.0 7.99 0.0" />
            <part node="0>0|5|1|8|0|0|0|0" startTime="7.5" endTime="10.0"  startRot="0.0 7.99 0.0" endRot="0.0 10.963 0.0" />
            <part node="0>0|5|1|8|0|0|0|0|0" startTime="0.0" endTime="2.5"  startRot="0.0 -20.9 0.0" endRot="0.0 -14.816 0.0" />
            <part node="0>0|5|1|8|0|0|0|0|0" startTime="2.5" endTime="5.0"  startRot="0.0 -14.816 0.0" endRot="0.0 0.0 0.0" />
            <part node="0>0|5|1|8|0|0|0|0|0" startTime="5.0" endTime="7.5"  startRot="0.0 0.0 0.0" endRot="0.0 0.825 0.0" />
            <part node="0>0|5|1|8|0|0|0|0|0" startTime="7.5" endTime="10.0"  startRot="0.0 0.825 0.0" endRot="0.0 -1.953 0.0" />
            <part node="0>0|5|1|8|0|0|0|0|0|0" startTime="0.0" endTime="2.5"  startRot="0.0 -23.941 0.0" endRot="0.0 -3.433 0.0" />
            <part node="0>0|5|1|8|0|0|0|0|0|0" startTime="2.5" endTime="5.0"  startRot="0.0 -3.433 0.0" endRot="0.0 0.0 0.0" />
            <part node="0>0|5|1|8|0|0|0|0|0|0|0" startTime="0.0" endTime="2.5"  startRot="0.0 -11.605 0.0" endRot="0.0 -0.31 0.0" />
            <part node="0>0|5|1|8|0|0|0|0|0|0|0" startTime="2.5" endTime="5.0"  startRot="0.0 -0.31 0.0" endRot="0.0 0.0 0.0" />
            <part node="0>0|5|1|8|1|0" startTime="0.0" endTime="2.5"  startRot="0.0 -3.776 0.0" endRot="0.0 1.636 0.0" />
            <part node="0>0|5|1|8|1|0" startTime="2.5" endTime="5.0"  startRot="0.0 1.636 0.0" endRot="0.0 0.0 0.0" />
            <part node="0>0|5|1|8|1|0|0" startTime="0.0" endTime="2.5"  startRot="0.0 -21.158 0.0" endRot="0.0 -2.845 0.0" />
            <part node="0>0|5|1|8|1|0|0" startTime="2.5" endTime="5.0"  startRot="0.0 -2.845 0.0" endRot="0.0 0.0 0.0" />
            <part node="0>0|5|1|8|1|0|0|0" startTime="0.0" endTime="2.5"  startRot="0.0 -25.949 0.0" endRot="0.0 -12.974 0.0" />
            <part node="0>0|5|1|8|1|0|0|0" startTime="2.5" endTime="5.0"  startRot="0.0 -12.974 0.0" endRot="0.0 0.0 0.0" />
            <part node="0>0|5|1|8|1|0|0|0|0" startTime="0.0" endTime="2.5"  startRot="0.0 -18.29 0.0" endRot="0.0 -16.751 0.0" />
            <part node="0>0|5|1|8|1|0|0|0|0" startTime="2.5" endTime="5.0"  startRot="0.0 -16.751 0.0" endRot="0.0 0.0 0.0" />
            <part node="0>0|5|1|8|1|0|0|0|0" startTime="5.0" endTime="7.5"  startRot="0.0 0.0 0.0" endRot="0.0 4.848 0.0" />
            <part node="0>0|5|1|8|1|0|0|0|0" startTime="7.5" endTime="10.0"  startRot="0.0 4.848 0.0" endRot="0.0 0.0 0.0" />
            <part node="0>0|5|1|8|1|0|0|0|0|0" startTime="0.0" endTime="2.5"  startRot="0.0 -6.764 0.0" endRot="0.0 -6.663 0.0" />
            <part node="0>0|5|1|8|1|0|0|0|0|0" startTime="2.5" endTime="5.0"  startRot="0.0 -6.663 0.0" endRot="0.0 0.0 0.0" />
            <part node="0>0|5|1|8|1|0|0|0|0|0" startTime="5.0" endTime="7.5"  startRot="0.0 0.0 0.0" endRot="0.0 13.882 0.0" />
            <part node="0>0|5|1|8|1|0|0|0|0|0" startTime="7.5" endTime="10.0"  startRot="0.0 13.882 0.0" endRot="0.0 20.127 0.0" />
            <part node="0>0|5|1|8|1|0|0|0|0|0|0" startTime="0.0" endTime="2.5"  startRot="0.0 0.625 0.0" endRot="0.0 -0.366 0.0" />
            <part node="0>0|5|1|8|1|0|0|0|0|0|0" startTime="2.5" endTime="5.0"  startRot="0.0 -0.366 0.0" endRot="0.0 0.0 0.0" />
            <part node="0>0|5|1|8|1|0|0|0|0|0|0" startTime="5.0" endTime="7.5"  startRot="0.0 0.0 0.0" endRot="0.0 17.315 0.0" />
            <part node="0>0|5|1|8|1|0|0|0|0|0|0" startTime="7.5" endTime="10.0"  startRot="0.0 17.315 0.0" endRot="0.0 23.77 0.0" />
            <part node="0>0|5|1|8|1|0|0|0|0|0|0|0" startTime="5.0" endTime="7.5"  startRot="0.0 0.0 0.0" endRot="0.0 1.475 0.0" />
            <part node="0>0|5|1|8|1|0|0|0|0|0|0|0" startTime="7.5" endTime="10.0"  startRot="0.0 1.475 0.0" endRot="0.0 25.786 0.0" />
            <part node="0>0|5|1|8|1|0|0|0|0|0|0|0|0" startTime="5.0" endTime="7.5"  startRot="0.0 0.0 0.0" endRot="0.0 -0.514 0.0" />
            <part node="0>0|5|1|8|1|0|0|0|0|0|0|0|0" startTime="7.5" endTime="10.0"  startRot="0.0 -0.514 0.0" endRot="0.0 4.054 0.0" />´
        </animation>
        <animation name="unloadingArmsChainBack"> 
            <part node="0>0|5|1|2|12|0" startTime="0.0" endTime="2.22"  startTrans="-1.26 3.629 -5.774" endTrans="-1.186 3.629 -5.485" />
            <part node="0>0|5|1|2|12|0" startTime="2.22" endTime="4.42"  startTrans="-1.186 3.629 -5.485" endTrans="-1.113 3.629 -5.2" />
            <part node="0>0|5|1|2|12|0" startTime="4.42" endTime="6.64"  startTrans="-1.113 3.629 -5.2" endTrans="-1.039 3.629 -4.91" />
            <part node="0>0|5|1|2|12|0" startTime="6.64" endTime="8.86"  startTrans="-1.039 3.629 -4.91" endTrans="-0.965 3.629 -4.62" />
            <part node="0>0|5|1|2|12|0" startTime="8.86" endTime="10.0"  startTrans="-0.965 3.629 -4.62" endTrans="-0.926 3.629 -4.465" />
            <part node="0>0|5|1|2|12|0|0|0" startTime="0.0" endTime="1.08"  startRot="0.0 -31.069 0.0" endRot="0.0 -4.339 0.0" />
            <part node="0>0|5|1|2|12|0|0|0" startTime="1.08" endTime="2.22"  startRot="0.0 -4.339 0.0" endRot="0.0 0.0 0.0" />
            <part node="0>0|5|1|2|12|0|0|0|0" startTime="0.0" endTime="1.08"  startRot="0.0 -28.663 0.0" endRot="0.0 -24.464 0.0" />
            <part node="0>0|5|1|2|12|0|0|0|0" startTime="1.08" endTime="2.22"  startRot="0.0 -24.464 0.0" endRot="0.0 0.0 0.0" />
            <part node="0>0|5|1|2|12|0|0|0|0|0" startTime="0.0" endTime="1.08"  startRot="0.0 -31.098 0.0" endRot="0.0 -33.435 0.0" />
            <part node="0>0|5|1|2|12|0|0|0|0|0" startTime="1.08" endTime="2.22"  startRot="0.0 -33.435 0.0" endRot="0.0 -31.098 0.0" />
            <part node="0>0|5|1|2|12|0|0|0|0|0" startTime="2.22" endTime="3.24"  startRot="0.0 -31.098 0.0" endRot="0.0 -4.133 0.0" />
            <part node="0>0|5|1|2|12|0|0|0|0|0" startTime="3.24" endTime="4.42"  startRot="0.0 -4.133 0.0" endRot="0.0 -0.369 0.0" />
            <part node="0>0|5|1|2|12|0|0|0|0|0" startTime="4.42" endTime="10.0"  startRot="0.0 -0.369 0.0" endRot="0.0 0.0 0.0" />
            <part node="0>0|5|1|2|12|0|0|0|0|0|0" startTime="2.22" endTime="3.24"  startRot="0.0 -27.881 0.0" endRot="0.0 -28.855 0.0" />
            <part node="0>0|5|1|2|12|0|0|0|0|0|0" startTime="3.24" endTime="4.42"  startRot="0.0 -28.855 0.0" endRot="0.0 0.0 0.0" />
            <part node="0>0|5|1|2|12|0|0|0|0|0|0|0" startTime="2.22" endTime="3.24"  startRot="0.0 -34.634 0.0" endRot="0.0 -31.47 0.0" />
            <part node="0>0|5|1|2|12|0|0|0|0|0|0|0" startTime="3.24" endTime="4.42"  startRot="0.0 -31.47 0.0" endRot="0.0 -34.634 0.0" />
            <part node="0>0|5|1|2|12|0|0|0|0|0|0|0" startTime="4.42" endTime="5.6"  startRot="0.0 -34.634 0.0" endRot="0.0 -0.2 0.0" />
            <part node="0>0|5|1|2|12|0|0|0|0|0|0|0" startTime="5.6" endTime="6.64"  startRot="0.0 -0.2 0.0" endRot="0.0 0.589 0.0" />
            <part node="0>0|5|1|2|12|0|0|0|0|0|0|0" startTime="6.64" endTime="8.86"  startRot="0.0 0.589 0.0" endRot="0.0 0.245 0.0" />
            <part node="0>0|5|1|2|12|0|0|0|0|0|0|0" startTime="8.86" endTime="10.0"  startRot="0.0 0.245 0.0" endRot="0.0 0.154 0.0" />
            <part node="0>0|5|1|2|12|0|0|0|0|0|0|0|0" startTime="2.22" endTime="3.24"  startRot="0.0 -22.569 0.0" endRot="0.0 -26.989 0.0" />
            <part node="0>0|5|1|2|12|0|0|0|0|0|0|0|0" startTime="3.24" endTime="4.42"  startRot="0.0 -26.989 0.0" endRot="0.0 -22.569 0.0" />
            <part node="0>0|5|1|2|12|0|0|0|0|0|0|0|0" startTime="4.42" endTime="5.6"  startRot="0.0 -22.569 0.0" endRot="0.0 -27.024 0.0" />
            <part node="0>0|5|1|2|12|0|0|0|0|0|0|0|0" startTime="5.6" endTime="6.64"  startRot="0.0 -27.024 0.0" endRot="0.0 -1.68 0.0" />
            <part node="0>0|5|1|2|12|0|0|0|0|0|0|0|0" startTime="6.64" endTime="8.86"  startRot="0.0 -1.68 0.0" endRot="0.0 0.0 0.0" />
            <part node="0>0|5|1|2|12|0|0|0|0|0|0|0|0|0" startTime="0.0" endTime="1.08"  startRot="0.0 -4.352 0.0" endRot="0.0 -23.365 0.0" />
            <part node="0>0|5|1|2|12|0|0|0|0|0|0|0|0|0" startTime="1.08" endTime="2.22"  startRot="0.0 -23.365 0.0" endRot="0.0 -35.432 0.0" />
            <part node="0>0|5|1|2|12|0|0|0|0|0|0|0|0|0" startTime="2.22" endTime="3.24"  startRot="0.0 -35.432 0.0" endRot="0.0 -35.171 0.0" />
            <part node="0>0|5|1|2|12|0|0|0|0|0|0|0|0|0" startTime="3.24" endTime="4.42"  startRot="0.0 -35.171 0.0" endRot="0.0 -34.868 0.0" />
            <part node="0>0|5|1|2|12|0|0|0|0|0|0|0|0|0" startTime="4.42" endTime="5.6"  startRot="0.0 -34.868 0.0" endRot="0.0 -32.585 0.0" />
            <part node="0>0|5|1|2|12|0|0|0|0|0|0|0|0|0" startTime="5.6" endTime="6.64"  startRot="0.0 -32.585 0.0" endRot="0.0 -30.927 0.0" />
            <part node="0>0|5|1|2|12|0|0|0|0|0|0|0|0|0" startTime="6.64" endTime="7.72"  startRot="0.0 -30.927 0.0" endRot="0.0 -2.292 0.0" />
            <part node="0>0|5|1|2|12|0|0|0|0|0|0|0|0|0" startTime="7.72" endTime="8.86"  startRot="0.0 -2.292 0.0" endRot="0.0 -1.416 0.0" />
            <part node="0>0|5|1|2|12|0|0|0|0|0|0|0|0|0|0" startTime="0.0" endTime="1.08"  startRot="0.0 0.851 0.0" endRot="0.0 -7.676 0.0" />
            <part node="0>0|5|1|2|12|0|0|0|0|0|0|0|0|0|0" startTime="1.08" endTime="2.22"  startRot="0.0 -7.676 0.0" endRot="0.0 -23.118 0.0" />
            <part node="0>0|5|1|2|12|0|0|0|0|0|0|0|0|0|0" startTime="2.22" endTime="4.42"  startRot="0.0 -23.118 0.0" endRot="0.0 -29.615 0.0" />
            <part node="0>0|5|1|2|12|0|0|0|0|0|0|0|0|0|0" startTime="4.42" endTime="5.6"  startRot="0.0 -29.615 0.0" endRot="0.0 -30.183 0.0" />
            <part node="0>0|5|1|2|12|0|0|0|0|0|0|0|0|0|0" startTime="5.6" endTime="6.64"  startRot="0.0 -30.183 0.0" endRot="0.0 -27.272 0.0" />
            <part node="0>0|5|1|2|12|0|0|0|0|0|0|0|0|0|0" startTime="6.64" endTime="7.72"  startRot="0.0 -27.272 0.0" endRot="0.0 -26.681 0.0" />
            <part node="0>0|5|1|2|12|0|0|0|0|0|0|0|0|0|0" startTime="7.72" endTime="8.86"  startRot="0.0 -26.681 0.0" endRot="0.0 0.841 0.0" />
            <part node="0>0|5|1|2|12|0|0|0|0|0|0|0|0|0|0|0" startTime="0.0" endTime="2.22"  startRot="0.0 25.861 0.0" endRot="0.0 21.66 0.0" />
            <part node="0>0|5|1|2|12|0|0|0|0|0|0|0|0|0|0|0" startTime="2.22" endTime="4.42"  startRot="0.0 21.66 0.0" endRot="0.0 -1.538 0.0" />
            <part node="0>0|5|1|2|12|0|0|0|0|0|0|0|0|0|0|0" startTime="6.64" endTime="7.72"  startRot="0.0 -1.538 0.0" endRot="0.0 -6.807 0.0" />
            <part node="0>0|5|1|2|12|0|0|0|0|0|0|0|0|0|0|0" startTime="7.72" endTime="8.86"  startRot="0.0 -6.807 0.0" endRot="0.0 -1.538 0.0" />
            <part node="0>0|5|1|2|12|0|0|0|0|0|0|0|0|0|0|0" startTime="8.86" endTime="10.0"  startRot="0.0 -1.538 0.0" endRot="0.0 27.869 0.0" />
            <part node="0>0|5|1|2|12|0|0|0|0|0|0|0|0|0|0|0|0" startTime="2.22" endTime="3.24"  startRot="0.0 36.409 0.0" endRot="0.0 23.912 0.0" />
            <part node="0>0|5|1|2|12|0|0|0|0|0|0|0|0|0|0|0|0" startTime="3.24" endTime="4.42"  startRot="0.0 23.912 0.0" endRot="0.0 6.817 0.0" />
            <part node="0>0|5|1|2|12|0|0|0|0|0|0|0|0|0|0|0|0" startTime="4.42" endTime="5.6"  startRot="0.0 6.817 0.0" endRot="0.0 4.167 0.0" />
            <part node="0>0|5|1|2|12|0|0|0|0|0|0|0|0|0|0|0|0" startTime="5.6" endTime="6.64"  startRot="0.0 4.167 0.0" endRot="0.0 1.833 0.0" />
            <part node="0>0|5|1|2|12|0|0|0|0|0|0|0|0|0|0|0|0" startTime="6.64" endTime="7.72"  startRot="0.0 1.833 0.0" endRot="0.0 6.883 0.0" />
            <part node="0>0|5|1|2|12|0|0|0|0|0|0|0|0|0|0|0|0" startTime="7.72" endTime="8.86"  startRot="0.0 6.883 0.0" endRot="0.0 1.833 0.0" />
            <part node="0>0|5|1|2|12|0|0|0|0|0|0|0|0|0|0|0|0" startTime="8.86" endTime="10.0"  startRot="0.0 1.833 0.0" endRot="0.0 7.084 0.0" />
            <part node="0>0|5|1|2|12|0|0|0|0|0|0|0|0|0|0|0|0|0" startTime="4.42" endTime="5.6"  startRot="0.0 24.323 0.0" endRot="0.0 4.694 0.0" />
            <part node="0>0|5|1|2|12|0|0|0|0|0|0|0|0|0|0|0|0|0" startTime="5.6" endTime="6.64"  startRot="0.0 4.694 0.0" endRot="0.0 -2.095 0.0" />
            <part node="0>0|5|1|2|12|0|0|0|0|0|0|0|0|0|0|0|0|0" startTime="6.64" endTime="7.72"  startRot="0.0 -2.095 0.0" endRot="0.0 -7.028 0.0" />
            <part node="0>0|5|1|2|12|0|0|0|0|0|0|0|0|0|0|0|0|0" startTime="7.72" endTime="8.86"  startRot="0.0 -7.028 0.0" endRot="0.0 -3.077 0.0" />
            <part node="0>0|5|1|2|12|0|0|0|0|0|0|0|0|0|0|0|0|0" startTime="8.86" endTime="10.0"  startRot="0.0 -3.077 0.0" endRot="0.0 -6.733 0.0" />
            <part node="0>0|5|1|2|12|0|0|0|0|0|0|0|0|0|0|0|0|0|0" startTime="4.42" endTime="5.6"  startRot="0.0 33.993 0.0" endRot="0.0 25.059 0.0" />
            <part node="0>0|5|1|2|12|0|0|0|0|0|0|0|0|0|0|0|0|0|0" startTime="5.6" endTime="6.64"  startRot="0.0 25.059 0.0" endRot="0.0 4.776 0.0" />
            <part node="0>0|5|1|2|12|0|0|0|0|0|0|0|0|0|0|0|0|0|0|0" startTime="6.64" endTime="7.72"  startRot="0.0 21.001 0.0" endRot="0.0 5.019 0.0" />
            <part node="0>0|5|1|2|12|0|0|0|0|0|0|0|0|0|0|0|0|0|0|0" startTime="7.72" endTime="8.86"  startRot="0.0 5.019 0.0" endRot="0.0 -11.852 0.0" />
            <part node="0>0|5|1|2|12|0|0|0|0|0|0|0|0|0|0|0|0|0|0|0|0" startTime="4.42" endTime="6.64"  startRot="0.0 35.195 0.0" endRot="0.0 33.309 0.0" />
            <part node="0>0|5|1|2|12|0|0|0|0|0|0|0|0|0|0|0|0|0|0|0|0" startTime="6.64" endTime="7.72"  startRot="0.0 33.309 0.0" endRot="0.0 24.469 0.0" />
            <part node="0>0|5|1|2|12|0|0|0|0|0|0|0|0|0|0|0|0|0|0|0|0" startTime="7.72" endTime="8.86"  startRot="0.0 24.469 0.0" endRot="0.0 9.506 0.0" />
            <part node="0>0|5|1|2|12|0|0|0|0|0|0|0|0|0|0|0|0|0|0|0|0|0" startTime="6.64" endTime="8.86"  startRot="0.0 1.348 0.0" endRot="0.0 0.872 0.0" />
            <part node="0>0|5|1|2|12|0|0|0|0|0|0|0|0|0|0|0|0|0|0|0|0|0" startTime="8.86" endTime="10.0"  startRot="0.0 0.872 0.0" endRot="0.0 -29.489 0.0" />
        </animation>   
        <animation name="levelerCableAnimation">
            <part node="0>0|5|2|3|0|0|7" startTime="0" endTime="1.0"  startRot="5.942 0.003 -89.924" endRot="-12.612 0.003 -89.924"  startTrans="0.575 0 2.732" endTrans="1.165 0 1.131"/>
        </animation>
        <animation name="unloadingArm3CableArm">
            <part node="0>0|5|1|2|0|0|4" startTime="0" endTime="0.25"  startRot="0 0 0" endRot="0 0 0" />
            <part node="0>0|5|1|2|0|0|4" startTime="0.25" endTime="1"  startRot="0 0 0" endRot="0 0 60" />
            <part node="0>0|5|1|2|0|5"   startTime="0" endTime="0.25"  startRot="0 0 0" endRot="0 0 0" />
            <part node="0>0|5|1|2|0|5"   startTime="0.25" endTime="1"  startRot="0 0 0" endRot="0 0 -48" />
        </animation>
        <animation name="enterAnimation">
            <part node="0>0|5|4|2" startTime="0" endTime="1" startRot="0 0 0" endRot="0 0 45"/>
        </animation>
    </animations>

    <enterAnimation name="enterAnimation" />

    <steering index="0>0|5|0|1|0|0|0|0" indoorRotation="540" outdoorRotation="50" />

    <characterNode index="0>0|5|0|1|0|0|1|0" cameraMinDistance="1.5" filename="$dataS2/character/player/player.xml" spineRotation="180 0 100" >
        <target ikChain="rightFoot" targetNode="0>0|5|0|1|0|0|1|1" />
        <target ikChain="leftFoot"  targetNode="0>0|5|0|1|0|0|1|2" />
        <target ikChain="rightArm"  targetNode="0>0|5|0|1|0|0|1|3"   setDirty="true"/>
        <target ikChain="leftArm"   targetNode="0>0|5|0|1|0|0|0|0|0" setDirty="true" />
    </characterNode>

    <ai>
        <trafficCollisionTrigger index="0>0|4|0" />
    </ai>

    <exhaustEffects>
        <exhaustEffect index="0>0|6|0" filename="$data/particleSystems/shared/exhaust.i3d" minRpmColor="0.9 0.9 0.9 0.1" maxRpmColor="0.9 0.9 0.9 0.4" minRpmScale="0.05" maxRpmScale="0.5" xzRotationsOffset="40 0" xzRotationsForward="20 -180" xzRotationsBackward="20 100" xzRotationsLeft="20 -100" xzRotationsRight="20 150" />
    </exhaustEffects>

    <motorStartDuration>2500</motorStartDuration>

    <motorStartSound file="vehicles/steerable/ropaMaus5/ropaMaus5_start.wav"                      pitchOffset="1.0" volume="0.60" indoorVolumeFactor="0.55" indoorLowpassGain="0.75"/>
    <motorSound file="vehicles/steerable/ropaMaus5/ropaMaus5_idle.wav"                            pitchOffset="1.0" volume="0.60" indoorVolumeFactor="0.65" indoorLowpassGain="0.75" pitchMax="1.10" />
    <motorStopSound file="vehicles/steerable/ropaMaus5/ropaMaus5_stop.wav"                        pitchOffset="1.0" volume="0.60" indoorVolumeFactor="0.55" indoorLowpassGain="0.75"/>
    <motorSoundRun file="vehicles/steerable/ropaMaus5/ropaMaus5_run.wav"                          pitchOffset="1.0" volume="0.60" indoorVolumeFactor="0.75" indoorLowpassGain="0.85" pitchMax="1.15" />
    <motorSoundLoad file="vehicles/steerable/ropaMaus5/ropaMaus5_load.wav"                        pitchOffset="1.0" volume="0.70" indoorVolumeFactor="0.65" indoorLowpassGain="0.85" pitchMax="1.15" />

    <gearboxSound file="$data/sounds/transmission/transmissionOmega.wav"                          pitchOffset="0.85" volume="0.80" indoorVolumeFactor="1.00" indoorLowpassGain="0.7" pitchMax="1.00" volumeMax="0.50" reverseVolumeMax="0.25" />
    <retarderSound file="$data/sounds/transmission/module1.wav"                                   pitchOffset="0.85" volume="0.30" indoorVolumeFactor="0.40" indoorLowpassGain="0.75" pitchMax="1.40" volumeMax="0.32" minSpeed="0.05"/>
    <reverseDriveSound file="vehicles/steerable/ropaMaus5/ropa_reverse_beep.wav"                  pitchOffset="1.00" volume="0.60" indoorVolumeFactor="0.25" indoorLowpassGain="0.75"  />

    <brakeCompressor capacity="100" fillSpeed="1"/>
    <maximalAirConsumptionPerFullStop value="100" />
    <brakeCompressorStartSound file="$data/vehicles/steerable/jcb/jcb_module.wav"                 pitchOffset="1.10" volume="0.50" indoorVolumeFactor="0.70" indoorLowpassGain="0.90" />
    <brakeCompressorRunSound file="$data/sounds/technicalAccessories/compressor_idle.wav"         pitchOffset="0.88" volume="0.14" indoorVolumeFactor="0.15" indoorLowpassGain="0.90" pitchMax="1.1" />
    <brakeCompressorStopSound file="$data/sounds/technicalAccessories/pressure_regulator.wav"     pitchOffset="1.60" volume="0.95" indoorVolumeFactor="0.50" indoorLowpassGain="0.90" />
    <compressedAirSound file="$data/sounds/technicalAccessories/brakeSmall.wav"                   pitchOffset="1.00" volume="0.05" indoorVolumeFactor="0.50" indoorLowpassGain="0.90" />
    <airReleaseValveSound file="$data/sounds/technicalAccessories/regulator_valve.wav"            pitchOffset="0.90" volume="0.75" indoorVolumeFactor="0.85" indoorLowpassGain="0.90"/>

    <cylinderedHydraulicSound file="$data/vehicles/steerable/liebherr/liebherrL538_hydraulic.wav" pitchOffset="1.14" volume="0.55" indoorVolumeFactor="0.40" indoorLowpassGain="0.65" />
    <attachSound file="$data/sounds/header_attach.wav"                                            pitchOffset="1.00" volume="1.00" indoorVolumeFactor="0.55" indoorLowpassGain="0.75" />
    <honkSound file="$data/sounds/hornBig.wav"                                                    pitchOffset="1.00" volume="1.50" indoorVolumeFactor="0.50" indoorLowpassGain="0.75" />

    <speedRotatingParts>
        <speedRotatingPart index="0>0|0|6|0|0" radius="0.38" foldMinLimit="0.98" foldMaxLimit="1" />
        <speedRotatingPart index="0>0|0|6|0|1" radius="0.38" foldMinLimit="0.98" foldMaxLimit="1" />
        <speedRotatingPart index="0>0|0|6|2|0" radius="0.38" foldMinLimit="0.98" foldMaxLimit="1" />
        <speedRotatingPart index="0>0|0|6|2|1" radius="0.38" foldMinLimit="0.98" foldMaxLimit="1" />
    </speedRotatingParts>

    <turnedOnRotationNodes>
        <!-- feeder left -->
        <turnedOnRotationNode index="0>0|5|2|1|0|0|5|0|0"   type="turnOn" rotAxis="3" rotSpeed="-1200" turnOnFadeTime="1" turnOffFadeTime="1" />
        <turnedOnRotationNode index="0>0|5|2|1|0|0|5|1|0"   type="turnOn" rotAxis="3" rotSpeed="1200" turnOnFadeTime="1" turnOffFadeTime="1" />
        <turnedOnRotationNode index="0>0|5|2|1|0|0|5|2|0"   type="turnOn" rotAxis="3" rotSpeed="-1200" turnOnFadeTime="1" turnOffFadeTime="1" />
        <turnedOnRotationNode index="0>0|5|2|1|0|0|5|3|0"   type="turnOn" rotAxis="3" rotSpeed="1200" turnOnFadeTime="1" turnOffFadeTime="1" />
        <turnedOnRotationNode index="0>0|5|2|1|0|0|5|4|0"   type="turnOn" rotAxis="3" rotSpeed="1200" turnOnFadeTime="1" turnOffFadeTime="1" />
        <turnedOnRotationNode index="0>0|5|2|1|0|0|5|5|0"   type="turnOn" rotAxis="3" rotSpeed="1200" turnOnFadeTime="1" turnOffFadeTime="1" />
        <turnedOnRotationNode index="0>0|5|2|1|0|0|5|6|0"   type="turnOn" rotAxis="3" rotSpeed="1200" turnOnFadeTime="1" turnOffFadeTime="1" />
        <turnedOnRotationNode index="0>0|5|2|1|0|0|5|7|0"   type="turnOn" rotAxis="3" rotSpeed="250" turnOnFadeTime="1" turnOffFadeTime="1" />
        <turnedOnRotationNode index="0>0|5|2|1|0|0|5|8|0"   type="turnOn" rotAxis="3" rotSpeed="100" turnOnFadeTime="1" turnOffFadeTime="1" />

        <!-- feeder right -->
        <turnedOnRotationNode index="0>0|5|2|1|2|0|5|0|0"   type="turnOn" rotAxis="3" rotSpeed="1200" turnOnFadeTime="1" turnOffFadeTime="1" />
        <turnedOnRotationNode index="0>0|5|2|1|2|0|5|1|0"   type="turnOn" rotAxis="3" rotSpeed="-1200" turnOnFadeTime="1" turnOffFadeTime="1" />
        <turnedOnRotationNode index="0>0|5|2|1|2|0|5|2|0"   type="turnOn" rotAxis="3" rotSpeed="1200" turnOnFadeTime="1" turnOffFadeTime="1" />
        <turnedOnRotationNode index="0>0|5|2|1|2|0|5|3|0"   type="turnOn" rotAxis="3" rotSpeed="-1200" turnOnFadeTime="1" turnOffFadeTime="1" />
        <turnedOnRotationNode index="0>0|5|2|1|2|0|5|4|0"   type="turnOn" rotAxis="3" rotSpeed="-1200" turnOnFadeTime="1" turnOffFadeTime="1" />
        <turnedOnRotationNode index="0>0|5|2|1|2|0|5|5|0"   type="turnOn" rotAxis="3" rotSpeed="-1200" turnOnFadeTime="1" turnOffFadeTime="1" />
        <turnedOnRotationNode index="0>0|5|2|1|2|0|5|6|0"   type="turnOn" rotAxis="3" rotSpeed="-1200" turnOnFadeTime="1" turnOffFadeTime="1" />
        <turnedOnRotationNode index="0>0|5|2|1|2|0|5|7|0"   type="turnOn" rotAxis="3" rotSpeed="-250" turnOnFadeTime="1" turnOffFadeTime="1" />
        <turnedOnRotationNode index="0>0|5|2|1|2|0|5|8|0"   type="turnOn" rotAxis="3" rotSpeed="-100" turnOnFadeTime="1" turnOffFadeTime="1" />

        <!-- cleaning -->
        <turnedOnRotationNode index="0>0|5|1|3|0|1|0"   type="conveyorBelt" rotAxis="3" rotSpeed="1200"  turnOnFadeTime="1" turnOffFadeTime="1" />
        <turnedOnRotationNode index="0>0|5|1|3|0|1|1"   type="conveyorBelt" rotAxis="3" rotSpeed="-1200" turnOnFadeTime="1" turnOffFadeTime="1" />
        <turnedOnRotationNode index="0>0|5|1|3|0|1|2"   type="conveyorBelt" rotAxis="3" rotSpeed="1200"  turnOnFadeTime="1" turnOffFadeTime="1" />
        <turnedOnRotationNode index="0>0|5|1|3|0|1|3"   type="conveyorBelt" rotAxis="3" rotSpeed="-1200" turnOnFadeTime="1" turnOffFadeTime="1" />
        <turnedOnRotationNode index="0>0|5|1|3|0|1|4"   type="conveyorBelt" rotAxis="3" rotSpeed="1200"  turnOnFadeTime="1" turnOffFadeTime="1" />
        <turnedOnRotationNode index="0>0|5|1|3|0|1|5"   type="conveyorBelt" rotAxis="3" rotSpeed="-1200" turnOnFadeTime="1" turnOffFadeTime="1" />
        <turnedOnRotationNode index="0>0|5|1|3|0|1|6"   type="conveyorBelt" rotAxis="3" rotSpeed="1200"  turnOnFadeTime="1" turnOffFadeTime="1" />
        <turnedOnRotationNode index="0>0|5|1|3|0|1|7"   type="conveyorBelt" rotAxis="3" rotSpeed="-1200" turnOnFadeTime="1" turnOffFadeTime="1" />

        <!-- seperator -->
        <turnedOnRotationNode index="0>0|5|2|1|6|0"   type="turnOn" rotAxis="2" rotSpeed="-150" turnOnFadeTime="1" turnOffFadeTime="1" />
    </turnedOnRotationNodes>

    <fillUnits>
        <fillUnit unit="$l10n_unit_literShort" fillTypes="sugarBeet" capacity="3000" showOnHud="false" showInShop="false" />
    </fillUnits>

    <fillVolumes>
        <dischargeInfos>
            <dischargeInfo>
                <node index="0>0|5|1|2|0|0|0|1|0" width="0.2" length="0.4" />
            </dischargeInfo>
        </dischargeInfos>
    </fillVolumes>

    <allowFillFromAir value="false" />
    
    <shovel tipReferenceNode="0>0|5|2|1|8" emptyStartAngle="160" emptyFullAngle="140" emptySpeed="1400" fillLitersPerSecond="700" pickUpNode="0>0|5|2|1|8" pickUpWidth="4.5" pickUpLength="1" pickUpYOffset="-0.2" pickUpRequiresMovement="false" pickUpNeedsToBeTurnedOn="true" />

    <conveyorBeltEffect>
        <effectNode effectClass="ConveyorBeltEffect" effectNode="0>1|0|0"         materialType="belt"  delay="0.4"  fadeTime="0.5" speed="0.9" scrollLength="2" scrollSpeed="1" />
        <effectNode effectClass="ConveyorBeltEffect" effectNode="0>1|0|1"         materialType="belt"  delay="0.5"  fadeTime="4"   speed="0.9" scrollLength="2" scrollSpeed="1" />
        <effectNode effectClass="ConveyorBeltEffect" effectNode="0>0|5|1|3|0|2|0" materialType="belt"  delay="4.5"  fadeTime="3"   speed="0.9" scrollLength="2" scrollSpeed="1" />
        <effectNode effectClass="ConveyorBeltEffect" effectNode="0>1|2"           materialType="belt"  delay="7.5"  fadeTime="5"   speed="0.9" scrollLength="2" scrollSpeed="1" />
    </conveyorBeltEffect>

    <conveyorBeltScrollers>
        <conveyorBeltScroller index="0>2|0|1"         scrollSpeed="1.2" scrollLength="1" shaderParameterName="offsetUV" shaderParameterComponent="1" turnOnFadeTime="0.25" turnOffFadeTime="0.25"/>
        <conveyorBeltScroller index="0>2|0|2"         scrollSpeed="1.2" scrollLength="1" shaderParameterName="offsetUV" shaderParameterComponent="1" turnOnFadeTime="0.25" turnOffFadeTime="0.25"/>
    </conveyorBeltScrollers>

    <pipeParticleSystems>
        <emitterShape node="0>0|5|1|2|0|0|0|1|3|0" particleType="UNLOADING" emitCountScale="10" delay="0" lifespan="0.11"/>
    </pipeParticleSystems>

    <pipe numStates="1" unloadingStates="1" raycastNodeIndex="0>0|5|1|2|0|0|0|1|1" raycastDistance="6" foldMinState="1" foldMaxState="1" foldMinLimit="0" foldMaxLimit="0" disableManualMovement="false" delayEffectIndex="4" effectExtraDistanceOnTrailer="-0.5"/>

    <overloading capacity="500">
        <trailerTriggers>
            <trailerTrigger index="0>0|5|1|2|0|0|0|1|2" />
        </trailerTriggers>
    </overloading>

    <turnOnVehicle>
	    <turnedOnStartSound file="vehicles/steerable/ropaMaus5/ropaMaus5_startwork.wav"    pitchOffset="1.00" volume="0.65" indoorVolumeFactor="0.50" indoorLowpassGain="0.75" />
        <turnedOnSound      file="vehicles/steerable/ropaMaus5/ropaMaus5_work.wav"         pitchOffset="1.00" volume="0.65" indoorVolumeFactor="0.50" indoorLowpassGain="0.75" />
        <turnedOnStopSound  file="vehicles/steerable/ropaMaus5/ropaMaus5_stopwork.wav"     pitchOffset="1.00" volume="0.65" indoorVolumeFactor="0.50" indoorLowpassGain="0.75" />
    </turnOnVehicle>
    
    <objectChanges>
        <objectChange node="0>0|5|2" visibilityActive="true" />
        <objectChange node="0>0|5|3" visibilityActive="false" />
        
        <objectChange node="0>1|0" visibilityActive="true" />
        <objectChange node="0>1|1" visibilityActive="false" />
        
        <objectChange node="0>2|0" visibilityActive="true" />
        <objectChange node="0>2|1" visibilityActive="false" />
        
        <objectChange node="0>0|8|0" visibilityActive="true" />
        <objectChange node="0>0|8|1" visibilityActive="false" />

        <objectChange node="0>0|5|1|2|0|0|0|1|3|1" visibilityActive="false" />
        
        <objectChange node="0>0|5|1|1|1|4|0" visibilityActive="true" />
        <objectChange node="0>0|5|1|1|1|4|1" visibilityActive="false" />
        
        <objectChange node="0>0|5|1|3|0" visibilityActive="true" />
        <objectChange node="0>0|5|1|3|1" visibilityActive="false" />
        
        <objectChange node="0>0|5|0|1|0|0|4|1" visibilityActive="true" />
        <objectChange node="0>0|5|0|1|0|0|4|2" visibilityActive="false" />
        
        <!-- drum collision -->
        <objectChange node="0>0|5|3|0|4" translationActive="0 -0.2 -2.5" />
    </objectChanges>

    <washable dirtDuration="50" washDuration="1" workMultiplier="4" />

    <components count="5">
        <component1 centerOfMass="0 1.5 -0.65" solverIterationCount="10" mrSetMass="25" />
        <component2 centerOfMass="0 -0.3 -1" solverIterationCount="10" mrSetMass="1.5" />
        <component3 centerOfMass="0 0 0.2" solverIterationCount="10" mrSetMass="1" />
        <component4 centerOfMass="0 0 0.2" solverIterationCount="10" mrSetMass="1" />
        <component5 centerOfMass="0 0 0" solverIterationCount="5" mrSetMass="0.2" />
        <joint component1="0" component2="1" index="0>0|5|2|0"          rotLimit="0 0 0" transLimit="0 0 0" rotLimitSpring="4000 0 0" rotLimitDamping="500 0 0" />
        <joint component1="1" component2="2" index="1>0|0|0"              rotLimit="0 0 0" transLimit="0 0 0" rotLimitSpring="1000 0 0" rotLimitDamping="200 0 0" />
        <joint component1="1" component2="3" index="1>0|1|0"              rotLimit="0 0 0" transLimit="0 0 0" rotLimitSpring="1000 0 0" rotLimitDamping="200 0 0" />
        <joint component1="0" component2="4" index="0>0|5|2|6|0|0|0|0"  rotLimit="0 0 0" transLimit="0 0 0" transLimitSpring="100 200 100" />
        <collisionPair component1="0" component2="2" enabled="false" />
        <collisionPair component1="0" component2="3" enabled="false" />
        <collisionPair component1="4" component2="1" enabled="false" />
        <collisionPair component1="4" component2="2" enabled="false" />
        <collisionPair component1="4" component2="3" enabled="false" />
    </components>

    <schemaOverlay file="$dataS2/menu/schemas/vehicleSchema.png" fileSelected="$dataS2/menu/schemas/vehicleSchemaSelected.png" fileTurnedOn="$dataS2/menu/schemas/vehicleSchemaTurnedOn.png" fileSelectedTurnedOn="$dataS2/menu/schemas/vehicleSchemaSelectedTurnedOn.png" width="0.5" height="0.5" attacherJointPosition="0.5 0" />

</vehicle>
