﻿<?xml version="1.0" encoding="utf-8" standalone="no" ?>
<vehicle type="manureBarrel">
    <annotation>Copyright (C) GIANTS Software GmbH, All Rights Reserved.</annotation>
	
	<!-- MR
	
	veenhuis premuim integral = about 12 metric Ton
	
	applicator = vogelsang swingmax3 30m = 3.1 metric Ton
	
	total empty weight = 15.1 metric ton !
	total filled weight = about (digestate) 43.5 metric ton !
	
	we need a 300+ hp tractor class to handle that in a field
	
	adjusted neededPower to 300
	
	pump system = vaccum pump (right hand side) + centrifugal (at the pto shaft, under the tank ?) + turbofiller for filling (left hand side)
	right side pump = vacuum pump = BP MECII (Battiani Pagani) = rotary pump with pallet
	version 13500H ? => 25KW max (hydraulic motor power)
	
	at work, only the "centrifugal" pump is active => up to 8000L/min
	
	steeringAxleAngleScale
	brakeForce
	
	capacity theorical = 29500L
	filling process helped by a "mini turbo" => fill the tank at 98% => 28900
	
	sprayUsageScales = 1 since this is a "boom with hoses"
	
	liquid manure = 13.38M3 per ha
	digestate = 14.84M3/Ha
	since the "scale" is set to 1 for this slurry tank, it means the max amount per ha is 14.84M3/Ha
	
	speedLimit is set by the 
	<sprayer mrMaxOutputCapacity="8000" />
	
	in the worst case (long straight field) = 3.62min to empty the tank (1.95Ha and 650m)
	
	
	
	
	
	visual bug (chain object too short) : 
	<groundAdjustedNode index="0>6|0|0|1|1|0" minY="-1.04"  instead of "-1.4"
	<groundAdjustedNode index="0>6|0|1|1|1|0" minY="-1.04"  instead of "-1.4"
	
	<groundAdjustedNode index="0>6|0|0|3|0" minY="-1.55"
	<groundAdjustedNode index="0>6|0|1|3|0" minY="-1.55"
	
	adjust working height and folded position
	<part node="0>6"
    <part node="0>7"
    <part node="0>6|0"
	
	mass, center of mass
	
	inputAttacherJoint height and lowerRotLimitScale
	
	mrCOMtransWithMass
	
	(vacuum pump = about 95% vacuum when "filling" => speed depends on the hose diameter and slurry kind and pumping depth. In our case, there is also a "turbofiller" => about 11000L per minute for "liquid" slurry)
	fillLitersPerSecond => 550 (3 times faster than "theorical" best filling speed IRL => 11000 * 3 /60
	
	-->
	
	<moreRealistic>		
		<dragArea value="6.1" />		
	</moreRealistic>

    <storeData>
        <name>Premium Integral II</name>
        <specs>
            <neededPower>300</neededPower>
            <workingWidth>30</workingWidth>
        </specs>
        <functions>
            <function>$l10n_function_slurrySpreader</function>
        </functions>
        <image>data/store/store_veenhuisPremiumIntegral.png</image>
        <price>106000</price>
        <dailyUpkeep>160</dailyUpkeep>
        <lifetime>600</lifetime>
        <rotation>0</rotation>
        <brand>VEENHUIS</brand>
        <category>slurryTanks</category>
        <fieldJob sizeCategory="3" typeCategory="liquidManureBarrel" />
        <vertexBufferMemoryUsage>4137564</vertexBufferMemoryUsage>
        <indexBufferMemoryUsage>675936</indexBufferMemoryUsage>
        <textureMemoryUsage>23153840</textureMemoryUsage>
        <instanceVertexBufferMemoryUsage>0</instanceVertexBufferMemoryUsage>
        <instanceIndexBufferMemoryUsage>0</instanceIndexBufferMemoryUsage>
    </storeData>

    <typeDesc>$l10n_typeDesc_manureBarrel</typeDesc>
    <filename>data/vehicles/trailers/veenhuis/premiumIntegral30000.i3d</filename>

    <powerConsumer ptoRpm="510" neededPtoPower="20"/>
    <speedLimit value="15" />
    <size width="3.5" length="13" />

    <wheelConfigurations>
        <wheelConfiguration name="$l10n_configuration_valueDefault" price="0">
            <wheels>
                <wheel tipOcclusionAreaGroupId="1" restLoad="1.8" repr="0>0|0"                     forcePointRatio="0.2" filename="$data/vehicles/wheels/trelleborg/TwinRadial_800_60R32.xml" isLeft="true"  initialCompression="31" suspTravel="0.3" spring="60" damper="30" hasParticles="true" steeringAxleScale="0.3" steeringAxleRotMax="20" steeringAxleRotMin="-20"/>
                <wheel tipOcclusionAreaGroupId="2" restLoad="1.8" repr="0>0|1"                     forcePointRatio="0.2" filename="$data/vehicles/wheels/trelleborg/TwinRadial_800_60R32.xml" isLeft="false" initialCompression="31" suspTravel="0.3" spring="60" damper="30" hasParticles="true" steeringAxleScale="0.3" steeringAxleRotMax="20" steeringAxleRotMin="-20"/>
                <wheel tipOcclusionAreaGroupId="1" restLoad="1.8" repr="0>0|2" driveNode="0>0|2|0" forcePointRatio="0.3" filename="$data/vehicles/wheels/trelleborg/TwinRadial_800_60R32.xml" isLeft="true"  initialCompression="29.5" suspTravel="0.3" spring="60" damper="30" />
                <wheel tipOcclusionAreaGroupId="2" restLoad="1.8" repr="0>0|3"                     forcePointRatio="0.3" filename="$data/vehicles/wheels/trelleborg/TwinRadial_800_60R32.xml" isLeft="false" initialCompression="29.5" suspTravel="0.3" spring="60" damper="30" />
                <wheel tipOcclusionAreaGroupId="1" restLoad="1.8" repr="0>0|4"                     forcePointRatio="0.3" filename="$data/vehicles/wheels/trelleborg/TwinRadial_800_60R32.xml" isLeft="true"  initialCompression="28" suspTravel="0.3" spring="60" damper="30" hasTireTracks="true" hasParticles="true" steeringAxleScale="-0.5" steeringAxleRotMax="30" steeringAxleRotMin="-30"/>
                <wheel tipOcclusionAreaGroupId="2" restLoad="1.8" repr="0>0|5"                     forcePointRatio="0.3" filename="$data/vehicles/wheels/trelleborg/TwinRadial_800_60R32.xml" isLeft="false" initialCompression="28" suspTravel="0.3" spring="60" damper="30" hasTireTracks="true" hasParticles="true" steeringAxleScale="-0.5" steeringAxleRotMax="30" steeringAxleRotMin="-30"/>
            </wheels>
        </wheelConfiguration>
    </wheelConfigurations>

    <steeringAxleAngleScale startSpeed="20" endSpeed="100" backwards="true" />
    <brakeForce>3.3</brakeForce>
    <maximalAirConsumptionPerFullStop value="0.4" />

    <dynamicallyLoadedParts>
        <dynamicallyLoadedPart node="0" linkNode="0>0|2|1|0"    filename="$data/shared/vehicleParts/wheelChock02.i3d" />
        <dynamicallyLoadedPart node="0" linkNode="0>0|2|1|1"    filename="$data/shared/vehicleParts/wheelChock02.i3d" />
        <dynamicallyLoadedPart node="0" linkNode="0>4|3|0"      filename="$data/shared/vehicleParts/wheelChock02.i3d" />
        <dynamicallyLoadedPart node="0" linkNode="0>4|3|1"      filename="$data/shared/vehicleParts/wheelChock02.i3d" />
    </dynamicallyLoadedParts>

    <lights>
        <low>
            <light                         decoration="0>1|1|0"     lightTypes="0 3" />
            <light realLight="0>1|0|0|1"   decoration="0>1|0|0|0"   lightTypes="1" />
        </low>
        <high>
            <light                         decoration="0>1|1|0"     lightTypes="0 3" />
            <light realLight="0>6|0|4|0|1" decoration="0>6|0|4|0|0" lightTypes="0 3" />
            <light realLight="0>1|0|0|2"   decoration="0>1|0|0|0"   lightTypes="1" />
            <light realLight="0>1|0|0|3"                            lightTypes="1" />
            <light realLight="0>1|0|0|4"                            lightTypes="1" />
        </high>
    </lights>

    <brakeLights>
        <brakeLight                         decoration="0>1|3|0" />
        <brakeLight realLight="0>6|0|4|0|1" decoration="0>6|0|4|2|0" />
    </brakeLights>

    <turnLights>
        <turnLightLeft                            decoration="0>1|2|0|0" />
        <turnLightLeft  realLight="0>6|0|4|1|0|1" decoration="0>6|0|4|1|0|0" />
        <turnLightRight                           decoration="0>1|2|1|0" />
        <turnLightRight realLight="0>6|0|4|1|1|1" decoration="0>6|0|4|1|1|0" />
    </turnLights>

    <fillUnits>
        <fillUnit unit="$l10n_unit_literShort" fillTypeCategories="slurryTank" capacity="28900" />
    </fillUnits>

    <fillPlanes rotationDegrees="true" >
        <fillPlane fillType="liquidManure" fillUnitIndex="1">
            <node index="0>4|2">
                <key time="0" rotation="0 0 45" />
                <key time="1" rotation="0 0 -110" />
            </node>
        </fillPlane>
        <fillPlane fillType="digestate" fillUnitIndex="1">
            <node index="0>4|2">
                <key time="0" rotation="0 0 45" />
                <key time="1" rotation="0 0 -110" />
            </node>
        </fillPlane>
    </fillPlanes>

    <workAreas>
        <workArea startIndex="0>6|0|6|0" widthIndex="0>6|0|6|1" heightIndex="0>6|0|6|2" type="sprayer" disableBackwards="false" />
    </workAreas>

    <sprayUsageScales workingWidth="30" scale="1" />

    <fillRootNode index="0>" />
    <fillMassNode index="0>" mrCOMtransWithMass="0 0.01 0" />

    <allowFillFromAir value="false"/>
    <sprayer isTank="true" mrMaxOutputCapacity="8000" />
	<fillLitersPerSecond>550</fillLitersPerSecond>

    <spraySound file="$data/sounds/zunhammerPump.wav"                      pitchOffset="0.74" volume="0.60" indoorVolumeFactor="0.45" indoorLowpassGain="0.45" />
    <fillSound file="$data/sounds/garantPump_small.wav"                    pitchOffset="1.00" volume="1.00" indoorVolumeFactor="0.85" indoorLowpassGain="0.45" />
    <cylinderedHydraulicSound file="$data/sounds/cultivatorHydraulic.wav"  pitchOffset="0.85" volume="1.20" indoorVolumeFactor="0.55" indoorLowpassGain="0.45" />

    <inputAttacherJoints>
        <inputAttacherJoint index="0>3|0" jointType="trailerLow" attacherHeight="0.6" ptoInputNode="0>3|1" steeringBarLeftNode="0>4|0" steeringBarRightNode="0>4|1" lowerRotLimitScale="1 0.8 1" />
    </inputAttacherJoints>

    <groundAdjustedNodes>
        <groundAdjustedNode index="0>6|0|0|3|0" yOffset="0" minY="-1.55" maxY="-1.17" foldMinLimit="0" foldMaxLimit="0" moveSpeed="1">
            <raycastNode index="0>6|0|0|3|1" />
            <raycastNode index="0>6|0|0|3|2" />
            <raycastNode index="0>6|0|0|3|3" />
            <raycastNode index="0>6|0|0|3|4" />
            <raycastNode index="0>6|0|0|3|5" />
        </groundAdjustedNode>
        <groundAdjustedNode index="0>6|0|0|1|1|0" yOffset="0" minY="-1.124" maxY="-0.9" foldMinLimit="0" foldMaxLimit="0" moveSpeed="1">
            <raycastNode index="0>6|0|0|1|1|1" />
            <raycastNode index="0>6|0|0|1|1|1" />
        </groundAdjustedNode>

        <groundAdjustedNode index="0>6|0|1|3|0" yOffset="0" minY="-1.55" maxY="-1.17" foldMinLimit="0" foldMaxLimit="0" moveSpeed="1">
            <raycastNode index="0>6|0|1|3|1" />
            <raycastNode index="0>6|0|1|3|2" />
            <raycastNode index="0>6|0|1|3|3" />
            <raycastNode index="0>6|0|1|3|4" />
            <raycastNode index="0>6|0|1|3|5" />
        </groundAdjustedNode>
        <groundAdjustedNode index="0>6|0|1|1|1|0" yOffset="0" minY="-1.124" maxY="-0.9" foldMinLimit="0" foldMaxLimit="0" moveSpeed="1">
            <raycastNode index="0>6|0|1|1|1|1" />
            <raycastNode index="0>6|0|1|1|1|1" />
        </groundAdjustedNode>
    </groundAdjustedNodes>

    <foldingParts startMoveDirection="1" turnOnFoldMaxLimit="0.1" turnOnFoldMinLimit="0" turnOffOnFold="true" >
        <foldingPart animationName="folding" speedScale="0.7" />
    </foldingParts>

    <movingTools>
        <!-- lower arm -->
        <movingTool index="0>6">
            <dependentPart index="0>8" />
        </movingTool>
        <!-- left arm -->
        <movingTool index="0>6|0|0">
            <dependentPart index="0>6|0|2" />
        </movingTool>
        <movingTool index="0>6|0|0|0">
            <dependentPart index="0>6|0|0|2" />
            <dependentPart index="0>6|0|0|1|0" />
        </movingTool>
        <movingTool index="0>6|0|0|4">
            <dependentPart index="0>6|0|0|5|0" />
        </movingTool>
        <movingTool index="0>6|0|0|5|1">
            <dependentPart index="0>6|0|0|5|1|0" />
        </movingTool>
        <movingTool index="0>6|0|0|1|1|0">
            <dependentPart index="0>6|0|0|1|2|0" />
            <dependentPart index="0>6|0|0|1|2|1" />
            <dependentPart index="0>6|0|0|1|2|2" />
            <dependentPart index="0>6|0|0|1|2|3" />
        </movingTool>
        <movingTool index="0>6|0|0|3">
            <dependentPart index="0>6|0|0|6|0" />
            <dependentPart index="0>6|0|0|6|1" />
            <dependentPart index="0>6|0|0|6|2" />
            <dependentPart index="0>6|0|0|6|3" />
        </movingTool>

        <!-- right arm -->
        <movingTool index="0>6|0|1">
            <dependentPart index="0>6|0|3" />
        </movingTool>
        <movingTool index="0>6|0|1|0">
            <dependentPart index="0>6|0|1|2" />
            <dependentPart index="0>6|0|1|1|0" />
        </movingTool>
        <movingTool index="0>6|0|1|4">
            <dependentPart index="0>6|0|1|5|0" />
        </movingTool>
        <movingTool index="0>6|0|1|5|1">
            <dependentPart index="0>6|0|1|5|1|0" />
        </movingTool>
        <movingTool index="0>6|0|1|1|1|0">
            <dependentPart index="0>6|0|1|1|2|0" />
            <dependentPart index="0>6|0|1|1|2|1" />
            <dependentPart index="0>6|0|1|1|2|2" />
            <dependentPart index="0>6|0|1|1|2|3" />
        </movingTool>
        <movingTool index="0>6|0|1|3">
            <dependentPart index="0>6|0|1|6|0" />
            <dependentPart index="0>6|0|1|6|1" />
            <dependentPart index="0>6|0|1|6|2" />
            <dependentPart index="0>6|0|1|6|3" />
        </movingTool>
    </movingTools>

    <movingParts>
        <!-- steering -->
        <movingPart index="0>4|0" referencePoint="0>4|0|0|0" referenceFrame="0>" >
            <translatingPart index="0>4|0|0" />
        </movingPart>
        <movingPart index="0>4|1" referencePoint="0>4|1|0|0" referenceFrame="0>" >
            <translatingPart index="0>4|1|0" />
        </movingPart>

        <!-- lower arm -->
        <movingPart index="0>8" referencePoint="0>6|1" referenceFrame="0>6|1" playSound="true">
            <translatingPart index="0>8|0" />
        </movingPart>
        <!-- left arm -->
        <movingPart index="0>6|0|2" referencePoint="0>6|0|0|7" referenceFrame="0>6|0|0|7" playSound="true">
            <translatingPart index="0>6|0|2|0" />
        </movingPart>
        <!-- left outer arm -->
        <movingPart index="0>6|0|0|2" referencePoint="0>6|0|0|0|0" referenceFrame="0>6|0|0" playSound="true">
            <translatingPart index="0>6|0|0|2|0" />
        </movingPart>
        <movingPart index="0>6|0|0|1|0" referencePoint="0>6|0|0|0|1" referenceFrame="0>6|0|0|1" playSound="true">
            <translatingPart index="0>6|0|0|1|0|0" />
        </movingPart>
        <!-- left bottom arm -->
        <movingPart index="0>6|0|0|5|0" referencePoint="0>6|0|0|4|0" referenceFrame="0>6|0|0|5|2" playSound="true">
            <translatingPart index="0>6|0|0|5|0|0" />
        </movingPart>
        <movingPart index="0>6|0|0|5|1|0" referencePoint="0>6|0|0|5|3" referenceFrame="0>6|0|0|5|2" scaleZ="true" />
        <!-- left outer bottom arm -->
        <movingPart index="0>6|0|0|1|2|0" referencePoint="0>6|0|0|1|1|0|0" referenceFrame="0>6|0|0|1|1|0|0" scaleZ="true" />
        <movingPart index="0>6|0|0|1|2|1" referencePoint="0>6|0|0|1|1|0|1" referenceFrame="0>6|0|0|1|1|0|1" scaleZ="true" />
        <movingPart index="0>6|0|0|1|2|2" referencePoint="0>6|0|0|1|1|0|2" referenceFrame="0>6|0|0|1|1|0|2" scaleZ="true" />
        <movingPart index="0>6|0|0|1|2|3" referencePoint="0>6|0|0|1|1|0|3" referenceFrame="0>6|0|0|1|1|0|3" scaleZ="true" />
        <!-- left inner bottom arm -->
        <movingPart index="0>6|0|0|6|0" referencePoint="0>6|0|0|3|0|2|0" referenceFrame="0>6|0|0|3|0|2|0" scaleZ="true" />
        <movingPart index="0>6|0|0|6|1" referencePoint="0>6|0|0|3|0|2|1" referenceFrame="0>6|0|0|3|0|2|1" scaleZ="true" />
        <movingPart index="0>6|0|0|6|2" referencePoint="0>6|0|0|3|0|2|2" referenceFrame="0>6|0|0|3|0|2|2" scaleZ="true" />
        <movingPart index="0>6|0|0|6|3" referencePoint="0>6|0|0|3|0|2|3" referenceFrame="0>6|0|0|3|0|2|3" scaleZ="true" />


        <!-- right arm -->
        <movingPart index="0>6|0|3" referencePoint="0>6|0|1|7" referenceFrame="0>6|0|1|7" playSound="true">
            <translatingPart index="0>6|0|3|0" />
        </movingPart>
        <!-- right outer arm -->
        <movingPart index="0>6|0|1|2" referencePoint="0>6|0|1|0|0" referenceFrame="0>6|0|1" playSound="true">
            <translatingPart index="0>6|0|1|2|0" />
        </movingPart>
        <movingPart index="0>6|0|1|1|0" referencePoint="0>6|0|1|0|1" referenceFrame="0>6|0|1|1" playSound="true">
            <translatingPart index="0>6|0|1|1|0|0" />
        </movingPart>
        <!-- right bottom arm -->
        <movingPart index="0>6|0|1|5|0" referencePoint="0>6|0|1|4|0" referenceFrame="0>6|0|1|5|2" playSound="true">
            <translatingPart index="0>6|0|1|5|0|0" />
        </movingPart>
        <movingPart index="0>6|0|1|5|1|0" referencePoint="0>6|0|1|5|3" referenceFrame="0>6|0|1|5|2" scaleZ="true" />
        <!-- right outer bottom arm -->
        <movingPart index="0>6|0|1|1|2|0" referencePoint="0>6|0|1|1|1|0|0" referenceFrame="0>6|0|1|1|1|0|0" scaleZ="true" isActiveDirty="true" />
        <movingPart index="0>6|0|1|1|2|1" referencePoint="0>6|0|1|1|1|0|1" referenceFrame="0>6|0|1|1|1|0|1" scaleZ="true" isActiveDirty="true" />
        <movingPart index="0>6|0|1|1|2|2" referencePoint="0>6|0|1|1|1|0|2" referenceFrame="0>6|0|1|1|1|0|2" scaleZ="true" isActiveDirty="true" />
        <movingPart index="0>6|0|1|1|2|3" referencePoint="0>6|0|1|1|1|0|3" referenceFrame="0>6|0|1|1|1|0|3" scaleZ="true" isActiveDirty="true" />
        <!-- right inner bottom arm -->
        <movingPart index="0>6|0|1|6|0" referencePoint="0>6|0|1|3|0|2|0" referenceFrame="0>6|0|1|3|0|2|0" scaleZ="true" isActiveDirty="true" />
        <movingPart index="0>6|0|1|6|1" referencePoint="0>6|0|1|3|0|2|1" referenceFrame="0>6|0|1|3|0|2|1" scaleZ="true" isActiveDirty="true" />
        <movingPart index="0>6|0|1|6|2" referencePoint="0>6|0|1|3|0|2|2" referenceFrame="0>6|0|1|3|0|2|2" scaleZ="true" isActiveDirty="true" />
        <movingPart index="0>6|0|1|6|3" referencePoint="0>6|0|1|3|0|2|3" referenceFrame="0>6|0|1|3|0|2|3" scaleZ="true" isActiveDirty="true" />
    </movingParts>

    <animations>
        <animation name="folding">
            <!-- lower -->
            <part node="0>6"             startTime="0" endTime="1" startRot="-14 0 0" endRot="8.5 0 0"/>
            <part node="0>7"             startTime="0" endTime="1" startRot="-14 0 0" endRot="8.5 0 0"/>
            <part node="0>6|0"           startTime="0" endTime="1" startRot="14 0 0" endRot="-8.5 0 0"/>

            <!-- folding -->
            <part node="0>6"             startTime="14.5" endTime="15.0" startRot="8.5 0 0" endRot="1.4 0 0"/>
            <part node="0>7"             startTime="14.5" endTime="15.0" startRot="8.5 0 0" endRot="1.4 0 0"/>
            <part node="0>6|0"           startTime="14.5" endTime="15.0" startRot="-8.5 0 0" endRot="-1.4 0 0"/>
            <!-- left arm -->
                <part node="0>6|0|0"         startTime="2.3" endTime="14.3" startRot="0 0 0" endRot="0 -89.3 0"/>
            <!-- left outer arm bottom -->
                <part node="0>6|0|0|1|1|0"   startTime="1.3" endTime="2.1" startTrans="0 -1.124 0" endTrans="0 -0.899 0"/>
                <part node="0>6|0|0|1|2|4"   startTime="1.3" endTime="2.1" startTrans="0 0 0" endTrans="0.3 0 0"/>
            <!-- left outer arm -->
                <part node="0>6|0|0|1"       startTime="2.3" endTime="12.3" startRot="0 0 0" endRot="0 0 179.99"/>
                <part node="0>6|0|0|0"       startTime="2.3" endTime="12.3" startRot="0 0 0" endRot="0 0 89.99"/>
            <!-- left inner arm bottom -->
                <part node="0>6|0|0|3"       startTime="6.3" endTime="14.3" startRot="0 0 0" endRot="179.99 0 0"/>
                <part node="0>6|0|0|4"       startTime="6.3" endTime="14.3" startRot="0 0 0" endRot="179.99 0 0"/>
                <part node="0>6|0|0|5|1"     startTime="6.3" endTime="14.3" startTrans="0 0.06 0" endTrans="0 -0.1 0"/>
            <!-- left inner teleshift -->
                <part node="0>6|0|0|3|0|0"   startTime="10.3" endTime="12.3" startTrans="0 0 0" endTrans="1.02 0 0"/>
                <part node="0>6|0|0|3|0|0|0" startTime="11.87" endTime="12.3" startTrans="0 0 0" endTrans="-0.22 0 0"/>
                <part node="0>6|0|0|3|0|0|1" startTime="11.44" endTime="12.3" startTrans="0 0 0" endTrans="-0.44 0 0"/>
                <part node="0>6|0|0|3|0|0|2" startTime="11.00" endTime="12.3" startTrans="0 0 0" endTrans="-0.66 0 0"/>
                <part node="0>6|0|0|3|0|0|3" startTime="10.57" endTime="12.3" startTrans="0 0 0" endTrans="-0.88 0 0"/>
            <!-- left outer teleshift -->
                <part node="0>6|0|0|3|0|1"   startTime="8.300" endTime="12.3" startTrans="0 0 0" endTrans="-1.98 0 0"/>
                <part node="0>6|0|0|3|0|1|0" startTime="11.86" endTime="12.3" startTrans="0 0 0" endTrans="0.22 0 0"/>
                <part node="0>6|0|0|3|0|1|1" startTime="11.41" endTime="12.3" startTrans="0 0 0" endTrans="0.44 0 0"/>
                <part node="0>6|0|0|3|0|1|2" startTime="10.97" endTime="12.3" startTrans="0 0 0" endTrans="0.66 0 0"/>
                <part node="0>6|0|0|3|0|1|3" startTime="10.52" endTime="12.3" startTrans="0 0 0" endTrans="0.88 0 0"/>
                <part node="0>6|0|0|3|0|1|4" startTime="10.08" endTime="12.3" startTrans="0 0 0" endTrans="1.10 0 0"/>
                <part node="0>6|0|0|3|0|1|5" startTime="9.63" endTime="12.3" startTrans="0 0 0" endTrans="1.32 0 0"/>
                <part node="0>6|0|0|3|0|1|6" startTime="9.19" endTime="12.3" startTrans="0 0 0" endTrans="1.54 0 0"/>
                <part node="0>6|0|0|3|0|1|7" startTime="8.74" endTime="12.3" startTrans="0 0 0" endTrans="1.76 0 0"/>

            <!-- right arm -->
                <part node="0>6|0|1"         startTime="1.1" endTime="14.1" startRot="0 0 0" endRot="0 89.3 0"/>
            <!-- right outer arm bottom -->
                <part node="0>6|0|1|1|1|0"   startTime="1.1" endTime="1.9" startTrans="0 -1.124 0" endTrans="0 -0.856 0"/>
                <part node="0>6|0|1|1|2|4"   startTime="1.1" endTime="1.9" startTrans="0 0 0" endTrans="0.3 0 0"/>
            <!-- right outer arm -->
                <part node="0>6|0|1|1"       startTime="2.1" endTime="12.1" startRot="0 0 0" endRot="0 0 -179.99"/>
                <part node="0>6|0|1|0"       startTime="2.1" endTime="12.1" startRot="0 0 0" endRot="0 0 -89.99"/>
            <!-- right inner arm bottom -->
                <part node="0>6|0|1|3"       startTime="6.1" endTime="14.1" startRot="0 0 0" endRot="179.99 0 0"/>
                <part node="0>6|0|1|4"       startTime="6.1" endTime="14.1" startRot="0 0 0" endRot="179.99 0 0"/>
                <part node="0>6|0|1|5|1"     startTime="6.1" endTime="14.1" startTrans="0 0.06 0" endTrans="0 -0.1 0"/>
            <!-- right inner teleshift -->
                <part node="0>6|0|1|3|0|0"   startTime="10.1" endTime="12.1" startTrans="0 0 0" endTrans="-1.02 0 0"/>
                <part node="0>6|0|1|3|0|0|0" startTime="11.67" endTime="12.1" startTrans="0 0 0" endTrans="0.22 0 0"/>
                <part node="0>6|0|1|3|0|0|1" startTime="11.24" endTime="12.1" startTrans="0 0 0" endTrans="0.44 0 0"/>
                <part node="0>6|0|1|3|0|0|2" startTime="10.80" endTime="12.1" startTrans="0 0 0" endTrans="0.66 0 0"/>
                <part node="0>6|0|1|3|0|0|3" startTime="10.37" endTime="12.1" startTrans="0 0 0" endTrans="0.88 0 0"/>
            <!-- right outer teleshift -->
                <part node="0>6|0|1|3|0|1"   startTime="8.100" endTime="12.1" startTrans="0 0 0" endTrans="1.98 0 0"/>
                <part node="0>6|0|1|3|0|1|0" startTime="11.66" endTime="12.1" startTrans="0 0 0" endTrans="-0.22 0 0"/>
                <part node="0>6|0|1|3|0|1|1" startTime="11.21" endTime="12.1" startTrans="0 0 0" endTrans="-0.44 0 0"/>
                <part node="0>6|0|1|3|0|1|2" startTime="10.77" endTime="12.1" startTrans="0 0 0" endTrans="-0.66 0 0"/>
                <part node="0>6|0|1|3|0|1|3" startTime="10.32" endTime="12.1" startTrans="0 0 0" endTrans="-0.88 0 0"/>
                <part node="0>6|0|1|3|0|1|4" startTime="9.88" endTime="12.1" startTrans="0 0 0" endTrans="-1.10 0 0"/>
                <part node="0>6|0|1|3|0|1|5" startTime="9.43" endTime="12.1" startTrans="0 0 0" endTrans="-1.32 0 0"/>
                <part node="0>6|0|1|3|0|1|6" startTime="8.99" endTime="12.1" startTrans="0 0 0" endTrans="-1.54 0 0"/>
                <part node="0>6|0|1|3|0|1|7" startTime="8.54" endTime="12.1" startTrans="0 0 0" endTrans="-1.76 0 0"/>
                <part node="0>6|0|0|11"      startTime="5.4"  endTime="14.1" startTrans="0.22 1.41 -0.081"   endTrans="0.22 2.11 -0.081"/>
                <part node="0>6|0|1|11"      startTime="5.4"  endTime="14.1" startTrans="-0.151 1.41 -0.081" endTrans="-0.151 2.05 -0.081"/>
                <part node="0>6|0|1|13"      startTime="5.4" endTime="14.1"  startTrans="-9.058 -2.67 -3.823"  endTrans="-2.5 -0.35 -3.823"/>
                <part node="0>6|0|0|13"      startTime="4.5" endTime="14.1"  startTrans="9.058 -2.67 -3.823"  endTrans="2.5 -0.35 -3.823"/>
        </animation>

        <!-- move support wheel down/up -->
        <animation name="moveSupport">
            <part node="0>0|2|1" startTime="0.00" endTime="0.05" visibility="false" />
            <part node="0>0|2|1" startTime="0.05" endTime="0.10" visibility="true" />
            <part node="0>4|3" startTime="0.00" endTime="0.05" visibility="true" />
            <part node="0>4|3" startTime="0.05" endTime="0.10" visibility="false" />
            <part node="0>2|0" startTime="0.00" endTime="0.50" startRot="0 0 165" endRot="0 0 0" />
            <part node="0>2|1" startTime="0.00" endTime="0.50" startTrans="0 0.646 0" endTrans="0 0.048 0" />
        </animation>
    </animations>

    <support animationName="moveSupport" />

    <tipOcclusionAreas>
        <tipOcclusionArea start="0>5|0" width="0>5|1" height="0>5|2" />
    </tipOcclusionAreas>

    <ai>
        <areaMarkers leftIndex="0>6|0|7|0|0" rightIndex="0>6|0|7|0|1" backIndex="0>6|0|7|0|2" />
        <sizeMarkers leftIndex="0>6|0|7|1|0" rightIndex="0>6|0|7|1|1" backIndex="0>6|0|7|1|2" />
        <forceTurnNoBackward value="true" />
        <toolReverserDirectionNode index="0>6|0|7|1|2" />
        <trafficCollisionTrigger index="0>6|0|7|2" />
    </ai>

    <washable dirtDuration="90" washDuration="1" workMultiplier="4" />

    <components count="1">
        <component1 centerOfMass="0 1.3 -0.6" solverIterationCount="10" mrSetMass="13.3" />
    </components>

    <schemaOverlay file="$dataS2/menu/schemas/implementSchema.png" fileSelected="$dataS2/menu/schemas/implementSchemaSelected.png" fileTurnedOn="$dataS2/menu/schemas/implementSchemaTurnedOn.png" fileSelectedTurnedOn="$dataS2/menu/schemas/implementSchemaSelectedTurnedOn.png" width="0.5" height="0.5" attacherJointPosition="0 0" />
</vehicle>
