﻿<?xml version="1.0" encoding="utf-8" standalone="no" ?>
<vehicle type="cutter_animated">
    <annotation>Copyright (C) GIANTS Software GmbH, All Rights Reserved.</annotation>

		<!--
		powerConsumer
		speedLimit
		center of mass
		mass
		
		attacherjoint
		
	-->
	
    <storeData>
        <name>PowerFlow 35FT</name>
        <specs>
            <workingWidth>10.7</workingWidth>
            <combination>Delta 9380</combination>
        </specs>
        <functions>
            <function>$l10n_function_cutter</function>
        </functions>
        <image>data/store/store_MF9380Header.png</image>
        <price>51000</price>
        <dailyUpkeep>90</dailyUpkeep>
        <lifetime>600</lifetime>
        <rotation>0</rotation>
        <brand>MASSEYFERGUSON</brand>
        <category>cutters</category>
        <fieldJob sizeCategory="3" typeCategory="cutter" >
            <dependency filename="$data/vehicles/steerable/masseyFerguson/MF9380Delta.xml" />
        </fieldJob>
        <vertexBufferMemoryUsage>2243616</vertexBufferMemoryUsage>
        <indexBufferMemoryUsage>316260</indexBufferMemoryUsage>
        <textureMemoryUsage>19224312</textureMemoryUsage>
        <instanceVertexBufferMemoryUsage>0</instanceVertexBufferMemoryUsage>
        <instanceIndexBufferMemoryUsage>0</instanceIndexBufferMemoryUsage>
    </storeData>

    <typeDesc>$l10n_typeDesc_cutter</typeDesc>
    <filename>data/vehicles/cutters/masseyFerguson/MF9380Header.i3d</filename>

    <size width="12" length="4" lengthOffset="0.5" />
    <speedLimit value="12" />
    <powerConsumer ptoRpm="540" neededPtoPower="32" areaDependantPtoPower="38" />

    <turnedOnRotationNodes>
        <turnedOnRotationNode index="0>2|0"     type="cutter" rotSpeed="800" rotAxis="1" turnOnFadeTime="1" turnOffFadeTime="1" />
        <turnedOnRotationNode index="0>2|1|0|0" type="cutter" rotSpeed="200" rotAxis="1" turnOnFadeTime="1" turnOffFadeTime="1" />
        <turnedOnRotationNode index="0>2|1|0|1" type="cutter" rotSpeed="200" rotAxis="1" turnOnFadeTime="1" turnOffFadeTime="1" />
    </turnedOnRotationNodes>

    <animations>
        <animation name="varifeedRape">
            <part node="0>2|7" startTime="0" endTime="0.01" visibility="false" />
            <part node="0>2|7" startTime="0.01" endTime="0.02" visibility="true" />            
        </animation>
    </animations>

    <workAreas>
        <workArea startIndex="0>3|0" widthIndex="0>3|1" heightIndex="0>3|2" type="cutter" />
    </workAreas>

    <inputAttacherJoints>
        <inputAttacherJoint index="0>0" jointType="cutter" upperDistanceToGround="3" lowerDistanceToGround="1.15" ptoInputNode="0>1" pto2InputNode="0>6" upperRotationOffset="0" lowerRotationOffset="0" forceSelectionOnAttach="false"/>
    </inputAttacherJoints>

    <movingTools>
        <movingTool index="0>2|1|0" playSound="true" >
            <controls axis="AXIS_CUTTER_REEL" invertAxis="false" mouseSpeedFactor="0.9" iconFilename="$dataS2/menu/moveControls/reel_trans1.png" />
            <translation transSpeed="0.1" transAcceleration="10" transMax="1.844" transMin="1.543" translationAxis="3" startTrans="1.55"/>
        </movingTool>

        <movingTool index="0>2|1" playSound="true" >
            <controls axis="AXIS_CUTTER_REEL2" invertAxis="true" mouseSpeedFactor="0.9" iconFilename="$dataS2/menu/moveControls/reel_trans2.png" />
            <rotation rotSpeed="20" rotAcceleration="50" rotMax="9" rotMin="-14" startRot="-14"/>
            <dependentPart index="0>2|2" />
        </movingTool>

        <movingTool index="0>2|1|0|1">
            <dependentPart index="0>2|1|0|0|0" />
            <dependentPart index="0>2|1|0|0|1" />
            <dependentPart index="0>2|1|0|0|2" />
            <dependentPart index="0>2|1|0|0|3" />
            <dependentPart index="0>2|1|0|0|4" />
            <dependentPart index="0>2|1|0|0|5" />
        </movingTool>
    </movingTools>

    <movingParts>
        <!-- spikes -->
        <movingPart index="0>2|1|0|0|0" referencePoint="0>2|1|0|1|0" referenceFrame="0>2|1|0|2" />
        <movingPart index="0>2|1|0|0|1" referencePoint="0>2|1|0|1|1" referenceFrame="0>2|1|0|2" />
        <movingPart index="0>2|1|0|0|2" referencePoint="0>2|1|0|1|2" referenceFrame="0>2|1|0|2" />
        <movingPart index="0>2|1|0|0|3" referencePoint="0>2|1|0|1|3" referenceFrame="0>2|1|0|2" />
        <movingPart index="0>2|1|0|0|4" referencePoint="0>2|1|0|1|4" referenceFrame="0>2|1|0|2" />
        <movingPart index="0>2|1|0|0|5" referencePoint="0>2|1|0|1|5" referenceFrame="0>2|1|0|2" />
        <!-- reel hydraulic -->
        <movingPart index="0>2|2" referencePoint="0>2|1|1" referenceFrame="0>2|1|1" >
            <translatingPart index="0>2|2|0" />
        </movingPart>
    </movingParts>

    <ai>
        <areaMarkers leftIndex="0>4|0|0" rightIndex="0>4|0|1" backIndex="0>4|0|2" />
        <sizeMarkers leftIndex="0>4|1|0" rightIndex="0>4|1|1" backIndex="0>4|1|2" />
        <trafficCollisionTrigger index="0>4|2" />
    </ai>

    <dynamicMount forceLimitScale="1" />
    <cylinderedHydraulicSound file="$data/sounds/cultivatorHydraulic.wav"  pitchOffset="1.00" volume="1.00" indoorVolumeFactor="0.75" />

    <cutter fruitTypeCategories="grainHeader">
        <turnedOnScrollers>
            <turnedOnScroller index="0>2|3" scrollSpeed="-1" scrollLength="1" shaderParameterName="offsetUV" shaderParameterComponent="1" toggleVisibility="false" turnOnFadeTime="2" turnOffFadeTime="2"/>
        </turnedOnScrollers>
        <fruitExtraObjects>
            <fruitExtraObject fruitType="rape"   anim="varifeedRape"/>
			<fruitExtraObject fruitType="wheat"     index="0>2|6"/>
            <fruitExtraObject fruitType="barley"    index="0>2|6"/>
            <fruitExtraObject fruitType="soybean"   index="0>2|6"/>
        </fruitExtraObjects>
        <testAreas>
            <testArea startIndex="0>5|1|0" widthIndex="0>5|1|0|0" heightIndex="0>5|1|0|1" />
            <testArea startIndex="0>5|1|1" widthIndex="0>5|1|1|0" heightIndex="0>5|1|1|1" />
            <testArea startIndex="0>5|1|2" widthIndex="0>5|1|2|0" heightIndex="0>5|1|2|1" />
            <testArea startIndex="0>5|1|3" widthIndex="0>5|1|3|0" heightIndex="0>5|1|3|1" />
            <testArea startIndex="0>5|1|4" widthIndex="0>5|1|4|0" heightIndex="0>5|1|4|1" />
            <testArea startIndex="0>5|1|5" widthIndex="0>5|1|5|0" heightIndex="0>5|1|5|1" />
            <testArea startIndex="0>5|1|6" widthIndex="0>5|1|6|0" heightIndex="0>5|1|6|1" />
            <testArea startIndex="0>5|1|7" widthIndex="0>5|1|7|0" heightIndex="0>5|1|7|1" />
            <testArea startIndex="0>5|1|8" widthIndex="0>5|1|8|0" heightIndex="0>5|1|8|1" />
        </testAreas>
        <effect>
            <effectNode linkNode="0>5|0|0" speedScale="0.0018"                             effectType="CENTER" changeSpeedScale="0.01" />
            <effectNode linkNode="0>5|0|1" speedScale="0.0013" lengthAndRadius="4.1 1 1 1" effectType="LEFT"  useInterpolation="true" minOffset="6" />
            <effectNode linkNode="0>5|0|2" speedScale="0.0013" lengthAndRadius="4.1 1 1 1" effectType="RIGHT" useInterpolation="true" minOffset="6" useMaxValue="true" />
        </effect>
        <threshingParticleSystems>
            <threshingParticleSystem node="0>" file="$data/particleSystems/shared/threshingCutterParticles.i3d" />
        </threshingParticleSystems>
    </cutter>

    <washable dirtDuration="300" washDuration="1" workMultiplier="2" />

    <components count="1">
        <component1 centerOfMass="0 0.4 -0.4" mrSetMass="3.6" />
    </components>

    <schemaOverlay file="$dataS2/menu/schemas/implementSchema.png" fileSelected="$dataS2/menu/schemas/implementSchemaSelected.png" width="0.5" height="0.5" attacherJointPosition="0 0"/>

</vehicle>
