<?xml version="1.0" encoding="utf-8" standalone="no"?>
<modDesc descVersion="37">
    <author>SFM-Modding feat. bm-modding</author>
    <version>1.1.0.0</version>
    <title>
        <en>Kirovets K-700A</en>
        <de>Kirovets K-700A</de>
        <fr>Kirovets K-700A</fr>
    </title>
    
    <description>
        <en>
<![CDATA[Kirovets K-700A is an oldfashioned russian tractor. It was used to transport rocket for the russian army. But with its 220 hp the Kirovets K-700A is also a famous farming tractor.

Price: 78000 €
Max. power: 220 hp
Max. speed: 30 kph
Maintenance: 420 € / day

Changelog v1.1.0.0
• changed camera position
• fixed steering
• minor changes
]]>
        </en>
        <de>
<![CDATA[Der Kirovets K-700A ist ein alter Traktor, der früher auch als Raketenschlepper diente. Seine 220 PS Zugleistung machen ihn aber auch zu einem sehr beliebten Ackerschlepper.

Preis: 78000 €
Max. Leistung: 220 PS
Höchstgeschwindigkeit: 30 km/h
Unterhaltskosten: 420 € / Tag

Changelog v1.1.0.0
• Kameraposition angepasst
• Fahrverhalten geändert
• kleine Veränderungen
]]>
        </de>
        <fr>
<![CDATA[Le Kirovets K-700A est un ancien tracteur russe. Il était utilisé pour transporter des missiles pour l’armée Russe. Mais avec ses 220 cv, le Kirovets K-700A est aussi un célèbre tracteur agricole.

Prix: 78000 €
Puissance max. : 220 ch
Vitesse maximale : 30 km/h
Entretien : 420 € / jour

Changelog v1.1.0.0
• Changed camera position
• fixed steering
• minor changes
]]>
        </fr>
    </description>    
    <iconFilename>icon_kirovetsK700A.png</iconFilename>
    <multiplayer supported="true"/>

    <storeItems>
        <storeItem xmlFilename="kirovets/KirovetsK700A.xml"/>
    </storeItems>

    <brands>
        <brand name="KIROVETS" title="Kirovets" image="brand_kirovets.png"/>
    </brands>
</modDesc>
