﻿<?xml version="1.0" encoding="utf-8" standalone="no" ?>
<vehicle type="selfPropelledSprayer">
    <annotation>Copyright (C) GIANTS Software GmbH, All Rights Reserved.</annotation>
	
	<!--
	
		engine MTU 7.7L 260KW  (OM936LA => same as Ponsse buffalo)
		60kph
		5000L tank
		
		480L fuel tank / 40L adblue
		
		empty weight = approx 14.7T
		base weight  + we add the fuel + adblue weight, and the clean water tanks filled weight, and residual liquid in the system
		
		up to 1000L/Min pump on this sprayer. In our, case, we spray 291L * 1 per Ha, and so, with a 36m wide boom, this sprayer is not limited by its pump (417L/Min needed to spray at 24km/h)
		
		
		mass / center of mass
		ackermann
		differentials
		
		powerConsumer
		
		wheels
		
		fillMassNode and mrCOMtransWithMass
		
		
	
	
	-->
	
	<moreRealistic useMrTransmission="true">		
		<dragArea value="7.5" />
		<engine rotInertiaFx="1" transmissionEfficiency="0.8" minSpeed="3" engineBrakeRpm="2300" />
	</moreRealistic>

    <storeData>
        <name>Leeb PT 350</name>
        <specs>
            <power>354</power>
            <maxSpeed>60</maxSpeed>
            <workingWidth>36.0</workingWidth>
        </specs>
        <functions>
            <function>$l10n_function_sprayer</function>
        </functions>
        <image>store_horschLeebPT350.png</image>
        <price>211000</price>
        <dailyUpkeep>810</dailyUpkeep>
        <lifetime>600</lifetime>
        <rotation>0</rotation>
        <brand>HORSCH</brand>
        <category>sprayers</category>
        <!--fieldJob sizeCategory="3" typeCategory="sprayer" /-->
        <vertexBufferMemoryUsage>1</vertexBufferMemoryUsage>
        <indexBufferMemoryUsage>1</indexBufferMemoryUsage>
        <textureMemoryUsage>1</textureMemoryUsage>
        <instanceVertexBufferMemoryUsage>0</instanceVertexBufferMemoryUsage>
        <instanceIndexBufferMemoryUsage>0</instanceIndexBufferMemoryUsage>
    </storeData>

    <typeDesc>$l10n_typeDesc_sprayer</typeDesc>
    <filename>vehicles/steerable/horsch/horschLeebPT350.i3d</filename>

    <size width="4.5" length="10.5" lengthOffset="0" />
    <speedLimit value="24" />
	<powerConsumer ptoRpm="540" neededPtoPower="20" />

    <wheelConfigurations>
        <wheelConfiguration name="$l10n_configuration_valueWheelNarrow">
            <wheels autoRotateBackSpeed="1.7" differentialIndex="1" ackermannSteeringIndex="1">
                <wheel rotSpeed="1" restLoad="3.7" repr="0>0|0|0|0" driveNode="0>0|0|0|0|0|0" filename="$data/vehicles/wheels/trelleborg/TM600_480_80R50.xml" isLeft="true"  color="0.9157 0.9157 0.9157 1" initialCompression="40" suspTravel="0.4" spring="50" damper="10" hasParticles="true" hasTireTracks="true" />
                <wheel rotSpeed="1" restLoad="3.7" repr="0>0|0|0|2" driveNode="0>0|0|0|2|0|0" filename="$data/vehicles/wheels/trelleborg/TM600_480_80R50.xml" isLeft="true"  color="0.9157 0.9157 0.9157 1" initialCompression="40" suspTravel="0.4" spring="50" damper="10" hasParticles="true" hasTireTracks="true" />
                <wheel rotSpeed="1" restLoad="3.7" repr="0>0|1|0|0" driveNode="0>0|1|0|0|0|0" filename="$data/vehicles/wheels/trelleborg/TM600_480_80R50.xml" isLeft="false" color="0.9157 0.9157 0.9157 1" initialCompression="40" suspTravel="0.4" spring="50" damper="10" hasParticles="true" hasTireTracks="true" />
                <wheel rotSpeed="1" restLoad="3.7" repr="0>0|1|0|2" driveNode="0>0|1|0|2|0|0" filename="$data/vehicles/wheels/trelleborg/TM600_480_80R50.xml" isLeft="false" color="0.9157 0.9157 0.9157 1" initialCompression="40" suspTravel="0.4" spring="50" damper="10" hasParticles="true" hasTireTracks="true" />
            </wheels>
        </wheelConfiguration>
    </wheelConfigurations>

    <dynamicallyLoadedParts>
        <dynamicallyLoadedPart node="0" linkNode="0>0|0|0|2|2" filename="$data/shared/vehicleParts/wheelChock02.i3d" />
        <dynamicallyLoadedPart node="0" linkNode="0>0|1|0|2|2" filename="$data/shared/vehicleParts/wheelChock02.i3d" />
    </dynamicallyLoadedParts>

    <ackermannSteeringConfigurations>
        <ackermannSteering rotSpeed="40" rotMax="28" rotCenter="0 0.39" />
    </ackermannSteeringConfigurations>

    <differentialConfigurations>
        <differentials>
            <differential torqueRatio="0.5" maxSpeedRatio="1" wheelIndex1="0" wheelIndex2="1" /> <!-- back left-right -->
            <differential torqueRatio="0.5" maxSpeedRatio="1" wheelIndex1="2" wheelIndex2="3" /> <!-- front left-right -->
            <differential torqueRatio="0.5" maxSpeedRatio="1" differentialIndex1="0" differentialIndex2="1" /> <!-- front-back -->
        </differentials>
    </differentialConfigurations>

    <motorConfigurations>
        <motorConfiguration name="l10n_configuration_valueDefault">
            <motor torqueScale="1.424" minRpm="890" maxRpm="2700" maxForwardSpeed="62" maxBackwardSpeed="23" brakeForce="15" lowBrakeForceScale="0.22" lowBrakeForceSpeedLimit="1" rotInertia="0.002" minForwardGearRatio="9.45" maxForwardGearRatio="150" minBackwardGearRatio="19.67" maxBackwardGearRatio="150" ptoMotorRpmRatio="3.6">
				<torque normRpm="0.24" torque="0.55"/>
				<torque normRpm="0.407" torque="1"/>
				<torque normRpm="0.5926" torque="0.99"/>
				<torque normRpm="0.84" torque="0.765"/>
				<torque normRpm="0.889" torque="0.692"/>
				<torque normRpm="0.944" torque="0.521"/>
				<torque normRpm="1" torque="0"/>
			</motor>
        </motorConfiguration>
    </motorConfigurations>

    <fuelCapacity>480</fuelCapacity>

    <cameras count="2">
        <camera1 index="0>1|0|0" rotatable="true" rotateNode="0>1|0" limit="true" useWorldXZRotation="true" rotMinX="-1.4" rotMaxX="1" transMin="7" transMax="35" >
            <raycastNode index="0>1|2"/>
            <raycastNode index="0>1|3"/>
            <raycastNode index="0>1|4"/>
        </camera1>
        <camera2 index="0>1|1" rotatable="true" limit="true" rotMinX="-1.1" rotMaxX="0.4" transMin="0" transMax="0" useMirror="true" isInside="true" positionSmoothingParameter="0.3"/>
    </cameras>

    <lights>
        <low>
            <light                        decoration="0>0|0|0|2|1|0|0"         lightTypes="0 1"/> <!--BackLights-->
            <light                        decoration="0>0|1|0|2|1|0|0"         lightTypes="0 1"/> <!--BackLights-->
            <light realLight="0>2|1|0|1"  decoration="0>2|1|0|0"             lightTypes="1"/> <!--WorklightBack-->
            <light                        decoration="0>2|1|1|0"             lightTypes="2"/> <!--WorklightFront-->
            <light                        decoration="0>5|0|0|0|0|0|0|1|0|0" lightTypes="2"/> <!--WorklightFront-->
            <light                        decoration="0>5|0|0|1|0|0|0|1|0|0" lightTypes="2"/> <!--WorklightFront-->
            <light                        decoration="0>5|0|0|10|0"          lightTypes="2"/> <!--WorklightFront-->
            <light realLight="0>2|0|2"                                       lightTypes="3" /> <!--HighBeam-->
            <light                        decoration="0>2|0|0"               lightTypes="0 3" /> <!--Decoration for FrontLights and Highbeams-->
            <light realLight="0>2|0|1"                                       lightTypes="0" excludedLightTypes="3" /> <!--FrontLights-->
        </low>
        <high>
            <light realLight="0>0|0|0|2|1|0|1"         decoration="0>0|0|0|2|1|0|0"         lightTypes="0 1"/> <!--BackLights-->
            <light realLight="0>0|1|0|2|1|0|1"         decoration="0>0|1|0|2|1|0|0"         lightTypes="0 1"/> <!--BackLights-->
            <light realLight="0>2|1|0|2"             decoration="0>2|1|0|0"             lightTypes="1" /> <!--WorklightBack  -->
            <light realLight="0>2|1|1|1"             decoration="0>2|1|1|0"             lightTypes="2"  /> <!--WorklightFront -->
            <light realLight="0>5|0|0|0|0|0|0|1|0|1" decoration="0>5|0|0|0|0|0|0|1|0|0" lightTypes="2"  /> <!--WorklightFront -->
            <light realLight="0>5|0|0|1|0|0|0|1|0|1" decoration="0>5|0|0|1|0|0|0|1|0|0" lightTypes="2"  /> <!--WorklightFront -->
            <light                                   decoration="0>5|0|0|10|0"          lightTypes="2"  /> <!--WorklightFront -->
            <light realLight="0>2|0|4"                                                  lightTypes="3" excludedLightTypes="2" /> <!--HighBeam-->
            <light                                   decoration="0>2|0|0"               lightTypes="0 3" /> <!--Decoration for FrontLights and Highbeams-->
            <light realLight="0>2|0|3"                                                  lightTypes="0" excludedLightTypes="2 3" /> <!--FrontLights-->
        </high>
        <states>
            <state lightTypes="0" />
            <state lightTypes="0 1" />
            <state lightTypes="0 1 2" />
        </states>
    </lights>

    <brakeLights>
        <brakeLight realLight="0>0|0|0|2|1|0|1" decoration="0>0|1|0|2|1|2|0" />
        <brakeLight realLight="0>0|1|0|2|1|0|1" decoration="0>0|0|0|2|1|2|0" />
    </brakeLights>

    <beaconLights>
        <beaconLight index="0>2|3|0" speed="0.015" filename="$data/shared/beaconLights/beaconLight02.i3d"/>
    </beaconLights>

    <turnLights>
        <turnLightLeft  realLight="0>2|2|0|1"       decoration="0>2|2|0|0" />
        <turnLightLeft  realLight="0>0|0|0|2|1|1|0|1" decoration="0>0|0|0|2|1|1|0|0" />
        <turnLightRight realLight="0>0|1|0|2|1|1|0|1" decoration="0>0|1|0|2|1|1|0|0" />
        <turnLightRight realLight="0>2|2|1|1"       decoration="0>2|2|1|0" />
    </turnLights>

    <reverseLights>
        <reverseLight realLight="0>2|4|0" decoration="0>0|0|0|2|1|3|0" />
        <reverseLight                           decoration="0>0|1|0|2|1|3|0" />
    </reverseLights>

    <mirrors>
        <mirror index="0>11|0" prio="1" />
        <mirror index="0>11|1" prio="1" />
        <mirror index="0>11|2" prio="2" />
        <mirror index="0>11|3" prio="2" />
    </mirrors>

    <indoorHud>
        <speed numbers="0>10|1" precision="1" animName="speedDisplay" minValueAnim="0" maxValueAnim="60"/>
        <rpm numbers="0>10|2" precision="0" />
    </indoorHud>

    <enterReferenceNode index="0>" />
    <exitPoint index="0>3" />

    <motorStartDuration>2500</motorStartDuration>
    <motorStartSound file="$data/vehicles/steerable/caseIH/cnhNef23_start.wav"          pitchOffset="0.94" volume="0.90" indoorVolumeFactor="0.40" indoorLowpassGain="0.75" />
    <motorSound file="$data/vehicles/steerable/caseIH/cnhNef23_idle.wav"                pitchOffset="0.94" volume="0.90" indoorVolumeFactor="0.40" indoorLowpassGain="0.75" volumeMin="0.65" volumeMinSpeed="12" pitchMax="1.10" />
    <motorStopSound file="$data/vehicles/steerable/newHolland/newHollandT8320_stop.wav" pitchOffset="0.94" volume="1.00" indoorVolumeFactor="0.40" indoorLowpassGain="0.75" />
    <motorSoundRun  file="$data/vehicles/steerable/caseIH/cnhNef23_run.wav"             pitchOffset="0.70" volume="1.00" indoorVolumeFactor="0.60" indoorLowpassGain="0.75" pitchMax="1.10"    />

    <gearboxSound file="$data/sounds/transmission/transmissionCVT_XL.wav"               pitchOffset="0.70" volume="0.25" indoorVolumeFactor="0.45" indoorLowpassGain="0.80" pitchMax="1.00" volumeMax="0.65" reverseVolumeMax="0.50" />
    <retarderSound file="$data/sounds/transmission/hs115LE.wav"                         pitchOffset="0.80" volume="0.08" indoorVolumeFactor="0.45" indoorLowpassGain="0.60" pitchMax="1.79" volumeMax="0.20" minSpeed="5"/>

    <attachSound file="$data/sounds/attach.wav"                                         pitchOffset="1.00" volume="1.00" indoorVolumeFactor="0.55" indoorLowpassGain="0.75" />
    <honkSound file="$data/sounds/horn.wav"                                             pitchOffset="1.00" volume="1.50" indoorVolumeFactor="0.50" indoorLowpassGain="0.75" />

    <cylinderedHydraulicSound file="$data/sounds/hydraulicUp.wav"                       pitchOffset="0.80" volume="0.80" indoorVolumeFactor="0.37" indoorLowpassGain="0.75" />
    <fillSound file="$data/maps/sounds/refuel.wav"                                      pitchOffset="1.00" volume="1.00" indoorVolumeFactor="0.85" indoorLowpassGain="0.75" volume3D="1.0" innerRadius="10" radius="40" linkNode="0" />
    <spraySound file="$data/vehicles/steerable/newHolland/SP400F_sprayer.wav"           pitchOffset="1.10" volume="1.00" indoorVolumeFactor="0.60" indoorLowpassGain="0.35" />

    <brakeCompressor capacity="10000" fillSpeed="850" />
    <maximalAirConsumptionPerFullStop value="500" />
    <brakeCompressorStartSound file="$data/sounds/technicalAccessories/compressor_controller.wav" pitchOffset="0.70" volume="0.85" indoorVolumeFactor="0.60" indoorLowpassGain="0.70" />
    <brakeCompressorRunSound file="$data/sounds/technicalAccessories/compressor_idle.wav"         pitchOffset="1.00" volume="0.16" indoorVolumeFactor="0.40" indoorLowpassGain="0.70" pitchMax="1.18" />
    <brakeCompressorStopSound file="$data/sounds/technicalAccessories/brakeSmall.wav"             pitchOffset="1.00" volume="0.00" indoorVolumeFactor="0.65" indoorLowpassGain="0.70" />
    <compressedAirSound file="$data/sounds/technicalAccessories/brakeSmall.wav"                   pitchOffset="1.00" volume="0.00" indoorVolumeFactor="0.45" indoorLowpassGain="0.70" />
    <airReleaseValveSound file="$data/vehicles/steerable/jcb/jcb_module.wav"                      pitchOffset="0.96" volume="0.60" indoorVolumeFactor="0.50" indoorLowpassGain="0.70" />

    <fillLitersPerSecond>200</fillLitersPerSecond>
    <sprayer fillUnitIndex="1" unloadInfoIndex="1" loadInfoIndex="1" />

    <workAreas>
        <workArea startIndex="0>5|0|0|8|0" widthIndex="0>5|0|0|8|1" heightIndex="0>5|0|0|8|2" type="sprayer" disableBackwards="false" />
    </workAreas>

    <sprayUsageScales workingWidth="36.0" scale="1" />

    <fillUnits>
        <fillUnit unit="$l10n_unit_literShort" fillTypeCategories="sprayer" capacity="5000" />
    </fillUnits>
	
	<fillMassNode index="0>" mrCOMtransWithMass="0 0.015 -0.02" />

    <foldingParts startMoveDirection="1" turnOnFoldMaxLimit="0.1" turnOnFoldMinLimit="0" turnOffOnFold="true" >
        <foldingPart animationName="folding" speedScale="0.7" />
    </foldingParts>

    <animations>
        <animation name="speedDisplay">
            <part node="0>10|0|0"   startTime="0.0" endTime="1" startRot="0 0 0" endRot="0 0 -242"/>
        </animation>

        <animation name="enterAnimation">
            <part node="0>5|2"   startTime="0.0" endTime="1.0" startRot="0 0 0" endRot="-40 0 0"/>
        </animation>
        <animation name="folding">
            <part node="0>5|0"           startTime="0.0"  endTime="2.0"  startRot="-45 0 0" endRot="10 0 0"/>

            <part node="0>5|0|0|0|4|0"   startTime="1.0"  endTime="2.0"  startRot="0 0 -45" endRot="0 0 0"/>
            <part node="0>5|0|0|0|0|5|0" startTime="1.0"  endTime="2.0"  startRot="0 0 -45" endRot="0 0 0"/>
            <part node="0>5|0|0|1|4|0"   startTime="1.0"  endTime="2.0"  startRot="0 0 45" endRot="0 0 0"/>
            <part node="0>5|0|0|1|0|5|0" startTime="1.0"  endTime="2.0"  startRot="0 0 45" endRot="0 0 0"/>

            <part node="0>5|0|0|0|0|0|0" startTime="2.5"  endTime="6.5"  startRot="0 0 0" endRot="0 179.99 0"/>
            <part node="0>5|0|0|0|0|0"   startTime="2.5"  endTime="6.5" startRot="0 0 0" endRot="0 -179.99 0"/>
            <part node="0>5|0|0|0|0"     startTime="5.5" endTime="9.5" startRot="0 0 0" endRot="0 179.99 0"/>
            <part node="0>5|0|0|0"       startTime="5.5" endTime="9.5"   startRot="0 0 0" endRot="0 -90 0"/>
            <part node="0>5|0|0|0|3"     startTime="12.5" endTime="13.0" startRot="0 0 -95" endRot="0 0 0"/>

            <part node="0>5|0|0|1|0|0|0" startTime="2.5"  endTime="6.5"  startRot="0 0 0" endRot="0 -179.99 0"/>
            <part node="0>5|0|0|1|0|0"   startTime="2.5"  endTime="6.5" startRot="0 0 0" endRot="0 179.99 0"/>
            <part node="0>5|0|0|1|0"     startTime="5.5" endTime="9.5" startRot="0 0 0" endRot="0 -179.99 0"/>
            <part node="0>5|0|0|1"       startTime="5.5" endTime="9.5"   startRot="0 0 0" endRot="0 90 0"/>
            <part node="0>5|0|0|1|3"     startTime="12.5" endTime="13.0" startRot="0 0 95" endRot="0 0 0"/>

            <part node="0>5|0"           startTime="10.0" endTime="12.0" startRot="10 0 0" endRot="2 0 0"/>

            <part node="0>0|0"           startTime="14.0" endTime="16.0" startTrans="0.3264 0 0" endTrans="0 0 0"/>
            <part node="0>0|1"           startTime="14.0" endTime="16.0" startTrans="-0.3264 0 0" endTrans="0 0 0"/>

        </animation>
    </animations>

    <movingTools>
        <!-- main arm -->
        <movingTool index="0>5|0" foldMinLimit="0.0" foldMaxLimit="0.01" playSound="true" >
            <controls axis="AXIS_SPRAYER_ARM" invertAxis="false" mouseSpeedFactor="1" iconFilename="$dataS2/menu/moveControls/sprayer_arm.png" />
            <rotation rotSpeed="20" rotAcceleration="100" rotMax="15" rotMin="-80" rotationAxis="1"/>
            <dependentPart index="0>5|0|0" />
        </movingTool>
        <!-- axis -->
        <movingTool index="0>0|0" wheelIndices="1 2" playSound="true" />
        <movingTool index="0>0|1" wheelIndices="3 4" playSound="true" />
        <!-- arm locks -->
        <movingTool index="0>5|0|0|0|4|0" playSound="true">
            <dependentPart index="0>5|0|0|0|4|1" />
            <dependentPart index="0>5|0|0|0|4|2" />
        </movingTool>
        <movingTool index="0>5|0|0|1|4|0" playSound="true">
            <dependentPart index="0>5|0|0|1|4|1" />
            <dependentPart index="0>5|0|0|1|4|2" />
        </movingTool>
        <movingTool index="0>5|0|0|0|0|5|0" playSound="true">
            <dependentPart index="0>5|0|0|0|0|5|1" />
            <dependentPart index="0>5|0|0|0|0|5|2" />
        </movingTool>
        <movingTool index="0>5|0|0|1|0|5|0" playSound="true">
            <dependentPart index="0>5|0|0|1|0|5|1" />
            <dependentPart index="0>5|0|0|1|0|5|2" />
        </movingTool>
        <!-- left arm  2-->
        <movingTool index="0>5|0|0|0|0" playSound="true">
            <dependentPart index="0>5|0|0|0|1" />
            <dependentPart index="0>5|0|0|0|0|1" />
        </movingTool>
        <!-- right arm 2 -->
        <movingTool index="0>5|0|0|1|0" playSound="true">
            <dependentPart index="0>5|0|0|1|1" />
            <dependentPart index="0>5|0|0|1|0|1" />
        </movingTool>
        <!-- left arm 3 -->
        <movingTool index="0>5|0|0|0|0|0" playSound="true">
            <dependentPart index="0>5|0|0|0|0|3" />
        </movingTool>
        <!-- right arm 3 -->
        <movingTool index="0>5|0|0|1|0|0" playSound="true">
            <dependentPart index="0>5|0|0|1|0|3" />
        </movingTool>
        <!-- left arm 4 -->
        <movingTool index="0>5|0|0|0|0|0|0" playSound="true">
            <dependentPart index="0>5|0|0|0|0|0|2" />
        </movingTool>
        <!-- right arm 4 -->
        <movingTool index="0>5|0|0|1|0|0|0" playSound="true">
            <dependentPart index="0>5|0|0|1|0|0|2" />
        </movingTool>
        <!-- ladder -->
        <movingTool index="0>5|2" playSound="true" >
            <dependentPart index="0>5|2|0" />
        </movingTool>
    </movingTools>

    <movingParts>
        <!-- main arm -->
        <movingPart index="0>5|0|0" referenceFrame="0>">
            <dependentPart index="0>5|1" />
            <dependentPart index="0>5|0|1" />
        </movingPart>
        <movingPart index="0>5|1" referencePoint="0>5|0|0|7" referenceFrame="0>9" />
        <movingPart index="0>5|0|1" referencePoint="0>9|1" referenceFrame="0>">
            <translatingPart index="0>5|0|1|0" />
        </movingPart>
        <!-- front axis left -->
        <movingPart index="0>0|0|0|1" referenceFrame="0>0|0|0|0" doRotationAlignment="true" rotMultiplier="1" isActiveDirty="true">
            <dependentPart index="0>0|0|1" />
        </movingPart>
        <movingPart index="0>0|0|1" referencePoint="0>0|0|0|1|0" referenceFrame="0>">
            <translatingPart index="0>0|0|1|0" />
        </movingPart>
        <!-- back axis left -->
        <movingPart index="0>0|0|0|3" referenceFrame="0>0|0|0|2" doRotationAlignment="true" rotMultiplier="1" isActiveDirty="true" >
            <dependentPart index="0>0|0|2" />
        </movingPart>
        <movingPart index="0>0|0|2" referencePoint="0>0|0|0|3|0" referenceFrame="0>">
            <translatingPart index="0>0|0|2|0" />
        </movingPart>
        <!-- front axis right -->
        <movingPart index="0>0|1|0|1" referenceFrame="0>0|1|0|0" doRotationAlignment="true" rotMultiplier="1" isActiveDirty="true" >
            <dependentPart index="0>0|1|1" />
        </movingPart>
        <movingPart index="0>0|1|1" referencePoint="0>0|1|0|1|0" referenceFrame="0>">
            <translatingPart index="0>0|1|1|0" />
        </movingPart>
        <!-- back axis right -->
        <movingPart index="0>0|1|0|3" referenceFrame="0>0|1|0|2" doRotationAlignment="true" rotMultiplier="1" isActiveDirty="true" >
            <dependentPart index="0>0|1|2" />
        </movingPart>
        <movingPart index="0>0|1|2" referencePoint="0>0|1|0|3|0" referenceFrame="0>">
            <translatingPart index="0>0|1|2|0" />
        </movingPart>
        <!-- left arm 2 -->
        <movingPart index="0>5|0|0|0|1" localReferencePoint="0>5|0|0|0|1|0" referencePoint="0>5|0|0|0|0|2" referenceFrame="0>5|0|0|0|0|2">
            <dependentPart index="0>5|0|0|0|1|0" />
            <dependentPart index="0>5|0|0|0|2" />
        </movingPart>
        <movingPart index="0>5|0|0|0|1|0" referencePoint="0>5|0|0|0|0|2" referenceFrame="0>5|0|0|0|0" />
        <movingPart index="0>5|0|0|0|2" referencePoint="0>5|0|0|0|1|1" referenceFrame="0>5|0|0|0|1|1">
            <translatingPart index="0>5|0|0|0|2|0" />
        </movingPart>
        <movingPart index="0>5|0|0|0|0|1" referencePoint="0>5|0|0|5" referenceFrame="0>5|0|0|5">
            <translatingPart index="0>5|0|0|0|0|1|0" />
        </movingPart>
        <!-- right arm 2 -->
        <movingPart index="0>5|0|0|1|1" localReferencePoint="0>5|0|0|1|1|0" referencePoint="0>5|0|0|1|0|2" referenceFrame="0>5|0|0|1|0|2">
            <dependentPart index="0>5|0|0|1|1|0" />
            <dependentPart index="0>5|0|0|1|2" />
        </movingPart>
        <movingPart index="0>5|0|0|1|1|0" referencePoint="0>5|0|0|1|0|2" referenceFrame="0>5|0|0|1|0" />
        <movingPart index="0>5|0|0|1|2" referencePoint="0>5|0|0|1|1|1" referenceFrame="0>5|0|0|1|1|1">
            <translatingPart index="0>5|0|0|1|2|0" />
        </movingPart>
        <movingPart index="0>5|0|0|1|0|1" referencePoint="0>5|0|0|6" referenceFrame="0>5|0|0|6">
            <translatingPart index="0>5|0|0|1|0|1|0" />
        </movingPart>
        <!-- left arm 3 -->
        <movingPart index="0>5|0|0|0|0|3" localReferencePoint="0>5|0|0|0|0|3|0" referencePoint="0>5|0|0|0|0|0|1" referenceFrame="0>5|0|0|0|0|0|1">
            <dependentPart index="0>5|0|0|0|0|3|0" />
            <dependentPart index="0>5|0|0|0|0|4" />
        </movingPart>
        <movingPart index="0>5|0|0|0|0|3|0" referencePoint="0>5|0|0|0|0|0|1" referenceFrame="0>5|0|0|0|0|0" />
        <movingPart index="0>5|0|0|0|0|4" referencePoint="0>5|0|0|0|0|3|1" referenceFrame="0>5|0|0|0|0|3|1">
            <translatingPart index="0>5|0|0|0|0|4|0" />
        </movingPart>
        <!-- right arm 3 -->
        <movingPart index="0>5|0|0|1|0|3" localReferencePoint="0>5|0|0|1|0|3|0" referencePoint="0>5|0|0|1|0|0|1" referenceFrame="0>5|0|0|1|0|0|1">
            <dependentPart index="0>5|0|0|1|0|3|0" />
            <dependentPart index="0>5|0|0|1|0|4" />
        </movingPart>
        <movingPart index="0>5|0|0|1|0|3|0" referencePoint="0>5|0|0|1|0|0|1" referenceFrame="0>5|0|0|1|0|0" />
        <movingPart index="0>5|0|0|1|0|4" referencePoint="0>5|0|0|1|0|3|1" referenceFrame="0>5|0|0|1|0|3|1">
            <translatingPart index="0>5|0|0|1|0|4|0" />
        </movingPart>
        <!-- left arm 4 -->
        <movingPart index="0>5|0|0|0|0|0|2" localReferencePoint="0>5|0|0|0|0|0|2|0" referencePoint="0>5|0|0|0|0|0|0|0" referenceFrame="0>5|0|0|0|0|0|0|0">
            <dependentPart index="0>5|0|0|0|0|0|2|0" />
            <dependentPart index="0>5|0|0|0|0|0|3" />
        </movingPart>
        <movingPart index="0>5|0|0|0|0|0|2|0" referencePoint="0>5|0|0|0|0|0|0|0" referenceFrame="0>5|0|0|0|0|0|0" />
        <movingPart index="0>5|0|0|0|0|0|3" referencePoint="0>5|0|0|0|0|0|2|1" referenceFrame="0>5|0|0|0|0|0|2|1">
            <translatingPart index="0>5|0|0|0|0|0|3|0" />
        </movingPart>
        <!-- right arm 4 -->
        <movingPart index="0>5|0|0|1|0|0|2" localReferencePoint="0>5|0|0|1|0|0|2|0" referencePoint="0>5|0|0|1|0|0|0|0" referenceFrame="0>5|0|0|1|0|0|0|0">
            <dependentPart index="0>5|0|0|1|0|0|2|0" />
            <dependentPart index="0>5|0|0|1|0|0|3" />
        </movingPart>
        <movingPart index="0>5|0|0|1|0|0|2|0" referencePoint="0>5|0|0|1|0|0|0|0" referenceFrame="0>5|0|0|1|0|0|0" />
        <movingPart index="0>5|0|0|1|0|0|3" referencePoint="0>5|0|0|1|0|0|2|1" referenceFrame="0>5|0|0|1|0|0|2|1">
            <translatingPart index="0>5|0|0|1|0|0|3|0" />
        </movingPart>
        <!-- ladder -->
        <movingPart index="0>5|2|0" localReferencePoint="0>5|2|0|0" referencePoint="0>5|3" referenceFrame="0>5|2|2">
            <dependentPart index="0>5|2|0|0" />
            <dependentPart index="0>9|0" />
        </movingPart>
        <movingPart index="0>5|2|0|0" referencePoint="0>5|3" referenceFrame="0>" />
        <movingPart index="0>9|0" referencePoint="0>5|2|1" referenceFrame="0>">
            <translatingPart index="0>9|0|0" />
        </movingPart>

        <!-- armlock left 1 -->
        <movingPart index="0>5|0|0|0|4|1" referencePoint="0>5|0|0|0|4|0|0" referenceFrame="0>5|0|0|0|4|0|0">
            <translatingPart index="0>5|0|0|0|4|1|0" />
        </movingPart>
        <movingPart index="0>5|0|0|0|4|2" localReferencePoint="0>5|0|0|0|4|2|0" referencePoint="0>5|0|0|0|4|0|1" referenceFrame="0>5|0|0|0|4|3">
            <dependentPart index="0>5|0|0|0|4|2|0" />
        </movingPart>
        <movingPart index="0>5|0|0|0|4|2|0" referencePoint="0>5|0|0|0|4|0|1" referenceFrame="0>5|0|0|0" />
        <!-- armlock left 2 -->
        <movingPart index="0>5|0|0|0|0|5|1" referencePoint="0>5|0|0|0|0|5|0|0" referenceFrame="0>5|0|0|0|0|5|0|0">
            <translatingPart index="0>5|0|0|0|0|5|1|0" />
        </movingPart>
        <movingPart index="0>5|0|0|0|0|5|2" localReferencePoint="0>5|0|0|0|0|5|2|0" referencePoint="0>5|0|0|0|0|5|0|1" referenceFrame="0>5|0|0|0|0|5|3">
            <dependentPart index="0>5|0|0|0|0|5|2|0" />
        </movingPart>
        <movingPart index="0>5|0|0|0|0|5|2|0" referencePoint="0>5|0|0|0|0|5|0|1" referenceFrame="0>5|0|0|0" />

        <!-- armlock right 1 -->
        <movingPart index="0>5|0|0|1|4|1" referencePoint="0>5|0|0|1|4|0|0" referenceFrame="0>5|0|0|1|4|0|0">
            <translatingPart index="0>5|0|0|1|4|1|0" />
        </movingPart>
        <movingPart index="0>5|0|0|1|4|2" localReferencePoint="0>5|0|0|1|4|2|0" referencePoint="0>5|0|0|1|4|0|1" referenceFrame="0>5|0|0|1|4|3">
            <dependentPart index="0>5|0|0|1|4|2|0" />
        </movingPart>
        <movingPart index="0>5|0|0|1|4|2|0" referencePoint="0>5|0|0|1|4|0|1" referenceFrame="0>5|0|0|1" />
        <!-- armlock right 2 -->
        <movingPart index="0>5|0|0|1|0|5|1" referencePoint="0>5|0|0|1|0|5|0|0" referenceFrame="0>5|0|0|1|0|5|0|0">
            <translatingPart index="0>5|0|0|1|0|5|1|0" />
        </movingPart>
        <movingPart index="0>5|0|0|1|0|5|2" localReferencePoint="0>5|0|0|1|0|5|2|0" referencePoint="0>5|0|0|1|0|5|0|1" referenceFrame="0>5|0|0|1|0|5|3">
            <dependentPart index="0>5|0|0|1|0|5|2|0" />
        </movingPart>
        <movingPart index="0>5|0|0|1|0|5|2|0" referencePoint="0>5|0|0|1|0|5|0|1" referenceFrame="0>5|0|0|1" />
    </movingParts>

    <enterAnimation name="enterAnimation" />

    <sprayerEffects>
        <sprayerEffect>
            <effectNode effectNode="0>5|0|0|11"        delay="0" materialType="sprayer" materialTypeId="1" />
            <effectNode effectNode="0>5|0|0|0|5"       delay="0" materialType="sprayer" materialTypeId="1" />
            <effectNode effectNode="0>5|0|0|1|5"       delay="0" materialType="sprayer" materialTypeId="1" />
            <effectNode effectNode="0>5|0|0|0|0|6"     delay="0" materialType="sprayer" materialTypeId="1" />
            <effectNode effectNode="0>5|0|0|1|0|6"     delay="0" materialType="sprayer" materialTypeId="1" />
            <effectNode effectNode="0>5|0|0|0|0|0|4"   delay="0" materialType="sprayer" materialTypeId="1" />
            <effectNode effectNode="0>5|0|0|1|0|0|4"   delay="0" materialType="sprayer" materialTypeId="1" />
            <effectNode effectNode="0>5|0|0|0|0|0|0|2" delay="0" materialType="sprayer" materialTypeId="1" />
            <effectNode effectNode="0>5|0|0|1|0|0|0|2" delay="0" materialType="sprayer" materialTypeId="1" />
        </sprayerEffect>
    </sprayerEffects>

    <exhaustEffects>
        <exhaustEffect index="0>8|0" filename="$data/particleSystems/shared/exhaust.i3d" minRpmColor="0.9 0.9 0.9 0.1" maxRpmColor="0.9 0.9 0.9 0.4" minRpmScale="0.1" maxRpmScale="0.55" xzRotationsOffset="0 0" xzRotationsForward="-20 0" xzRotationsBackward="150 0" xzRotationsLeft="0 -150" xzRotationsRight="0 150" />
    </exhaustEffects>

    <steering index="0>4|0" indoorRotation="540" outdoorRotation="35" />

    <characterNode index="0>6|0" cameraMinDistance="1.5" filename="$dataS2/character/player/player.xml" spineRotation="180 0 100" >
        <target ikChain="rightFoot" targetNode="0>6|1" />
        <target ikChain="leftFoot"  targetNode="0>6|2" />
        <target ikChain="rightArm"  targetNode="0>4|0|0" setDirty="true"/>
        <target ikChain="leftArm"   targetNode="0>4|0|1" setDirty="true" />
    </characterNode>

    <ai>
        <areaMarkers leftIndex="0>5|0|0|9|0|0" rightIndex="0>5|0|0|9|0|1" backIndex="0>5|0|0|9|0|2" />
        <sizeMarkers leftIndex="0>5|0|0|9|0|0" rightIndex="0>5|0|0|9|0|1" backIndex="0>5|0|0|9|0|2" />
        <trafficCollisionTrigger index="0>7|0" />
    </ai>

    <washable dirtDuration="300" washDuration="1" workMultiplier="2" />

    <components count="1">
        <component1 centerOfMass="0 1 0.45" solverIterationCount="10" mrSetMass="14" />
    </components>

    <schemaOverlay file="$dataS2/menu/schemas/vehicleSchema.png" fileSelected="$dataS2/menu/schemas/vehicleSchemaSelected.png" fileTurnedOn="$dataS2/menu/schemas/vehicleSchemaTurnedOn.png" fileSelectedTurnedOn="$dataS2/menu/schemas/vehicleSchemaSelectedTurnedOn.png" width="0.5" height="0.5" attacherJointPosition="0.5 0" />

</vehicle>