﻿<?xml version="1.0" encoding="utf-8" standalone="no" ?>
<vehicle type="combine_animated">
    <annotation>Copyright (C) GIANTS Software GmbH, All Rights Reserved.</annotation>
	
	<moreRealistic useMrTransmission="true">		
		<dragArea value="10.4" />
		<engine transmissionEfficiency="0.8" fuelUsageFactor="1" minSpeed="2" engineBrakeRpm="2100" engineBrakeForceFx="1.5" />
		<combine turnedOnPtoPower="56" areaDependantPtoPower="25" chopperPtoPower="17" unloadingAugerPtoPower="9" basePerf="435" strawFactor="0.9" />
		<lateralForces useSingleComponent="false" />
	</moreRealistic>
	
	<!--
		center of mass
		
		differentials
		ackermannSteering
		
		no brakes on the rear wheels
		
		add fillmassnode
		
		overloading
		
		lowerTransLimit / rotLimitSpring / rotLimitDamping
		
		attacherJoint
		
		pipe angle
	-->

    <storeData>
        <name>ACROS 595 Plus</name>
        <specs>
            <power>325</power>
            <maxSpeed>30</maxSpeed>
            <combination>PS 700,Argus 870</combination>
        </specs>
        <functions>
            <function>$l10n_function_combine</function>
            <function>$l10n_function_combineNeedsCutter</function>
        </functions>
        <image>data/store/store_rsmAcros595.png</image>
        <price>214000</price>
        <dailyUpkeep>880</dailyUpkeep>
        <lifetime>600</lifetime>
        <rotation>0</rotation>
        <brand>ROSTSELMASH</brand>
        <category>harvesters</category>
        <vertexBufferMemoryUsage>2741260</vertexBufferMemoryUsage>
        <indexBufferMemoryUsage>475086</indexBufferMemoryUsage>
        <textureMemoryUsage>27612968</textureMemoryUsage>
        <instanceVertexBufferMemoryUsage>0</instanceVertexBufferMemoryUsage>
        <instanceIndexBufferMemoryUsage>0</instanceIndexBufferMemoryUsage>
    </storeData>

    <typeDesc>$l10n_typeDesc_combine</typeDesc>
    <filename>data/vehicles/steerable/rostselmash/rsmAcros595.i3d</filename>

    <size width="4.5" length="10" />

    <wheelConfigurations>
        <wheelConfiguration name="$l10n_configuration_valueDefault" price="0">
            <wheels autoRotateBackSpeed="1.7">
                <wheel rotSpeed="0"  restLoad="2.1" repr="0>0|0"                           forcePointRatio="0.2" filename="$data/vehicles/wheels/trelleborg/TM2000_800_65R32.xml"                   isLeft="true"  color="0.9157 0.9157 0.9157 1" initialCompression="18" suspTravel="0.2" spring="115" damper="20" hasTireTracks="true" hasParticles="true" mrPressureFx="1.1" />
                <wheel rotSpeed="0"  restLoad="2.1" repr="0>0|1"                           forcePointRatio="0.2" filename="$data/vehicles/wheels/trelleborg/TM2000_800_65R32.xml"                   isLeft="false" color="0.9157 0.9157 0.9157 1" initialCompression="18" suspTravel="0.2" spring="115" damper="20" hasTireTracks="true" hasParticles="true" mrPressureFx="1.1" />
                <wheel rotSpeed="-1" restLoad="5.2" repr="1>0|0|0" driveNode="1>0|0|0|0|0" forcePointRatio="0.3" filename="$data/vehicles/wheels/trelleborg/TM800_540_65R28.xml" configIndex="n8v6" isLeft="true"  color="0.9157 0.9157 0.9157 1" initialCompression="25" suspTravel="0.2" spring="50" damper="8" hasTireTracks="true" hasParticles="true" brakeFactor="0" mrPressureFx="1.1" />
                <wheel rotSpeed="-1" restLoad="5.2" repr="1>0|1|0" driveNode="1>0|1|0|0|0" forcePointRatio="0.3" filename="$data/vehicles/wheels/trelleborg/TM800_540_65R28.xml" configIndex="n8v6" isLeft="false" color="0.9157 0.9157 0.9157 1" initialCompression="25" suspTravel="0.2" spring="50" damper="8" hasTireTracks="true" hasParticles="true" brakeFactor="0" mrPressureFx="1.1" />
            </wheels>
        </wheelConfiguration>
    </wheelConfigurations>

    <differentials>
		<differential torqueRatio="0.5" maxSpeedRatio="1" wheelIndex1="2" wheelIndex2="3" /> <!-- back left-right -->
        <differential torqueRatio="0.5" maxSpeedRatio="1" wheelIndex1="0" wheelIndex2="1" /> <!-- front left-right -->        
        <differential torqueRatio="0.2" maxSpeedRatio="1" differentialIndex1="0" differentialIndex2="1" /> <!-- ratio back/front -->
    </differentials>

    <ackermannSteering rotSpeed="60" rotMax="45" rotCenterWheel1="0" rotCenterWheel2="1" />

    <motorConfigurations>
        <motorConfiguration name="$l10n_configuration_valueDefault" price="0">
            <motor torqueScale="1.315" minRpm="887" maxRpm="2250" maxForwardSpeed="28" maxBackwardSpeed="15" brakeForce="18" lowBrakeForceScale="0.22" lowBrakeForceSpeedLimit="1" rotInertia="0.002" minForwardGearRatio="29.62" maxForwardGearRatio="395" minBackwardGearRatio="52.3" maxBackwardGearRatio="200" ptoMotorRpmRatio="3.833">
                <!-- cummins 6LTAA tier2 engine -->
				<torque normRpm="0.377" torque="0.91"/>
                <torque normRpm="0.444" torque="1"/>
                <torque normRpm="0.533" torque="0.98"/>
                <torque normRpm="0.622" torque="0.92"/>
                <torque normRpm="0.8" torque="0.865"/>
				<torque normRpm="0.888" torque="0.869"/>				
				<torque normRpm="0.933" torque="0.809"/>
                <torque normRpm="1" torque="0"/>
				
				<!-- Cummins QSL 8.9
				<torque normRpm="0.4" torque="0.76"/>
                <torque normRpm="0.533" torque="0.995"/>
                <torque normRpm="0.622" torque="1"/>
                <torque normRpm="0.666" torque="0.998"/>
                <torque normRpm="0.755" torque="0.98"/>
				<torque normRpm="0.844" torque="0.90"/>
				<torque normRpm="0.888" torque="0.868"/>
				<torque normRpm="0.933" torque="0.738"/>
                <torque normRpm="1" torque="0"/>
				-->
            </motor>
        </motorConfiguration>
    </motorConfigurations>

    <fuelCapacity>540</fuelCapacity>

    <cameras count="2">
        <camera1 index="0>1|0|0" rotatable="true" rotateNode="0>1|0" limit="true" useWorldXZRotation="true" rotMinX="-1.4" rotMaxX="1" transMin="7" transMax="25" >
            <raycastNode index="0>1|2"/>
            <raycastNode index="0>1|3"/>
            <raycastNode index="0>1|4"/>
        </camera1>
        <camera2 index="0>1|1" rotatable="true" limit="true" rotMinX="-1.1" rotMaxX="0.4" transMin="0" transMax="0" useMirror="true" isInside="true" />
    </cameras>

    <lights>
        <low>
            <light                        decoration="0>2|0|0"   lightTypes="0 3" /> <!--Decoration for FrontLights and Highbeams-->
            <light realLight="0>2|0|1"                           lightTypes="0" excludedLightTypes="3" /> <!--FrontLights-->
            <light                        decoration="0>2|2|0"   lightTypes="0 1"/> <!--BackLights-->
            <light                        decoration="0>2|1|0|0" lightTypes="2"/> <!--WorklightFront-->
            <light realLight="0>2|0|2"                           lightTypes="3" /> <!--HighBeam-->
        </low>
        <high>
            <light                        decoration="0>2|0|0"   lightTypes="0 3" /> <!--Decoration for FrontLights and Highbeams-->
            <light realLight="0>2|0|3"                           lightTypes="0" excludedLightTypes="2 3" /> <!--FrontLights-->
            <light realLight="0>2|2|1"    decoration="0>2|2|0"   lightTypes="0 3" /> <!--BackLights-->
            <light realLight="0>2|2|2"    decoration="0>2|2|0"   lightTypes="0 3" /> <!--BackLights-->
            <light realLight="0>2|1|0|1"  decoration="0>2|1|0|0" lightTypes="2"  /> <!--WorklightFront -->
            <light realLight="0>2|0|4"                           lightTypes="3" excludedLightTypes="2" /> <!--HighBeam-->
        </high>
        <states>
            <state lightTypes="0" />
            <state lightTypes="0 2" />
        </states>
    </lights>

    <brakeLights>
        <brakeLight realLight="0>2|2|1" decoration="0>2|4|0" />
        <brakeLight realLight="0>2|2|2" decoration="0>2|4|0" />
    </brakeLights>

    <beaconLights>
        <beaconLight index="0>2|5|0" speed="0.015" filename="$data/shared/beaconLights/beaconLight02.i3d" />
        <beaconLight index="0>2|5|1" speed="0.015" filename="$data/shared/beaconLights/beaconLight02.i3d" />
    </beaconLights>

    <turnLights>
        <turnLightLeft  realLight="0>2|3|0|1" decoration="0>2|3|0|0" />
        <turnLightLeft  realLight="0>2|3|0|2" />
        <turnLightRight realLight="0>2|3|1|1" decoration="0>2|3|1|0" />
        <turnLightRight realLight="0>2|3|1|2" />
    </turnLights>

    <mirrors>
        <mirror index="0>12|0" prio="1" />
        <mirror index="0>12|1" prio="1" />
    </mirrors>

    <indoorHud>
        <speed         numbers="0>11|2" precision="1" />
        <time          numbers="0>11|3" precision="2" />
        <rpm           animName="rpmAnim" />
        <fuel          animName="fuelAnim" />
    </indoorHud>

    <steering index="0>4|0" indoorRotation="360" outdoorRotation="30" />

    <characterNode index="0>6|0" cameraMinDistance="1.5" filename="$dataS2/character/player/player.xml" spineRotation="180 0 100" >
        <target ikChain="rightFoot" targetNode="0>6|1" />
        <target ikChain="leftFoot"  targetNode="0>6|2" />
        <target ikChain="rightArm"  targetNode="0>6|3" setDirty="true"/>
        <target ikChain="leftArm"   targetNode="0>4|0|0" setDirty="true" />
    </characterNode>

    <attacherJoints>
        <attacherJoint jointType="cutter" index="0>5|0|0|0" jointPositionOffset="0 0 -1.606" rotationNode="0>5|0|0" upperRotation="-9 0 0" lowerRotation="25 0 0" lowerTransLimit="0 0.2 0" lowerRotLimit="0 0 15" lockDownRotLimit="true" upperDistanceToGround="1.93" lowerDistanceToGround="1" rotLimitSpring="400 0 0" rotLimitDamping="170 0 0" moveTime="3.72" ptoOutputNode="0>5|0|1|0|2" ptoFilename="$data/shared/vehicleParts/powerTakeoffBlack.i3d" pto2OutputNode="0>5|0|1|0|7" pto2Filename="$data/shared/vehicleParts/powerTakeoffBlack.i3d" comboTime="0" >
            <schema position="0 0" rotation="0" invertX="true" />
            <bottomArm rotationNode="0>5|0|1" />
        </attacherJoint>
        <attacherJoint index="0>5|1|0" jointType="trailerLow" lowerRotLimit="10 80 50" upperRotationOffset="0" allowsJointLimitMovement="false" canTurnOnImplement="false" comboTime="1" >
            <schema position="1 0" rotation="0" invertX="false" />
        </attacherJoint>
        <attacherJoint index="0>5|1|0" jointType="trailer"    lowerRotLimit="10 80 50" upperRotationOffset="0" allowsJointLimitMovement="false" canTurnOnImplement="false" comboTime="1" >
            <schema position="1 0" rotation="0" invertX="false" />
        </attacherJoint>
    </attacherJoints>

    <enterReferenceNode index="0>" />
    <exitPoint index="0>3" />

    <motorStartDuration>2500</motorStartDuration>
    <motorStartSound           file="$data/vehicles/steerable/rostselmash/rsmAcros595_start.wav"     pitchOffset="1.00" volume="1.00" indoorVolumeFactor="0.40" indoorLowpassGain="0.75" />
    <motorSound                file="$data/vehicles/steerable/rostselmash/rsmAcros595_idle.wav"      pitchOffset="1.00" volume="1.00" indoorVolumeFactor="0.40" indoorLowpassGain="0.75" pitchMax="1.1" pitchScale="0.00818"   radius="50" innerRadius="20" />
    <motorStopSound            file="$data/vehicles/steerable/caseIH/caseIH130Series_stop.wav"       pitchOffset="1.00" volume="1.00" indoorVolumeFactor="0.35" indoorLowpassGain="0.75"/>

    <threshingStartSound       file="$data/vehicles/steerable/rostselmash/rsmAcros595_startwork.wav" pitchOffset="1.10" volume="1.00" indoorVolumeFactor="0.55" indoorLowpassGain="0.55" />
    <threshingSound            file="$data/vehicles/steerable/rostselmash/rsmAcros595_work.wav"      pitchOffset="1.10" volume="1.00" indoorVolumeFactor="0.55" indoorLowpassGain="0.55" cuttingPitchOffset="1.24" radius="35" innerRadius="25" />
    <threshingStopSound        file="$data/vehicles/steerable/rostselmash/rsmAcros595_stopwork.wav"  pitchOffset="1.10" volume="1.00" indoorVolumeFactor="0.45" indoorLowpassGain="0.55" />

    <motorSoundRun             file="$data/sounds/transmission/transmissionTinged_engine.wav"        pitchOffset="0.85" volume="0.55" indoorVolumeFactor="0.59" indoorLowpassGain="0.85" pitchMax="1" />
    <gearboxSound              file="$data/sounds/transmission/hs115LE.wav"                          pitchOffset="0.75" volume="0.10" indoorVolumeFactor="1.24" indoorLowpassGain="0.45" pitchMax="1.20" volumeMax="0.44"/>
    <retarderSound             file="$data/sounds/transmission/module1.wav"                          pitchOffset="0.95" volume="0.08" indoorVolumeFactor="0.65" indoorLowpassGain="0.45" pitchMax="1.80" volumeMax="0.16" minSpeed="1" />
    <reverseDriveSound         file="$data/sounds/reverseDrivingBeep.wav"                            pitchOffset="0.80" volume="1.00" indoorVolumeFactor="0.25" indoorLowpassGain="0.75" />


    <brakeCompressor capacity="10000" fillSpeed="50" />
    <maximalAirConsumptionPerFullStop value="4000" />
    <brakeCompressorStartSound    file="$data/sounds/technicalAccessories/brakeSmall.wav"         pitchOffset="1.30" volume="0.70" indoorVolumeFactor="0.85" indoorLowpassGain="0.90" />
    <brakeCompressorRunSound      file="$data/sounds/technicalAccessories/compressor_idle.wav"    pitchOffset="1.00" volume="0.18" indoorVolumeFactor="0.00" indoorLowpassGain="0.90" pitchMax="1.15" />
    <brakeCompressorStopSound     file="$data/sounds/technicalAccessories/pressure_regulator.wav" pitchOffset="1.47" volume="0.35" indoorVolumeFactor="0.75" indoorLowpassGain="0.90" />
    <airReleaseValveSound         file="$data/sounds/technicalAccessories/regulator_valve.wav"    pitchOffset="1.00" volume="1.10" indoorVolumeFactor="1.00" indoorLowpassGain="0.95"/>

    <attachSound               file="$data/sounds/header_attach.wav"                              pitchOffset="1.00" volume="1.00" indoorVolumeFactor="0.45" indoorLowpassGain="0.75" />
    <honkSound                 file="$data/sounds/horn.wav"                                       pitchOffset="1.00" volume="1.00" indoorVolumeFactor="0.55" indoorLowpassGain="0.75" radius="70" innerRadius="10" />
    <cylinderedHydraulicSound file="$data/sounds/cultivatorHydraulic.wav"                         pitchOffset="0.85" volume="1.00" indoorVolumeFactor="0.55" indoorLowpassGain="0.75"  />
    <hydraulicSound            file="$data/sounds/hydraulicUp.wav"                                pitchOffset="0.85" volume="0.55" indoorVolumeFactor="0.55" indoorLowpassGain="0.75"/>

    <fillSound                 file="$data/maps/sounds/siloFillSound.wav"                         pitchOffset="1.00" volume="0.70" indoorVolumeFactor="0.55" indoorLowpassGain="0.75"/>

    <pipe numStates="2" unloadingStates="2" raycastNodeIndex="0>5|2|0|0" raycastDistance="6" foldMinState="0" foldMaxState="2" foldMinLimit="0" foldMaxLimit="0" delay="0.5" effectExtraDistanceOnTrailer="-1.4">
        <node index="0>5|2|0" rotationSpeeds="0 0 15">
            <state1 rotation="0 0 0"/>
            <state2 rotation="0 0 -105"/>
        </node>
    </pipe>

    <overloading capacity="180">
        <trailerTriggers>
            <trailerTrigger index="0>7|1" />
        </trailerTriggers>
    </overloading>

    <allowFillFromAir value="false" />

    <turnedOnRotationNodes>
        <turnedOnRotationNode index="0>5|0|1|0|4" type="combine" rotSpeed="600"  rotAxis="1" turnOnFadeTime="4" turnOffFadeTime="3" />
        <turnedOnRotationNode index="0>5|0|1|0|5" type="combine" rotSpeed="600"  rotAxis="1" turnOnFadeTime="4" turnOffFadeTime="3" />
        <turnedOnRotationNode index="0>5|0|1|0|6" type="combine" rotSpeed="400"  rotAxis="1" turnOnFadeTime="4" turnOffFadeTime="3" />
        <turnedOnRotationNode index="0>9|1|5|1|0" type="combine" rotSpeed="600"  rotAxis="3" turnOnFadeTime="4" turnOffFadeTime="3" />
        <turnedOnRotationNode index="0>9|0|0"     type="motor"   rotSpeed="250"  rotAxis="1" turnOnFadeTime="4" turnOffFadeTime="3" />
        <turnedOnRotationNode index="0>9|0|1"     type="motor"   rotSpeed="1940" rotAxis="1" turnOnFadeTime="4" turnOffFadeTime="3" />
    </turnedOnRotationNodes>

    <foldingParts startMoveDirection="1" turnOnFoldMinLimit="0" turnOnFoldMaxLimit="0.02" >
        <foldingPart animationName="foldGrainTank" speedScale="1" />
    </foldingParts>

    <animations>
        <animation name="foldGrainTank">
            <part node="0>9|1|0"   startTime="0" endTime="3" startRot="0 0 0" endRot="86 0 0" />
            <part node="0>9|1|0|2" startTime="0" endTime="3" startRot="0 0 0" endRot="-86 0 0" />
        </animation>
        <animation name="enterAnimation">
            <part node="0>9|2" startTime="0" duration="1" startRot="0 0 0" endRot="0 -80 0" />
        </animation>
        <animation name="fuelAnim">
            <part node="0>11|0" startTime="0" duration="1" startRot="0 0 0" endRot="90 0 0" />
        </animation>
        <animation name="rpmAnim">
            <part node="0>11|1" startTime="0" duration="1" startRot="0 0 0" endRot="-118 0 0" />
        </animation>
    </animations>

    <movingTools>
        <!-- pipe -->
        <movingTool index="0>5|2|0" playSound="true">
            <dependentPart index="0>10|2" />
        </movingTool>
        <!-- attacher -->
        <movingTool index="0>5|0|1">
            <dependentPart index="0>10|0" />
        </movingTool>
        <!-- tank back door -->
        <movingTool index="0>9|1|0" playSound="true">
            <dependentPart index="0>10|1" />
            <dependentPart index="0>9|1|0|3" />
            <dependentPart index="0>9|1|1" />
            <dependentPart index="0>9|1|5" />
            <dependentPart index="0>9|1|2" />
            <dependentPart index="0>9|1|3" />
        </movingTool>
    </movingTools>

    <movingParts>
        <!-- pipe -->
        <movingPart index="0>10|2" referencePoint="0>5|2|0|3" referenceFrame="0>" playSound="true" >
            <translatingPart index="0>10|2|0" />
        </movingPart>

        <!-- attacher -->
        <movingPart index="0>10|0" referencePoint="0>5|0|1|0|1" referenceFrame="0>" >
            <translatingPart index="0>10|0|0" />
        </movingPart>

        <!-- tank back door -->
        <movingPart index="0>9|1|0|3" referencePoint="0>9|1|5|1" referenceFrame="0>" scaleZ="true" />
        <movingPart index="0>10|1" referencePoint="0>9|1|0|0" referenceFrame="0>9|1|6" >
            <translatingPart index="0>10|1|0" />
        </movingPart>

        <!-- tank front door -->
        <movingPart index="0>9|1|1" localReferencePoint="0>9|1|1|0" referencePoint="0>9|1|0|1" referenceFrame="0>9|1|7" >
            <dependentPart index="0>9|1|1|0" />
        </movingPart>
        <movingPart index="0>9|1|1|0" referencePoint="0>9|1|0|1" referenceFrame="0>" />
        <!-- tank rotor -->
        <movingPart index="0>9|1|5" localReferencePoint="0>9|1|5|0" referencePoint="0>9|1|0|3" referenceFrame="0>9|1|8" >
            <dependentPart index="0>9|1|5|0" />
        </movingPart>
        <!-- tank door left -->
        <movingPart index="0>9|1|5|0" referencePoint="0>9|1|0|3" referenceFrame="0>" />
        <movingPart index="0>9|1|3" referencePoint="0>9|1|0|4" referenceFrame="0>" limitedAxis="3" >
            <dependentPart index="0>9|1|3|0" />
        </movingPart>
        <movingPart index="0>9|1|3|0" localReferencePoint="0>9|1|3|0|0" referencePoint="0>9|1|4" referenceFrame="0>" >
            <dependentPart index="0>9|1|3|0|0" />
        </movingPart>
        <movingPart index="0>9|1|3|0|0" referencePoint="0>9|1|4" referenceFrame="0>" />
        <!-- tank door right -->
        <movingPart index="0>9|1|2" referencePoint="0>9|1|0|5" referenceFrame="0>" limitedAxis="3">
            <dependentPart index="0>9|1|2|0" />
        </movingPart>
        <movingPart index="0>9|1|2|0" referencePoint="0>9|1|0|6" referenceFrame="0>" limitedAxis="1"/>

        <!-- steering -->
        <movingPart index="1>0|1|0|1" referencePoint="1>0|0|0|1" referenceFrame="1>0|0|0|1" isActiveDirty="true" />
        <movingPart index="1>1|0" referencePoint="1>0|0|0|2" referenceFrame="1>0|0|0|2" isActiveDirty="true" >
            <translatingPart index="1>1|0|0" />
        </movingPart>
        <movingPart index="1>1|1" referencePoint="1>0|1|0|2" referenceFrame="1>0|1|0|2" isActiveDirty="true" >
            <translatingPart index="1>1|1|0" />
        </movingPart>
    </movingParts>

    <pipeEffect>
        <effectNode effectClass="PipeEffect" effectNode="0>5|2|0|1|0" materialType="pipe"  materialTypeId="1" delay="0"   maxBending="1"  positionUpdateNodes="0>5|2|0|1|1"/>
        <effectNode                          effectNode="0>5|2|0|1|1" materialType="smoke" materialTypeId="1" delay="0.1" alignToWorldY="true"/>
    </pipeEffect>

    <combine toggleTime="3500">
        <chopperSwitch available="true" />
        <threshingScrollers>
            <threshingScroller index="0>5|0|1|0|3" scrollSpeed="1" scrollLength="1" shaderParameterName="offsetUV" shaderParameterComponent="1" toggleVisibility="false" turnOnFadeTime="1" turnOffFadeTime="1"/>
        </threshingScrollers>
        <chopperEffect>
            <effectNode effectNode="0>8|1|0" materialType="chopper" materialTypeId="1" delay="0" />
        </chopperEffect>
        <strawEffect>
            <effectNode effectNode="0>8|2|0" materialType="straw"   materialTypeId="1" delay="0" />
        </strawEffect>
        <fillEffect>
            <effectNode effectNode="0>9|1|5|2|0" materialType="unloading" materialTypeId="3" delay="0" />
        </fillEffect>
        <chopperParticleSystems>
            <emitterShape node="0>8|1|1" particleType="chopper" worldSpace="false"/>
            <emitterShape node="0>8|1|2" particleType="smoke" />
        </chopperParticleSystems>
        <strawParticleSystems>
            <emitterShape node="0>8|2|1" particleType="smoke" />
        </strawParticleSystems>
    </combine>

    <exhaustEffects>
        <exhaustEffect index="0>8|0|0" filename="$data/particleSystems/shared/exhaust.i3d" minRpmColor="0.9 0.9 0.9 0.05" maxRpmColor="0.9 0.9 0.9 0.2" minRpmScale="0.08" maxRpmScale="0.6" xzRotationsOffset="0 0" xzRotationsForward="-20 0" xzRotationsBackward="100 0" xzRotationsLeft="20 -150" xzRotationsRight="20 150" />
    </exhaustEffects>

    <fillUnits>
        <fillUnit unit="$l10n_unit_literShort" fillTypeCategories="combine" capacity="9000" />
    </fillUnits>
	<fillMassNode index="0>" mrCOMtransWithMass="0 0.05 0" />

    <fillVolumes>
        <volumes>
            <volume index="0>14|0" maxAllowedHeapAngle="20" maxDelta="0.5" />
        </volumes>

        <unloadInfos>
            <unloadInfo>
                <node index="0>14|1" width="0.4" length="0.4" />
            </unloadInfo>
        </unloadInfos>

        <loadInfos>
            <loadInfo>
                <node index="0>14|2" width="0.4" length="0.4" />
            </loadInfo>
        </loadInfos>

        <dischargeInfos>
            <dischargeInfo>
                <node index="0>5|2|0|2" width="0.4" length="0.4" />
            </dischargeInfo>
        </dischargeInfos>
    </fillVolumes>

    <enterAnimation name="enterAnimation" />

    <workAreas>
        <workArea startIndex="0>15|0" widthIndex="0>15|1" heightIndex="0>15|2" type="combine" />
    </workAreas>

    <ai>
        <trafficCollisionTrigger index="0>7|0" />
    </ai>

    <washable dirtDuration="300" washDuration="1" workMultiplier="2" />

    <components count="2">
        <component1 centerOfMass="0 1.20 1.2" solverIterationCount="10" mrSetMass="11.8" />
        <component2 centerOfMass="0 0 0" solverIterationCount="10" mrSetMass="1.5" />
        <joint component1="0" component2="1" index="0>0|2" rotLimit="0 0 10" transLimit="0 0 0" maxRotDriveForce="0 0 0" rotDriveRotation="- - 0" rotDriveSpring="0 0 0" rotDriveDamping="0 0 0" breakable="false"/>
    </components>

    <schemaOverlay file="$dataS2/menu/schemas/vehicleSchema.png" fileSelected="$dataS2/menu/schemas/vehicleSchemaSelected.png" fileTurnedOn="$dataS2/menu/schemas/vehicleSchemaTurnedOn.png" fileSelectedTurnedOn="$dataS2/menu/schemas/vehicleSchemaSelectedTurnedOn.png" width="0.5" height="0.5" attacherJointPosition="0.5 0" />

 </vehicle>