﻿<?xml version="1.0" encoding="utf-8" standalone="no" ?>
<vehicle type="sowingMachine">
    <annotation>Copyright (C) GIANTS Software GmbH, All Rights Reserved.</annotation>
	
	<!-- MR 
		
		src = http://et.amazone.de/files/pdf/mg102.pdf
		empty weight = 372kg
		capacity = 400L
		neededPower
		
		brakeForce = 0
		
		speedLimit
		inputAttacherJoint
		
		powerConsumer maxForce
		groundReferenceNode chargeValue = 0 for ridge markers !!!
	
	<mrDebug>		
		<drawPoint centerOfMass="0>" />					
	</mrDebug>
	
	-->
	
	
		

    <storeData>
        <name>D8-30 Special</name>
        <specs>
            <neededPower>60</neededPower>
            <workingWidth>3.0</workingWidth>
        </specs>
        <functions>
            <function>$l10n_function_sowingMachine</function>
        </functions>
        <image>store_amazoneD8-30Special.png</image>
        <price>6940</price>
        <dailyUpkeep>20</dailyUpkeep>
        <lifetime>600</lifetime>
        <rotation>0</rotation>
        <brand>AMAZONE</brand>
        <category>sowingMachines</category>
        <fieldJob sizeCategory="1" typeCategory="sowingMachine" />
    </storeData>

    <typeDesc>$l10n_typeDesc_sowingMachine</typeDesc>
    <filename>amazoneD8-30Special/amazoneD8-30Special.i3d</filename>
	
	<wheelConfigurations>
        <wheelConfiguration name="$l10n_configuration_valueDefault" price="0">
            <wheels>
                <wheel restLoad="1.6" repr="0>0|0" forcePointRatio="0.3" radius="0.31" mass="0.2" initialCompression="15" suspTravel="0.2" spring="15" damper="2" isSynchronized="false" mrLateralStiffnessScale="0.3" />
				<wheel restLoad="1.6" repr="0>0|1" forcePointRatio="0.3" radius="0.31" mass="0.2" initialCompression="15" suspTravel="0.2" spring="15" damper="2" isSynchronized="false" mrLateralStiffnessScale="0.3" />
            </wheels>
        </wheelConfiguration>
    </wheelConfigurations>
    <brakeForce>0</brakeForce>

    <size width="3" length="2"/>
	<powerConsumer forceNode="0>" maxForce="6" />
    <speedLimit value="9" />
	
	
	<inputAttacherJoints>
        <inputAttacherJoint index="0>0|3" jointType="implement" lowerDistanceToGround="0.2" upperDistanceToGround="0.6" topReferenceNode="0>0|2" upperRotationOffset="25" lowerRotLimitScale="0.2 0 0.4" rotLimitSpring="200 0 300" />
    </inputAttacherJoints>

    <workAreas>
	    <workArea startIndex="0>0|4" widthIndex="0>0|5" heightIndex="0>0|6" refNodeIndex="0" type="sowingMachine" />
	    <workArea startIndex="0>0|7|0" widthIndex="0>0|7|1" heightIndex="0>0|7|2" startIndexTest="0>0|7|3" widthIndexTest="0>0|7|4" heightIndexTest="0>0|7|5" animName="leftRidge" type="ridgemarker" needsSetIsTurnedOn="false" />
        <workArea startIndex="0>0|8|0" widthIndex="0>0|8|1" heightIndex="0>0|8|2" startIndexTest="0>0|8|3" widthIndexTest="0>0|8|4" heightIndexTest="0>0|8|5" animName="rightRidge" type="ridgemarker" needsSetIsTurnedOn="false" />
    </workAreas>

	<groundReferenceNodes>
        <groundReferenceNode index="0>"       threshold="0.1"  depthNode="0>0|11"/>     
	    <groundReferenceNode index="0>0|7|7" threshold="0.15" depthNode="0>0|7|7" chargeValue="0"/>
	    <groundReferenceNode index="0>0|8|7" threshold="0.15" depthNode="0>0|8|7" chargeValue="0"/>
    </groundReferenceNodes>
	
	<groundParticleAnimations>
	    <groundParticleAnimation>
            <node index="0>0|7|6|0" refNodeIndex="1" maxDepth="-0.05" materialType="SOIL" />
            <node index="0>0|8|6|0" refNodeIndex="2" maxDepth="-0.05" materialType="SOIL" />
        </groundParticleAnimation>
        <groundParticle>
            <node index="0>0|13|0|0" refNodeIndex="0" particleType="SOIL"  />
            <node index="0>0|13|0|1" refNodeIndex="0" particleType="SOIL_CHUNKS" worldSpace="false"/>
			<node index="0>0|13|0|2" refNodeIndex="0" particleType="SOIL_SMOKE"  />
        </groundParticle>
    </groundParticleAnimations>

	<fillUnits>
        <fillUnit unit="$l10n_unit_literShort" fillTypes="seeds" capacity="400" />
    </fillUnits>

    <needsActivation value="true" />
    <fillLitersPerSecond>25</fillLitersPerSecond>
    <seedFruitTypeCategories>sowingMachine</seedFruitTypeCategories>

    <fillVolumes>
		<unloadInfos>
            <unloadInfo>
                <node index="0>0|12|1" width="1.4" length="0.1" />
            </unloadInfo>
        </unloadInfos>
        <loadInfos>
            <loadInfo>
                <node index="0>0|12|2" width="1.4" length="0.1" />
            </loadInfo>
        </loadInfos>
		<volumes>
            <volume index="0>0|12|3" maxDelta="0.1" />
        </volumes>
    </fillVolumes>

    <fillRootNode index="0>" />
    <exactFillRootNode index="0>0|12|0" />
    <fillMassNode index="0>" />

    <sowingSound file="$data/sounds/sowingSound.wav"      pitchOffset="1.0" volume="1.0" indoorVolumeFactor="0.55" />
    <fillSound file="$data/maps/sounds/siloFillSound.wav" pitchOffset="1.0" volume="1.0" indoorVolumeFactor="0.55" volume3D="1.0" innerRadius="10" radius="40" linkNode="0>0"/>
    <cylinderedHydraulicSound file="$data/sounds/cultivatorHydraulic.wav" pitchOffset="1.00" volume="1.00" indoorVolumeFactor="0.75" />

	<speedRotatingParts>
		<speedRotatingPart index="0>0|7|8" radius="0.2" invertDirectionOnRotation="false" turnAnimLimit="0.05" turnAnimLimitSide="1"  refNodeIndex="1" />
        <speedRotatingPart index="0>0|8|8" radius="0.2" invertDirectionOnRotation="false" turnAnimLimit="0.05" turnAnimLimitSide="-1" refNodeIndex="2" />
    </speedRotatingParts>
	
	<ridgeMarkers>
        <ridgeMarker animName="leftRidge" />
        <ridgeMarker animName="rightRidge" />
    </ridgeMarkers>

    <animations>
		<!-- move left arm-->
        <animation name="leftRidge">
            <part node="0>0|7" startTime="0" duration="1.5" startRot="0 0 90" endRot="0 0 0" />
        </animation>
        <!-- move right arm-->
        <animation name="rightRidge">
            <part node="0>0|8" startTime="0" duration="1.5" startRot="0 0 -90" endRot="0 0 0" />
        </animation>
		<animation name="toggleCover">
		    <part node="0>0|9" startTime="0" endTime="1.3" startRot="70 0 0" endRot="0 0 0" />
        </animation>
    </animations>
	
	
	<cover animationName="toggleCover" openOnBuy="false"/>

    <ai>
        <areaMarkers leftIndex="0>0|10|0" rightIndex="0>0|10|1" backIndex="0>0|10|2" />
    </ai>

    <washable dirtDuration="90" washDuration="1" workMultiplier="20" />

    <components count="1">
        <component1 centerOfMass="0 0.4 0.25" solverIterationCount="4" mrSetMass="0.42" />
    </components>

    <schemaOverlay file="$dataS2/menu/schemas/implementSchema.png" fileSelected="$dataS2/menu/schemas/implementSchemaSelected.png" fileTurnedOn="$dataS2/menu/schemas/implementSchemaTurnedOn.png" fileSelectedTurnedOn="$dataS2/menu/schemas/implementSchemaSelectedTurnedOn.png" width="0.5" height="0.5" attacherJointPosition="0 0"/>

</vehicle>