﻿<?xml version="1.0" encoding="utf-8" standalone="no" ?>
<vehicle type="tractor">
    <annotation>Copyright (C) GIANTS Software GmbH, All Rights Reserved.</annotation>
	
	<!-- MR
	
		weight : about 6.7T instead of 12T
		
		motor config
		wheels
		
		rpm meter (this is not a speedometer)
		fixed rpmDisplay animation
		
		attacherJoint (rotlimit)
		
		
		
	<mrDebug>		
		<drawPoint centerOfMass="0>" />
		<drawPoint centerOfMass="1>" />			
	</mrDebug>
	
	-->
	
	
	
	
	<moreRealistic useMrTransmission="true">		
		<dragArea value="4.1" />
		<engine rotInertiaFx="1" transmissionEfficiency="0.88" minSpeed="3" fuelUsageFactor="1.2" engineBrakeRpm="2550" /> <!-- about 37L per Hour at max power-->
	</moreRealistic>

    <storeData>
        <name>FASTRAC 150</name>
        <specs>
            <power>168</power>
            <maxSpeed>65</maxSpeed>
        </specs>
        <functions>
            <function>$l10n_function_tractor</function>
        </functions>
        <image>store_jcbFastrac150.png</image>
        <price>65230</price>
        <dailyUpkeep>300</dailyUpkeep>
        <lifetime>600</lifetime>
        <rotation>0</rotation>
        <brand>JCB</brand>
        <category>tractors</category>
        <fieldJob sizeCategory="1" typeCategory="tractor" hasFrontAndBackHydraulics="false" />
    </storeData>

    <typeDesc>$l10n_typeDesc_tractor</typeDesc>
    <filename>jcbFastrac150/jcbFastrac150.i3d</filename>

    <size width="2.5" length="4"/>

	<wheelConfigurations>
        <wheelConfiguration name="$l10n_configuration_valueDefault" price="0">
            <wheels autoRotateBackSpeed="1.5">
                <wheel rotSpeed="1" restLoad="3.0" repr="1>0|0|0" driveNode="1>0|0|0|0" forcePointRatio="0.5" filename="jcbFastrac150/wheels/TM700_480_70R30_HS.xml" isLeft="true"  initialCompression="10" suspTravel="0.25" spring="50" damper="8" hasTireTracks="true" hasParticles="true" />
                <wheel rotSpeed="1" restLoad="3.0" repr="1>0|1|0" driveNode="1>0|1|0|0" forcePointRatio="0.5" filename="jcbFastrac150/wheels/TM700_480_70R30_HS.xml" isLeft="false" initialCompression="10" suspTravel="0.25" spring="50" damper="8" hasTireTracks="true" hasParticles="true" />
                <wheel rotSpeed="0" restLoad="3.0" repr="0>0|0"                         forcePointRatio="0.5" filename="jcbFastrac150/wheels/TM700_480_70R30_HS.xml" isLeft="true"  initialCompression="10" suspTravel="0.25" spring="110" damper="15" hasTireTracks="true" hasParticles="true" />
                <wheel rotSpeed="0" restLoad="3.0" repr="0>0|1"                         forcePointRatio="0.5" filename="jcbFastrac150/wheels/TM700_480_70R30_HS.xml" isLeft="false" initialCompression="10" suspTravel="0.25" spring="110" damper="15" hasTireTracks="true" hasParticles="true" />
            </wheels>
        </wheelConfiguration>
		<wheelConfiguration name="$l10n_configuration_valueWheelBroad" price="1000" icon="$dataS2/menu/hud/configurations/config_wheel_broad.png" >
            <wheels autoRotateBackSpeed="1.5">
                <wheel rotSpeed="1" restLoad="3.0" repr="1>0|0|0" driveNode="1>0|0|0|3" forcePointRatio="0.5" filename="jcbFastrac150/wheels/TM800_600_65R28.xml" isLeft="true"  initialCompression="10" suspTravel="0.25" spring="50" damper="10" hasTireTracks="true" hasParticles="true" mrPressureFx="0.8" />
                <wheel rotSpeed="1" restLoad="3.0" repr="1>0|1|0" driveNode="1>0|1|0|3" forcePointRatio="0.5" filename="jcbFastrac150/wheels/TM800_600_65R28.xml" isLeft="false" initialCompression="10" suspTravel="0.25" spring="50" damper="10" hasTireTracks="true" hasParticles="true" mrPressureFx="0.8" />
                <wheel rotSpeed="0" restLoad="3.0" repr="0>0|3"                         forcePointRatio="0.5" filename="jcbFastrac150/wheels/TM800_600_65R28.xml" isLeft="true"  initialCompression="10" suspTravel="0.25" spring="110" damper="18" hasTireTracks="true" hasParticles="true" mrPressureFx="0.8" />
                <wheel rotSpeed="0" restLoad="3.0" repr="0>0|4"                         forcePointRatio="0.5" filename="jcbFastrac150/wheels/TM800_600_65R28.xml" isLeft="false" initialCompression="10" suspTravel="0.25" spring="110" damper="18" hasTireTracks="true" hasParticles="true" mrPressureFx="0.8" />
            </wheels>
			<objectChange node="0>15|1"  translationActive="-0.82 1.05 -1.7" />
            <objectChange node="0>15|2"  translationActive="0.82 1.05 -1.7" />
            <objectChange node="1>3|0"   translationActive="-0.82 0.926 1.305" />
            <objectChange node="1>3|1"   translationActive="0.82 0.9261 1.305" />
        </wheelConfiguration>
		<wheelConfiguration name="$l10n_configuration_valueTwinWheelsBack" price="3000" icon="$dataS2/menu/hud/configurations/config_wheel_twin.png" >
            <wheels autoRotateBackSpeed="1.5" >
                <wheel rotSpeed="1" restLoad="3.0" repr="1>0|0|0" driveNode="1>0|0|0|0" forcePointRatio="0.5" filename="jcbFastrac150/wheels/TM700_480_70R30_HS.xml" isLeft="true"  initialCompression="10" suspTravel="0.25" spring="50" damper="8" hasTireTracks="true" hasParticles="true" />
                <wheel rotSpeed="1" restLoad="3.0" repr="1>0|1|0" driveNode="1>0|1|0|0" forcePointRatio="0.5" filename="jcbFastrac150/wheels/TM700_480_70R30_HS.xml" isLeft="false" initialCompression="10" suspTravel="0.25" spring="50" damper="8" hasTireTracks="true" hasParticles="true" />
                <wheel rotSpeed="0" restLoad="3.1" repr="0>0|0"                         forcePointRatio="0.5" filename="jcbFastrac150/wheels/TM700_480_70R30_HS.xml" isLeft="true"  initialCompression="10" suspTravel="0.25" spring="110" damper="15" hasTireTracks="true" hasParticles="true" >
                    <additionalWheel filename="jcbFastrac150/wheels/TM700_480_70R30_HS.xml" configIndex="dual" isLeft="true" offset="0.13" addRaycast="true" hasTireTracks="true" hasParticles="true" >
                        <connector filename="$data/vehicles/wheels/rims/dual001.i3d" index="0|0" diameter="31.5"/>
                    </additionalWheel>
                </wheel>
                <wheel rotSpeed="0" restLoad="3.1" repr="0>0|1"                         forcePointRatio="0.5" filename="jcbFastrac150/wheels/TM700_480_70R30_HS.xml" isLeft="false" initialCompression="10" suspTravel="0.25" spring="110" damper="15" hasTireTracks="true" hasParticles="true" >
                    <additionalWheel filename="jcbFastrac150/wheels/TM700_480_70R30_HS.xml" configIndex="dual" isLeft="false" offset="0.13" addRaycast="true" hasTireTracks="true" hasParticles="true" >
                        <connector filename="$data/vehicles/wheels/rims/dual001.i3d" index="0|1" diameter="31.5"/>
                    </additionalWheel>
                </wheel>
            </wheels>
            <objectChange node="0>15|1"  translationActive="-1.14 1.05 -1.7" />
            <objectChange node="0>15|2"  translationActive="1.14 1.05 -1.7" />
            <size width="5" />
        </wheelConfiguration>
		<wheelConfiguration name="$l10n_configuration_valueTwinWheelsAll" price="6000" icon="$dataS2/menu/hud/configurations/config_wheel_twin.png">
            <wheels autoRotateBackSpeed="1.5" ackermannSteeringIndex="2">
                <wheel rotSpeed="1" restLoad="3.1" repr="1>0|0|0" driveNode="1>0|0|0|0" forcePointRatio="0.5" filename="jcbFastrac150/wheels/TM700_480_70R30_HS.xml" isLeft="true"  initialCompression="10" suspTravel="0.25" spring="50" damper="8" hasTireTracks="true" hasParticles="true" >
                    <additionalWheel filename="jcbFastrac150/wheels/TM700_480_70R30_HS.xml" configIndex="dual" isLeft="true" offset="0.13" addRaycast="true" hasTireTracks="true" hasParticles="true" >
                        <connector filename="$data/vehicles/wheels/rims/dual001.i3d" index="0|0" diameter="31.5"/>
                    </additionalWheel>
                </wheel>
                <wheel rotSpeed="1" restLoad="3.1" repr="1>0|1|0" driveNode="1>0|1|0|0" forcePointRatio="0.5" filename="jcbFastrac150/wheels/TM700_480_70R30_HS.xml" isLeft="false" initialCompression="10" suspTravel="0.25" spring="50" damper="8" hasTireTracks="true" hasParticles="true" >
                    <additionalWheel filename="jcbFastrac150/wheels/TM700_480_70R30_HS.xml" configIndex="dual" isLeft="false" offset="0.13" addRaycast="true" hasTireTracks="true" hasParticles="true" >
                        <connector filename="$data/vehicles/wheels/rims/dual001.i3d" index="0|1" diameter="31.5"/>
                    </additionalWheel>
                </wheel>
                <wheel rotSpeed="0" restLoad="3.1" repr="0>0|0"                         forcePointRatio="0.5" filename="jcbFastrac150/wheels/TM700_480_70R30_HS.xml" isLeft="true"  initialCompression="10" suspTravel="0.25" spring="110" damper="15" hasTireTracks="true" hasParticles="true" >
                    <additionalWheel filename="jcbFastrac150/wheels/TM700_480_70R30_HS.xml" configIndex="dual" isLeft="true" offset="0.13" addRaycast="true" hasTireTracks="true" hasParticles="true" >
                        <connector filename="$data/vehicles/wheels/rims/dual001.i3d" index="0|0" diameter="31.5"/>
                    </additionalWheel>
                </wheel>
                <wheel rotSpeed="0" restLoad="3.1" repr="0>0|1"                         forcePointRatio="0.5" filename="jcbFastrac150/wheels/TM700_480_70R30_HS.xml" isLeft="false" initialCompression="10" suspTravel="0.25" spring="110" damper="15" hasTireTracks="true" hasParticles="true" >
                    <additionalWheel filename="jcbFastrac150/wheels/TM700_480_70R30_HS.xml" configIndex="dual" isLeft="false" offset="0.13" addRaycast="true" hasTireTracks="true" hasParticles="true" >
                        <connector filename="$data/vehicles/wheels/rims/dual001.i3d" index="0|1" diameter="31.5"/>
                    </additionalWheel>
                </wheel>
            </wheels>
            <objectChange node="0>15|1"  translationActive="-1.14 1.05 -1.7" />
            <objectChange node="0>15|2"  translationActive="1.14 1.05 -1.7" />
            <objectChange node="1>3|0"   translationActive="-1.14 0.926 1.305" />
            <objectChange node="1>3|1"   translationActive="1.14 0.9261 1.305" />
            <size width="5" />
        </wheelConfiguration>
		<wheelConfiguration name="$l10n_configuration_valueWheelNarrow" price="800" icon="$dataS2/menu/hud/configurations/config_wheel_thin.png" >
            <wheels autoRotateBackSpeed="1.5">
                <wheel rotSpeed="1" restLoad="2.9" repr="1>0|0|0" driveNode="1>0|0|0|0" forcePointRatio="0.5" filename="jcbFastrac150/wheels/TM100_270_95R38.xml" isLeft="true"  initialCompression="10" suspTravel="0.25" spring="50" damper="6" hasTireTracks="true" hasParticles="true" />
                <wheel rotSpeed="1" restLoad="2.9" repr="1>0|1|0" driveNode="1>0|1|0|0" forcePointRatio="0.5" filename="jcbFastrac150/wheels/TM100_270_95R38.xml" isLeft="false" initialCompression="10" suspTravel="0.25" spring="50" damper="6" hasTireTracks="true" hasParticles="true" />
                <wheel rotSpeed="0" restLoad="2.9" repr="0>0|0"                         forcePointRatio="0.5" filename="jcbFastrac150/wheels/TM100_270_95R38.xml" isLeft="true"  initialCompression="10" suspTravel="0.25" spring="110" damper="12" hasTireTracks="true" hasParticles="true" />
                <wheel rotSpeed="0" restLoad="2.9" repr="0>0|1"                         forcePointRatio="0.5" filename="jcbFastrac150/wheels/TM100_270_95R38.xml" isLeft="false" initialCompression="10" suspTravel="0.25" spring="110" damper="12" hasTireTracks="true" hasParticles="true" />
            </wheels>
        </wheelConfiguration>
    </wheelConfigurations>

	<ackermannSteeringConfigurations>
        <ackermannSteering rotSpeed="60" rotMax="29" rotCenterWheel1="2" rotCenterWheel2="3" />
        <ackermannSteering rotSpeed="60" rotMax="26" rotCenterWheel1="2" rotCenterWheel2="3" />
    </ackermannSteeringConfigurations>

    <differentialConfigurations>
        <differentials>
            <differential torqueRatio="0.5" maxSpeedRatio="1" wheelIndex1="0" wheelIndex2="1" /> <!-- front left-right -->
            <differential torqueRatio="0.5" maxSpeedRatio="1" wheelIndex1="2" wheelIndex2="3" /> <!-- back left-right -->
            <differential torqueRatio="0.5" maxSpeedRatio="1" differentialIndex1="0" differentialIndex2="1" /> <!-- front-back -->
        </differentials>
    </differentialConfigurations>

    <motorConfigurations>
        <motorConfiguration name="$l10n_40" hp="168" price="0">
            <motor torqueScale="0.580" minRpm="900" maxRpm="2600" maxForwardSpeed="40" maxBackwardSpeed="30" brakeForce="6" lowBrakeForceScale="0.22" lowBrakeForceSpeedLimit="1" rotInertia="0.001" minForwardGearRatio="12.57" maxForwardGearRatio="150" minBackwardGearRatio="32" maxBackwardGearRatio="150" ptoMotorRpmRatio="4.067">
                <torque normRpm="0.35" torque="0.8"/>
				<torque normRpm="0.54" torque="1"/>
                <torque normRpm="0.81" torque="0.86"/>
                <torque normRpm="0.885" torque="0.815"/>
                <torque normRpm="0.92" torque="0.767"/>
                <torque normRpm="0.96" torque="0.66"/>
                <torque normRpm="1" torque="0"/>
            </motor>
        </motorConfiguration>
		<motorConfiguration name="$l10n_55" price="2400" dailyUpkeep="30" icon="$dataS2/menu/hud/configurations/config_edition.png">
            <motor maxForwardSpeed="55"/>
        </motorConfiguration>
		<motorConfiguration name="$l10n_65" price="5100" dailyUpkeep="60" icon="$dataS2/menu/hud/configurations/config_edition.png">
            <motor maxForwardSpeed="66"/>
        </motorConfiguration>
		<motorConfiguration name="$l10n_75" price="8700" dailyUpkeep="90" icon="$dataS2/menu/hud/configurations/config_edition.png">
            <motor maxForwardSpeed="76"/>
        </motorConfiguration>
    </motorConfigurations>

    <fuelCapacity>280</fuelCapacity>

    <cameras count="2">
        <camera1 index="0>1|0|0" rotatable="true" rotateNode="0>1|0" limit="true" useWorldXZRotation="true" rotMinX="-1.4" rotMaxX="1" transMin="3.5" transMax="35" >
            <raycastNode index="0>1|2"/>
            <raycastNode index="0>1|3"/>
        </camera1>
        <camera2 index="0>1|1" rotatable="true" limit="true" rotMinX="-1.1" rotMaxX="0.4" transMin="0" transMax="0" useMirror="true" isInside="true" />
    </cameras>

    <lights>
        <low>
            <light                       decoration="0>2|0|0"   lightTypes="0 3" />
            <light realLight="0>2|0|1"                          lightTypes="0" excludedLightTypes="3" /> <!--FrontLights-->
            <light                       decoration="0>2|2|0"   lightTypes="0 1"/> <!--BackLights-->
            <light realLight="0>2|1|0|1" decoration="0>2|1|0|0" lightTypes="1"/> <!--WorklightBack-->
            <light                       decoration="0>2|1|1|0" lightTypes="2"/> <!--WorklightFront-->
            <light realLight="0>2|0|2"                          lightTypes="3"/> <!--HighBeam -->
        </low>
        <high>
            <light                       decoration="0>2|0|0"   lightTypes="0 3" />
            <light realLight="0>2|0|3"                          lightTypes="0" excludedLightTypes="2 3" /> <!--FrontLights-->
            <light realLight="0>2|2|1"   decoration="0>2|2|0"   lightTypes="0 3" /> <!--BackLights-->
            <light realLight="0>2|1|0|2" decoration="0>2|1|0|0" lightTypes="1" /> <!--WorklightBack  -->
            <light realLight="0>2|1|1|1" decoration="0>2|1|1|0" lightTypes="2"  /> <!--WorklightFront -->
            <light realLight="0>2|0|4"                          lightTypes="3" excludedLightTypes="2" /> <!--HighBeam-->
        </high>
        <states>
            <state lightTypes="0" />
            <state lightTypes="0 1" />
            <state lightTypes="0 1 2" />
        </states>
    </lights>

    <brakeLights>
        <brakeLight realLight="0>2|4|1" decoration="0>2|4|0" />
    </brakeLights>

    <turnLights>
        <turnLightLeft realLight="0>2|3|0|1" decoration="0>2|3|0|0" />
        <turnLightLeft realLight="0>2|3|0|2" />
        <turnLightRight realLight="0>2|3|1|1" decoration="0>2|3|1|0" />
        <turnLightRight realLight="0>2|3|1|2" />
    </turnLights>
	
	<beaconLights>
        <beaconLight index="0>2|5" speed="0.015" filename="$data/shared/beaconLights/beaconLight02.i3d" />
    </beaconLights>

    <reverseLights>
        <reverseLight realLight="0>2|6|1" decoration="0>2|6|0" />
    </reverseLights>
	
    <mirrors>
        <mirror index="0>11|0" prio="1" />
        <mirror index="0>11|1" prio="1" />
    </mirrors>

    <enterReferenceNode index="0>"/>
    <exitPoint index="0>3"/>

    <attacherJoints comboDuration="2">
		<attacherJoint index="0>5|0|0|0|0" rotationNode="0>5|0|0" rotationNode2="0>5|0|0|0" upperRotation="35 0 0" lowerRotation="-13 0 0" upperDistanceToGround="1.10" lowerDistanceToGround="0.33" upperRotationOffset="0.3" lowerRotationOffset="-0.3" moveTime="3" ptoOutputNode="0>5|2|0" comboTime="1">
            <bottomArm rotationNode="0>5|0|1" translationNode="0>5|0|1|0" referenceNode="0>5|0|1|0|0" zScale="-1" startRotation="2 0 0" />
            <topArm baseNode="0>5|0|2" filename="$data/shared/vehicleParts/upperLink.i3d" zScale="-1" />
			<schema position="1 0" rotation="0" invertX="false" />
            <objectChange node="0>5|1|0" visibilityActive="false" visibilityInactive="true" />
        </attacherJoint>
        <!-- trailer attacher rear-->
        <attacherJoint index="0>5|1|0|0" transNode="0>5|1|0" transNodeMinY="0.71" transNodeMaxY="1.205" jointType="trailer" lowerRotLimit="20 70 50" upperRotRotationOffset="0" allowsJointLimitMovement="false" ptoOutputNode="0>5|2|0" comboTime="1" >
			<schema position="1 0" rotation="0" invertX="false" />
            <objectChange node="0>5|0|2" visibilityActive="false"/>
			<objectChange node="0>5|1|0" visibilityActive="true"/>
        </attacherJoint>
        <attacherJoint index="0>5|1|1|0" jointType="trailerLow" lowerRotLimit="20 70 50" upperRotRotationOffset="0" allowsJointLimitMovement="false" ptoOutputNode="0>5|2|0" comboTime="1">
			<schema position="1 0" rotation="0" invertX="false" />
		    <objectChange node="0>5|0|1" rotationActive="25 0 0"  rotationInactive="-17 0 0" />
            <objectChange node="0>5|1|0" visibilityActive="false"  visibilityInactive="true" />
            <steeringBars leftNode="0>5|1|1|1" rightNode="0>5|1|1|2" />
        </attacherJoint>
		<!-- attacher front-->
		<attacherJoint index="0>5|0|3|0|0" rotationNode="0>5|0|3" rotationNode2="0>5|0|3|0" upperRotation="-27 0 0" lowerRotation="10 0 0" upperDistanceToGround="1" lowerDistanceToGround="0.38" upperRotationOffset="-0.3" moveTime="2.5" ptoOutputNode="0>5|2|1" comboTime="0">
            <bottomArm rotationNode="0>5|0|4" translationNode="0>5|0|4|0" referenceNode="0>5|0|4|0|0" zScale="1" startRotation="0 0 0"/>
            <topArm baseNode="0>5|0|5" filename="$data/shared/vehicleParts/upperLink.i3d" zScale="1" toggleVisibility="true" />
            <schema position="0 0" rotation="0" invertX="true" />
			<objectChange node="0>5|0|4|0|2" rotationActive="0 0 0" />
		</attacherJoint>
    </attacherJoints>

    <movingTools>
        <!-- attacher joint back bottom-->
        <movingTool index="0>5|0|1">
            <dependentPart index="0>9|0" />
        </movingTool>
		<!-- attacher joint front bottom-->
        <movingTool index="0>5|0|4">
            <!-- cylinder -->
            <dependentPart index="0>9|2" />
        </movingTool>
    </movingTools>

    <movingParts>
	    <!-- front -->
        <movingPart index="0>9|2" referencePoint="0>5|0|4|0|1" referenceFrame="0>9|3" >
            <translatingPart index="0>9|2|0" />
        </movingPart>
        <!-- back -->
        <movingPart index="0>9|0" referencePoint="0>5|0|1|0|1" localReferencePoint="0>9|0|0" referenceFrame="0>5|0|1|0" >
            <dependentPart index="0>9|0|0" />
        </movingPart>
        <!-- attacher joint back bottom cylinder 2b -->
        <movingPart index="0>9|0|0" referencePoint="0>5|0|1|0|1" referenceFrame="0>5|0|1|0|1">
            <dependentPart index="0>9|14" />
			<dependentPart index="0>9|1" />
        </movingPart>
		<!-- hydraulic -->
		<movingPart index="0>9|1" referencePoint="0>5|0|1|0|2" referenceFrame="0>5|0|1|0|2" scaleZ="true"/>
		<movingPart index="0>9|14" referencePoint="0>5|0|1|0|3" referenceFrame="0>5|0|1|0|3" scaleZ="true"/>
        <!-- steering -->
        <movingPart index="1>0|0|0|2" referencePoint="1>0|1|0|2" referenceFrame="0>" isActiveDirty="true" />
		
		<movingPart index="0>9|4" referencePoint="0>9|0|1" referenceFrame="0>9|0|1" isActiveDirty="true" >
            <translatingPart index="0>9|4|0" />
        </movingPart>
		
		<movingPart index="0>9|6" referencePoint="1>2|4" referenceFrame="0>" isActiveDirty="true" >
            <translatingPart index="0>9|6|0" />
        </movingPart>
		
		<movingPart index="0>9|5" referencePoint="1>2|5" referenceFrame="0>" isActiveDirty="true" >
            <translatingPart index="0>9|5|0" />
        </movingPart>
		
		<movingPart index="1>1|0" referencePoint="1>0|0|0|2|0" referenceFrame="0>" isActiveDirty="true" >
            <translatingPart index="1>1|0|0" />
        </movingPart>
		
		<movingPart index="0>9|7" referencePoint="1>2|2|0" referenceFrame="1>2|2|0" isActiveDirty="true" >
            <translatingPart index="0>9|7|0" />
        </movingPart>
	
		
		<!-- springs -->
		<movingPart index="1>2|0" referencePoint="0>9|12" referenceFrame="0>" scaleZ="true" isActiveDirty="true" />
		<movingPart index="1>2|1" referencePoint="0>9|13" referenceFrame="0>" scaleZ="true" isActiveDirty="true" />
		
		<movingPart index="0>9|10" referencePoint="1>1|1" referenceFrame="0>" scaleZ="true" isActiveDirty="true" />
		<movingPart index="0>9|9" referencePoint="1>1|4" referenceFrame="0>" scaleZ="true" isActiveDirty="true" />
		<movingPart index="0>9|11" referencePoint="1>1|2" referenceFrame="0>" scaleZ="true" isActiveDirty="true" />
		<movingPart index="0>9|8" referencePoint="1>1|3" referenceFrame="0>" scaleZ="true" isActiveDirty="true" />
    </movingParts>
	
	<animations>
        <animation name="rpmDisplay">
			<part node="0>10|1" startTime="0" endTime="0.39" startRot="0 0 85" endRot="0 0 -18" />
            <part node="0>10|1" startTime="0.39" endTime="0.59" startRot="0 0 -18" endRot="0 0 -85" />
			<part node="0>10|1" startTime="0.59" endTime="1" startRot="0 0 -85" endRot="0 0 -190" />
        </animation>
        <animation name="fuelDisplay">
            <part node="0>10|0" startTime="0" endTime="1" startRot="0 0 0" endRot="0 0 -120" />
        </animation>
    </animations>

    <steering index="0>4|0" indoorRotation="540" outdoorRotation="40" />
	
	<speedRotatingParts>
		<speedRotatingPart index="1>0|0|0|1" wheelIndex="1" />
		<speedRotatingPart index="1>2|3|1" wheelIndex="1" />
		<speedRotatingPart index="1>2|3|0" wheelIndex="0" />
		<speedRotatingPart index="1>0|1|0|1" wheelIndex="0" />    
    </speedRotatingParts>
    

    <characterNode index="0>6|0" cameraMinDistance="1.5" filename="$dataS2/character/player/player.xml" spineRotation="180 0 100" >
        <target ikChain="rightFoot" targetNode="0>6|1" />
        <target ikChain="leftFoot"  targetNode="0>6|2" />
        <target ikChain="rightArm"  targetNode="0>4|0|0" setDirty="true"/>
        <target ikChain="leftArm"   targetNode="0>4|0|1" setDirty="true" />
    </characterNode>

    <ai>
        <trafficCollisionTrigger index="0>7|0" />
    </ai>

	<indoorHud>
        <rpm animName="rpmDisplay" minValueAnim="0" maxValueAnim="2550" /> <!-- mr   rpm meter -->
        <fuel animName="fuelDisplay" />
    </indoorHud>
	
    <exhaustEffects>
        <exhaustEffect index="0>8|0" filename="$data/particleSystems/shared/exhaust.i3d" minRpmColor="0.9 0.9 0.9 0.1" maxRpmColor="0.9 0.9 0.9 0.4" minRpmScale="0.05" maxRpmScale="0.5" xzRotationsOffset="0 0" xzRotationsForward="-250 0" xzRotationsBackward="50 0" xzRotationsLeft="0 100" xzRotationsRight="0 -100" />
    </exhaustEffects>

    <motorStartDuration>3000</motorStartDuration>
    <motorStartSound file="jcbFastrac150/sounds/jcb_fastrac_150_start.wav"         pitchOffset="1.00"  volume="1.10"  indoorVolumeFactor="0.60"  indoorLowpassGain="0.95"/>
    <motorSound file="jcbFastrac150/sounds/jcb_fastrac_150_idle.wav"               pitchOffset="1.10"  volume="1.10"  indoorVolumeFactor="0.60"  indoorLowpassGain="0.95"  volumeMin="0.75" volumeMinSpeed="5" pitchMax="0.95" />
    <motorStopSound file="jcbFastrac150/sounds/jcb_fastrac_150_stop.wav"  pitchOffset="1.00"  volume="1.10"  indoorVolumeFactor="0.60"  indoorLowpassGain="0.95"/>

    <motorSoundRun file="jcbFastrac150/sounds/jcb_fastrac_150_run.wav"         pitchOffset="0.50"  volume="1.00" indoorVolumeFactor="0.60"  indoorLowpassGain="0.95" pitchMax="1.00" />
    <motorSoundLoad file="$data/vehicles/steerable/deutz/deutzAgrostar661_run.wav"       pitchOffset="0.5"  volume="1.20" indoorVolumeFactor="0.54"  indoorLowpassGain="0.95" pitchMax="1.34"  minimalVolumeFactor="0.06" />

    <gearboxSound file="$data/sounds/transmission/transmissionSmall.wav"                 pitchOffset="0.65"  volume="0.23"  indoorVolumeFactor="0.80"  indoorLowpassGain="0.95" pitchMax="1.0" volumeMax="0.80"  />
    <retarderSound file="$data/sounds/transmission/transmissionOld.wav"                  pitchOffset="0.65"  volume="0.25"  indoorVolumeFactor="0.84"  indoorLowpassGain="0.95" minSpeed="1.0" pitchMax="1.75"   volumeMax="0.31"  />

    <attachSound file="$data/sounds/attach.wav"                                          pitchOffset="1.00"  volume="0.80"  indoorVolumeFactor="0.60"  indoorLowpassGain="0.95"/>
    <hydraulicSound file="$data/sounds/hydraulicUp.wav"                                  pitchOffset="0.55"  volume="0.80"  indoorVolumeFactor="0.60"  indoorLowpassGain="0.95" />
    <honkSound file="$data/sounds/horn.wav"                                              pitchOffset="1.00"  volume="1.00"  indoorVolumeFactor="0.60"  indoorLowpassGain="0.95" radius="70" innerRadius="10" />

    <brakeCompressor capacity="10000" fillSpeed="290" />
    <maximalAirConsumptionPerFullStop value="1500" />
    <brakeCompressorStartSound file="$data/sounds/technicalAccessories/brakeSmall.wav"            pitchOffset="1.10" volume="0.55"  indoorVolumeFactor="0.60"  indoorLowpassGain="0.95"/>
    <brakeCompressorRunSound file="$data/sounds/technicalAccessories/compressor_idle.wav"         pitchOffset="0.73" volume="0.15"  indoorVolumeFactor="0.75"  indoorLowpassGain="0.95" pitchMax="0.80"   />
    <brakeCompressorStopSound file="$data/sounds/technicalAccessories/compressor_stop.wav"        pitchOffset="0.70" volume="0.50"  indoorVolumeFactor="0.60"  indoorLowpassGain="0.95"/>
    <compressedAirSound file="$data/sounds/technicalAccessories/brakeOld.wav"                     pitchOffset="0.90" volume="0.65"  indoorVolumeFactor="0.85"  indoorLowpassGain="0.95"/>
    <airReleaseValveSound file="$data/sounds/technicalAccessories/brakeSmall.wav"                 pitchOffset="1.00" volume="0.65"  indoorVolumeFactor="0.80"  indoorLowpassGain="0.95"/>

    <tipOcclusionAreas>
        <tipOcclusionArea start="0>13|0|0" width="0>13|0|1" height="0>13|0|2" />
        <tipOcclusionArea start="0>13|1|0" width="0>13|1|1" height="0>13|1|2" />
    </tipOcclusionAreas>

    <washable dirtDuration="50" washDuration="1" workMultiplier="4" />

    <components count="2">
        <component1 centerOfMass="0 1 -0.5" solverIterationCount="20" mrSetMass="4.4" />
        <component2 centerOfMass="0 0 0" solverIterationCount="20" mrSetMass="1.5" />
        <joint component1="0" component2="1" index="0>0|2" rotLimit="0 0 6" transLimit="0 0 0" maxRotDriveForce="0 0 50" rotDriveRotation="- - 0" rotDriveSpring="0 0 6" rotDriveDamping="0 0 6" breakable="false"/>
    </components>

    <schemaOverlay file="$dataS2/menu/schemas/vehicleSchema.png" fileSelected="$dataS2/menu/schemas/vehicleSchemaSelected.png" width="0.5" height="0.5" attacherJointPosition="0.5 0" />
	
</vehicle>
