﻿<?xml version="1.0" encoding="utf-8" standalone="no" ?>
<vehicle type="plough">
    <annotation>Copyright (C) GIANTS Software GmbH, All Rights Reserved.</annotation>
	
	<!-- MR
	
		1370Kgs
		
		speedLimit
		powerConsumer forceNodeCOM to avoid weird behavior when turning while working, real working width = 2.23 => force = 9*2.23=20
		wheel => damper
		brakeforce
		groundReferencenode => chargeValue=0 for "groundParticleAnimation" effect groundreferencenode
		center of mass
	
		inputAttacherJoint
		
			
	<mrDebug>		
		<drawPoint centerOfMass="0>" />		
		<drawPoint node="0>" translation="0 0.1 -2.5" />		
	</mrDebug>
	
	-->
	

    <storeData>
        <name>EG 85</name>
        <specs>
            <neededPower>120</neededPower>
            <workingWidth>2.0</workingWidth>
        </specs>
        <functions>
            <function>$l10n_function_plough</function>
        </functions>
        <image>store_kvernelandEG85.png</image>
        <price>8450</price>
        <dailyUpkeep>10</dailyUpkeep>
        <lifetime>600</lifetime>
        <rotation>0</rotation>
        <brand>KVERNELAND</brand>
        <category>plows</category>
        <fieldJob sizeCategory="1" typeCategory="plough" />
    </storeData>

    <typeDesc>$l10n_typeDesc_plough</typeDesc>
    <filename>kvernelandEG85/kvernelandEG85.i3d</filename>

    <size width="3" length="5" widthOffset="0.3" lengthOffset="-2.2"/>
    <speedLimit value="13" />
    <powerConsumer neededPtoPower="0" forceNode="0>" maxForce="18" forceNodeCOM="0 0.1 -2.5" />
	
	<wheelConfigurations>
        <wheelConfiguration name="$l10n_configuration_valueDefault" price="0">
            <wheels>
                <wheel restLoad="1.6" repr="0>0|2|0|0|1|0|0|0" forcePointRatio="0.2" radius="0.238" mass="0.04" initialCompression="50" suspTravel="0.05" spring="40" damper="1" isSynchronized="false" rotationDamping="0" frictionScale="0.1" />
            </wheels>
        </wheelConfiguration>
    </wheelConfigurations>
    <brakeForce>0</brakeForce>

    <inputAttacherJoints>
        <inputAttacherJoint index="0>0|0" jointType="implement" topReferenceNode="0>0|1" lowerDistanceToGround="0.45" upperDistanceToGround="0.95" upperRotationOffset="12" lowerRotationOffset="0" lowerRotLimitScale="0 0 0.5" rotLimitSpring="0 0 800"/>
    </inputAttacherJoints>

    <workAreas>
        <workArea startIndex="0>0|2|0|0|3|0" widthIndex="0>0|2|0|0|3|1" heightIndex="0>0|2|0|0|3|2" refNodeIndex="0" type="plough" />
    </workAreas>

    <groundReferenceNodes>
        <groundReferenceNode index="0>0|2|0|0" threshold="1" />
        <groundReferenceNode index="0>0|2|0|0|5|1" threshold="0.2" depthNode="0>0|2|0|0|5|1" chargeValue="0"/>
        <groundReferenceNode index="0>0|2|0|0|5|3" threshold="0.2" depthNode="0>0|2|0|0|5|3" chargeValue="0"/>
    </groundReferenceNodes>

    <ploughTurnSound file="$data/sounds/ploughTurnSound.wav"    pitchOffset="0.95" volume="0.75" indoorVolumeFactor="0.95" />
    <ploughSound file="$data/sounds/ploughSound.wav"            pitchOffset="0.85" volume="0.58" indoorVolumeFactor="0.65" />

    <groundParticleAnimations>
        <groundParticleAnimation>
            <node index="0>0|2|0|0|5|0|0" materialType="SOIL" refNodeIndex="1"/>
            <node index="0>0|2|0|0|5|2|0" materialType="SOIL" refNodeIndex="2"/>
        </groundParticleAnimation>

        <groundParticle>
            <node index="0>0|2|0|0|5|0|1" particleType="SOIL_SMOKE" refNodeIndex="1" />
            <node index="0>0|2|0|0|5|0|2" particleType="SOIL" refNodeIndex="1" />
            <node index="0>0|2|0|0|5|0|3" particleType="SOIL_CHUNKS" refNodeIndex="1" worldSpace="false"/>
            <node index="0>0|2|0|0|5|2|1" particleType="SOIL_SMOKE" refNodeIndex="2" />
            <node index="0>0|2|0|0|5|2|2" particleType="SOIL" refNodeIndex="2" />
            <node index="0>0|2|0|0|5|2|3" particleType="SOIL_CHUNKS" refNodeIndex="2" worldSpace="false"/>
        </groundParticle>
    </groundParticleAnimations>

    <speedRotatingParts>
        <speedRotatingPart index="0>0|2|0|0|2|1" radius="0.2384" invertDirectionOnRotation="true" turnAnimLimit="0.05" turnAnimLimitSide="-1" refNodeIndex="0" />
        <speedRotatingPart index="0>0|2|0|0|2|0" radius="0.2384" invertDirectionOnRotation="true" turnAnimLimit="0.05" turnAnimLimitSide="1"  refNodeIndex="0" />
        <speedRotatingPart index="0>0|2|0|0|1|0|2" radius="0.35" invertDirectionOnRotation="true" turnAnimLimit="0.05" turnAnimLimitSide="1"  refNodeIndex="0" />
        <speedRotatingPart index="0>0|2|0|0|1|0|2" radius="0.35" invertDirectionOnRotation="true" turnAnimLimit="0.05" turnAnimLimitSide="-1" refNodeIndex="0" />
    </speedRotatingParts>

    <movingTools>
        <movingTool index="0>0|2" wheelIndices="1">
            <dependentPart index="0>0|3" />
        </movingTool>
        <movingTool index="0>0|2|0|0|1|0|0" wheelIndices="1" />

        <movingTool index="0>0|2|0|0" wheelIndices="1">
            <dependentPart index="0>0|2|2" />
            <dependentPart index="0>0|2|3" />
			<dependentPart index="0>0|2|4" />
        </movingTool>
    </movingTools>

    <movingParts>
        <movingPart index="0>0|3" referencePoint="0>0|2|1" referenceFrame="0>0|4" >
            <translatingPart index="0>0|3|0" />
        </movingPart>
		
		<movingPart index="0>0|2|4" referencePoint="0>0|2|0|0|7" referenceFrame="0>0|2|0|0|7" scaleZ="true" />
		
		<movingPart index="0>0|2|3" referencePoint="0>0|2|0|0|8" referenceFrame="0>0|2|0|0|8" scaleZ="true" />
        
		<movingPart index="0>0|2|2" referencePoint="0>0|2|0|0|0" referenceFrame="0>0|2|0|0|0" >
            <translatingPart index="0>0|2|2|0" />
        </movingPart>
    </movingParts>

    <animations>
        <!-- move wheel down/up -->
        <animation name="rotatePlough">
            <part node="0>0|2|0|0|1|0"   startTime="0" endTime="0.4" startRot="0 0 0" endRot="-27.5 0 0" />
            <part node="0>0|2|0|0|1|0|0" startTime="0" endTime="0.4" startRot="0 0 0" endRot="27.5 0 0" />
            <part node="0>0|2|0|0" startTime="0" endTime="0.5" startRot="0 0 0" endRot="0 12.5 0" />

            <!-- plough rot -->
            <part node="0>0|2"     startTime="0.5" endTime="2.5" startRot="0 0 0" endRot="0 0 -90" />
            <part node="0>0|2"     startTime="2.5" endTime="4.5" startRot="0 0 -90" endRot="0 0 -180" />

            <part node="0>0|2|6" startTime="4" endTime="4" startRot="0 170.26799 0" endRot="0 -170.26799 180" />

            <!-- wheel rot -->
            <part node="0>0|2|0|0|1|0"   direction="1"  startTime="3.0" endTime="4.0" startRot="-27.5 0 0" endRot="50 0 0" />
            <part node="0>0|2|0|0|1|0|0" direction="1"  startTime="3.0" endTime="4.0" startRot="27.5 0 0" endRot="50 0 0" />
            <part node="0>0|2|0|0|1|0"   direction="-1" startTime="0.5" endTime="3.0" startRot="-27.5 0 0" endRot="50 0 0" />
            <part node="0>0|2|0|0|1|0|0" direction="-1" startTime="0.5" endTime="3.0" startRot="27.5 0 0" endRot="50 0 0" />
            <part node="0>0|2|0|0|1|0|1"                startTime="3.0" endTime="4.0" startRot="0 0 0"     endRot="32 0 0" />

            <!-- ready -->
			<part node="0>0|2|0|0|1|2" direction="1"  startTime="3.0" endTime="4.0" startRot="72 0 0" endRot="140 0 0" />
            <part node="0>0|2|0|0|1|2" direction="-1" startTime="0.5" endTime="1.5" startRot="72 0 0" endRot="140 0 0" />
			
			<part node="0>0|2|0|0|1|1" direction="1"  startTime="3.0" endTime="4.0" startRot="30 0 0" endRot="117 0 0" />
            <part node="0>0|2|0|0|1|1" direction="-1" startTime="1.5" endTime="2.5" startRot="30 0 0" endRot="117 0 0" />

            <part node="0>0|2|0|0"     startTime="4.5" endTime="5.0" startRot="0 12.5 0" endRot="0 0 0" />
            <part node="0>0|2|0|0|1|0" startTime="4.5" endTime="5.0" startRot="91.5 0 0" endRot="50 0 0" />
            <part node="0>0|2|0|0|1|0|0" startTime="4.5" endTime="5.0" startRot="91.5 0 0" endRot="117.5 0 0" />
        </animation>

        <!-- move support wheel down/up -->
        <animation name="moveSupport">
            <part node="0>0|2|6|0" startTime="0" endTime="0.3" startRot="0 0 0" endRot="90 0 0" />
            <part node="0>0|2|0|0|6|0" startTime="0" endTime="0.3" startTrans="0 0 0" endTrans="0 -0.5 0" />
            <part node="0>0|2|0|0|6|1" startTime="0" endTime="0.3" startTrans="0 0 0" endTrans="0 0.5 0" />
        </animation>
    </animations>

    <support animationName="moveSupport" />
    <rotationPart turnAnimationName="rotatePlough" />

    <ai>
        <areaMarkers leftIndex="0>0|2|0|0|4|0|0" rightIndex="0>0|2|0|0|4|0|1" backIndex="0>0|2|0|0|4|0|2" />
    </ai>

    <washable dirtDuration="30" washDuration="1" workMultiplier="20" />

    <components count="1">
        <component1 centerOfMass="0 0.6 -2.7" solverIterationCount="10" mrSetMass="1.37" />
    </components>

    <schemaOverlay file="$dataS2/menu/schemas/implementSchema.png" fileSelected="$dataS2/menu/schemas/implementSchemaSelected.png" width="0.5" height="0.5" attacherJointPosition="0 0"/>
</vehicle>