﻿<?xml version="1.0" encoding="utf-8" standalone="no" ?>
<vehicle type="cultivator">
    <annotation>Copyright (C) GIANTS Software GmbH, All Rights Reserved.</annotation>
	
	<!-- MR
	
		powerConsumer forceNodeCOM
		
		empty weight = 677kgs without roller (about 850kgs with the roller in our case)
		
		wheels
		
		inputAttacherJoint
		
		<mrDebug>		
		<drawPoint centerOfMass="0>" />					
	</mrDebug>
	
	-->
	
	

    <storeData>
        <name>80-260</name>
        <specs>
            <neededPower>90</neededPower>
            <workingWidth>2.6</workingWidth>
        </specs>
        <functions>
            <function>$l10n_function_cultivator</function>
        </functions>
        <image>store_lemkenSMARAGD80-260.png</image>
        <price>4350</price>
        <dailyUpkeep>10</dailyUpkeep>
        <lifetime>600</lifetime>
        <rotation>0</rotation>
        <brand>LEMKEN</brand>
        <category>cultivators</category>
        <fieldJob sizeCategory="1" typeCategory="cultivator" />
    </storeData>

    <typeDesc>$l10n_typeDesc_cultivator</typeDesc>
    <filename>lemkenSMARAGD80-260/lemkenSMARAGD80-260.i3d</filename>

    <size width="3" length="3.5"/>
    <speedLimit value="15" />

    <wheelConfigurations>
        <wheelConfiguration name="$l10n_configuration_valueDefault" price="0">
            <wheels>
                <wheel rotSpeed="0" restLoad="0.4" repr="0>0|0" forcePointRatio="0.22" radius="0.2" mass="0.1" initialCompression="30" suspTravel="0.05" spring="30" damper="10" isSynchronized="false" />
                <wheel rotSpeed="0" restLoad="0.4" repr="0>0|1" forcePointRatio="0.22" radius="0.2" mass="0.1" initialCompression="30" suspTravel="0.05" spring="30" damper="10" isSynchronized="false" />
            </wheels>
        </wheelConfiguration>
    </wheelConfigurations>
	
	<workAreas>
        <workArea startIndex="0>1|5|0" widthIndex="0>1|5|1" heightIndex="0>1|5|2" refNodeIndex="0" type="cultivator" chargeValue="1" foldMinLimit="0" foldMaxLimit="1"/>
    </workAreas>

    <groundReferenceNodes>
        <groundReferenceNode index="0>" threshold="0.1" depthNode="0>1|7|1" chargeValue="1" />
    </groundReferenceNodes>

    <!-- recommended horsepower by manufacturer: 100 -->
    <powerConsumer neededPtoPower="0" forceNode="0>" maxForce="12" forceNodeCOM="0 0.1 0.85" />

    <cultivatorSound file="$data/sounds/cultivatorSound.wav" pitchOffset="1.00" volume="1.00" indoorVolumeFactor="0.55"/>

    <inputAttacherJoints>
        <inputAttacherJoint index="0>1|0" jointType="implement" topReferenceNode="0>1|1" lowerDistanceToGround="0.6" upperDistanceToGround="1" lowerRotLimitScale="0.02 0 0.4" rotLimitSpring="150 0 500" />
    </inputAttacherJoints>

    <groundParticleAnimations>
        <groundParticleAnimation>
            <node index="0>1|7|0|0" refNodeIndex="0" materialType="SOIL" />
        </groundParticleAnimation>

        <groundParticle>
            <node index="0>1|7|0|1" refNodeIndex="0" particleType="SOIL" worldSpace="false" />
            <node index="0>1|7|0|2" refNodeIndex="0" particleType="SOIL_SMOKE"  />
            <node index="0>1|7|0|3" refNodeIndex="0" particleType="SOIL_CHUNKS"     worldSpace="false" />
            <node index="0>1|7|0|4" refNodeIndex="0" particleType="SOIL_BIG_CHUNKS" worldSpace="false" />
        </groundParticle>
    </groundParticleAnimations>

    <speedRotatingParts>
        <speedRotatingPart index="0>1|2"     radius="0.22" refNodeIndex="0" />
		<speedRotatingPart index="0>1|3|0|0"     radius="0.22" refNodeIndex="0" />
		<speedRotatingPart index="0>1|3|0|1"     radius="0.22" refNodeIndex="0" />
		<speedRotatingPart index="0>1|3|0|2"     radius="0.22" refNodeIndex="0" />
		<speedRotatingPart index="0>1|3|1|0"     radius="0.22" refNodeIndex="0" />
		<speedRotatingPart index="0>1|3|1|1"     radius="0.22" refNodeIndex="0" />
    </speedRotatingParts>

    <animations>
        <animation name="moveSupport">
            <part node="0>1|8" startTime="0.0" endTime="0.4" startTrans="0 0.8 0.362" endTrans="0 0.216 0.362" />
        </animation>
    </animations>

    <support animationName="moveSupport" />

    <washable dirtDuration="30" washDuration="1" workMultiplier="20" />

    <ai>
        <needsLowering value="true" />
        <areaMarkers leftIndex="0>1|6|0" rightIndex="0>1|6|1" backIndex="0>1|6|2" />
    </ai>

    <components count="1">
        <component1 centerOfMass="0 0.5 0.3" solverIterationCount="10" mrSetMass="0.85" />
    </components>

    <schemaOverlay file="$dataS2/menu/schemas/implementSchema.png" fileSelected="$dataS2/menu/schemas/implementSchemaSelected.png" width="0.5" height="0.5" attacherJointPosition="0 0"/>

</vehicle>