﻿<?xml version="1.0" encoding="utf-8" standalone="no" ?>
<vehicle type="combine_animated">
    <annotation>Copyright (C) GIANTS Software GmbH, All Rights Reserved.</annotation>
	
	<!-- MR
	
		pipe : cant be so high once deployed (angle seems to large)
		
		ford 678HT engine
		
		
		
		mrCOMtransWithMass
		
		mass and center of mass
		overloading
		
		wheels
		
		turnedOnRotationNode type=motor for the side fan cleaner
		
		<mrDebug>		
		<drawPoint centerOfMass="0>" />		
		<drawPoint centerOfMass="1>" />		
	</mrDebug>
	
	-->
	
	
	
	<moreRealistic useMrTransmission="true">		
		<dragArea value="9" />
		<engine transmissionEfficiency="0.8" fuelUsageFactor="1.1" minSpeed="2" engineBrakeRpm="2400" engineBrakeForceFx="1.5" maxEngineTorqueForTransmission="0.4" />
		<combine turnedOnPtoPower="36" areaDependantPtoPower="20" chopperPtoPower="11" unloadingAugerPtoPower="9" basePerf="250" strawFactor="0.95" />
		<lateralForces useSingleComponent="false" />
	</moreRealistic>

    <storeData>
        <name>TX 34</name>
        <specs>
            <power>183</power>
            <maxSpeed>23</maxSpeed>
            <combination>TX34 14FT</combination>
        </specs>
        <functions>
            <function>$l10n_function_combine</function>
            <function>$l10n_function_combineNeedsCutter</function>
        </functions>
        <image>store_newHollandTX34.png</image>
        <price>85640</price>
        <dailyUpkeep>700</dailyUpkeep>
        <lifetime>600</lifetime>
        <rotation>0</rotation>
        <brand>NEWHOLLAND</brand>
        <category>harvesters</category>
    </storeData>

    <typeDesc>$l10n_typeDesc_combine</typeDesc>
    <filename>newHollandTX34/newHollandTX34.i3d</filename>

    <size width="3.8" length="8" />

    <wheelConfigurations>
        <wheelConfiguration name="$l10n_configuration_valueDefault" price="0">
            <wheels autoRotateBackSpeed="1.7" differentialIndex="1" ackermannSteeringIndex="1">
                <wheel rotSpeed="-1" restLoad="2.9" repr="1>0|0|0" driveNode="1>0|0|0|0|0" forcePointRatio="0.5" filename="newHollandTX34/TM700_380_70R20.xml"  isLeft="true"  initialCompression="0" suspTravel="0.30" spring="50" damper="8" hasTireTracks="true" hasParticles="true" brakeFactor="0" mrPressureFx="1.3" />
                <wheel rotSpeed="-1" restLoad="2.9" repr="1>0|1|0" driveNode="1>0|1|0|0|0" forcePointRatio="0.5" filename="newHollandTX34/TM700_380_70R20.xml"  isLeft="false" initialCompression="0" suspTravel="0.30" spring="50" damper="8" hasTireTracks="true" hasParticles="true" brakeFactor="0" mrPressureFx="1.3" />
                <wheel rotSpeed="0"  restLoad="2.9" repr="0>0|0"                           forcePointRatio="0.5" filename="newHollandTX34/TM3000_800_65R32.xml" isLeft="true"  initialCompression="0" suspTravel="0.30" spring="100" damper="20" hasTireTracks="true" hasParticles="true" />
                <wheel rotSpeed="0"  restLoad="2.9" repr="0>0|1"                           forcePointRatio="0.5" filename="newHollandTX34/TM3000_800_65R32.xml" isLeft="false" initialCompression="0" suspTravel="0.30" spring="100" damper="20" hasTireTracks="true" hasParticles="true" />
            </wheels>
        </wheelConfiguration>
    </wheelConfigurations>

    <ackermannSteeringConfigurations>
        <ackermannSteering rotSpeed="60" rotMax="45" rotCenterWheel1="2" rotCenterWheel2="3" />
    </ackermannSteeringConfigurations>

    <differentialConfigurations>
        <differentials>
            <differential torqueRatio="0.5" maxSpeedRatio="1.8" wheelIndex1="2" wheelIndex2="3" /> <!-- back left-right -->
        </differentials>
    </differentialConfigurations>

    <motorConfigurations>
        <motorConfiguration name="$l10n_configuration_valueDefault" price="0">
            <motor torqueScale="0.7" minRpm="900" maxRpm="2500" maxForwardSpeed="23" maxBackwardSpeed="13" brakeForce="9" lowBrakeForceScale="0.22" lowBrakeForceSpeedLimit="1" rotInertia="0.002" minForwardGearRatio="38.5" maxForwardGearRatio="395" minBackwardGearRatio="69.6" maxBackwardGearRatio="200" ptoMotorRpmRatio="4.4">
                <torque normRpm="0.32" torque="0.4"/>
                <torque normRpm="0.6" torque="1"/>
                <torque normRpm="0.8" torque="0.9"/>
                <torque normRpm="0.95" torque="0.8"/>            
                <torque normRpm="1" torque="0"/>
            </motor>
        </motorConfiguration>
    </motorConfigurations>

    <fuelCapacity>350</fuelCapacity>

    <cameras count="2">
        <camera1 index="0>1|0|0" rotatable="true" rotateNode="0>1|0" limit="true" useWorldXZRotation="true" rotMinX="-1.4" rotMaxX="1" transMin="7" transMax="25" >
            <raycastNode index="0>16"/>
            <raycastNode index="0>17"/>
        </camera1>
        <camera2 index="0>1|1" rotatable="true" limit="true" rotMinX="-1.1" rotMaxX="0.4" transMin="0" transMax="0" useMirror="true" isInside="true" />
    </cameras>

    <lights>
        <low>
            <light                       decoration="0>2|0|0"   lightTypes="0 1" />
            <light realLight="0>2|0|1"                          lightTypes="0" excludedLightTypes="1" /> <!--FrontLights-->
            <light                       decoration="0>2|1|0|0" lightTypes="1"/> <!--WorklightFront-->
            <light realLight="0>2|0|2"                          lightTypes="1"/> <!--HighBeam -->
        </low>
        <high>
            <light                       decoration="0>2|0|0"   lightTypes="0 1" />
            <light realLight="0>2|0|3"                          lightTypes="0" excludedLightTypes="1" /> <!--FrontLights-->
            <light realLight="0>2|1|0|1" decoration="0>2|1|0|0" lightTypes="1"  /> <!--WorklightFront -->
            <light realLight="0>2|0|4"                          lightTypes="1" excludedLightTypes="1" /> <!--HighBeam-->
        </high>
        <states>
            <state lightTypes="0" />
            <state lightTypes="0 1" />
        </states>
    </lights>

    <beaconLights>
        <beaconLight index="0>2|3|0" speed="0.015" filename="$data/shared/beaconLights/beaconLight02.i3d" />
        <beaconLight index="0>2|3|1" speed="0.015" filename="$data/shared/beaconLights/beaconLight02.i3d" />
    </beaconLights>

    <turnLights>
        <turnLightLeft  realLight="0>2|2|0|1" decoration="0>2|2|0|0" />
        <turnLightRight realLight="0>2|2|1|1" decoration="0>2|2|1|0" />
    </turnLights>
	
    <brakeLights>
        <brakeLight realLight="0>2|4|1" decoration="0>2|4|0" />
    </brakeLights>

    <mirrors>
        <mirror index="0>11|0|0" prio="1" />
        <mirror index="0>11|0|1" prio="1" />
		<mirror index="0>11|0|2" prio="1" />
        <mirror index="0>11|0|3" prio="1" />
    </mirrors>

    <steering index="0>4|0" indoorRotation="360" outdoorRotation="30" />

    <characterNode index="0>6|0" cameraMinDistance="1.5" filename="$dataS2/character/player/player.xml" spineRotation="180 0 100" >
        <target ikChain="rightFoot" targetNode="0>6|1" />
        <target ikChain="leftFoot"  targetNode="0>6|2" />
        <target ikChain="rightArm"  targetNode="0>6|3" />
        <target ikChain="leftArm"   targetNode="0>4|0|0" setDirty="true" />
    </characterNode>

    <attacherJoints>
        <attacherJoint jointType="cutter" index="0>5|0|0|0" jointPositionOffset="0 0 0" rotationNode="0>5|0|0" upperRotation="-10 0 0" lowerRotation="16 0 0" lowerTransLimit="0 0.2 0" lowerRotLimit="0 0 15" lockDownRotLimit="true" upperDistanceToGround="1.88" lowerDistanceToGround="1.19" rotLimitSpring="250 0 0" rotLimitDamping="100 0 0" moveTime="2.5" ptoOutputNode="0>5|0|1|2" ptoFilename="$data/shared/vehicleParts/powerTakeoffBlack.i3d" comboTime="0">
            <bottomArm rotationNode="0>5|0|1" />
            <schema position="0 0" rotation="0" invertX="true" />
        </attacherJoint>
        <attacherJoint index="0>5|1|0" jointType="trailerLow" lowerRotLimit="20 80 50" upperRotationOffset="0" allowsJointLimitMovement="false" canTurnOnImplement="false" comboTime="1" >
            <schema position="1 0" rotation="0" invertX="false" />
        </attacherJoint>
        <attacherJoint index="0>5|1|0" jointType="trailer"    lowerRotLimit="20 80 50" upperRotationOffset="0" allowsJointLimitMovement="false" canTurnOnImplement="false" comboTime="1" >
            <schema position="1 0" rotation="0" invertX="false" />
        </attacherJoint>
    </attacherJoints>

    <enterReferenceNode index="0>" />
    <exitPoint index="0>3" />

    <motorStartDuration>2500</motorStartDuration>
    <motorStartSound          file="$data/vehicles/steerable/caseIH/caseIH1660_start.wav"     pitchOffset="1.00" volume="1.00" indoorVolumeFactor="0.50" indoorLowpassGain="0.75"  />
    <motorSound               file="$data/vehicles/steerable/caseIH/caseIH1660_idle.wav"      pitchOffset="1.00" volume="1.00" indoorVolumeFactor="0.50" indoorLowpassGain="0.75" pitchMax="1.45" volumeMin="0.74" volumeMinSpeed="5" radius="50" innerRadius="20" />
    <motorStopSound           file="$data/vehicles/steerable/caseIH/caseIH130Series_stop.wav" pitchOffset="1.00" volume="1.00" indoorVolumeFactor="0.15" indoorLowpassGain="0.75"/>

    <motorSoundRun            file="$data/sounds/engine/runHP380.wav"                         pitchOffset="0.60" volume="0.75" indoorVolumeFactor="0.35" indoorLowpassGain="0.85" volumeMax="0.85" pitchMax="1.00"  />
    <gearboxSound             file="$data/sounds/transmission/transmissionOmega.wav"          pitchOffset="0.56" volume="0.20" indoorVolumeFactor="1.10" indoorLowpassGain="0.75" pitchMax="0.95" volumeMax="0.30"/>
    <retarderSound            file="$data/sounds/transmission/module1.wav"                    pitchOffset="0.95" volume="0.08" indoorVolumeFactor="0.85" indoorLowpassGain="0.45" pitchMax="1.80" volumeMax="0.15" minSpeed="1" />

    <threshingStartSound      file="$data/vehicles/steerable/caseIH/caseIH1660_startwork.wav" pitchOffset="1.10" volume="1.00" indoorVolumeFactor="0.45" indoorLowpassGain="0.75" />
    <threshingSound           file="$data/vehicles/steerable/caseIH/caseIH1660_work.wav"      pitchOffset="1.10" volume="1.00" indoorVolumeFactor="0.45" indoorLowpassGain="0.75" cuttingPitchOffset="0.95" radius="35" innerRadius="25" />
    <threshingStopSound       file="$data/vehicles/steerable/caseIH/caseIH1660_stopwork.wav"  pitchOffset="1.10" volume="1.00" indoorVolumeFactor="0.45" indoorLowpassGain="0.75"/>

    <attachSound              file="$data/sounds/header_attach.wav"                           pitchOffset="1.00" volume="1.00" indoorVolumeFactor="0.45" />
    <honkSound                file="$data/sounds/horn.wav"                                    pitchOffset="1.00" volume="1.00" indoorVolumeFactor="0.55" indoorLowpassGain="0.75" radius="70" innerRadius="10" />
    <cylinderedHydraulicSound file="$data/sounds/cultivatorHydraulic.wav"                     pitchOffset="0.80" volume="1.10" indoorVolumeFactor="0.75" />
    <hydraulicSound           file="$data/sounds/cultivatorHydraulic.wav"                     pitchOffset="1.05" volume="0.95" indoorVolumeFactor="0.55" indoorLowpassGain="0.75"/>
    <fillSound                file="$data/maps/sounds/siloFillSound.wav"                      pitchOffset="1.0"  volume="0.70" indoorVolumeFactor="0.55" indoorLowpassGain="0.75"/>
	
	<turnedOnRotationNodes>
        <turnedOnRotationNode index="0>9|2"   type="motor" rotSpeed="300"   rotAxis="1" turnOnFadeTime="4" turnOffFadeTime="3" />
    </turnedOnRotationNodes>

    <overloading capacity="140"> <!-- about 70L/s IRL - 2 times = 140 -->
        <trailerTriggers>
            <trailerTrigger index="0>7|1" />
        </trailerTriggers>
    </overloading>

    <allowFillFromAir value="false" />

    <pipe numStates="2" unloadingStates="2" raycastNodeIndex="0>9|0|0" raycastDistance="7" foldMinState="0" foldMaxState="2" foldMinLimit="0" foldMaxLimit="0" delay="0.5" effectExtraDistanceOnTrailer="-1.3">
        <node index="0>9|0" rotationSpeeds="1 15 1.67">
            <state1 rotation="0 0 45"/>
            <state2 rotation="0 -90 35"/>
        </node>
    </pipe>

    <movingTools>
        <!-- attacher -->
        <movingTool index="0>5|0|1">
            <dependentPart index="0>10|0" />
        </movingTool>
		<!-- pipe -->
        <movingTool index="0>9|0" playSound="true">
            <dependentPart index="0>8|0" />
        </movingTool>
    </movingTools>

    <movingParts>
        <!-- attacher -->
        <movingPart index="0>10|0" referencePoint="0>5|0|1|1" referenceFrame="0>" >
            <translatingPart index="0>10|0|0" />
        </movingPart>
        <!-- steering -->
        <movingPart index="1>0|0|0|1" referencePoint="1>0|1|0|1" referenceFrame="0>" isActiveDirty="true" />
		
		<movingPart index="1>1|0" referencePoint="1>0|1|0|2" referenceFrame="1>" isActiveDirty="true" >
            <translatingPart index="1>1|0|0" />
        </movingPart>
    </movingParts>

    <pipeEffect>
        <effectNode effectClass="PipeEffect" effectNode="0>9|0|0|0" materialType="pipe"  materialTypeId="1" delay="0"   maxBending="1"  positionUpdateNodes="0>9|0|0|1"/>
        <effectNode                          effectNode="0>9|0|0|1" materialType="smoke" materialTypeId="1" delay="0.1" alignToWorldY="true"/>
    </pipeEffect>
	
	<foldingParts startMoveDirection="1" turnOnFoldMinLimit="0" turnOnFoldMaxLimit="0.02" >
        <foldingPart animationName="foldGrainTank" speedScale="1" />
    </foldingParts>
	
	<animations>
        <animation name="toggleChopper">
            <part node="0>12|0" startTime="0" endTime="1.5" startRot="119.577 0 0" endRot="0 0 0"/>
            <part node="0>12|2" startTime="0" endTime="1.5" startRot="-67.175 0 0" endRot="0 0 0"/>
        </animation>
		<animation name="foldGrainTank">
            <!-- grain tank -->
            <part node="0>9|3"   startTime="0" endTime="1" startRot="0 0 0" endRot="0 0 -13"/>
            <part node="0>9|4" startTime="0" endTime="1" startRot="0 0 0" endRot="0 0 15"/>
			<part node="0>9|5" startTime="0" endTime="1" startRot="0 0 -33.855" endRot="0 0 8.693"/>
			<part node="0>9|6" startTime="0" endTime="1" startRot="0 0 33.855" endRot="0 0 -4.863"/>
			<part node="0>9|7" startTime="0" endTime="1" startRot="0 0 -32.748" endRot="0 0 8.693"/>
			<part node="0>9|8" startTime="0" endTime="1" startRot="0 0 32.748" endRot="0 0 -4.863"/>
        </animation>
    </animations>
		
    <combine toggleTime="3500">
        <chopperSwitch available="true" />
        <strawEffect>
            <effectNode effectNode="0>8|1|0" materialType="straw"   materialTypeId="1" delay="0" />
        </strawEffect>
        <fillEffect>
            <effectNode effectNode="0>8|2|0" materialType="unloading" materialTypeId="3" delay="0" />
            <effectNode effectNode="0>8|2|1" materialType="smoke"     materialTypeId="1" delay="0.1" />
        </fillEffect>
        <strawParticleSystems>
            <emitterShape node="0>8|1|1" particleType="smoke" />
        </strawParticleSystems>
		<chopperEffect>
            <effectNode effectNode="0>8|3|0" materialType="chopper" materialTypeId="1" delay="0" />
        </chopperEffect>
        <chopperParticleSystems>
            <emitterShape node="0>8|3|1" particleType="smoke" emitCountScale="1"/>
        </chopperParticleSystems>
    </combine>

    <exhaustEffects>
        <exhaustEffect index="0>8|0" filename="$data/particleSystems/shared/exhaust.i3d" minRpmColor="0.9 0.9 0.9 0.05" maxRpmColor="0.9 0.9 0.9 0.2" minRpmScale="0.08" maxRpmScale="0.6" xzRotationsOffset="0 0" xzRotationsForward="-100 0" xzRotationsBackward="100 0" xzRotationsLeft="0 -100" xzRotationsRight="0 100" />
    </exhaustEffects>

    <fillUnits>
        <fillUnit unit="$l10n_unit_literShort" fillTypeCategories="combine" capacity="6000" />
    </fillUnits>
	<fillMassNode index="0>" mrCOMtransWithMass="0 0.05 -0.01" />

    <fillVolumes>
        <volumes>
            <volume index="0>13|0" maxAllowedHeapAngle="0" maxDelta="0" />
        </volumes>

        <unloadInfos>
            <unloadInfo>
                <node index="0>13|1" width="0.4" length="0.4" />
            </unloadInfo>
        </unloadInfos>

        <loadInfos>
            <loadInfo>
                <node index="0>13|2" width="0.4" length="0.4" />
            </loadInfo>
        </loadInfos>

        <dischargeInfos>
            <dischargeInfo>
                <node index="0>9|0|1" width="0.4" length="0.4" />
            </dischargeInfo>
        </dischargeInfos>
    </fillVolumes>

    <workAreas>
        <workArea startIndex="0>14|0" widthIndex="0>14|1" heightIndex="0>14|2" type="combine" />
    </workAreas>

    <ai>
        <trafficCollisionTrigger index="0>7|0" />
    </ai>

    <washable dirtDuration="300" washDuration="1" workMultiplier="2" />

    <components count="2">
        <component1 centerOfMass="0 1.2 1.1" solverIterationCount="10" mrSetMass="8" />
        <component2 centerOfMass="0 0 0" solverIterationCount="10" mrSetMass="1.5" />
        <joint component1="0" component2="1" index="0>0|2" rotLimit="0 0 7" transLimit="0 0 0" maxRotDriveForce="0 0 0" rotDriveRotation="- - 0" rotDriveSpring="0 0 0" rotDriveDamping="0 0 0" breakable="false"/>
    </components>

    <schemaOverlay file="$dataS2/menu/schemas/vehicleSchema.png" fileSelected="$dataS2/menu/schemas/vehicleSchemaSelected.png" fileTurnedOn="$dataS2/menu/schemas/vehicleSchemaTurnedOn.png" fileSelectedTurnedOn="$dataS2/menu/schemas/vehicleSchemaSelectedTurnedOn.png" width="0.5" height="0.5" attacherJointPosition="0.5 0" />

</vehicle>