﻿<?xml version="1.0" encoding="utf-8" standalone="no" ?>
<vehicle type="augerWagon_crawler">
    <annotation>Copyright (C) GIANTS Software GmbH, All Rights Reserved.</annotation>
	
	<!--MR
	
		
	
		wheels
		powerConsumer
		brakeForce
		steeringAxleAngleScale
		
		overloading (IRL = about 460L/s => x2 in game = 920
		
		components mass/center of mass
		
		neededPower
		
		fillMassNode mrCOMtransWithMass
		
		vibration problem (trailer moves by itself, especially visible when fully filled)
		"solution" (not a real solution, only reduce the problem) = 
		1. increased mass for "oscillating tandem" shapes (and less mass for the main body to keep the "right" total mass)
		2. mrZRotationXOffset to avoid too much "lever" effect from the main component mass towards the "oscillating tandem" shapes
	
	
	
		<mrDebug>		
			<drawPoint centerOfMass="0>" />
			<drawPoint centerOfMass="1>" />		
			<drawPoint centerOfMass="2>" />		
		</mrDebug>
	
	-->
	
	
	
	
	
	<moreRealistic>		
		<dragArea value="11" /> <!-- => Width x Height x 0.85 x 0.8 -->		
	</moreRealistic>

    <storeData>
        <name>Avalanche 1596</name>
		<specs>
            <neededPower>400</neededPower>            
        </specs>
        <functions>
            <function>$l10n_function_augerWagon</function>
        </functions>
        <image>store_brentAvalanche1596.png</image>
        <price>118000</price>
        <dailyUpkeep>190</dailyUpkeep>
        <lifetime>600</lifetime>
        <rotation>0</rotation>
        <brand>BRENT</brand>
        <category>augerWagons</category>
        <vertexBufferMemoryUsage>2580680</vertexBufferMemoryUsage>
        <indexBufferMemoryUsage>411330</indexBufferMemoryUsage>
        <textureMemoryUsage>17063328</textureMemoryUsage>
        <instanceVertexBufferMemoryUsage>0</instanceVertexBufferMemoryUsage>
        <instanceIndexBufferMemoryUsage>0</instanceIndexBufferMemoryUsage>
    </storeData>

    <typeDesc>$l10n_typeDesc_augerWagon</typeDesc>
    <filename>vehicles/trailer/brent/brentAvalanche1596.i3d</filename>

    <size width="5" length="11.5" lengthOffset="0.5"/>

    <wheelConfigurations>
        <wheelConfiguration name="$l10n_configuration_valueDefault" price="0">
            <wheels>
                <wheel tipOcclusionAreaGroupId="1" restLoad="2.8" repr="1>0|0" driveNode="1>0|0|0" linkNode="1>0|0|0|0" forcePointRatio="0.2" filename="vehicles/wheels/trelleborg/TM2000_900_60R32.xml" configIndex="n10v5" isLeft="true" initialCompression="0" suspTravel="0.16" spring="180" damper="30" hasParticles="true"                      steeringAxleScale="0.1"  steeringAxleRotMax="5" steeringAxleRotMin="-5"/>
                <wheel tipOcclusionAreaGroupId="1" restLoad="3.7" repr="1>0|1" driveNode="1>0|1|0" linkNode="1>0|1|0|0" forcePointRatio="0.2" filename="vehicles/wheels/trelleborg/TM2000_900_60R32.xml" configIndex="n10v5" isLeft="true" initialCompression="0" suspTravel="0.16" spring="180" damper="30" hasParticles="true" hasTireTracks="true" steeringAxleScale="-0.24" steeringAxleRotMax="12" steeringAxleRotMin="-12"/>
                <wheel tipOcclusionAreaGroupId="2" restLoad="2.8" repr="2>0|0" driveNode="2>0|0|0" linkNode="2>0|0|0|0" forcePointRatio="0.2" filename="vehicles/wheels/trelleborg/TM2000_900_60R32.xml" configIndex="n10v5" isLeft="false"  initialCompression="0" suspTravel="0.16" spring="180" damper="30" hasParticles="true"                      steeringAxleScale="0.1"  steeringAxleRotMax="5" steeringAxleRotMin="-5"/>
                <wheel tipOcclusionAreaGroupId="2" restLoad="3.7" repr="2>0|1" driveNode="2>0|1|0" linkNode="2>0|1|0|0" forcePointRatio="0.2" filename="vehicles/wheels/trelleborg/TM2000_900_60R32.xml" configIndex="n10v5" isLeft="false"  initialCompression="0" suspTravel="0.16" spring="180" damper="30" hasParticles="true" hasTireTracks="true" steeringAxleScale="-0.24" steeringAxleRotMax="12" steeringAxleRotMin="-12"/>
            </wheels>
            <objectChange node="0>0|4|0" visibilityInactive="true" visibilityActive="false" />
            <objectChange node="0>0|4|1" visibilityInactive="false" visibilityActive="true" />
        </wheelConfiguration>
        <wheelConfiguration name="$l10n_configuration_valueCrawler" price="8000" icon="$dataS2/menu/hud/configurations/config_wheel_track.png" >
            <wheels>
                <wheel tipOcclusionAreaGroupId="1" restLoad="2.7" repr="1>1|0"                     forcePointRatio="0.2" radius="0.6094" width="0.9"                                            initialCompression="25" suspTravel="0.21" spring="200" damper="25" mass="0.2" />
                <wheel tipOcclusionAreaGroupId="1" restLoad="3.5" repr="1>1|1" driveNode="1>1|1|0" forcePointRatio="0.2" radius="0.6094" width="0.9" tireType="crawler" tireTrackAtlasIndex="7" initialCompression="25" suspTravel="0.21" spring="200" damper="25" mass="0.2" brakeFactor="0" hasParticles="true" hasTireTracks="true" />
                <wheel tipOcclusionAreaGroupId="2" restLoad="2.7" repr="2>1|0"                     forcePointRatio="0.2" radius="0.6094" width="0.9"                                            initialCompression="25" suspTravel="0.21" spring="200" damper="25" mass="0.2" />
                <wheel tipOcclusionAreaGroupId="2" restLoad="3.5" repr="2>1|1" driveNode="2>1|1|0" forcePointRatio="0.2" radius="0.6094" width="0.9" tireType="crawler" tireTrackAtlasIndex="7" initialCompression="25" suspTravel="0.21" spring="200" damper="25" mass="0.2" brakeFactor="0" hasParticles="true" hasTireTracks="true" />
            </wheels>
            <crawlers>
                <crawler index="0" speedRefWheel="2" scrollSpeed="-0.149" scrollLength="7.16" shaderParameterName="offsetUV" shaderParameterComponent="1" length="1" filename="vehicles/wheels/crawlers/brent/brentAvalanche.i3d" linkIndex="1>1|1|1" crawlerIndex="0|0">
                    <rotatingPart index="1" radius="0.513" />
                    <rotatingPart index="2" radius="0.513" />
                    <rotatingPart index="3" radius="0.185" />
                    <rotatingPart index="4" radius="0.185" />
                    <rotatingPart index="5" radius="0.185" />
                    <rotatingPart index="6" radius="0.185" />
                </crawler>
                <crawler index="0" speedRefWheel="4" scrollSpeed="-0.149" scrollLength="7.16" shaderParameterName="offsetUV" shaderParameterComponent="1" length="1" filename="vehicles/wheels/crawlers/brent/brentAvalanche.i3d" linkIndex="2>1|1|1" crawlerIndex="0|1">
                    <rotatingPart index="1" radius="0.513" />
                    <rotatingPart index="2" radius="0.513" />
                    <rotatingPart index="3" radius="0.185" />
                    <rotatingPart index="4" radius="0.185" />
                    <rotatingPart index="5" radius="0.185" />
                    <rotatingPart index="6" radius="0.185" />
                </crawler>
            </crawlers>
            <objectChange node="0>0|4|0" visibilityInactive="false" visibilityActive="true" />
            <objectChange node="0>0|4|1" visibilityInactive="true" visibilityActive="false" />
        </wheelConfiguration>
    </wheelConfigurations>

    <axisColor useBaseColor="true"/>
    <rimColor>0.9157 0.9157 0.9157 1</rimColor>

    <baseColorConfigurations>
        <baseColorConfiguration color="0.0152 0.3112 0.0582 1" price="0" icon="$dataS2/menu/hud/configurations/config_color.png" />
        <baseColorConfiguration color="0.5418 0.0008 0.0143 1" price="0" icon="$dataS2/menu/hud/configurations/config_color.png" />
        <colorNode node="0>0" recursive="true"/>
    </baseColorConfigurations>

    <steeringAxleAngleScale startSpeed="40" endSpeed="120" backwards="true" />
    <brakeForce>5</brakeForce>
    <maximalAirConsumptionPerFullStop value="0.2" />
    <powerConsumer ptoRpm="540" neededPtoPower="100"/>

    <lights>
        <low>
            <light                                   decoration="0>0|5|0|0"             lightTypes="0 3" /> <!-- back lights -->
            <light realLight="0>0|2|1|0|0|0|0|3|0|1" decoration="0>0|2|1|0|0|0|0|3|0|0" lightTypes="1" />   <!-- pipe work lights -->
            <light realLight="0>0|5|3|1"             decoration="0>0|5|3|0"             lightTypes="1" />   <!-- interior work lights -->
        </low>
        <high>
            <light realLight="0>0|5|0|1"             decoration="0>0|5|0|0"             lightTypes="0 3" /> <!-- back lights -->
            <light realLight="0>0|2|1|0|0|0|0|3|0|2" decoration="0>0|2|1|0|0|0|0|3|0|0" lightTypes="1" />   <!-- pipe work lights -->
            <light realLight="0>0|5|3|1"             decoration="0>0|5|3|0"             lightTypes="1" />   <!-- interior work lights -->
        </high>
    </lights>

    <brakeLights>
        <brakeLight realLight="0>0|5|0|1" decoration="0>0|5|2|0" />
    </brakeLights>

    <turnLights>
        <turnLightLeft realLight="0>0|5|1|0|1" decoration="0>0|5|1|0|0" />
        <turnLightRight realLight="0>0|5|1|1|1" decoration="0>0|5|1|1|0" />
    </turnLights>

    <cylinderedHydraulicSound file="$data/sounds/hydraulicUp.wav"  pitchOffset="0.80" volume="0.50" indoorVolumeFactor="0.75" indoorLowpassGain="0.95" />
    <fillSound file="$data/maps/sounds/siloFillSound.wav"          pitchOffset="1.00" volume="1.50" indoorVolumeFactor="0.75" indoorLowpassGain="0.95" />

    <inputAttacherJoints>
        <inputAttacherJoint index="0>0|0" jointType="trailerLow" attacherHeight="0.6" ptoInputNode="0>0|2|1|0|4" lowerRotLimitScale="1 0.86 1" />
    </inputAttacherJoints>

    <fillUnits>
        <fillUnit unit="$l10n_unit_literShort" fillTypeCategories="augerWagon" capacity="53000" />
    </fillUnits>

    <fillVolumes>
        <volumes>
            <volume index="0>0|3|0|0" maxDelta="0.04" maxAllowedHeapAngle="12"/>
        </volumes>

        <dischargeInfos>
            <dischargeInfo>
                <node index="0>0|2|1|0|0|0|0|1" width="0.3" length="0.3" />
            </dischargeInfo>
        </dischargeInfos>

        <unloadInfos>
            <unloadInfo>
                <node index="0>0|3|0|1" width="2" length="7.4" />
            </unloadInfo>
        </unloadInfos>
    </fillVolumes>

    <fillRootNode index="0>" />
    <exactFillRootNode index="0>0|3|2" />
    <fillAutoAimTargetNode index="0>0|3|1" startZ="1.8" endZ="-3.9" invert="false" fillUnitIndex="1" startPercentage="25"/>
    <fillMassNode index="0>" mrCOMtransWithMass="0 0.013 -0.07" mrCOMtransWithMassLimitsInTon="0 45 29"  />
    <supportsFillTriggers value="true" />

    <overloading capacity="920">
        <trailerTriggers>
            <trailerTrigger index="0>0|3|3" />
        </trailerTriggers>
    </overloading>

    <pipe numStates="2" unloadingStates="2" raycastNodeIndex="0>0|2|1|0|0|0|0|0" raycastDistance="6" animName="pipeAnimation" animSpeedScale="1" delay="0.5" effectExtraDistance="0.5"/>

    <pipeEffect>
        <effectNode effectClass="PipeEffect" effectNode="0>0|2|1|0|0|0|0|6|1" delay="0" materialType="pipe" materialTypeId="1" maxBending="1" shapeScaleSpread="1 1 1 0"/>
        <effectNode                          effectNode="0>0|2|1|0|0|0|0|2|0" delay="0.1" fadeInTime="0.8" fadeOutTime="0" materialType="unloading" materialTypeId="1" />
    </pipeEffect>

    <turnedOnRotationNodes>
        <turnedOnRotationNode index="0>0|2|1|2"     type="pipe" rotSpeed="1000"  rotAxis="3" />
        <turnedOnRotationNode index="0>0|2|1|0|0|1" type="pipe" rotSpeed="-1000"  rotAxis="2" />
        <turnedOnRotationNode index="0>0|2|1|0|2"   type="pipe" rotSpeed="-1000"  rotAxis="2" />
    </turnedOnRotationNodes>

    <movingTools>
        <!-- pipe arm 1-->
        <movingTool index="0>0|2|1|0" freezingPipeStates="0 1">
            <controls axis="AXIS_PIPE" invertAxis="false" mouseSpeedFactor="0.6" iconFilename="$dataS2/menu/moveControls/drawbar_rotX.png" />
            <rotation rotSpeed="10" rotAcceleration="80" rotMax="22.2" rotMin="-5.6" rotationAxis="3"/>
            <dependentPart index="0>0|2|1|1" />

            <dependentMovingTool index="0>0|2|1|0|0|0|0|0" minRotLimits="-35 -22" maxRotLimits="-35 -22" />
        </movingTool>

        <!-- pipe raycast node - controlled by arm 1 -->
        <movingTool index="0>0|2|1|0|0|0|0|0" freezingPipeStates="0 1 2">
            <rotation rotSpeed="0" rotAcceleration="0" rotMax="5" rotMin="-5" rotationAxis="3"/>
        </movingTool>

        <!-- pipe arm 2 -->
        <movingTool index="0>0|2|1|0|0">
            <dependentPart index="0>0|2|1|0|0|2" />
        </movingTool>

        <!-- pipe arm 3-->
        <movingTool index="0>0|2|1|0|0|0" freezingPipeStates="0 1">
            <controls axis="AXIS_FRONTLOADER_TOOL2" invertAxis="false" mouseSpeedFactor="0.6" iconFilename="$dataS2/menu/moveControls/topDoor.png" />
            <!--<animation animSpeed="1" animAcceleration="2" animName="pipeEndAnimation" animStartTime="0.5"/>-->
            <rotation rotSpeed="25" rotAcceleration="80" rotMax="25" rotMin="-25" rotationAxis="1"/>
            <dependentPart index="0>0|2|1|0|0|4" />

            <dependentMovingTool index="0>0|2|1|0|0|0|0|6" minRotLimits="-5 5" maxRotLimits="-5 5" />
            <dependentMovingTool index="0>0|2|1|0|0|0|0|6|1" minRotLimits="80 100" maxRotLimits="80 100" />
        </movingTool>

        <!-- cloth - controlled by arm 3-->
        <movingTool index="0>0|2|1|0|0|0|0|6" freezingPipeStates="0 1 2">
            <rotation rotSpeed="0" rotAcceleration="0" rotMax="5" rotMin="-5" rotationAxis="1"/>
        </movingTool>

        <!-- effect - controlled by arm 3-->
        <movingTool index="0>0|2|1|0|0|0|0|6|1" freezingPipeStates="0 1 2">
            <rotation rotSpeed="0" rotAcceleration="0" rotMax="100" rotMin="80" rotationAxis="2"/>
        </movingTool>

        <!-- pipe arm 4-->
        <movingTool index="0>0|2|1|0|0|0|0" freezingPipeStates="0 1">
            <controls axis="AXIS_PIPE2" invertAxis="false" mouseSpeedFactor="0.6" iconFilename="$dataS2/menu/moveControls/pipe_end.png" />
            <rotation rotSpeed="25" rotAcceleration="80" rotMax="0" rotMin="-30" rotationAxis="3"/>
            <dependentPart index="0>0|2|1|0|0|0|1" />
            <dependentPart index="0>0|2|1|0|0|0|2" />
        </movingTool>
    </movingTools>

    <movingParts>
        <!-- pipe arm 1 -->
        <movingPart index="0>0|2|1|1" referencePoint="0>0|2|1|0|7" referenceFrame="0>0|2|1|0|7" playSound="true">
            <translatingPart index="0>0|2|1|1|0" />
        </movingPart>

        <!-- pipe arm 2 -->
        <movingPart index="0>0|2|1|0|0|2" referencePoint="0>0|2|1|0|6" localReferencePoint="0>0|2|1|0|0|2|0" referenceFrame="0>0|2|1|0|0|3" playSound="true">
            <dependentPart index="0>0|2|1|0|0|2|0" />
            <dependentPart index="0>0|2|1|0|1" />
        </movingPart>
        <movingPart index="0>0|2|1|0|0|2|0" referencePoint="0>0|2|1|0|6" referenceFrame="0>0|2|1|0|6" playSound="true"/>
        <movingPart index="0>0|2|1|0|1" referencePoint="0>0|2|1|0|0|2|0|0" referenceFrame="0>0|2|1|0|0|2|0|0" playSound="true">
            <translatingPart index="0>0|2|1|0|1|0" />
        </movingPart>

        <!-- pipe arm 3 -->
        <movingPart index="0>0|2|1|0|0|4" referencePoint="0>0|2|1|0|0|0|4" localReferencePoint="0>0|2|1|0|0|4|0" referenceFrame="0>0|2|1|0|0|5" playSound="true">
            <dependentPart index="0>0|2|1|0|0|4|0" />
            <dependentPart index="0>0|2|1|0|0|4|1" />
        </movingPart>
        <movingPart index="0>0|2|1|0|0|4|0" referencePoint="0>0|2|1|0|0|0|4" referenceFrame="0>0|2|1|0|0|0|4" playSound="true"/>
        <movingPart index="0>0|2|1|0|0|4|1" referencePoint="0>0|2|1|0|0|0|3" referenceFrame="0>0|2|1|0|0|0|3" playSound="true">
            <translatingPart index="0>0|2|1|0|0|4|1|0" />
        </movingPart>

        <!-- pipe arm 4 -->
        <movingPart index="0>0|2|1|0|0|0|1" referencePoint="0>0|2|1|0|0|0|0|4" referenceFrame="0>0|2|1|0|0|0|0|4" playSound="true">
            <translatingPart index="0>0|2|1|0|0|0|1|0" />
        </movingPart>
        <movingPart index="0>0|2|1|0|0|0|2" referencePoint="0>0|2|1|0|0|0|0|5" referenceFrame="0>0|2|1|0|0|0|0|5" />

        <!-- tire config - steering left -->
        <movingPart index="1>0|2" referencePoint="1>0|1|1" localReferencePoint="1>0|2|0" referenceFrame="1>0|5" isActiveDirty="true">
            <dependentPart index="1>0|2|0" />
            <dependentPart index="1>0|2|1" />
            <dependentPart index="1>0|3" />
            <dependentPart index="1>0|4" />
        </movingPart>
        <movingPart index="1>0|2|0" referencePoint="1>0|1|1" referenceFrame="1>0|1|1" />
        <movingPart index="1>0|2|1" referencePoint="1>0|0|1" referenceFrame="1>0|0|1" />
        <movingPart index="1>0|3" referencePoint="1>0|2|2" referenceFrame="1>0|2|2" >
            <translatingPart index="1>0|3|0" />
        </movingPart>
        <movingPart index="1>0|4" referencePoint="1>0|2|3" referenceFrame="1>0|2|3" doDirectionAlignment="false">
            <translatingPart index="1>0|4|0" />
        </movingPart>

        <!-- tire config - steering right -->
        <movingPart index="2>0|2" referencePoint="2>0|1|1" localReferencePoint="2>0|2|0" referenceFrame="2>0|5" isActiveDirty="true">
            <dependentPart index="2>0|2|0" />
            <dependentPart index="2>0|2|1" />
            <dependentPart index="2>0|3" />
            <dependentPart index="2>0|4" />
        </movingPart>
        <movingPart index="2>0|2|0" referencePoint="2>0|1|1" referenceFrame="2>0|1|1" />
        <movingPart index="2>0|2|1" referencePoint="2>0|0|1" referenceFrame="2>0|0|1" />
        <movingPart index="2>0|3" referencePoint="2>0|2|2" referenceFrame="2>0|2|2" >
            <translatingPart index="2>0|3|0" />
        </movingPart>
        <movingPart index="2>0|4" referencePoint="2>0|2|3" referenceFrame="2>0|2|3" doDirectionAlignment="false">
            <translatingPart index="2>0|4|0" />
        </movingPart>

        <!-- crawler -->
        <movingPart index="1>1|1|1" referencePoint="1>1|0|0" referenceFrame="1>" isActiveDirty="true"/>
        <movingPart index="2>1|1|1" referencePoint="2>1|0|0" referenceFrame="2>" isActiveDirty="true"/>
    </movingParts>

    <animations>
        <animation name="moveSupport">
            <part node="0>0|2|0|1" startTime="0" endTime="0.01" visibility="true" />
            <part node="0>0|2|0|1" startTime="0.01" endTime="1.49" visibility="false" />
            <part node="0>0|2|0|1" startTime="1.49" endTime="1.5" visibility="true" />
            <part node="0>0|2|0|0|1|0" startTime="0" endTime="0.827"  startTrans="0.0 -0.015 0.0" endTrans="0.0 -0.015 0.0" />
            <part node="0>0|2|0|0|1|0" startTime="0.827" endTime="1.5"  startTrans="0.0 -0.015 0.0" endTrans="0.0 -0.085 0.0" />
            <part node="0>0|2|0|0|1" startTime="0" endTime="ß.827"  startTrans="-0.063 -0.143 0.0" endTrans="-0.063 -0.143 0.0" />
            <part node="0>0|2|0|0|1" startTime="0.827" endTime="1.5"  startTrans="-0.063 -0.143 0.0" endTrans="-0.063 -0.204 0.0" />
            <part node="0>0|2|0|0|0" startTime="0.0" endTime="0.582"  startRot="-27.698 0.0 0.0" endRot="60.0 0.0 0.0" />
            <part node="0>0|2|0|0|0" startTime="0.582" endTime="0.827"  startRot="60.0 0.0 0.0" endRot="44.0 0.0 0.0" />
            <part node="0>0|2|0|0|0" startTime="0.827" endTime="1.5"  startRot="44.0 0.0 0.0" endRot="-1080.0 0.0 0.0" />
            <part node="0>0|2|0|0|0|0" startTime="0" endTime="0.276"  startRot="0.0 87.0 0.0" endRot="0.0 87.0 0.0" />
            <part node="0>0|2|0|0|0|0" startTime="0.276" endTime="0.827"  startRot="0.0 87.0 0.0" endRot="0.0 0.0 0.0" />
            <part node="0>0|2|0|0" startTime="0.0" endTime="0.582"  startRot="90.0 0.0 0.0" endRot="0.0 0.0 0.0" />
        </animation>

        <animation name="pipeAnimation" >
            <part node="0>0|2|1|0"       startTime="0" endTime="6"  startRot="0 0 0"      endRot="0 0 0" />
            <part node="0>0|2|1|0|0|0|0" startTime="0" endTime="6"  startRot="0 0 0"      endRot="0 0 0" />
            <part node="0>0|2|1|0|0"     startTime="0" endTime="6"  startRot="0 0 170"    endRot="0 0 0" />

            <part node="0>0|2|1|0|0|0"     startTime="0" endTime="6"  startRot="0 0 44.148"    endRot="0 0 44.148" />
            <part node="0>0|2|1|0|0|0|0|6" startTime="0" endTime="1"  startRot="0 0 0"       endRot="0 0 0" />
            <part node="0>0|2|1|0|0|0|0|6|1" startTime="0" endTime="1"  startRot="0 90 -90"   endRot="0 90 -90" />
        </animation>

        <animation name="toggleCover">
            <part node="0>0|2|2|0" startTime="0"    endTime="0.02" visibility="false" />
            <part node="0>0|2|2|0" startTime="0.02" endTime="0.04" visibility="true" />
            <part node="0>0|2|2|1" startTime="0"    endTime="0.02" visibility="true" />
            <part node="0>0|2|2|1" startTime="0.02" endTime="0.04" visibility="false" />
        </animation>
    </animations>

    <cover animationName="toggleCover" openOnBuy="false"/>
    <support animationName="moveSupport" />

    <washable dirtDuration="90" washDuration="1" workMultiplier="4" />

    <components count="3">
        <component1 centerOfMass="0 1.7 1.5" solverIterationCount="10" mrSetMass="4" />
        <component2 centerOfMass="0 0.2 0" solverIterationCount="15" mrSetMass="3" /> <!-- left oscillating tandem -->
        <component3 centerOfMass="0 0.2 0" solverIterationCount="15" mrSetMass="3" /> <!-- right oscillating tandem -->

        <joint component1="0" component2="1" index="0>0|1|0" rotLimit="15 0 0" breakable="false" mrZRotationXOffset="0.5" />
        <joint component1="0" component2="2" index="0>0|1|1" rotLimit="15 0 0" breakable="false" mrZRotationXOffset="-0.5" />
    </components>

    <schemaOverlay file="$dataS2/menu/schemas/implementSchema.png" fileSelected="$dataS2/menu/schemas/implementSchemaSelected.png" width="0.5" height="0.5" attacherJointPosition="0 0" />

</vehicle>