<?xml version="1.0" encoding="utf-8" standalone="no" ?>
<modDesc descVersion="37">
    <author>GIANTS Software</author>
    <version>1.0.2.0</version>
    <title>
        <en>4Real Module 02 - Tire Dirt</en>
        <de>4Real Module 02 - Reifenverschmutzung</de>
        <fr>4Real Module 02 - Salissure des roues</fr>
    </title>
    <description>
        <en><![CDATA[Adds more dynamic dirt to tires. Dirt is applied separately on each wheel depending on the ground.

Update 1.0.2.0: - Added support for speedRotatingParts, if they reference a physical wheel
Update 1.0.1.0: - Increased time it takes to dirty/clean wheels. Wheels are not cleaned as much anymore on roads or grass.
]]></en>        
        <de><![CDATA[Fügt dynamischeren Reifenschmutz zu allen Rädern hinzu. Die Verschmutzung der Reifen wird separat für jeden Reifen abhängig vom Boden geändert.

Update 1.0.2.0: - Unterstützung für speedRotatingParts hinzugefügt, wenn sie auf ein physikalisches Rad zugreifen
Update 1.0.1.0: - Zeit der Verschmutzung/Reinigung der Reifen verlängert. Reifen werden nicht mehr so stark gereinigt auf Gras oder Asphalt.
]]></de>
        <fr><![CDATA[Ajoute un système de salissure plus dynamique aux pneus. Les salissures sont appliqués sur chaque roue séparement et en fonction du terrain.

Update 1.0.2.0: - Added support for speedRotatingParts, if they reference a physical wheel
Update 1.0.1.0: - Increased time it takes to dirty/clean wheels. Wheels are not cleaned as much anymore on roads or grass.
]]></fr>    
    </description>
    <iconFilename>icon.png</iconFilename>
    <multiplayer supported="true"/>

    <extraSourceFiles>
        <sourceFile filename="register.lua"/>
    </extraSourceFiles>

    <inputBindings>
    </inputBindings>

    <l10n>
    </l10n>
</modDesc>
