﻿<?xml version="1.0" encoding="utf-8" standalone="no" ?>
<vehicle type="sowingMachineSprayer_bunkerRotation">
    <annotation>Copyright (C) GIANTS Software GmbH, All Rights Reserved.</annotation>
	
	<!-- MR
	
		capacity = 12000L when fully filled IRL (heap in the tank)
		ingame, the "real" capacity showed is closer to 8000L
	
		working width in game (workArea and ai markers) = 3.2m
		=> sprayUsageScales workingWidth and scale
		
		remove combination
		
		no brakeForce
		
		turningRadiusLimitation
		
		powerConsumer
		
		wheels
	
		mass / center of mass
		
		fillMassNode (second component)
		mrCOMtransWithMass
		
		inputAttacherJoint rotLimitSpring
		
		<mrDebug>			
			<drawPoint centerOfMass="0>" />
			<drawPoint centerOfMass="1>" />		
			<drawPoint node="0>5|3" translation="0 -0.1 0" />	
			<drawPoint node="0>" translation="0 0.7 2" />		
		</mrDebug>
	
	-->
	
	
	
	<moreRealistic>	
		<dragArea value="9.5" />
	</moreRealistic>
	
	

    <storeData>
        <name>Two Row Billet Planter</name>
        <specs>
            <neededPower>220</neededPower>
            <workingWidth>2</workingWidth>
            <!--<combination>AGCO1500,SB1600</combination>-->
            <fillTypes>sugarCane fertilizer</fillTypes>
        </specs>
        <functions>
            <function>$l10n_function_sowingMachine</function>
        </functions>
        <image>store_gessnerTwoRow.png</image>
        <price>85000</price>
        <dailyUpkeep>80</dailyUpkeep>
        <lifetime>600</lifetime>
        <rotation>0</rotation>
        <brand>GESSNER</brand>
        <category>sugarCaneHarvesting</category>
        <fieldJob sizeCategory="2" typeCategory="sowingMachine" />
        <vertexBufferMemoryUsage>1889300</vertexBufferMemoryUsage>
        <indexBufferMemoryUsage>319776</indexBufferMemoryUsage>
        <textureMemoryUsage>23834256</textureMemoryUsage>
        <instanceVertexBufferMemoryUsage>0</instanceVertexBufferMemoryUsage>
        <instanceIndexBufferMemoryUsage>0</instanceIndexBufferMemoryUsage>
    </storeData>

    <typeDesc>$l10n_typeDesc_sowingMachine</typeDesc>
    <filename>vehicles/tools/gessner/gessnerTwoRow.i3d</filename>

    <size width="4.8" length="6.5"/>
    <speedLimit value="12" />
    <brakeForce>0</brakeForce>

    <wheelConfigurations>
        <wheelConfiguration name="$l10n_configuration_valueDefault" price="0">
            <wheels>
                <!-- wheelsFront -->
                <wheel restLoad="0.5" repr="0>2|0" filename="$data/vehicles/wheels/trelleborg/AW305_260_70R16.xml" isLeft="false" forcePointRatio="0.3" initialCompression="40" suspTravel="0.05" spring="80" damper="10" hasTireTracks="true" brakeFactor="0" maxDeformation="0" />
                <wheel restLoad="0.5" repr="0>2|1" filename="$data/vehicles/wheels/trelleborg/AW305_260_70R16.xml" isLeft="true"  forcePointRatio="0.3" initialCompression="40" suspTravel="0.05" spring="80" damper="10" hasTireTracks="true" brakeFactor="0" maxDeformation="0" />

                <!-- wheelsMiddle -->
                <wheel restLoad="0.2" repr="0>4|0" filename="$data/vehicles/wheels/trelleborg/T510_220_50R6.xml" isLeft="true"  forcePointRatio="0.3" initialCompression="20" suspTravel="0.1" spring="10" damper="1" brakeFactor="0" maxDeformation="0" />
                <wheel restLoad="0.2" repr="0>4|1" filename="$data/vehicles/wheels/trelleborg/T510_220_50R6.xml" isLeft="false" forcePointRatio="0.3" initialCompression="20" suspTravel="0.1" spring="10" damper="1" brakeFactor="0" maxDeformation="0" />

                <!-- wheelsBack -->
                <wheel restLoad="0.3" repr="1>0|0|0" driveNode="1>0|0|0|0" mass="0.03" radius="0.41" isLeft="true"  versatileYRot="true" forceVersatility="true" forcePointRatio="0.3" initialCompression="25" suspTravel="0.2" spring="1" damper="1" hasParticles="true" frictionScale="1" brakeFactor="0" />
                <wheel restLoad="0.3" repr="1>0|1|0" driveNode="1>0|1|0|0" mass="0.03" radius="0.41" isLeft="false" versatileYRot="true" forceVersatility="true" forcePointRatio="0.3" initialCompression="25" suspTravel="0.2" spring="10" damper="1" hasParticles="true" frictionScale="1" brakeFactor="0" />
                <wheel restLoad="0.3" repr="1>0|2|0" driveNode="1>0|2|0|0" mass="0.03" radius="0.41" isLeft="false" versatileYRot="true" forceVersatility="true" forcePointRatio="0.3" initialCompression="25" suspTravel="0.2" spring="1" damper="1" hasParticles="true" frictionScale="1" brakeFactor="0" />
				
				<!-- MR versatileYRot wheels are really not "up to the task" of bearing all the weight of this tool (they keep "dancing" )
				and so, we add 2 virtual wheels (fixed) to handle the task
				we want the "yVersatil" being present only for the show (small spring setting)
				-->
				<wheel repr="1>" mrPositionX="1.5" mrPositionY="-0.44" mrPositionZ="-1.45" radius="0.35" deltaY="0" suspTravel="0.2" spring="100" damper="10" mrDummyWheel="true" frictionScale="0.7" mrLateralStiffnessScale="0.1" mrAttachableRotationRootVehicleDependantValue="-50" />
				<wheel repr="1>" mrPositionX="-1.5" mrPositionY="-0.44" mrPositionZ="-1.45" radius="0.35" deltaY="0" suspTravel="0.2" spring="100" damper="10" mrDummyWheel="true" frictionScale="0.7" mrLateralStiffnessScale="0.1" mrAttachableRotationRootVehicleDependantValue="-50" />
            </wheels>
        </wheelConfiguration>
    </wheelConfigurations>

    <axisColor>0.0046 0.2388 0.0111 1</axisColor>

    <dynamicallyLoadedWheels>
        <dynamicallyLoadedWheel linkNode="1>0|3|0" filename="$data/vehicles/wheels/trelleborg/AW305_300_80R15_3.xml" isLeft="true" />
        <dynamicallyLoadedWheel linkNode="1>0|4|0" filename="$data/vehicles/wheels/trelleborg/AW305_300_80R15_3.xml" isLeft="false" />
        <dynamicallyLoadedWheel linkNode="1>0|5|0" filename="$data/vehicles/wheels/trelleborg/AW305_300_80R15_3.xml" isLeft="false" />
    </dynamicallyLoadedWheels>

    <lights>
        <low>
            <light                     decoration="1>4|2|0" lightTypes="0 3" />
        </low>
        <high>
            <light realLight="1>4|2|1" decoration="1>4|2|0" lightTypes="0 3" />
        </high>
    </lights>

    <brakeLights>
        <brakeLight realLight="1>4|2|1" decoration="1>4|4|0" />
    </brakeLights>

    <turnLights>
        <turnLightLeft  realLight="1>4|3|0|1" decoration="1>4|3|0|0" />
        <turnLightRight realLight="1>4|3|1|1" decoration="1>4|3|1|0" />
    </turnLights>

    <beaconLights>
        <beaconLight index="1>4|5|0" speed="0.015" filename="$data/shared/beaconLights/beaconLight06.i3d" />
    </beaconLights>

    <workAreas>
        <workArea startIndex="0>5|0" widthIndex="0>5|1" heightIndex="0>5|2" refNodeIndex="0" type="sowingMachine" chargeValue="1" />
        <workArea startIndex="0>5|0" widthIndex="0>5|1" heightIndex="0>5|2" refNodeIndex="0" type="sprayer" chargeValue="1" />
    </workAreas>

    <groundReferenceNodes>
        <groundReferenceNode index="0>5|3" threshold="0.1" depthNode="0>5|4" />
    </groundReferenceNodes>

    <onlyActiveWhenLowered value="false" />

    <!-- recommended horsepower by manufacturer: 220 -->
    <powerConsumer ptoRpm="540" neededPtoPower="10" forceNode="0>" maxForce="45" forceNodeCOM="0 0.7 2" />

    <inputAttacherJoints>
        <inputAttacherJoint jointType="implement" index="0>0" topReferenceNode="0>1" lowerDistanceToGround="0.545" upperDistanceToGround="0.95" upperRotationOffset="0" lowerRotationOffset="-3" lowerRotLimitScale="0 0 0" rotLimitSpring="2 -1 1500" rotLimitDamping="10 -1 200" />
    </inputAttacherJoints>

    <speedRotatingParts>
        <!-- discs -->
        <speedRotatingPart shaderNode="0>7|0" radius="-0.386" foldMinLimit="0" foldMaxLimit="1.0" refNodeIndex="0" />
        <speedRotatingPart shaderNode="0>7|1" radius="0.386"  foldMinLimit="0" foldMaxLimit="1.0" refNodeIndex="0" />
        <speedRotatingPart shaderNode="0>7|2" radius="-0.183" foldMinLimit="0" foldMaxLimit="1.0" refNodeIndex="0" />
        <speedRotatingPart shaderNode="0>7|3" radius="0.183"  foldMinLimit="0" foldMaxLimit="1.0" refNodeIndex="0" />
        <!-- back wheels -->
        <speedRotatingPart index="1>0|3|0" wheelIndex="4" hasTireTracks="true" width="0.3" tireTrackAtlasIndex="1" />
        <speedRotatingPart index="1>0|4|0" wheelIndex="5" hasTireTracks="true" width="0.3" tireTrackAtlasIndex="1" />
        <speedRotatingPart index="1>0|5|0" wheelIndex="6" hasTireTracks="true" width="0.3" tireTrackAtlasIndex="1" />
    </speedRotatingParts>

    <sowingRotationNodes>
        <sowingRotationNode index="1>3|0" type="sowingMachine" shaderParam="offsetUV" shaderComponentScale="10 0 0 0" rotSpeed="3.4" turnOnFadeTime="1" turnOffFadeTime="1" />
    </sowingRotationNodes>

    <sowingScrollers>
        <sowingScroller index="1>3|1|0" type="sowingMachine" shaderParameterName="scrollPosition" scrollSpeed="0.2" scrollLength="1" shaderParameterComponent="1" turnOnFadeTime="1" turnOffFadeTime="1" />
        <sowingScroller index="1>3|1|1" type="sowingMachine" shaderParameterName="scrollPosition" scrollSpeed="0.2" scrollLength="1" shaderParameterComponent="1" turnOnFadeTime="1" turnOffFadeTime="1" />
        <!--sowingScroller index="1>5|0"   type="sowingMachine" shaderParameterName="scrollPosition" scrollSpeed="0.2" scrollLength="1" shaderParameterComponent="1" turnOnFadeTime="1" turnOffFadeTime="1" /-->
    </sowingScrollers>

    <sowingEffectsWithFixedFillType fillType="liquidFertilizer">
        <effectNode effectNode="1>5|1" delay="0" materialType="sprayer" materialTypeId="1" />
    </sowingEffectsWithFixedFillType>

    <sowingEffects>
        <effectNode effectClass="MorphPositionEffect" effectNode="1>5|2" materialType="belt" materialTypeId="2" delay="0" fadeTime="6.0" speed="1.0" scrollLength="10" scrollSpeed="0.32" />
    </sowingEffects>

    <movingTools>
        <!-- bunker -->
        <movingTool index="1>1" >
            <dependentPart index="1>2" />
        </movingTool>
    </movingTools>

    <movingParts>
        <!-- wheels back -->
        <movingPart index="1>0|3" referencePoint="1>0|0|0|1" referenceFrame="1>0|0|0|1" limitedAxis="2" isActiveDirty="true" />
        <movingPart index="1>0|4" referencePoint="1>0|1|0|1" referenceFrame="1>0|1|0|1" limitedAxis="2" isActiveDirty="true" />
        <movingPart index="1>0|5" referencePoint="1>0|2|0|1" referenceFrame="1>0|2|0|1" limitedAxis="2" isActiveDirty="true" />
        <!-- hydraulicBunker -->
        <movingPart index="1>2" referencePoint="1>1|0" referenceFrame="1>1|0" playSound="true" >
            <translatingPart index="1>2|0" />
        </movingPart>
    </movingParts>

    <animations>
        <animation name="moveSupport">
            <part node="0>12|0" startTime="0" endTime="1.5" startTrans="0 0.8 2.06" endTrans="0 0.355 2.06" />
        </animation>
        <!--
        <animation name="toggleCover">
            <part node="0>9|0" startTime="0" endTime="1.5" startRot="63 0 0" endRot="0 0 0" />
        </animation>
        -->
    </animations>

    <!--
    <cover animationName="toggleCover" />
    -->

    <groundParticleAnimations>
        <groundParticleAnimation>
            <node index="0>6|0" refNodeIndex="0" materialType="SOIL" />
        </groundParticleAnimation>
        <groundParticle>
            <node index="0>6|1" refNodeIndex="0" particleType="SOIL" emitCountScale="2.0"/>
            <node index="0>6|2" refNodeIndex="0" particleType="SOIL_SMOKE"  emitCountScale="2.0"/>
            <node index="0>6|3" refNodeIndex="0" particleType="SOIL_CHUNKS" worldSpace="false" emitCountScale="2.0"/>
            <node index="0>6|4" refNodeIndex="0" particleType="SOIL_BIG_CHUNKS" worldSpace="false" emitCountScale="3.0"/>
        </groundParticle>
    </groundParticleAnimations>

    <fillVolumes>
        <volumes>
            <!--
            <volume index="0>10|0|0" maxDelta="0.05" fillUnitIndex="2" />
            <volume index="0>10|1|0" maxDelta="0.05" fillUnitIndex="2" />
            -->
            <volume index="1>1|1|0|0" maxDelta="0.30" fillUnitIndex="1" />
            <volume index="1>1|1|1|0" maxDelta="0.30" fillUnitIndex="1" />
        </volumes>
        <!--
        <loadInfos>
            <loadInfo fillVolumeIndex="1" >
                <node index="1>1|1|0|1" width="1.0" length="1.0" />
            </loadInfo>
        </loadInfos>
        <unloadInfos>
            <unloadInfo fillVolumeIndex="1" >
                <node index="1>1|1|0|0" width="1.0" length="0.70" />
            </unloadInfo>
        </unloadInfos>
        -->
    </fillVolumes>

    <fillRootNode index="0>" />
    <exactFillRootNode index="1>1|1|2" />
    <fillMassNode index="1>" mrCOMtransWithMass="0 0.08 0" />

    <seedFruitTypes>sugarCane</seedFruitTypes>
    <fillLitersPerSecond>250</fillLitersPerSecond>

    <fillUnits>
        <fillUnit unit="$l10n_unit_literShort" fillTypes="sugarCane seeds" capacity="16000" fillVolumeIndex="1" secondFillVolumeIndex="2"/>
        <fillUnit unit="$l10n_unit_literShort" fillTypes="fertilizer" capacity="1400" fillVolumeIndex="3" />
    </fillUnits>

    <sowingMachine fillUnitIndex="1" unloadInfoIndex="1" loadInfoIndex="1" />
    <sprayer fillUnitIndex="2" unloadInfoIndex="1" loadInfoIndex="1" />

    <bunkerRotation>
        <node index="1>1" fillUnitIndex="1" turnedOffRot="0" turnedOnRot="40" rotSpeed="5.0" rotThreshold="1" />
    </bunkerRotation>

    <sprayUsageScales workingWidth="3.2" scale="2" />

    <needsActivation value="true" />
    <useDirectPlanting>true</useDirectPlanting>
    <support animationName="moveSupport" />

    <cultivatorSound file="$data/sounds/cultivatorSound.wav"               pitchOffset="1.00" volume="1.0" indoorVolumeFactor="0.55"/>
    <cylinderedHydraulicSound file="$data/sounds/cultivatorHydraulic.wav"  pitchOffset="1.00" volume="1.5" indoorVolumeFactor="0.75" />
    <sowingSound file="$data/sounds/canePlantingSound.wav"                 pitchOffset="0.95" volume="1.1" indoorVolumeFactor="0.45"/>
    <airBlowerSound file="$data/sounds/airBlowerLoop.wav"                  pitchOffset="1.05" volume="0.4" indoorVolumeFactor="0.45"/>
    <fillSound file="$data/maps/sounds/siloFillSound.wav"                  pitchOffset="1.00" volume="1.0" indoorVolumeFactor="0.45" volume3D="1.0" innerRadius="10" radius="40" linkNode="0>0"/>

    <ai>
        <areaMarkers leftIndex="0>8|0|0" rightIndex="0>8|0|1" backIndex="0>8|0|2" />
        <sizeMarkers leftIndex="0>8|1|0" rightIndex="0>8|1|1" backIndex="0>8|1|2" />
        <trafficCollisionTrigger index="0>8|2" />
        <needsLowering value="true"/>
        <forceTurnNoBackward value="false" />
        <!--toolReverserDirectionNode index="0>8|1|2" /-->
        <turningRadiusLimitation radius="4" />
        <maxOverlap side="0.05" />
    </ai>

    <washable dirtDuration="30" washDuration="1" workMultiplier="20" />

    <components count="2">
        <component1 centerOfMass="0 0.7 2" solverIterationCount="10" mrSetMass="1.5" />
        <component2 centerOfMass="0 0 -0.7" solverIterationCount="10" mrSetMass="3" />
        <joint component1="0" component2="1" index="0>3" rotLimit="6 0 0" transLimit="0 0 0" rotLimitSpring="2000 0 0" rotLimitDamping="150 0 0" />
    </components>

    <schemaOverlay file="$dataS2/menu/schemas/implementSchema.png" fileSelected="$dataS2/menu/schemas/implementSchemaSelected.png" fileTurnedOn="$dataS2/menu/schemas/implementSchemaTurnedOn.png" fileSelectedTurnedOn="$dataS2/menu/schemas/implementSchemaSelectedTurnedOn.png" width="0.5" height="0.5" attacherJointPosition="0 0"/>

</vehicle>
