﻿<?xml version="1.0" encoding="utf-8" standalone="no" ?>
<vehicle type="sowingMachineSprayer_bunkerRotation">
    <annotation>Copyright (C) GIANTS Software GmbH, All Rights Reserved.</annotation>
	
	<!-- MR
	
		capacity = 8000L when fully filled IRL (heap in the tank)
		ingame, the "real" capacity showed is closer to 5000L
	
		ingame working width (work area and ai markers) = 1.4m  (IRL, one common row spacing = 1.5m)
	
		remove combination
		
		wheels
		mrAttachableRotationRootVehicleDependantValue => the 2 dummyWheels are rotated up to 50° when the tractor wheels are rotated
		
		powerConsumer
	
		sprayUsageScales 14 ? why so much ? the player can still choose to plant without fertilising and use a conventionnal spreader/sprayer to fertilize after or before seeding
		IRL, we can put as much as 1T of fertilizer per hectare in the furrow. In our case that would mean about 900L per hectare (scale = 3.5)
		Ok, I see => when not playing MR, the fertilizer usage of seeder is "broken". And so, they had to put a scale of 14 to get some "consumption". But it is "random" (depends on the speed of the tractor and the framerate)
		Let's put a value of "2", which would mean 520L per hectare (1.9 hectares with one full tank)
		Realistic players or those who want to skip one fertilizer pass can use the ferti of this "planter". Those who want to make more money could plant by themselves without using fertilizer with the "planter".
		
		fillMassNode (second component)
		mrCOMtransWithMass
		
		mass and center of mass (about 2.4T empty ?)
		component joint
		
		no brakeForce
		
		turningRadiusLimitation
		
		groundReferenceNode
		
		inputAttacherJoint limitSpring	
		
		<mrDebug>			
			<drawPoint centerOfMass="0>" />
			<drawPoint centerOfMass="1>" />		
			<drawPoint node="0>5|3" translation="0 -0.1 0" />	
			<drawPoint node="0>" translation="0 0 2.2" />		
		</mrDebug>
	
	-->
	


	
	<moreRealistic isMrVehicle="true">	
		<dragArea value="7" />
		<componentToApplyResistancesTo index="2" />
		<debug noForces="false" />
	</moreRealistic>

    <storeData>
        <name>Single Row Billet Planter</name>
        <specs>
            <neededPower>130</neededPower>
            <workingWidth>1</workingWidth>
            <!--<combination>AGCO1100</combination>-->
            <fillTypes>sugarCane fertilizer</fillTypes>
        </specs>
        <functions>
            <function>$l10n_function_sowingMachine</function>
        </functions>
        <image>store_gessnerSingleRow.png</image>
        <price>32000</price>
        <dailyUpkeep>50</dailyUpkeep>
        <lifetime>600</lifetime>
        <rotation>0</rotation>
        <brand>GESSNER</brand>
        <category>sugarCaneHarvesting</category>
        <fieldJob sizeCategory="1" typeCategory="sowingMachine" />
        <vertexBufferMemoryUsage>1314388</vertexBufferMemoryUsage>
        <indexBufferMemoryUsage>204534</indexBufferMemoryUsage>
        <textureMemoryUsage>22829536</textureMemoryUsage>
        <instanceVertexBufferMemoryUsage>0</instanceVertexBufferMemoryUsage>
        <instanceIndexBufferMemoryUsage>0</instanceIndexBufferMemoryUsage>
    </storeData>	

    <typeDesc>$l10n_typeDesc_sowingMachine</typeDesc>
    <filename>vehicles/tools/gessner/gessnerSingleRow.i3d</filename>

    <wheelConfigurations>
        <wheelConfiguration name="$l10n_configuration_valueDefault" price="0">
            <wheels>
				<!-- wheel that drives the chains -->
				<wheel restLoad="0.3" repr="1>0|0" filename="$data/vehicles/wheels/trelleborg/AW305_215_75R17_5.xml" isLeft="false" forcePointRatio="0.3" initialCompression="10" suspTravel="0.07" spring="50" damper="3" hasTireTracks="true" brakeFactor="0" maxDeformation="0" /> 
                <wheel restLoad="0.3" repr="1>0|1" filename="$data/vehicles/wheels/trelleborg/AW305_215_75R17_5.xml" isLeft="true"  forcePointRatio="0.3" initialCompression="10" suspTravel="0.07" spring="50" damper="3" hasTireTracks="true" brakeFactor="0" maxDeformation="0" />
				
				<wheel restLoad="0.2" repr="0>4" filename="$data/vehicles/wheels/trelleborg/T510_215_65R8.xml" configIndex="noHub" forcePointRatio="0.3" initialCompression="0" suspTravel="0.2" spring="40" damper="5" brakeFactor="0" maxDeformation="0" /> <!-- press wheel -->
				
                <!-- physical wheels, visuals done by speedRotatingParts -->
                <wheel restLoad="0.2" repr="1>0|2" driveNode="1>0|2|0" radius="0.405" mass="0.1" versatileYRot="true" forcePointRatio="0.3" initialCompression="40" suspTravel="0.25" spring="1" damper="1" frictionScale="1" hasParticles="true" /> <!-- rear castor wheel -->
                <wheel restLoad="0.2" repr="1>0|3" driveNode="1>0|3|0" radius="0.405" mass="0.1" versatileYRot="true" forcePointRatio="0.3" initialCompression="40" suspTravel="0.25" spring="1" damper="1" frictionScale="1" hasParticles="true" /> <!-- rear castor wheel -->
				
				<!-- MR versatileYRot wheels are really not "up to the task" of bearing all the weight of this tool (they keep "dancing") 
				and so, we add 2 virtual wheels (fixed) to handle the task
				we want the "yVersatil" being present only for the show (small spring setting)
				-->
				<wheel repr="1>" mrPositionX="0.8" mrPositionY="-1.43" mrPositionZ="-1.8" radius="0.35" deltaY="0" suspTravel="0.2" spring="50" damper="8" mrDummyWheel="true" frictionScale="0.7" mrLateralStiffnessScale="0.1" mrAttachableRotationRootVehicleDependantValue="-50" />
				<wheel repr="1>" mrPositionX="-0.8" mrPositionY="-1.43" mrPositionZ="-1.8" radius="0.35" deltaY="0" suspTravel="0.2" spring="50" damper="8" mrDummyWheel="true" frictionScale="0.7" mrLateralStiffnessScale="0.1" mrAttachableRotationRootVehicleDependantValue="-50" />
													
            </wheels>
        </wheelConfiguration>
    </wheelConfigurations>

    <dynamicallyLoadedWheels>
        <dynamicallyLoadedWheel linkNode="1>0|4|0" filename="$data/vehicles/wheels/trelleborg/AW305_300_80R15_3.xml" isLeft="true" />
        <dynamicallyLoadedWheel linkNode="1>0|5|0" filename="$data/vehicles/wheels/trelleborg/AW305_300_80R15_3.xml" isLeft="false" />
    </dynamicallyLoadedWheels>

    <size width="5.8" length="5.1"/>
    <speedLimit value="12" />
    <brakeForce>0</brakeForce>

    <workAreas>
        <workArea startIndex="0>5|0" widthIndex="0>5|1" heightIndex="0>5|2" refNodeIndex="0" type="sowingMachine" chargeValue="1" />
        <workArea startIndex="0>5|0" widthIndex="0>5|1" heightIndex="0>5|2" refNodeIndex="0" type="sprayer" chargeValue="1" />
    </workAreas>

    <groundReferenceNodes>
        <groundReferenceNode index="0>5|3" threshold="0.1" depthNode="0>5|4" />
    </groundReferenceNodes>

    <onlyActiveWhenLowered value="false" />

    <!-- recommended horsepower by manufacturer: 140 -->
    <powerConsumer neededPtoPower="0" forceNode="0>" maxForce="25" forceNodeCOM="0 0.1 2.2" mrSpeedForMaxForce="1.25" mrApplyForceToAttacherVehicle="true" />

    <inputAttacherJoints>
		<inputAttacherJoint jointType="implement" index="0>0" topReferenceNode="0>1" lowerDistanceToGround="0.545" upperDistanceToGround="0.95" upperRotationOffset="0" rotLimitSpring="1 -1 -1" rotLimitDamping="10 -1 -1" />
    </inputAttacherJoints>

    <speedRotatingParts>
        <!-- discs -->
        <speedRotatingPart shaderNode="0>7|0" radius="-0.200" foldMinLimit="0" foldMaxLimit="1.0" refNodeIndex="0" />
        <speedRotatingPart shaderNode="0>7|1" radius="0.200"  foldMinLimit="0" foldMaxLimit="1.0" refNodeIndex="0" />
        <speedRotatingPart shaderNode="0>7|2" radius="-0.418" foldMinLimit="0" foldMaxLimit="1.0" refNodeIndex="0" />
        <speedRotatingPart shaderNode="0>7|3" radius="0.418"  foldMinLimit="0" foldMaxLimit="1.0" refNodeIndex="0" />
        <!-- rotatingParts -->
        <speedRotatingPart index="1>4|0" wheelIndex="0" wheelScale="1.00" activationSpeed="0" foldMinLimit="0" foldMaxLimit="1.0" />
        <speedRotatingPart index="1>4|1" wheelIndex="0" wheelScale="1.00" activationSpeed="0" foldMinLimit="0" foldMaxLimit="1.0" />
        <speedRotatingPart index="1>4|2" wheelIndex="0" wheelScale="0.65" activationSpeed="0" foldMinLimit="0" foldMaxLimit="1.0" />
        <speedRotatingPart index="1>4|3" wheelIndex="0" wheelScale="0.65" activationSpeed="0" foldMinLimit="0" foldMaxLimit="1.0" />

        <speedRotatingPart index="1>4|4" wheelIndex="0" wheelScale="0.65" activationSpeed="0" foldMinLimit="0" foldMaxLimit="1.0" />
        <speedRotatingPart index="1>4|5" wheelIndex="0" wheelScale="0.75" activationSpeed="0" foldMinLimit="0" foldMaxLimit="1.0" />
        <speedRotatingPart index="1>4|6" wheelIndex="0" wheelScale="0.47" activationSpeed="0" foldMinLimit="0" foldMaxLimit="1.0" />

        <speedRotatingPart index="1>4|7|0" wheelIndex="0" wheelScale="0.30" activationSpeed="0" foldMinLimit="0" foldMaxLimit="1.0" />
        <speedRotatingPart index="1>4|8|0" wheelIndex="0" wheelScale="-0.30" activationSpeed="0" foldMinLimit="0" foldMaxLimit="1.0" />

        <speedRotatingPart index="1>4|9|0"  wheelIndex="0" wheelScale="0.20" activationSpeed="0" foldMinLimit="0" foldMaxLimit="1.0" />
        <speedRotatingPart index="1>4|10|0" wheelIndex="0" wheelScale="0.20" activationSpeed="0" foldMinLimit="0" foldMaxLimit="1.0" />

        <speedRotatingPart index="1>4|11|0" wheelIndex="0" wheelScale="-0.137" activationSpeed="0" foldMinLimit="0" foldMaxLimit="1.0" />
        <speedRotatingPart index="1>4|12|0" wheelIndex="0" wheelScale="-0.200" activationSpeed="0" foldMinLimit="0" foldMaxLimit="1.0" />

        <speedRotatingPart index="1>4|13|0" wheelIndex="0" wheelScale="-0.200" activationSpeed="0" foldMinLimit="0" foldMaxLimit="1.0" />
        <speedRotatingPart index="1>4|14|0" wheelIndex="0" wheelScale="-0.200" activationSpeed="0" foldMinLimit="0" foldMaxLimit="1.0" />

        <!-- chains -->
        <speedRotatingPart shaderNode="1>4|15" useRotation="false" wheelIndex="0" wheelScale="0.5" scrollScale="-8.103 0.0" activationSpeed="0" foldMinLimit="0" foldMaxLimit="1.0" />
        <speedRotatingPart shaderNode="1>4|16" useRotation="false" wheelIndex="0" wheelScale="0.5" scrollScale="-4.604 0.0" activationSpeed="0" foldMinLimit="0" foldMaxLimit="1.0" />
        <speedRotatingPart shaderNode="1>4|17" useRotation="false" wheelIndex="0" wheelScale="0.2" scrollScale="5.398 0.0" activationSpeed="0" foldMinLimit="0" foldMaxLimit="1.0" />
        <speedRotatingPart shaderNode="1>4|18" useRotation="false" wheelIndex="0" wheelScale="0.078" scrollScale="5.994 0.0" activationSpeed="0" foldMinLimit="0" foldMaxLimit="1.0" />
        <speedRotatingPart shaderNode="1>4|19" useRotation="false" wheelIndex="0" wheelScale="0.028" scrollScale="-12.60 0.0" activationSpeed="0" foldMinLimit="0" foldMaxLimit="1.0" />
        <speedRotatingPart shaderNode="1>4|20" useRotation="false" wheelIndex="0" wheelScale="0.028" scrollScale="-8.502 0.0" activationSpeed="0" foldMinLimit="0" foldMaxLimit="1.0" />

        <!-- back wheels -->
        <speedRotatingPart index="1>0|4|0" wheelIndex="3" hasTireTracks="true" width="0.3" tireTrackAtlasIndex="1" />
        <speedRotatingPart index="1>0|5|0" wheelIndex="4" hasTireTracks="true" width="0.3" tireTrackAtlasIndex="1" />
    </speedRotatingParts>

    <sowingRotationNodes>
        <sowingRotationNode index="1>4|21" type="sowingMachine" shaderParam="offsetUV" shaderComponentScale="10 0 0 0" rotSpeed="3.4" turnOnFadeTime="1" turnOffFadeTime="1" />
    </sowingRotationNodes>

    <sowingScrollers>
        <sowingScroller index="1>4|22|0" type="sowingMachine" shaderParameterName="scrollPosition" scrollSpeed="0.2" scrollLength="1" shaderParameterComponent="1" turnOnFadeTime="1" turnOffFadeTime="1" />
        <!--sowingScroller index="1>4|22|1" type="sowingMachine" shaderParameterName="scrollPosition" scrollSpeed="0.066" scrollLength="1" shaderParameterComponent="1" turnOnFadeTime="1" turnOffFadeTime="1" /-->
    </sowingScrollers>

    <!--sowingParticleSystem>
        <emitterShape index="1>5|1" worldSpace="false" delay="0" />
    </sowingParticleSystem-->

    <sowingEffectsWithFixedFillType fillType="liquidFertilizer">
        <effectNode effectNode="1>5|0" delay="0" materialType="sprayer" materialTypeId="1" />
    </sowingEffectsWithFixedFillType>

    <sowingEffects>
        <effectNode effectClass="MorphPositionEffect" effectNode="1>5|1" materialType="belt" materialTypeId="2" delay="0" fadeTime="6.0" speed="1.0" scrollLength="10" scrollSpeed="0.34" />
    </sowingEffects>

    <movingTools>
        <!-- bunker -->
        <movingTool index="1>1" >
            <dependentPart index="1>2" />
        </movingTool>
    </movingTools>

    <movingParts>
        <!-- wheels back -->
        <movingPart index="1>0|4" referencePoint="1>0|2|1" referenceFrame="1>0|2|1" limitedAxis="2" isActiveDirty="true" />
        <movingPart index="1>0|5" referencePoint="1>0|3|1" referenceFrame="1>0|3|1" limitedAxis="2" isActiveDirty="true" />
        <!-- rotatingPartPto -->
        <movingPart index="1>4|7|0|0" referencePoint="1>4|8|0|0" referenceFrame="1>4|8|0|0" isActiveDirty="true" />
        <!-- hydraulicBunker -->
        <movingPart index="1>2" referencePoint="1>1|0" referenceFrame="1>1|0" playSound="true" >
            <translatingPart index="1>2|0" />
        </movingPart>
    </movingParts>

    <animations>
        <!--
        <animation name="folding">
            <part node="0>0" startTime="0" endTime="1" startRot="0 0 0" endRot="-15 0 0"/>
        </animation>
        -->
        <animation name="moveSupport">
            <part node="0>2" startTime="0" endTime="0.3" startTrans="0 1.008 2.013" endTrans="0 0.485 2.013" />
        </animation>
    </animations>

    <!--
    <foldingParts startMoveDirection="1" foldMiddleAnimTime="0.8" turnOnFoldMaxLimit="0.8" turnOnFoldMinLimit="0.0" turnOffOnFold="true" >
        <foldingPart animationName="folding" speedScale="1" />
    </foldingParts>
    -->

    <groundParticleAnimations>
        <groundParticleAnimation>
            <node index="0>6|0" refNodeIndex="0" materialType="SOIL" />
        </groundParticleAnimation>
        <groundParticle>
            <node index="0>6|1" refNodeIndex="0" particleType="SOIL" emitCountScale="2.0"/>
            <node index="0>6|2" refNodeIndex="0" particleType="SOIL_SMOKE" emitCountScale="3.0"/>
            <node index="0>6|3" refNodeIndex="0" particleType="SOIL_CHUNKS" worldSpace="false" emitCountScale="2.0"/>
            <node index="0>6|4" refNodeIndex="0" particleType="SOIL_BIG_CHUNKS" worldSpace="false" emitCountScale="2.0"/>
        </groundParticle>
    </groundParticleAnimations>

    <fillVolumes>
        <volumes>
            <volume index="1>1|1|0" maxDelta="0.05" maxAllowedHeapAngle="20" fillUnitIndex="1" />
        </volumes>
        <loadInfos>
            <loadInfo fillVolumeIndex="1" >
                <node index="1>1|1|0|1" width="1.0" length="1.0" />
            </loadInfo>
        </loadInfos>
        <unloadInfos>
            <unloadInfo fillVolumeIndex="1" >
                <node index="1>1|1|0|0" width="1.0" length="0.70" />
            </unloadInfo>
        </unloadInfos>
    </fillVolumes>

    <fillRootNode index="0>" />
    <exactFillRootNode index="1>1|1|1" />
    <fillMassNode index="1>" mrCOMtransWithMass="0 0.15 0.05" />

    <seedFruitTypes>sugarCane</seedFruitTypes>
    <fillLitersPerSecond>250</fillLitersPerSecond>

    <fillUnits>
        <fillUnit unit="$l10n_unit_literShort" fillTypes="sugarCane seeds" capacity="8000" fillVolumeIndex="1" />
        <fillUnit unit="$l10n_unit_literShort" fillTypes="fertilizer" capacity="990" fillVolumeIndex="2" />
    </fillUnits>

    <sowingMachine fillUnitIndex="1" unloadInfoIndex="1" loadInfoIndex="1" />
    <sprayer fillUnitIndex="2" unloadInfoIndex="2" loadInfoIndex="2" />

    <bunkerRotation>
        <node index="1>1" fillUnitIndex="1" turnedOffRot="0" turnedOnRot="40" rotSpeed="5.0" rotThreshold="1" />
    </bunkerRotation>

    <sprayUsageScales workingWidth="1.4" scale="2" />

    <needsActivation value="true" />
    <useDirectPlanting>true</useDirectPlanting>
    <support animationName="moveSupport" />

    <cultivatorSound file="$data/sounds/cultivatorSound.wav"               pitchOffset="1.00" volume="1.0" indoorVolumeFactor="0.55"/>
    <cylinderedHydraulicSound file="$data/sounds/cultivatorHydraulic.wav"  pitchOffset="1.00" volume="1.0" indoorVolumeFactor="0.75" />
    <sowingSound file="$data/sounds/canePlantingSound.wav"                 pitchOffset="1.05" volume="1.0" indoorVolumeFactor="0.45"/>
    <airBlowerSound file="$data/sounds/airBlowerLoop.wav"                  pitchOffset="0.95" volume="0.4" indoorVolumeFactor="0.45"/>
    <fillSound file="$data/maps/sounds/siloFillSound.wav"                  pitchOffset="1.00" volume="1.0" indoorVolumeFactor="0.45" volume3D="1.0" innerRadius="10" radius="40" linkNode="0>0"/>

    <ai>
        <areaMarkers leftIndex="0>8|0|0" rightIndex="0>8|0|1" backIndex="0>8|0|2" />
        <sizeMarkers leftIndex="0>8|1|0" rightIndex="0>8|1|1" backIndex="0>8|1|2" />
        <trafficCollisionTrigger index="0>8|2" />
        <needsLowering value="true"/>
        <forceTurnNoBackward value="false" />
        <!--toolReverserDirectionNode index="0>8|1|2" /-->
        <turningRadiusLimitation radius="4" />
        <maxOverlap side="0.05" />
    </ai>

    <washable dirtDuration="30" washDuration="1" workMultiplier="20" />

    <components count="2">
        <component1 centerOfMass="0 0.35 1.7" solverIterationCount="10" mrSetMass="0.8" />
        <component2 centerOfMass="0 -0.8 -1.2" solverIterationCount="10" mrSetMass="1.2" />
        <joint component1="0" component2="1" index="0>3" rotLimit="10 0 0" transLimit="0 0 0" rotLimitSpring="1000 0 0" rotLimitDamping="50 0 0" />
    </components>

    <schemaOverlay file="$dataS2/menu/schemas/implementSchema.png" fileSelected="$dataS2/menu/schemas/implementSchemaSelected.png" fileTurnedOn="$dataS2/menu/schemas/implementSchemaTurnedOn.png" fileSelectedTurnedOn="$dataS2/menu/schemas/implementSchemaSelectedTurnedOn.png" width="0.5" height="0.5" attacherJointPosition="0 0"/>

</vehicle>
