﻿<?xml version="1.0" encoding="utf-8" standalone="no" ?>
<vehicle type="tractor">
    <annotation>Copyright (C) GIANTS Software GmbH, All Rights Reserved.</annotation>

	<!-- mr
		<wheels autoRotateBackSpeed="1.7">
		differentials		
		components joint and center of mass and set a lower mass than what is set in the i3d file
		ackermannSteering
		motor
		wheels
		attacherJoints 		
		replace speedDisplay by rpm display
		
		data from FAT test 1296/86 and profi test 7/92
	-->
	
	
	<moreRealistic useMrTransmission="true">		
		<dragArea value="3.7" />
		<engine rotInertiaFx="1" transmissionEfficiency="0.869" minSpeed="3" fuelUsageFactor="1.1" engineBrakeForceFx="0.9" />
		<lateralForces useSingleComponent="false" />
	</moreRealistic>
	
	
    <storeData>
        <name>H 488</name>
        <specs>
            <power>88</power>
            <maxSpeed>40</maxSpeed>
        </specs>
        <functions>
            <function>$l10n_function_tractor</function>
        </functions>
        <image>data/store/store_huerlimannH488.png</image>
        <price>45000</price>
        <dailyUpkeep>210</dailyUpkeep>
        <lifetime>600</lifetime>
        <rotation>0</rotation>
        <brand>HUERLIMANN</brand>
        <category>tractors</category>
        <fieldJob sizeCategory="1" typeCategory="tractor" hasFrontAndBackHydraulics="true" />
        <vertexBufferMemoryUsage>1810856</vertexBufferMemoryUsage>
        <indexBufferMemoryUsage>285078</indexBufferMemoryUsage>
        <textureMemoryUsage>18612528</textureMemoryUsage>
        <instanceVertexBufferMemoryUsage>0</instanceVertexBufferMemoryUsage>
        <instanceIndexBufferMemoryUsage>0</instanceIndexBufferMemoryUsage>
    </storeData>

    <typeDesc>$l10n_typeDesc_tractor</typeDesc>
    <filename>data/vehicles/steerable/huerlimann/huerlimannH488.i3d</filename>

    <size width="2.5" length="4"/>

    <wheelConfigurations>
        <wheelConfiguration name="$l10n_configuration_valueDefault" price="0">
            <wheels autoRotateBackSpeed="1.7">
                <wheel rotSpeed="1" restLoad="1.2" repr="1>0|0" driveNode="1>0|0|0" forcePointRatio="0.2" filename="$data/vehicles/wheels/trelleborg/TM800_440_65R24.xml" isLeft="true"  color="0.5029 0.4179 0.2582 1.0" initialCompression="15" suspTravel="0.16" spring="30" damper="5" hasTireTracks="true" hasParticles="true" fenderNode="1>0|0|3" fenderRotMax="28" />
                <wheel rotSpeed="1" restLoad="1.2" repr="1>0|1" driveNode="1>0|1|0" forcePointRatio="0.2" filename="$data/vehicles/wheels/trelleborg/TM800_440_65R24.xml" isLeft="false" color="0.5029 0.4179 0.2582 1.0" initialCompression="15" suspTravel="0.16" spring="30" damper="5" hasTireTracks="true" hasParticles="true" fenderNode="1>0|1|3" fenderRotMin="-28" />
                <wheel rotSpeed="0" restLoad="1.0" repr="0>0|0"                     forcePointRatio="0.3" filename="$data/vehicles/wheels/trelleborg/TM800_540_65R34.xml" isLeft="true"  color="0.5029 0.4179 0.2582 1.0" initialCompression="10" suspTravel="0.16" spring="55" damper="8" hasTireTracks="true" hasParticles="true" />
                <wheel rotSpeed="0" restLoad="1.0" repr="0>0|1"                     forcePointRatio="0.3" filename="$data/vehicles/wheels/trelleborg/TM800_540_65R34.xml" isLeft="false" color="0.5029 0.4179 0.2582 1.0" initialCompression="10" suspTravel="0.16" spring="55" damper="8" hasTireTracks="true" hasParticles="true" />
            </wheels>
        </wheelConfiguration>
        <wheelConfiguration name="$l10n_configuration_valueWheelNarrow" price="400" icon="$dataS2/menu/hud/configurations/config_wheel_thin.png" >
            <wheels autoRotateBackSpeed="1.7">
                <wheel rotSpeed="1" restLoad="1.1" repr="1>0|0" driveNode="1>0|0|0" forcePointRatio="0.2" filename="$data/vehicles/wheels/trelleborg/TM100_230_95R32.xml" isLeft="true"  configIndex="n8v5" color="0.5029 0.4179 0.2582 1.0" initialCompression="4" suspTravel="0.16" spring="30" damper="5" hasTireTracks="true" hasParticles="true" fenderNode="1>0|0|3" fenderRotMax="28" />
                <wheel rotSpeed="1" restLoad="1.1" repr="1>0|1" driveNode="1>0|1|0" forcePointRatio="0.2" filename="$data/vehicles/wheels/trelleborg/TM100_230_95R32.xml" isLeft="false" configIndex="n8v5" color="0.5029 0.4179 0.2582 1.0" initialCompression="4" suspTravel="0.16" spring="30" damper="5" hasTireTracks="true" hasParticles="true" fenderNode="1>0|1|3" fenderRotMin="-28" />
                <wheel rotSpeed="0" restLoad="0.9" repr="0>0|0"                     forcePointRatio="0.3" filename="$data/vehicles/wheels/trelleborg/TM100_230_95R44.xml" isLeft="true"                     color="0.5029 0.4179 0.2582 1.0" initialCompression="10" suspTravel="0.16" spring="55" damper="6" hasTireTracks="true" hasParticles="true" />
                <wheel rotSpeed="0" restLoad="0.9" repr="0>0|1"                     forcePointRatio="0.3" filename="$data/vehicles/wheels/trelleborg/TM100_230_95R44.xml" isLeft="false"                    color="0.5029 0.4179 0.2582 1.0" initialCompression="10" suspTravel="0.16" spring="55" damper="6" hasTireTracks="true" hasParticles="true" />
            </wheels>
        </wheelConfiguration>
    </wheelConfigurations>

    <ackermannSteering rotSpeed="60" rotMax="50" rotCenterWheel1="2" rotCenterWheel2="3" />

    <differentials>
        <differential torqueRatio="0.5" maxSpeedRatio="1.0" wheelIndex1="0" wheelIndex2="1" /> <!-- front left-right -->
        <differential torqueRatio="0.5" maxSpeedRatio="1.0" wheelIndex1="2" wheelIndex2="3" /> <!-- back left-right -->
        <differential torqueRatio="0.5" maxSpeedRatio="1.0" differentialIndex1="0" differentialIndex2="1" /> <!-- front-back -->
    </differentials>

    <motorConfigurations>
        <motorConfiguration name="$l10n_configuration_valueDefault" price="0">
            <motor torqueScale="0.318" minRpm="760" maxRpm="2670" maxForwardSpeed="40.3" maxBackwardSpeed="41.9" brakeForce="2.75" lowBrakeForceScale="0.22" lowBrakeForceSpeedLimit="1" rotInertia="0.001" minForwardGearRatio="24.48" maxForwardGearRatio="150" minBackwardGearRatio="23.56" maxBackwardGearRatio="150" ptoMotorRpmRatio="3.813" >
				<torque normRpm="0.3" torque="0.943"/>
				<torque normRpm="0.412" torque="0.981"/>
				<torque normRpm="0.524" torque="1"/>
				<torque normRpm="0.749" torque="0.886"/>
				<torque normRpm="0.824" torque="0.827"/>
				<torque normRpm="0.8988" torque="0.77"/>
				<torque normRpm="0.9363" torque="0.735"/>
				<torque normRpm="0.9595" torque="0.625"/>
				<torque normRpm="0.9828" torque="0.313"/>				
                <torque normRpm="1" torque="0"/>
            </motor>
        </motorConfiguration>
    </motorConfigurations>

    <fuelCapacity>110</fuelCapacity>

    <cameras count="2">
        <camera1 index="0>1|0|0" rotatable="true" rotateNode="0>1|0" limit="true" useWorldXZRotation="true" rotMinX="-1.4" rotMaxX="1" transMin="4" transMax="35" >
            <raycastNode index="0>1|2"/>
            <raycastNode index="0>1|3"/>
        </camera1>
        <camera2 index="0>1|1" rotatable="true" limit="true" rotMinX="-1.1" rotMaxX="0.4" transMin="0" transMax="0" useMirror="true" isInside="true" />
    </cameras>

    <lights>
        <low>
            <light                       decoration="0>2|0|0"   lightTypes="0 3" />
            <light realLight="0>2|0|1"                          lightTypes="0" excludedLightTypes="3" /> <!--FrontLights-->
            <light                       decoration="0>2|2|0"   lightTypes="0 1"/> <!--BackLights-->
            <light realLight="0>2|1|0|1" decoration="0>2|1|0|0" lightTypes="1"/> <!--WorklightBack-->
            <light                       decoration="0>2|1|1|0" lightTypes="2"/> <!--WorklightFront-->
            <light realLight="0>2|0|2"                          lightTypes="3"/> <!--HighBeam -->
        </low>
        <high>
            <light                       decoration="0>2|0|0"   lightTypes="0 3" />
            <light realLight="0>2|0|3"                          lightTypes="0" excludedLightTypes="2 3" /> <!--FrontLights-->
            <light realLight="0>2|2|1"   decoration="0>2|2|0"   lightTypes="0 3" /> <!--BackLights-->
            <light realLight="0>2|1|0|2" decoration="0>2|1|0|0" lightTypes="1" /> <!--WorklightBack  -->
            <light realLight="0>2|1|1|1" decoration="0>2|1|1|0" lightTypes="2"  /> <!--WorklightFront -->
            <light realLight="0>2|0|4"                          lightTypes="3" excludedLightTypes="2" /> <!--HighBeam-->
        </high>
        <states>
            <state lightTypes="0" />
            <state lightTypes="0 1" />
            <state lightTypes="0 1 2" />
        </states>
    </lights>

    <brakeLights>
        <brakeLight realLight="0>2|2|1" decoration="0>2|4|0" />
    </brakeLights>

    <turnLights>
        <turnLightLeft realLight="0>2|3|0|1" decoration="0>2|3|0|0" />
        <turnLightLeft realLight="0>2|3|0|2" />
        <turnLightRight realLight="0>2|3|1|1" decoration="0>2|3|1|0" />
        <turnLightRight realLight="0>2|3|1|2" />
    </turnLights>

    <mirrors>
        <mirror index="0>11|0" prio="1" />
        <mirror index="0>11|1" prio="1" />
    </mirrors>

    <indoorHud>
        <fuel animName="fuelDisplay" />
		<!-- <speed animName="speedDisplay" minValueAnim="5" maxValueAnim="45"/> -->
        <rpm animName="rpmDisplay"/> <!-- replace speed by rpm -->
    </indoorHud>

    <enterReferenceNode index="0>"/>
    <exitPoint index="0>3"/>

    <attacherJoints comboDuration="2">
        <attacherJoint index="0>5|0|0|0|0" rotationNode="0>5|0|0" rotationNode2="0>5|0|0|0" upperRotation="35 0 0" lowerRotation="-15 0 0" upperDistanceToGround="1.03" lowerDistanceToGround="0.41" upperRotationOffset="-0.33" moveTime="2.5" ptoOutputNode="0>5|2|0" comboTime="1">
            <bottomArm rotationNode="0>5|0|1" translationNode="0>5|0|1|0" referenceNode="0>5|0|1|0|0" zScale="-1" startRotation="-17 0 0" />
            <topArm baseNode="0>5|0|2" filename="$data/shared/vehicleParts/upperLink.i3d" zScale="-1" />
            <schema position="1 0" rotation="0" invertX="false" />
            <objectChange node="0>5|1|0" visibilityActive="false" visibilityInactive="true" />
        </attacherJoint>
        <attacherJoint index="0>5|0|3|0|0" rotationNode="0>5|0|3" rotationNode2="0>5|0|3|0" upperRotation="-26 0 0" lowerRotation="21 0 0" upperDistanceToGround="0.92" lowerDistanceToGround="0.36" upperRotationOffset="0.33" moveTime="2.25" ptoOutputNode="0>5|2|1" comboTime="0">
            <bottomArm rotationNode="0>5|0|4" translationNode="0>5|0|4|0" referenceNode="0>5|0|4|0|0" zScale="1" startRotation="-33 0 0"/>
            <topArm baseNode="0>5|0|5" filename="$data/shared/vehicleParts/upperLink.i3d" zScale="1" toggleVisibility="true" />
            <schema position="0 0" rotation="0" invertX="true" />
        </attacherJoint>
        <!-- trailer attacher -->
        <attacherJoint index="0>5|1|0|0" transNode="0>5|1|0" transNodeMinY="0.555" transNodeMaxY="1.02" mrOffsetY="-0.016" jointType="trailer" lowerRotLimit="20 74 50" upperRotRotationOffset="0" allowsJointLimitMovement="false" ptoOutputNode="0>5|2|0" comboTime="1">
            <schema position="1 0" rotation="0" invertX="false" />
            <objectChange node="0>5|1|1" visibilityActive="false"  visibilityInactive="true" />
        </attacherJoint>
        <attacherJoint index="0>5|1|1|0" transNode="0>5|1|1" transNodeMinY="0.4" transNodeMaxY="0.7" mrOffsetY="-0.016" jointType="trailerLow" lowerRotLimit="20 68 50" upperRotRotationOffset="0" allowsJointLimitMovement="false" ptoOutputNode="0>5|2|0" comboTime="1">
            <schema position="1 0" rotation="0" invertX="false" />
            <objectChange node="0>5|0|1" rotationActive="35 0 0"  rotationInactive="-17 0 0" />
            <objectChange node="0>5|1|0" visibilityActive="false"  visibilityInactive="true" />
            <steeringBars leftNode="0>5|1|1|1" rightNode="0>5|1|1|2" />
        </attacherJoint>
    </attacherJoints>

    <movingTools>
        <!-- attacher joint back bottom-->
        <movingTool index="0>5|0|1">
            <dependentPart index="0>9|0" />
        </movingTool>
        <!-- attacher joint front bottom-->
        <movingTool index="0>5|0|4">
            <dependentPart index="0>9|2" />
        </movingTool>
    </movingTools>

    <movingParts>
        <!-- front -->
        <movingPart index="0>9|2" referencePoint="0>5|0|4|0|1" referenceFrame="0>5|0|4|0|1" >
            <translatingPart index="0>9|2|0" />
        </movingPart>

        <!-- back -->
        <movingPart index="0>9|0" referencePoint="0>5|0|1|0|1" localReferencePoint="0>9|0|0" referenceFrame="0>" >
            <dependentPart index="0>9|0|0" />
        </movingPart>
        <!-- attacher joint back bottom cylinder 2b -->
        <movingPart index="0>9|0|0" referencePoint="0>5|0|1|0|1" referenceFrame="0>5|0|1|0|1" >
            <dependentPart index="0>9|1" />
            <dependentPart index="0>9|3" />
            <dependentPart index="0>9|4" />
        </movingPart>
        <!-- hydraulic -->
        <movingPart index="0>9|1" referencePoint="0>9|0|1" referenceFrame="0>9|0|1" >
            <translatingPart index="0>9|1|0" />
        </movingPart>
        <movingPart index="0>9|3" referencePoint="0>5|0|1|0|2" referenceFrame="0>5|0|1|0|2" scaleZ="true" />
        <movingPart index="0>9|4" referencePoint="0>5|0|1|0|3" referenceFrame="0>5|0|1|0|3" scaleZ="true" />

        <!-- steering -->
        <movingPart index="1>0|1|2" referencePoint="1>0|0|2" referenceFrame="1>0|0|2" scaleZ="true" isActiveDirty="true" >
            <dependentPart index="1>1|0" />
            <dependentPart index="1>1|1" />
        </movingPart>
        <movingPart index="1>1|0" referencePoint="1>0|0|1" referenceFrame="1>0|0|1">
            <translatingPart index="1>1|0|0" />
        </movingPart>
        <movingPart index="1>1|1" referencePoint="1>0|1|1" referenceFrame="1>0|1|1">
            <translatingPart index="1>1|1|0" />
        </movingPart>
    </movingParts>

    <animations>
        <!-- <animation name="speedDisplay"> -->
		<animation name="rpmDisplay">
			<part node="0>10|1" startTime="0"    endTime="0.15" startRot="0 0 0" endRot="0 0 0" />
            <part node="0>10|0" startTime="0.15" endTime="1" startRot="0 0 0" endRot="0 0 -277" />
        </animation>
        <animation name="fuelDisplay">
            <part node="0>10|1" startTime="0" endTime="1" startRot="0 0 0" endRot="0 0 -70" />
        </animation>
    </animations>

    <steering index="0>4|0" indoorRotation="540" outdoorRotation="40" />

    <characterNode index="0>6|0" cameraMinDistance="1.5" filename="$dataS2/character/player/player.xml" spineRotation="180 0 107" >
        <target ikChain="rightFoot" targetNode="0>6|1" />
        <target ikChain="leftFoot"  targetNode="0>6|2" />
        <target ikChain="rightArm"  targetNode="0>4|0|0" setDirty="true"/>
        <target ikChain="leftArm"   targetNode="0>4|0|1" setDirty="true" />
    </characterNode>

    <ai>
        <trafficCollisionTrigger index="0>7|0" />
    </ai>

    <exhaustEffects>
        <exhaustEffect index="0>8|0" filename="$data/particleSystems/shared/exhaust.i3d" minRpmColor="0.9 0.9 0.9 0.1" maxRpmColor="0.9 0.9 0.9 0.4" minRpmScale="0.05" maxRpmScale="0.5" xzRotationsOffset="0 0" xzRotationsForward="-250 0" xzRotationsBackward="50 0" xzRotationsLeft="0 100" xzRotationsRight="0 -100" />
    </exhaustEffects>

    <exhaustFlap index="0>8|1|0" maxRot="82" />

    <motorStartDuration>2500</motorStartDuration>
    <motorStartSound file="$data/vehicles/steerable/huerlimann/huerlimannH488_start.wav"  pitchOffset="0.95"  volume="1.40"  indoorVolumeFactor="0.60"  indoorLowpassGain="0.95"/>
    <motorSound file="$data/vehicles/steerable/huerlimann/huerlimannH488_idle.wav"        pitchOffset="0.95"  volume="1.40"  indoorVolumeFactor="0.60"  indoorLowpassGain="0.95"  volumeMin="0.60" volumeMinSpeed="16" pitchMax="1.35" />
    <motorStopSound file="$data/vehicles/steerable/newHolland/newHollandT8320_stop.wav"   pitchOffset="0.95"  volume="1.40"  indoorVolumeFactor="0.60"  indoorLowpassGain="0.95"/>

    <motorSoundRun file="$data/vehicles/steerable/deutz/deutzAgrostar661_run.wav"         pitchOffset="0.55"  volume="0.90"  indoorVolumeFactor="0.60"  indoorLowpassGain="0.95" pitchMax="1.10" />
    <motorSoundLoad file="$data/vehicles/steerable/deutz/deutzAgrostar661_load.wav"       pitchOffset="0.55"  volume="1.10"  indoorVolumeFactor="0.50"  indoorLowpassGain="0.95" pitchMax="1.40"  minimalVolumeFactor="0.10" />

    <gearboxSound file="$data/sounds/transmission/transmissionCVT_X.wav"                  pitchOffset="0.75"  volume="0.17"  indoorVolumeFactor="0.80"  indoorLowpassGain="0.95" pitchMax="1.10" volumeMax="0.40"  />
    <retarderSound file="$data/sounds/transmission/retarderET2015.wav"                    pitchOffset="0.65"  volume="0.15"  indoorVolumeFactor="0.93"  indoorLowpassGain="0.95" minSpeed="1" pitchMax="1.45"   volumeMax="0.20"  />

    <attachSound file="$data/sounds/attach.wav"                                           pitchOffset="1.00"  volume="0.80"  indoorVolumeFactor="0.70"  indoorLowpassGain="0.95"/>
    <hydraulicSound file="$data/sounds/hydraulicUp.wav"                                   pitchOffset="0.55"  volume="0.80"  indoorVolumeFactor="0.70"  indoorLowpassGain="0.95" />
    <honkSound file="$data/sounds/horn.wav"                                               pitchOffset="1.00"  volume="1.00"  indoorVolumeFactor="0.70"  indoorLowpassGain="0.95" radius="70" innerRadius="10" />
    <compressedAirSound file="$data/sounds/technicalAccessories/brakeOld.wav"             pitchOffset="1.00"  volume="0.15"  indoorVolumeFactor="0.25"  indoorLowpassGain="0.95"/>

    <washable dirtDuration="50" washDuration="1" workMultiplier="4" />

    <components count="2">
        <component1 centerOfMass="0 0.9 -0.28" solverIterationCount="10" mrSetMass="2.95" />
        <component2 centerOfMass="0 0 0" solverIterationCount="20" mrSetMass="0.4" />
        <joint component1="0" component2="1" index="0>0|2" rotLimit="0 0 10" transLimit="0 0 0" maxRotDriveForce="0 0 0" rotDriveRotation="- - 0" rotDriveSpring="0 0 0" rotDriveDamping="0 0 0" breakable="false"/>
    </components>

    <schemaOverlay file="$dataS2/menu/schemas/vehicleSchema.png" fileSelected="$dataS2/menu/schemas/vehicleSchemaSelected.png" width="0.5" height="0.5" attacherJointPosition="0.5 0" />

</vehicle>