﻿<?xml version="1.0" encoding="utf-8" standalone="no" ?>
<vehicle type="shovel_animated">
    <annotation>Copyright (C) GIANTS Software GmbH, All Rights Reserved.</annotation>
	
	<!-- MR
	
		profi-cut 1.88m wide model		
		730kgs
	
		capacity
		mass center of mass
	
	-->

    <storeData>
        <name>$l10n_shopItem_frontloaderSilageCutter</name>
        <specs>
            <combination>FZ 30 / FZ 60</combination>
        </specs>
        <image>data/store/store_stollToolSilageCutter.png</image>
        <price>3900</price>
        <dailyUpkeep>5</dailyUpkeep>
        <lifetime>600</lifetime>
        <rotation>0</rotation>
        <brand>STOLL</brand>
        <category>frontLoaders</category>
        <vertexBufferMemoryUsage>151952</vertexBufferMemoryUsage>
        <indexBufferMemoryUsage>23112</indexBufferMemoryUsage>
        <textureMemoryUsage>14155944</textureMemoryUsage>
        <instanceVertexBufferMemoryUsage>0</instanceVertexBufferMemoryUsage>
        <instanceIndexBufferMemoryUsage>0</instanceIndexBufferMemoryUsage>
    </storeData>

    <typeDesc>$l10n_typeDesc_frontloaderTool</typeDesc>
    <filename>data/vehicles/tools/stoll/stollToolSilageCutter.i3d</filename>

    <size width="2.5" length="2"/>

    <inputAttacherJoints>
        <inputAttacherJoint index="0>0" jointType="frontloader" />
    </inputAttacherJoints>

    <fillUnits>
        <fillUnit unit="$l10n_unit_literShort" fillTypeCategories="fork" capacity="1000" />
    </fillUnits>

    <fillVolumes>
        <volumes>
            <volume index="0>1|2|0" allSidePlanes="true" maxAllowedHeapAngle="10" />
        </volumes>

        <dischargeInfos>
            <dischargeInfo>
                <node index="0>1|2|1" width="1.8" length="0.2" />
            </dischargeInfo>
        </dischargeInfos>
        <loadInfos>
            <loadInfo>
                <node index="0>1|2|2" width="1.8" length="0.2" />
            </loadInfo>
        </loadInfos>
        <unloadInfos>
            <unloadInfo>
                <node index="0>1|2|3" width="1.8" length="0.2" />
            </unloadInfo>
        </unloadInfos>
    </fillVolumes>

    <shovelTipTrigger index="0>2" />

    <shovel tipReferenceNode="0>1|3" emptyStartAngle="105" emptyFullAngle="140" openNode="0>1|0" openRotation="-30" openDirection="-1" pickUpNode="0>1|6" pickUpWidth="1.2" pickUpLength="0.2" pickUpYOffset="-0.05" />

    <emptyParticleSystems>
        <emitterShape node="0>1|4" />
    </emptyParticleSystems>

    <cylinderedHydraulicSound file="$data/sounds/hydraulicUp.wav" pitchOffset="1.00" volume="0.60" />

    <movingTools>
        <!-- mainForkMechanic -->
        <movingTool index="0>3" delayedIndex="0>1|0" playSound="true" >
            <controls axis="AXIS_FRONTLOADER_TOOL2" invertAxis="true" mouseSpeedFactor="0.3" iconFilename="$dataS2/menu/moveControls/tool_openClose.png" />
            <rotation rotSpeed="100" rotAcceleration="250" rotMax="0" rotMin="-68" />
            <!-- cylinder hinge -->
            <dependentPart index="0>1|1" />
        </movingTool>
        <movingTool index="0>1|0">
            <dependentPart index="0>1|1" />
        </movingTool>
    </movingTools>

    <movingParts>
        <!-- hydraulics -->
        <movingPart index="0>1|1" referencePoint="0>1|0|0" referenceFrame="0>1|0|0" >
            <translatingPart index="0>1|1|0" />
        </movingPart>
    </movingParts>

    <washable dirtDuration="60" washDuration="1" workMultiplier="20" />

    <baseColorConfigurations useDefaultColors="true" price="100" defaultColorIndex="8" icon="$dataS2/menu/hud/configurations/config_color.png">
        <colorNode node="0>" recursive="true" />
    </baseColorConfigurations>

    <components count="1">
        <component1 centerOfMass="0 0.2 0" solverIterationCount="10" mrSetMass="0.73" />
    </components>

    <schemaOverlay file="$dataS2/menu/schemas/implementSchema.png" fileSelected="$dataS2/menu/schemas/implementSchemaSelected.png" width="0.5" height="0.5" attacherJointPosition="0 0"/>

</vehicle>
