﻿<?xml version="1.0" encoding="utf-8" standalone="no" ?>
<vehicle type="dynamicMountAttacherImplement">
    <annotation>Copyright (C) GIANTS Software GmbH, All Rights Reserved.</annotation>
	
	<!-- mr
	
		mass / center of mass
		components joint
		moving tools
		
		mr claw
	
	-->
	
	<moreRealistic>		
		<claw movingToolNodeIndex="0>1" triggerRotStartPercent="65" triggerRotEndPercent="100" jointNode="0>" jointCollisionEnabled="true" jointTransLimitMaxZ="0" jointTransLimitMinZ="-0.3" >
			<grabbingRaycast node="0>" distance="0.65" xOffset="0" yOffset="0.05" zOffset="-0.15" />
			<grabbingRaycast node="0>" distance="0.65" xOffset="0" yOffset="0.05" zOffset="0" />
			<grabbingRaycast node="0>" distance="0.6" xOffset="0" yOffset="0.05" zOffset="0.15" />
			<grabbingRaycast node="0>" distance="0.55" xOffset="0" yOffset="0.05" zOffset="0.3" />
			<grabbingRaycast node="0>" distance="0.25" xOffset="0" yOffset="0.05" zOffset="0.4" />					
		</claw>	
	</moreRealistic>

    <storeData>
        <name>$l10n_shopItem_frontloaderLogFork</name>
        <specs>
            <combination>FZ 30 / FZ 60</combination>
        </specs>
        <image>data/store/store_stollToolLogFork.png</image>
        <price>800</price>
        <dailyUpkeep>5</dailyUpkeep>
        <lifetime>600</lifetime>
        <rotation>0</rotation>
        <brand>STOLL</brand>
        <category>frontLoaders</category>
        <vertexBufferMemoryUsage>56240</vertexBufferMemoryUsage>
        <indexBufferMemoryUsage>7704</indexBufferMemoryUsage>
        <textureMemoryUsage>14155944</textureMemoryUsage>
        <instanceVertexBufferMemoryUsage>0</instanceVertexBufferMemoryUsage>
        <instanceIndexBufferMemoryUsage>0</instanceIndexBufferMemoryUsage>
    </storeData>

    <typeDesc>$l10n_typeDesc_frontloaderTool</typeDesc>
    <filename>data/vehicles/tools/stoll/stollToolLogFork.i3d</filename>

    <size width="2.5" length="2"/>

    <inputAttacherJoints>
        <inputAttacherJoint index="0>0" jointType="frontloader" />
    </inputAttacherJoints>

    <dynamicMountAttacher index="0>" />

    <movingTools>
        <!-- Left Arm -->
        <movingTool index="0>1" playSound="true" >
            <controls axis="AXIS_FRONTLOADER_TOOL2" invertAxis="true" mouseSpeedFactor="1" iconFilename="$dataS2/menu/moveControls/tool_openClose.png"/>
            <rotation rotationAxis="1" rotSpeed="50" rotAcceleration="150" rotMax="18" rotMin="-105" />
            <componentJoint index="0" anchorActor="0" />
            <!-- cylinder hinge -->
            <dependentPart index="0>2|0" />
        </movingTool>
    </movingTools>

    <movingParts>
        <movingPart index="0>2|0" referencePoint="1>0" referenceFrame="0>1" limitedAxis="1" isActiveDirty="true">
            <dependentPart index="0>2|1" />
        </movingPart>
        <movingPart index="0>2|1" referencePoint="0>2|0|0" referenceFrame="0>2|2" >
            <translatingPart index="0>2|1|0" />
        </movingPart>
    </movingParts>

    <cylinderedHydraulicSound file="$data/sounds/hydraulicUp.wav" pitchOffset="0.8" volume="0.65" indoorVolumeFactor="0.45"/>

    <washable dirtDuration="90" washDuration="1" workMultiplier="4" />

    <baseColorConfigurations useDefaultColors="true" price="100" defaultColorIndex="8" icon="$dataS2/menu/hud/configurations/config_color.png">
        <colorNode node="0>" recursive="true" />
    </baseColorConfigurations>

    <components count="2">
        <component1 centerOfMass="0 0.3 -0.1" solverIterationCount="10" mrSetMass="0.2" />
        <component2 centerOfMass="0 -0.1 0.2" solverIterationCount="15" mrSetMass="0.15" />
        <joint component1="0" component2="1" index="0>1" rotLimit="0 0 0" transLimit="0 0 0" rotLimitSpring="500 0 0" rotLimitDamping="45 0 0" rotLimitForceLimit="10 -1 -1" />
    </components>

    <schemaOverlay file="$dataS2/menu/schemas/implementSchema.png" fileSelected="$dataS2/menu/schemas/implementSchemaSelected.png" width="0.5" height="0.5" attacherJointPosition="0 0"/>

</vehicle>