﻿<?xml version="1.0" encoding="utf-8" standalone="no"?>
<vehicle type="shovel_animated">
    <annotation>Copyright (C) GIANTS Software GmbH, All Rights Reserved.</annotation>
	
	<!-- MR
	
		RANDON
		
		RODOTREM CANAVIEIRO - RQ - Modelo 9.8m
		66.5M3
		
		18.700kgs "conjunto" (both trailers)
		RQ = 10100kgs
		
		Note : this trailer can't unload its content by itself IRL. There is no "cylinder" or "lifting" system.
		Only a "crane" at the sugarcane factory can unload it
		Please search for "Descarregando rodotrem canavieiro" on google.
		Example = watch this video : https://www.youtube.com/watch?v=UJjNU3cvuWg
		or this one : https://www.youtube.com/watch?v=PbrfQp9qucg
		
		-------------------------
		
		
		wheels
		emptySpeed
		brakeForce
		inputAttacherJoint
		mass and center of mass
		
		comWithTransMass
		
		<mrDebug>			
		<drawPoint centerOfMass="0>" />	
		<drawPoint centerOfMass="1>" />	
		<drawPoint centerOfMass="2>" />	
	</mrDebug>
	
	-->
	
	
	
	<moreRealistic>		
		<dragArea value="7.3" />		
	</moreRealistic>
		
		

    <storeData>
        <name>$l10n_shopItem_sugarcaneTrailer</name>
        <specs>
            <combination>$l10n_shopItem_sugarcaneSemitrailer</combination>
        </specs>
        <functions>
            <function>$l10n_function_sugarCaneTrailer</function>
        </functions>
        <image>store_randonCanavieiro.png</image>
        <price>92000</price>
        <dailyUpkeep>50</dailyUpkeep>
        <lifetime>600</lifetime>
        <rotation>0</rotation>
        <brand>RANDON</brand>
        <category>sugarCaneHarvesting</category>
        <vertexBufferMemoryUsage>1701208</vertexBufferMemoryUsage>
        <indexBufferMemoryUsage>285204</indexBufferMemoryUsage>
        <textureMemoryUsage>55946648</textureMemoryUsage>
        <instanceVertexBufferMemoryUsage>0</instanceVertexBufferMemoryUsage>
        <instanceIndexBufferMemoryUsage>0</instanceIndexBufferMemoryUsage>
    </storeData>

    <typeDesc>$l10n_typeDesc_tipper</typeDesc>
    <filename>vehicles/trailer/randon/randonCanavieiro.i3d</filename>

    <size width="3.2" length="12" lengthOffset="0.8"/>

    <wheelConfigurations>
        <wheelConfiguration name="$l10n_configuration_valueDefault" price="0">
            <wheels>
                <wheel tipOcclusionAreaGroupId="1" restLoad="1.3" repr="0>1|0" filename="$data/vehicles/wheels/lizard/315_80R22_5.xml" configIndex="truckBack2" isLeft="false" forcePointRatio="0.3" initialCompression="10" suspTravel="0.15" spring="80" damper="15" >
                    <additionalWheel filename="$data/vehicles/wheels/lizard/315_80R22_5.xml" isLeft="true" offset="-0.38" configIndex="truckBack" addRaycast="true" hasParticles="true" />
                </wheel>
                <wheel tipOcclusionAreaGroupId="1" restLoad="1.3" repr="0>1|1" filename="$data/vehicles/wheels/lizard/315_80R22_5.xml" configIndex="truckBack2" isLeft="true"  forcePointRatio="0.3" initialCompression="10" suspTravel="0.15" spring="80" damper="15" >
                    <additionalWheel filename="$data/vehicles/wheels/lizard/315_80R22_5.xml" isLeft="false" offset="-0.38" configIndex="truckBack" addRaycast="true" hasParticles="true" />
                </wheel>
                <wheel tipOcclusionAreaGroupId="1" restLoad="1.3" repr="0>1|2" filename="$data/vehicles/wheels/lizard/315_80R22_5.xml" configIndex="truckBack2" isLeft="false" forcePointRatio="0.3" initialCompression="10" suspTravel="0.15" spring="80" damper="15" hasTireTracks="true" >
                    <additionalWheel filename="$data/vehicles/wheels/lizard/315_80R22_5.xml" isLeft="true" offset="-0.38" configIndex="truckBack" addRaycast="true" hasTireTracks="true"/>
                </wheel>
                <wheel tipOcclusionAreaGroupId="1" restLoad="1.3" repr="0>1|3" filename="$data/vehicles/wheels/lizard/315_80R22_5.xml" configIndex="truckBack2" isLeft="true"  forcePointRatio="0.3" initialCompression="10" suspTravel="0.15" spring="80" damper="15" hasTireTracks="true" >
                    <additionalWheel filename="$data/vehicles/wheels/lizard/315_80R22_5.xml" isLeft="false" offset="-0.38" configIndex="truckBack" addRaycast="true" hasTireTracks="true"/>
                </wheel>

                <wheel tipOcclusionAreaGroupId="2" restLoad="1.3" repr="1>1|0" filename="$data/vehicles/wheels/lizard/315_80R22_5.xml" configIndex="truckBack2" isLeft="false" forcePointRatio="0.3" initialCompression="10" suspTravel="0.15" spring="60" damper="12" >
                    <additionalWheel filename="$data/vehicles/wheels/lizard/315_80R22_5.xml" isLeft="true" offset="-0.38" configIndex="truckBack" addRaycast="true" hasParticles="true" />
                </wheel>
                <wheel tipOcclusionAreaGroupId="2" restLoad="1.3" repr="1>1|1" filename="$data/vehicles/wheels/lizard/315_80R22_5.xml" configIndex="truckBack2" isLeft="true"  forcePointRatio="0.3" initialCompression="10" suspTravel="0.15" spring="60" damper="12" >
                    <additionalWheel filename="$data/vehicles/wheels/lizard/315_80R22_5.xml" isLeft="false" offset="-0.38" configIndex="truckBack" addRaycast="true" hasParticles="true" />
                </wheel>
                <wheel tipOcclusionAreaGroupId="2" restLoad="1.3" repr="1>1|2" filename="$data/vehicles/wheels/lizard/315_80R22_5.xml" configIndex="truckBack2" isLeft="false" forcePointRatio="0.3" initialCompression="10" suspTravel="0.15" spring="60" damper="12" hasTireTracks="true" >
                    <additionalWheel filename="$data/vehicles/wheels/lizard/315_80R22_5.xml" isLeft="true" offset="-0.38" configIndex="truckBack" addRaycast="true" hasTireTracks="true"/>
                </wheel>
                <wheel tipOcclusionAreaGroupId="2" restLoad="1.3" repr="1>1|3" filename="$data/vehicles/wheels/lizard/315_80R22_5.xml" configIndex="truckBack2" isLeft="true"  forcePointRatio="0.3" initialCompression="10" suspTravel="0.15" spring="60" damper="12" hasTireTracks="true" >
                    <additionalWheel filename="$data/vehicles/wheels/lizard/315_80R22_5.xml" isLeft="false" offset="-0.38" configIndex="truckBack" addRaycast="true" hasTireTracks="true"/>
                </wheel>
            </wheels>
        </wheelConfiguration>
    </wheelConfigurations>

    <rimColorConfigurations useDefaultColors="true" price="200" icon="$dataS2/menu/hud/configurations/config_rimColor.png" >
        <rimColorConfiguration color="0.9158 0.2999 0.0034 1" price="0" icon="$dataS2/menu/hud/configurations/config_color.png" />
        <rimColorConfiguration color="0.0152 0.3112 0.0582 1" price="0" icon="$dataS2/menu/hud/configurations/config_color.png" />
    </rimColorConfigurations>

    <brakeForce>1.125</brakeForce>

    <inputAttacherJoints>
        <inputAttacherJoint index="2>0" jointType="trailer" rootNode="2>" attacherHeight="0.847" lowerRotLimitScale="1 0.82 1" />
    </inputAttacherJoints>

    <lights>
        <low>
            <light                     decoration="0>3|0|0" lightTypes="0 3" />
        </low>
        <high>
            <light realLight="0>3|0|1" decoration="0>3|0|0" lightTypes="0 3" />
        </high>
    </lights>

    <brakeLights>
        <brakeLight realLight="0>3|0|1" decoration="0>3|2|0" />
    </brakeLights>

    <turnLights>
        <turnLightLeft  realLight="0>3|1|0|1" decoration="0>3|1|0|0" />
        <turnLightRight realLight="0>3|1|1|1" decoration="0>3|1|1|0" />
    </turnLights>

    <reverseLights>
        <reverseLight realLight="0>3|3|1" decoration="0>3|3|0" />
    </reverseLights>

    <fillUnits>
        <fillUnit unit="$l10n_unit_literShort" fillTypeCategories="silageTrailer" capacity="66500" />
    </fillUnits>

    <fillVolumes>
        <volumes>
            <volume index="0>2|0|0|0" allSidePlanes="true" maxAllowedHeapAngle="60" />
        </volumes>
        <dischargeInfos>
            <dischargeInfo>
                <node index="0>2|0|0|2|0|0" width="4.0" length="2.0" />
            </dischargeInfo>
        </dischargeInfos>
        <!--loadInfos>
            <loadInfo>
                <node index="0>3|1|0|0|0|1|2" width="1.6" length="0.1" />
            </loadInfo>
        </loadInfos-->
        <unloadInfos>
            <unloadInfo>
                <node index="0>2|0|0|1|0" width="1.6" length="0.6" />
                <node index="0>2|0|0|1|1" width="1.6" length="0.6" />
            </unloadInfo>
        </unloadInfos>
    </fillVolumes>

    <!--shovelTipTrigger index="0>2" /-->

    <shovel tipReferenceNode="0>2|0|0|5|0" emptyStartAngle="50" emptyFullAngle="120" emptySpeed="10000" />

    <shovelEmptyEffect rotationNode="0>2|0|0|6|0" >
        <effectNode effectNode="0>2|0|0|6|0|1" materialType="unloading" materialTypeId="3" fadeTime="0.5" />
        <effectNode effectNode="0>2|0|0|6|0|2" materialType="smoke"     materialTypeId="1" fadeTime="0.5" />
    </shovelEmptyEffect>
    <emptyParticleSystems>
        <emitterShape node="0>2|0|0|6|0|0" />
    </emptyParticleSystems>

    <movingTools>
        <movingTool index="0>2" playSound="true" >
            <controls axis="AXIS_FRONTLOADER_TOOL" invertAxis="true" mouseSpeedFactor="0.6" iconFilename="$dataS2/menu/moveControls/frontloader_tool.png" />
            <rotation rotSpeed="15" rotAcceleration="50" rotMax="0" rotMin="-120" startRot="0" rotationAxis="3" />
        </movingTool>
    </movingTools>

    <movingParts>
        <movingPart index="0>2|0|0|2" referenceFrame="0>2|0|0|2" alignToWorldY="true" isActiveDirty="true" />
    </movingParts>

    <exactFillRootNode index="0>2|0|0|3" />
    <fillAutoAimTargetNode index="0>2|0|0|4" />
	<fillMassNode index="0>" mrCOMtransWithMass="0 0.02 0.01" mrCOMtransWithMassLimitsInTon="0 25 25" />

    <cylinderedHydraulicSound file="vehicles/trailer/randon/randonCanavieiro_tipper.wav" pitchOffset="1.00" volume="0.65" indoorVolumeFactor="0.60" />
    <attachSound file="$data/sounds/attach.wav"                                          pitchOffset="1.00" volume="1.00" indoorVolumeFactor="0.35" indoorLowpassGain="0.75"/>

    <washable dirtDuration="90" washDuration="1" workMultiplier="4" />

    <baseColorConfigurations useDefaultColors="true" price="100" icon="$dataS2/menu/hud/configurations/config_color.png">
        <baseColorConfiguration color="0.9158 0.2999 0.0034 1" price="0" icon="$dataS2/menu/hud/configurations/config_color.png" />
        <baseColorConfiguration color="0.0152 0.3112 0.0582 1" price="0" icon="$dataS2/menu/hud/configurations/config_color.png" />
        <colorNode node="0>2|1|0" />
        <colorNode node="0>2|1|1" />
		<colorNode node="0>5|1" />
    </baseColorConfigurations>

    <tipOcclusionAreas>
        <tipOcclusionArea start="0>4|0" width="0>4|1" height="0>4|2" />
    </tipOcclusionAreas>

    <components count="3">
        <component1 centerOfMass="0 1.2 -0.4" solverIterationCount="10" mrSetMass="6.7" />
        <component2 centerOfMass="0 -0.2 0" solverIterationCount="10" mrSetMass="1.5" />
        <component3 centerOfMass="0 0 -0.6" solverIterationCount="10" mrSetMass="0.5" />
        <joint component1="0" component2="1" index="0>0" rotLimit="0 120 0" transLimit="0 0 0" />
        <joint component1="1" component2="2" index="1>0" rotLimit="45 0 0" transLimit="0 0 0" />
    </components>

    <schemaOverlay file="$dataS2/menu/schemas/implementSchema.png" fileSelected="$dataS2/menu/schemas/implementSchemaSelected.png" width="0.5" height="0.5" attacherJointPosition="0 0"/>

    <forcedMapHotspotType>Trailer</forcedMapHotspotType>

</vehicle>
