﻿<?xml version="1.0" encoding="utf-8" standalone="no" ?>
<vehicle type="shovel_animated">
    <annotation>Copyright (C) GIANTS Software GmbH, All Rights Reserved.</annotation>

	<!-- MR
	
		capacity
		
		mass / center of mass
	
	-->
	
	
    <storeData>
        <name>$l10n_shopItem_telehandlerShovel</name>
        <specs>
            <combination>TL 436-7, TM320s</combination>
        </specs>
        <image>data/store/store_magsiTelehandlerShovel.png</image>
        <price>2800</price>
        <dailyUpkeep>5</dailyUpkeep>
        <lifetime>600</lifetime>
        <rotation>0</rotation>
        <brand>MAGSI</brand>
        <category>teleLoaders</category>
        <vertexBufferMemoryUsage>61136</vertexBufferMemoryUsage>
        <indexBufferMemoryUsage>13680</indexBufferMemoryUsage>
        <textureMemoryUsage>3954232</textureMemoryUsage>
        <instanceVertexBufferMemoryUsage>0</instanceVertexBufferMemoryUsage>
        <instanceIndexBufferMemoryUsage>0</instanceIndexBufferMemoryUsage>
    </storeData>

    <typeDesc>$l10n_typeDesc_telehandlerTool</typeDesc>
    <filename>data/vehicles/tools/magsi/telehandlerShovel.i3d</filename>

    <size width="3" length="2"/>

    <inputAttacherJoints>
        <inputAttacherJoint index="0>0" jointType="telehandler" />
    </inputAttacherJoints>

    <fillUnits>
        <fillUnit unit="$l10n_unit_literShort" fillTypeCategories="bulk windrow" capacity="2500" />
    </fillUnits>

    <fillVolumes>
        <volumes>
            <volume index="0>1|0|0" allSidePlanes="false" maxAllowedHeapAngle="10" />
        </volumes>
        <dischargeInfos>
            <dischargeInfo fillVolumeIndex="1" >
                <node index="0>1|0|1" width="1.3" length="0.3" />
            </dischargeInfo>
        </dischargeInfos>
        <loadInfos>
            <loadInfo fillVolumeIndex="1" >
                <node index="0>1|0|2" width="1.3" length="0.2" />
            </loadInfo>
        </loadInfos>
        <unloadInfos>
            <unloadInfo fillVolumeIndex="1" >
                <node index="0>1|0|3" width="1.3" length="0.2" />
            </unloadInfo>
        </unloadInfos>
    </fillVolumes>

    <shovelTipTrigger index="0>2" />

    <shovel tipReferenceNode="0>1|1" emptyStartAngle="105" emptyFullAngle="140" pickUpNode="0>1|4" pickUpWidth="1.32" pickUpLength="0.2" pickUpYOffset="-0.05" />

    <shovelEmptyEffect rotationNode="0>1|3" >
        <effectNode effectNode="0>1|3|0" materialType="unloading" materialTypeId="3" fadeTime="0.5"/>
        <effectNode effectNode="0>1|3|1" materialType="smoke"     materialTypeId="1" fadeTime="0.5"/>
    </shovelEmptyEffect>
    <emptyParticleSystems>
        <emitterShape node="0>1|2" />
    </emptyParticleSystems>

    <washable dirtDuration="90" washDuration="1" workMultiplier="4" />

    <components count="1">
        <component1 centerOfMass="0 0.2 -0.2" solverIterationCount="10" mrSetMass="0.7" />
    </components>

    <schemaOverlay file="$dataS2/menu/schemas/implementSchema.png" fileSelected="$dataS2/menu/schemas/implementSchemaSelected.png" width="0.5" height="0.5" attacherJointPosition="0 0"/>

</vehicle>
