﻿<?xml version="1.0" encoding="utf-8" standalone="no" ?>
<vehicle type="baleLoader">
    <annotation>Copyright (C) GIANTS Software GmbH, All Rights Reserved.</annotation>
	
	<!-- mr
	
		wheels
		mass / center of mass
		brakeforce
		
		neededPower spec
	
	-->
	
	<moreRealistic>				
		<!--<baleLoader ptoRpm="470" animationPtoPower="5" workingPositionPtoPower="0" /> not useful, too low power consumption-->
		<dragArea value="2.5" />
	</moreRealistic>	

    <storeData>
        <name>T-127</name>
        <functions>
            <function>$l10n_function_baleStacker</function>
        </functions>
		<specs>
            <neededPower>50</neededPower>
        </specs>
        <image>data/store/store_ursusT127.png</image>
        <price>39000</price>
        <dailyUpkeep>120</dailyUpkeep>
        <lifetime>600</lifetime>
        <rotation>0</rotation>
        <brand>URSUS</brand>
        <category>baling</category>
        <vertexBufferMemoryUsage>338944</vertexBufferMemoryUsage>
        <indexBufferMemoryUsage>42360</indexBufferMemoryUsage>
        <textureMemoryUsage>9961680</textureMemoryUsage>
        <instanceVertexBufferMemoryUsage>96</instanceVertexBufferMemoryUsage>
        <instanceIndexBufferMemoryUsage>12</instanceIndexBufferMemoryUsage>
    </storeData>

    <typeDesc>$l10n_typeDesc_baleLoader</typeDesc>
    <filename>data/vehicles/trailers/ursus/ursusT127.i3d</filename>

    <size width="3" length="7" />

    <wheelConfigurations>
        <wheelConfiguration name="$l10n_configuration_valueDefault" price="0">
            <wheels>
                <wheel restLoad="1.1" repr="0>0" forcePointRatio="0.3" filename="$data/vehicles/wheels/trelleborg/T404_400_55R17_5.xml" isLeft="true"  initialCompression="-40" suspTravel="0.15" spring="40" damper="6" hasTireTracks="true" hasParticles="true" mrPressureFx="1.5" />
                <wheel restLoad="1.1" repr="0>1" forcePointRatio="0.3" filename="$data/vehicles/wheels/trelleborg/T404_400_55R17_5.xml" isLeft="false" initialCompression="-40" suspTravel="0.15" spring="40" damper="6" hasTireTracks="true" hasParticles="true" mrPressureFx="1.5" />
            </wheels>
        </wheelConfiguration>
    </wheelConfigurations>

    <brakeForce>1</brakeForce>
    <maximalAirConsumptionPerFullStop value="0.3" />

    <lights>
        <low>
            <light                         decoration="0>8|0|0" lightTypes="0 3" />
        </low>
        <high>
            <light realLight="0>8|0|1" decoration="0>8|0|0" lightTypes="0 3" />
        </high>
    </lights>

    <brakeLights>
        <brakeLight realLight="0>8|0|1" decoration="0>8|2|0" />
    </brakeLights>

    <turnLights>
        <turnLightLeft  realLight="0>8|1|0|1" decoration="0>8|1|0|0" />
        <turnLightRight realLight="0>8|1|1|1" decoration="0>8|1|1|0" />
    </turnLights>

    <reverseLights>
        <reverseLight realLight="0>8|3|1" decoration="0>8|3|0" />
    </reverseLights>

    <inputAttacherJoints>
        <inputAttacherJoint index="0>2" jointType="trailerLow" />
    </inputAttacherJoints>

    <fillUnits>
        <fillUnit unit="$l10n_unit_bale" capacity="8" fillTypes="roundBale" />
    </fillUnits>
	
	<fillMassNode index="0>" mrCOMtransWithMass="0 0.1 0" />

    <allowFillFromAir value="false" />
    <allowTipDischarge value="false" />

    <movingTools>
        <!-- mainPlattform Unload -->
        <movingTool index="0>3" >
            <!-- arm hydraulic -->
            <dependentPart index="0>4" />
        </movingTool>

        <!-- arm -->
        <movingTool index="0>5">
            <!-- arm hydraulic -->
            <dependentPart index="0>7" />
        </movingTool>
    </movingTools>

    <movingParts>
        <!-- mainplattform hydraulics -->
        <movingPart index="0>4" referencePoint="0>3|2" referenceFrame="0>3" playSound="true" >
            <translatingPart index="0>4|0" />
        </movingPart>

        <!-- bale grab arm cylinder -->
        <movingPart index="0>7" referencePoint="0>5|1" referenceFrame="0>" playSound="true" >
            <translatingPart index="0>7|0" />
        </movingPart>
    </movingParts>

    <animations>
        <!-- rotate bale grab from transport to work position -->
        <animation name="baleGrabberTransportToWork">
            <part node="0>5" startTime="0" duration="2.5" startRot="0 0 0" endRot="0 0 90"/>
        </animation>

        <!-- rotate bale grab up from work to drop bale position -->
        <animation name="baleGrabberWorkToDrop">
            <part node="0>5" startTime="0" duration="0.6" startRot="0 0 90" endRot="0 0 0"/>
        </animation>

        <!-- drop bale from grabber to platform -->
        <animation name="baleGrabberDropBale0">
            <part node="0>5|0|0" startTime="0" duration="0.5" endTrans="0.267 0.756 0" endRot="0 0 -58.776"/>
            <part node="0>5|0|0" startTime="0.5" duration="0.5" startTrans="0.267 0.756 0" endTrans="0.267 1.562 0" startRot="0 0 -58.776" endRot="0 0 -120"/>
        </animation>

        <animation name="baleGrabberDropBale1">
            <part node="0>5|0|0" startTime="0" duration="0.5" endTrans="0.267 0.322 0" endRot="0 0 -50"/>
        </animation>

        <animation name="moveBalePlaces"><!--startTrans="0.70045 0.86255 3.68286"  -->
            <part node="0>3|3" startTime="0" duration="10" endTrans="0.70045 0.911 0.35" />
        </animation>

        <animation name="moveBalePlacesToEmpty">
            <part node="0>3|3" startTime="0" duration="13" endTrans="0.70045 0.911 -0.218" />
        </animation>

        <!--
        These are not used, we have two different baleGrabberDropBale animations
        animation name="frontBalePusher">
            <part node="0>3|0" startTime="0" duration="0.77" startTrans="0.70045 0.24658 3.86013" endTrans="0.70045 0.24658 2.49" />
        </animation>
        <animation name="balesToOtherRow">
            <part node="0>3|4" startTime="0.05" endTime="0.77" startTrans="0.09318 0.86255 3.77725" endTrans="1.28049 0.86255 3.77725" />
        </animation-->

        <animation name="rotatePlatform">
            <!--part node="0>3|0" startTime="0" duration="0.77" startTrans="0.70045 0.24658 3.86013" endTrans="0.70045 0.24658 2.49" /-->
        </animation>

        <animation name="moveBalePlacesExtrasOnce">
            <!--part node="0>3|0" startTime="0" duration="0.77" startTrans="0.70045 0.24658 3.86013" endTrans="0.70045 0.24658 2.49" /-->
            <part node="0>3|0" startTime="0" endTime="2.5" startTrans="0.70045 0.24658 3.86013" endTrans="0.70045 0.24658 2.636" />
            <part node="0>3|0" startTime="2.5" endTime="5" startTrans="0.70045 0.24658 2.636" endTrans="0.70045 0.24658 3.86013" />
        </animation>

        <animation name="rotatePlatformEmpty">
        </animation>

        <animation name="moveBalePusherToEmpty">
        </animation>

        <animation name="emptyHidePusher1">
        </animation>

        <animation name="releaseFrontplattform">
        </animation>

        <animation name="closeGrippers">
        </animation>

        <!-- tipping main plattform -->
        <animation name="emptyRotate">
            <part node="0>3" startTime="0" duration="9" endRot="-90 0 0" />
        </animation>

        <!-- move support wheel down/up -->
        <animation name="moveSupport">
            <part node="0>6" startTime="0" duration="0.6" startTrans="-0.15259 0.5949 2.6865" endTrans="-0.15259 0.20638 2.6865" />
            <part node="0>9" startTime="0" duration="0.6" startRot="0 720 0" endRot="0 0 0" />
        </animation>
    </animations>

    <baleGrabber grabNode="0>5|0|0"/>

    <baleLoader moveBalePlacesAfterRotatePlatform="true" />

    <balePlaces startBalePlace="0>3|4" >
        <balePlace node="0>3|3|0" />
        <balePlace node="0>3|3|1" />
        <balePlace node="0>3|3|2" />
        <balePlace node="0>3|3|3" />
    </balePlaces>

    <baleTypes>
        <baleType minBaleDiameter="1.1" maxBaleDiameter="1.3" minBaleWidth="1.1" maxBaleWidth="1.3" />
    </baleTypes>

    <support animationName="moveSupport" />

    <baleGrabSound file="$data/vehicles/trailers/arcusin/arcusin_mechanic.wav"                pitchOffset="1.0" volume="1.00"   indoorVolumeFactor="0.55" />
    <baleLoaderHydraulicSound file="$data/sounds/cultivatorHydraulic.wav"                     pitchOffset="1.0" volume="1.00"   indoorVolumeFactor="0.45" />

    <baleGrabParticleSystem disableDuration="0.6" position="-2 0.6 4.7" rotation="0 0 0" file="$data/particleSystems/shared/threshingStrawParticles.i3d" />

    <support animationName="moveSupport" />

    <washable dirtDuration="90" washDuration="1" workMultiplier="4" />

    <tipOcclusionAreas>
        <tipOcclusionArea start="0>10|0" width="0>10|1" height="0>10|2" />
    </tipOcclusionAreas>

    <components count="1">
        <component1 centerOfMass="0 0.7 -0.7" solverIterationCount="10" mrSetMass="2.48" />
    </components>

    <schemaOverlay file="$dataS2/menu/schemas/implementSchema.png" fileSelected="$dataS2/menu/schemas/implementSchemaSelected.png" width="0.5" height="0.5" attacherJointPosition="0 0"/>

</vehicle>