<?xml version="1.0" encoding="utf-8" standalone="no" ?>
<object>
    <storeData>
        <name>
           <en>Fertilizer bag</en>
           <de>Düngerbeutel</de>
           <fr>Sac d'engrais</fr>
           <it>Sacco di fertilizzante</it>
		</name>
        <functions>
            <function>$l10n_function_bigBagFertilizer</function>
        </functions>
        <specs>
            <capacity>800</capacity>
            <fillTypes>fertilizer</fillTypes>
        </specs>
        <image>store_fertilizer.dds</image>
        <price>1200</price>
        <dailyUpkeep>0</dailyUpkeep>
        <rotation>0</rotation>
        <brand>LIZARD</brand>
        <category>pallets</category>
        <species>object</species>
        <vertexBufferMemoryUsage>0</vertexBufferMemoryUsage>
        <indexBufferMemoryUsage>0</indexBufferMemoryUsage>
        <textureMemoryUsage>0</textureMemoryUsage>
        <instanceVertexBufferMemoryUsage>0</instanceVertexBufferMemoryUsage>
        <instanceIndexBufferMemoryUsage>0</instanceIndexBufferMemoryUsage>
    </storeData>
    <className>FillablePallet</className>
    <filename>bigBagFertilizer.i3d</filename>
    <size width="2" length="2" />

    <unloadingEffects>
        <effectNode effectClass="PipeEffect" effectNode="5|0" materialType="pipe"  materialTypeId="1" delay="0"   maxBending="1"  positionUpdateNodes="5|1"/>
        <effectNode                          effectNode="5|1" materialType="smoke" materialTypeId="1" delay="0.1" alignToWorldY="true"/>
    </unloadingEffects>

    <unloadingEffectExtraDistance value="0.7" />
</object>