﻿<?xml version="1.0" encoding="utf-8" standalone="no"?>
<modDesc descVersion="37">
    <author>gapaolo - Team FSI Modding</author>
    <version>1.1.0.0</version>
    <title>
        <en>Big Bags</en>
        <de>Big Bags</de>
        <fr>Gros Sacs</fr>
        <it>Sacchi</it>
    </title>
    <description>
		<en>
            <![CDATA[Big Bags.			
Price: 12OO €
Capacity: 800 

Changelog:
Ver. 1.1.0.0:
Added pigFood bag
]]>
        </en>	
        <de>
            <![CDATA[Big Bags.
Preis: 1200 €
Kapazitat: 800

Changelog:
Ver. 1.1.0.0:
Futter für Schweine zugefügt
]]>
        </de>
        <fr>
            <![CDATA[ Gros Sacs.
Prix: 1200 €
Capacitè: 800

Changelog:
Ver. 1.1.0.0:
Ajoutée nourriture pour cochons
]]>
        </fr>
		<it>
            <![CDATA[Sacchi.
Prezzo: 1200 €
Capacità: 800

Changelog:
Ver. 1.1.0.0:
Aggiunto sacco di cibo per suini
]]>
        </it>
    </description>
    <iconFilename>icon.dds</iconFilename>
    <multiplayer supported="true"/>
    <storeItems>
     <storeItem rootNode="object" xmlFilename="bigBagFertilizer.xml" />
     <storeItem rootNode="object" xmlFilename="bigBagSeed.xml" />
     <storeItem rootNode="object" xmlFilename="bigBagPigFood.xml" />
    </storeItems>	

</modDesc>
