﻿<?xml version="1.0" encoding="utf-8" standalone="no" ?>
<vehicle type="baleCollect">
    <annotation>Copyright (C) Creative Mesh UG</annotation>

	<!-- MR
	
		wheels
		brakeForce (no brakes IRL)
		components masses
		
		price
	
	-->
	
	<moreRealistic>			
		<dragArea value="1" />	
	</moreRealistic>
	
    <storeData>
        <name>BaleCollect 1230</name>
        <functions>
            <function>$l10n_function_inLineBaleLoader</function>
        </functions>
		<specs>
            <combination>BiGPack 1290 HDPII</combination>
        </specs>
        <image>icons/store_baleCollect.dds</image>
        <price>27000</price>
        <dailyUpkeep>110</dailyUpkeep>
        <lifetime>600</lifetime>
        <rotation>0</rotation>
        <brand>KRONE</brand>
        <category>baling</category>
    </storeData>

    <typeDesc>$l10n_typeDesc_inLineBaleLoader</typeDesc>
    <filename>baleCollect/baleCollect.i3d</filename>

    <size width="3" length="5" />
   
    <wheelConfigurations>
        <wheelConfiguration name="$l10n_configuration_valueDefault" price="0">
            <wheels>
				<wheel mass="0.2" frictionScale="1" rotMin="-35" rotMax="35" restLoad="0.6" repr="0>1" driveNode="0>1|0" isLeft="false" brakeFactor="0" initialCompression="10" suspTravel="0.2" spring="30" damper="4" hasTireTracks="true" versatileYRot="true" forceVersatility="true" versatileFoldMinLimit="0" versatileFoldMaxLimit="0.5" />
				<wheel mass="0.2" frictionScale="1" rotMin="-35" rotMax="35" restLoad="0.6" repr="0>2" driveNode="0>2|0" isLeft="false" brakeFactor="0" initialCompression="10" suspTravel="0.2" spring="30" damper="4" hasTireTracks="true" versatileYRot="true" forceVersatility="true" versatileFoldMinLimit="0" versatileFoldMaxLimit="0.5" />			
			</wheels>
        </wheelConfiguration>
    </wheelConfigurations>
	
	<dynamicallyLoadedWheels>
        <dynamicallyLoadedWheel linkNode="0>7|1|0" filename="shared/wheels/baleCollect_wheels.xml" isLeft="false" />
        <dynamicallyLoadedWheel linkNode="0>7|1|1" filename="shared/wheels/baleCollect_wheels.xml" isLeft="true" />
        <dynamicallyLoadedWheel linkNode="0>7|2|0" filename="shared/wheels/baleCollect_wheels.xml" isLeft="false" />
        <dynamicallyLoadedWheel linkNode="0>7|2|1" filename="shared/wheels/baleCollect_wheels.xml" isLeft="true" />
    </dynamicallyLoadedWheels>
	
    <speedRotatingParts>
        <speedRotatingPart index="0>7|1|0" wheelIndex="0" />
        <speedRotatingPart index="0>7|1|1" wheelIndex="0" />
        <speedRotatingPart index="0>7|2|0" wheelIndex="1" />
        <speedRotatingPart index="0>7|2|1" wheelIndex="1" />
	</speedRotatingParts>

    <brakeForce>0.1</brakeForce>

    <lights>
		<low>
            <light decoration="0>8|0|0" lightTypes="0 3" />
        </low>
        <high>
            <light realLight="0>8|0|1" decoration="0>8|0|0" lightTypes="0 3" />
        </high>
    </lights>

	<brakeLights>
        <brakeLight realLight="0>8|1|1" decoration="0>8|1|0" />
    </brakeLights>

    <turnLights>
        <turnLightLeft  realLight="0>8|2|0|1" decoration="0>8|2|0|0" />
        <turnLightRight realLight="0>8|2|1|1" decoration="0>8|2|1|0" />
    </turnLights>

    <inputAttacherJoints>
        <inputAttacherJoint index="0>0|0" jointType="trailer" attacherHeight="0.85" >
			<objectChange node="0>7|2|2" visibilityActive="false" visibilityInactive="true"/>
			<objectChange node="0>7|3" visibilityActive="true" visibilityInactive="false"/>
		</inputAttacherJoint>
	</inputAttacherJoints>

	<fillUnits>
        <fillUnit unit="$l10n_unit_bale" capacity="3" fillTypes="squareBale" />
    </fillUnits>

	<inLineBaleLoader fillUnitIndex="1" fixAttacherAxisAnimName="fold">
		<balePlaces unloadBalesAnimName="unloadBales" unmountBalesAnimTime="1">
			<balePlace index="0>6|0|0" moveToPlaceAnimName="moveBaleLeft"/>
			<balePlace index="0>6|0|2" moveToPlaceAnimName="moveBaleRight"/>
			<balePlace index="0>6|0|1" />
		</balePlaces>	
		<unloadRotationNodes>
			<unloadRotationNode index="0>7|4"  type="baleUnload" rotSpeed="-300 " rotAxis="1" turnOnFadeTime="0" turnOffFadeTime="0" />               
		</unloadRotationNodes>
	</inLineBaleLoader>
   
	<cylinderedHydraulicSound file="$data/sounds/hydraulicUp.wav"     pitchOffset="1.00" volume="1.00" />
	<attachSound file="$data/sounds/attach.wav"                   pitchOffset="0.65" volume="0.50" indoorVolumeFactor="0.40" indoorLowpassGain="0.70" />

    <animations>
        <!-- move support wheel down/up -->
		<animation name="moveSupport">
            <part node="0>0|2|0|0" startTime="0" endTime="1" startTrans="0.231 -0.146 0.884" endTrans="0.231 -0.547 0.884" />
            <part node="0>0|2|1" startTime="0" endTime="1" startRot="0 0 0" endRot="0 720 0" />
            
			<part node="0>0|2" startTime="0" endTime="0.0001" visibility="false" />
            <part node="0>0|2" startTime="0.0001" endTime="1" visibility="true" />
			
			<part node="0>7|0" startTime="0" endTime="0.0001" visibility="true" />
            <part node="0>7|0" startTime="0.0001" endTime="1" visibility="false" />
		</animation>
		<animation name="fold">
			<!-- attacher arm -->
			<part node="0>0" startTime="4" endTime="8" startTrans="-0.048 0.806 0.153" endTrans="-0.048 0.806 1.077" /> 
			<part node="0>0|3" startTime="4.7965" endTime="8" startScale="1 1 1" endScale="1 1 1.33" />
			
			
			<!-- left platform -->
			<part node="0>3|0" startTime="0" endTime="4" startRot="0 0 0" endRot="0 0 84" />
			<part node="0>3|0|0" startTime="0" endTime="4" startRot="0 0 0" endRot="0 0 84" />
			<part node="0>5|0" startTime="2.5733" endTime="3.2866" startRot="0 0 0" endRot="0 0 25" />
			<part node="0>5|0" startTime="3.2866" endTime="4" startRot="0 0 25" endRot="0 0 80" />
						
			<!-- right platform -->
			<part node="0>4|0" startTime="0" endTime="4" startRot="0 0 0" endRot="0 0 -84" />
			<part node="0>4|0|0" startTime="0" endTime="4" startRot="0 0 0" endRot="0 0 -84" />
			<part node="0>5|1" startTime="2.5733" endTime="3.2866" startRot="0 0 0" endRot="0 0 -25" />
			<part node="0>5|1" startTime="3.2866" endTime="4" startRot="0 0 -25" endRot="0 0 -80" />
		</animation>
		
		<animation name="moveBaleLeft">
            <part node="0>6|0|0" startTime="0" endTime="1" startTrans="0 0 0" endTrans="1.2 0 0" />
            <part node="0>6|1" startTime="0" endTime="1" startTrans="0 0 0" endTrans="1.2 0 0" />
            <part node="0>6|2" startTime="0" endTime="1" startTrans="0 0 0" endTrans="0.6 0 0" />
		</animation>
		<animation name="moveBaleRight">
            <part node="0>6|0|2" startTime="0" endTime="1" startTrans="0 0 0" endTrans="-1.2 0 0" />
			<part node="0>6|1" startTime="0" endTime="1" startTrans="1.2 0 0" endTrans="0 0 0" />
			<part node="0>6|2" startTime="0" endTime="1" startTrans="0.6 0 0" endTrans="0 0 0" />
		</animation>
		<animation name="unloadBales">
            <part node="0>6|0" startTime="0" endTime="0.5" startTrans="0 1.47 -0.253" endTrans="0 1.47 -1.098" />
            <part node="0>6|0" startTime="0.5" endTime="0.7" startRot="0 0 0" endRot="-30 0 0" />
            <part node="0>6|0" startTime="0.7" endTime="1" startTrans="0 1.47 -1.098" endTrans="0 1.154 -1.646" />
			
			<part node="0>6|0" startTime="1" endTime="2" startTrans="0 1.154 -1.646" endTrans="0 1.47 -0.253" startRot="-30 0 0" endRot="0 0 0"/>
		
			<part node="0>5" startTime="0" endTime="1" startTrans="0 1.143 0.912" endTrans="0 1.143 -0.531" />
			<part node="0>5" startTime="1" endTime="2" startTrans="0 1.143 -0.531" endTrans="0 1.143 0.912" />
		</animation>
    </animations>
	
	 <foldingParts startMoveDirection="1" turnOnFoldMinLimit="0.0" turnOnFoldMaxLimit="0.02" >
        <foldingPart animationName="fold" speedScale="1" />
    </foldingParts>

    <movingTools>
		<movingTool index="0>0" playSound="false">
			<inputAttacherJoint value="true"/>
        </movingTool>	

		<!-- folding -->
		<movingTool index="0>3|0" playSound="false">
			<dependentPart index="0>3|0|1"/>
			<dependentPart index="0>4|0|1"/>
        </movingTool>
    </movingTools>

    <movingParts>
		<!-- fold cylinders -->
		<movingPart index="0>3|0|1" referencePoint="0>3|0|0|0" referenceFrame="0>3|0|0|0">
			<translatingPart index="0>3|0|1|0" />
		</movingPart>
		<movingPart index="0>4|0|1" referencePoint="0>4|0|0|0" referenceFrame="0>4|0|0|0">
			<translatingPart index="0>4|0|1|0" />
		</movingPart>
		
		<movingPart index="0>7|1" referenceFrame="0>1" isActiveDirty="true"/>
		<movingPart index="0>7|2" referenceFrame="0>2" isActiveDirty="true"/>
    </movingParts>

    <support animationName="moveSupport" />

    <washable dirtDuration="90" washDuration="1" workMultiplier="4" />
	
    <components count="3">
		<!-- since patch 1.1 we do not need component 2 and 3, they're just here to hold place so the baleCollect will be properly loaded --> 
        <component1 centerOfMass="0 0.8 0" solverIterationCount="10" mrSetMass="1" />
		<component2 centerOfMass="0 0 0" solverIterationCount="1" mrSetMass="0.1" />
		<component3 centerOfMass="0 0 0" solverIterationCount="1" mrSetMass="0.1" />
        <joint component1="0" component2="1" index="0>1" rotLimit="0 0 0" transLimit="0 0 0" />
        <joint component1="0" component2="2" index="0>2" rotLimit="0 0 0" transLimit="0 0 0" />
    </components>

    <schemaOverlay file="$dataS2/menu/schemas/implementSchema.png" fileSelected="$dataS2/menu/schemas/implementSchemaSelected.png" fileTurnedOn="$dataS2/menu/schemas/implementSchemaTurnedOn.png" fileSelectedTurnedOn="$dataS2/menu/schemas/implementSchemaSelectedTurnedOn.png" width="0.5" height="0.5" attacherJointPosition="0 0"/>
</vehicle>