﻿<?xml version="1.0" encoding="utf-8" standalone="no" ?>
<vehicle type="kroneBigPack1290HDPII">
    <annotation>Copyright (C) Creative Mesh UG (haftungsbeschraenkt)</annotation>
	
	<!-- MR
	
		price
		daily upkeep
		
		wheels
		
		speedlimit => 30
		powerConsumer		
		
		brakeforce
		
		capacity = 8700L (about 520-550kgs)
		
		IRL
		twine = krone HDP strong Twine => 1000m per bale (and 11kgs per bales)
		66bales (2*27 + 2*6) = 66kilometers => capacity should be 66000
		1 straw bale (0.9*2.4) = 52.8meters of twine (8 knotters) => 66 bales of twine = about 1250 bales
		
		In game, twine pallet = 45 twine bales, and fillLevel = 12000 => 66 twine bales = 17600 (333 bales = about 33 hectares)
		
		pitchOffset of the baler sound set to 1 / sound duration = 5.080s, number of strokes = 4 => exactely 47.244094 strokes per minute - manufacturer data = 45
		
		maxLitersPerSecond => 260L/s = about 173T/H in grass and 86T/H in straw (max "eating" output of the baler, not taking into account good bale formation, headlands turns)
	
		steeringAxleAngleScale
		
		inputAttacherJoint
		
		components mass and center of masses + rotLimitSpring
		
		fillLitersPerSecond
		
		fixed bale animation
		
		
	
		<mrDebug>
		<drawPoint centerOfMass="0>" />
		<drawPoint centerOfMass="1>" />		
	</mrDebug>
	
	
	-->
	
	
	
	<moreRealistic>				
		<baler pickingDependantPtoPower="75" maxLitersPerSecond="260" strokesByMinute="47.244094" strokeDependantPtoPower="60" litersPerFlake="150" strokeSoundTimeOffset="150" /> 
		<dragArea value="7.5" />	
	</moreRealistic>

    <storeData>
        <name>BigPack 1290 HDP II XC</name>
        <specs>
            <neededPower>260</neededPower>
        </specs>
        <functions>
            <function>$l10n_function_baler</function>
        </functions>
        <image>icons/store_bigPack1290HDPII.dds</image>
        <price>219000</price>
        <dailyUpkeep>280</dailyUpkeep>
        <lifetime>600</lifetime>
        <rotation>0</rotation>
        <brand>KRONE</brand>
        <category>baling</category>
    </storeData>

    <typeDesc>$l10n_typeDesc_baler</typeDesc>
    <filename>bigPack1290HDPII/bigPack1290HDPII.i3d</filename>

    <size width="3.2" length="10" lengthOffset="-1.0" />
    <speedLimit value="30" />
    <powerConsumer ptoRpm="540" neededPtoPower="150" mrNoLoadPtoPower="30" /> <!-- neededPtoPower = how much power to launch the baler system -->

    <wheelConfigurations>
        <wheelConfiguration name="$l10n_configuration_valueDefault" price="0">
            <wheels>
                <wheel tipOcclusionAreaGroupId="1" restLoad="2.1" repr="0>0|0" filename="shared/wheels/V710_45_R_26_5.xml" isLeft="true"  color="0.9157 0.9157 0.9157 1" initialCompression="-5" suspTravel="0.3" spring="50" damper="10" />
                <wheel tipOcclusionAreaGroupId="2" restLoad="2.1" repr="0>0|1" driveNode="0>0|1|0" filename="shared/wheels/V710_45_R_26_5.xml" isLeft="true" color="0.9157 0.9157 0.9157 1" initialCompression="0" suspTravel="0.3" spring="60" damper="10" hasTireTracks="true" hasParticles="true" steeringAxleScale="-0.6" steeringAxleRotMax="15" steeringAxleRotMin="-15" />
                <wheel tipOcclusionAreaGroupId="1" restLoad="2.1" repr="0>0|2" filename="shared/wheels/V710_45_R_26_5.xml" isLeft="false"  color="0.9157 0.9157 0.9157 1" initialCompression="-5" suspTravel="0.3" spring="50" damper="10" />
                <wheel tipOcclusionAreaGroupId="2" restLoad="2.1" repr="0>0|3" driveNode="0>0|3|0" filename="shared/wheels/V710_45_R_26_5.xml" isLeft="false" color="0.9157 0.9157 0.9157 1" initialCompression="0" suspTravel="0.3" spring="60" damper="10" hasTireTracks="true" hasParticles="true" steeringAxleScale="-0.6" steeringAxleRotMax="15" steeringAxleRotMin="-15" />
   
				<wheel rotMin="-30" rotMax="8" tipOcclusionAreaGroupId="3" repr="1>0" driveNode="1>0|0" radius="0.2" mass="0.01" suspTravel="0.03" spring="50" damper="1" brakeFactor="0" versatileYRot="true" />
				<wheel rotMin="-8" rotMax="30" tipOcclusionAreaGroupId="3" repr="1>1" driveNode="1>1|0" radius="0.2" mass="0.01" suspTravel="0.03" spring="50" damper="1" brakeFactor="0" versatileYRot="true" />
				
				<!-- work with "movingTool" "whellIndices"  -->
				<wheel repr="0" driveNode="0>4|0" mrPositionX="0.4"  mrPositionY="-0.3" mrPositionZ="-1.92" radius="0.1" deltaY="0" suspTravel="0.1" spring="10" damper="1" mrLateralStiffnessScale="10" frictionScale="100"  mrDummyWheel="true" mrDummyWheelDirectionY="1"  /> <!-- bottom left side of the droping bale -->
				<wheel repr="0" driveNode="0>4|0" mrPositionX="-0.4" mrPositionY="-0.3" mrPositionZ="-1.92" radius="0.1" deltaY="0" suspTravel="0.1" spring="10" damper="1" mrLateralStiffnessScale="10" frictionScale="100"  mrDummyWheel="true" mrDummyWheelDirectionY="1"  /> <!-- bottom right side of the droping bale -->
						
			</wheels>
        </wheelConfiguration>
    </wheelConfigurations>

    <brakeForce>2</brakeForce>
    <steeringAxleAngleScale startSpeed="80" endSpeed="120" />

	<dynamicallyLoadedWheels>
        <dynamicallyLoadedWheel linkNode="0>3|1|0|0" filename="shared/wheels/pickupWheels.xml" isLeft="true"/>
        <dynamicallyLoadedWheel linkNode="0>3|1|1|0" filename="shared/wheels/pickupWheels.xml" isLeft="false"/>
    </dynamicallyLoadedWheels>

    <lights>
		<low>
			<light decoration="0>14|0" lightTypes="0" />
			<light decoration="0>11|3|0" lightTypes="1" />
			<light realLight="0>8|1|0|0|1" decoration="0>8|1|0|0|0" lightTypes="0" />
        </low>
        <high>
			<light decoration="0>14|0" lightTypes="0" />
            <light realLight="0>11|3|1" decoration="0>11|3|0" lightTypes="1" />
            <light realLight="0>8|1|0|0|1" decoration="0>8|1|0|0|0" lightTypes="0" />
            <light realLight="0>8|0|4|0|1" decoration="0>8|0|4|0|0" lightTypes="0" />
        </high>
    </lights>

	<brakeLights>
        <brakeLight realLight="0>8|1|0|1|1" decoration="0>8|1|0|1|0" />
        <brakeLight realLight="0>8|0|4|1|1" decoration="0>8|0|4|1|0" />
    </brakeLights>
	
	<reverseLights>
        <reverseLight realLight="0>8|0|4|3|1" decoration="0>8|0|4|3|0" />
        <reverseLight realLight="0>8|1|0|3|1" decoration="0>8|1|0|3|0" />
    </reverseLights>

	<turnLights>
        <turnLightLeft  decoration="0>14|1" />
        <turnLightLeft  realLight="0>8|1|0|2|0|1" decoration="0>8|1|0|2|0|0" />
        <turnLightLeft  realLight="0>8|0|4|2|0|1" decoration="0>8|0|4|2|0|0" />
        <turnLightRight decoration="0>14|2" />
        <turnLightRight realLight="0>8|1|0|2|1|1" decoration="0>8|1|0|2|1|0" />
        <turnLightRight realLight="0>8|0|4|2|1|1" decoration="0>8|0|4|2|1|0" />
    </turnLights>

	<beaconLights>
        <beaconLight index="0>11|0" speed="0.015" filename="$data/shared/beaconLights/beaconLight03.i3d" />
    </beaconLights>

    <inputAttacherJoints>
        <inputAttacherJoint index="0>1" jointType="trailerLow" attacherHeight="0.7" ptoInputNode="0>1|0" lowerRotLimitScale="1 0.92 1" />
    </inputAttacherJoints>
	
	<attacherJointConfigurations>
        <attacherJointConfiguration name="$l10n_configuration_noBaleTrailer" price="0">
            <objectChange node="0>8|1" visibilityActive="true"  visibilityInactive="false"/>
			<objectChange node="0>4|0|1" collisionInactive="false" />
        </attacherJointConfiguration>
		<attacherJointConfiguration name="$l10n_configuration_baleTrailer" price="0"> 
			<attacherJoint index="0>8|0|0 " jointType="trailer" lowerRotLimit="20 80 40" upperRotationOffset="0" allowsJointLimitMovement="false" canTurnOnImplement="false" >
				<schema position="0.5 0" rotation="0" invertX="false" />
			</attacherJoint>
			<objectChange node="0>8|0" visibilityActive="true"  visibilityInactive="false"/>
			<objectChange node="0>4" visibilityActive="false"  visibilityInactive="true"/>
			<objectChange node="0>9|3" visibilityActive="false"  visibilityInactive="true"/>
			<objectChange node="0>10|3" visibilityActive="false"  visibilityInactive="true"/>
			<objectChange node="0>4|0|1" collisionActive="false"/>
        </attacherJointConfiguration>
    </attacherJointConfigurations>

	<fillUnits>
        <fillUnit unit="$l10n_unit_literShort" fillTypeCategories="windrow" capacity="8700" />
		<fillUnit unit="$l10n_unit_literShort" fillTypes="baleTwine" capacity="17600" showOnHud="false" showInShop="false" />
    </fillUnits>

    <workAreas>
        <workArea startIndex="0>5|0" widthIndex="0>5|1" heightIndex="0>5|2" type="baler" />
    </workAreas>
    
    <groundReferenceNodes>
        <groundReferenceNode index="0>3|1|3" threshold="0.25" />
    </groundReferenceNodes>    
	
	<refillBaleTwineConfigurations>
        <refillBaleTwineConfiguration suppliesActive="true" name="$l10n_config_manually" price="0"/>
        <refillBaleTwineConfiguration suppliesActive="false" name="$l10n_config_auto" price="10000"/>
    </refillBaleTwineConfigurations>
	
	<baleTrailerSupport configName="attacherJoint" configIndex="2" fixAttacherJointAxisIndex="2">
		<!-- bale animation in case we config bale trailer -->
		<baleAnimation firstBaleMarker="0.6823">
            <key time="0"      pos="0 0 0"      rot="0 0 0"/>
            <key time="0.6823" pos="0 0 -2.388" rot="0 0 0" />
            <key time="0.8"      pos="0 0 -2.8"  rot="0 0 0"/>
            <key time="1"      pos="0 0.1 -3.5"  rot="12 0 0"/>
        </baleAnimation>	
	</baleTrailerSupport>
	
	<supplies configurationName="refillBaleTwine" fillUnitIndex="2" usagePerBaleExtent="8" supplyCoverOpenTime="1" closeSupplyCoverTextName="liftTwineBoxes" openSupplyCoverTextName="lowerTwineBoxes" supplyCoverAnimName="lowerTwineBox" supplieFillType="baleTwine" emptyAnimName="emptyTwineBoxes" supplyCoverTurnOnWarning="closeTwineBoxesFirst" />
	<baleCounter balesTodayFilename="hud/baleCounterTodaySquarebales.dds" balesLifetimeIcon="hud/baleCounterLifetimeSquarebales.dds" />

	<bigBalerAnimation ramAnimationName="ramMoveAnimation" numRunsPerMinute="45" gearAnimName="ramGearAnimName" turnOnFadeTime="2" turnOffFadeTime="5" />
	
    <baler fillScale="1" fillUnitIndex="1">
		<!-- MR set first bale marker at 2.41m so that bales don't collide between themselves (especially at ejecting time)
		<baleAnimation node="0>6|1" firstBaleMarker="0.4592" scaleNode="0>6|0" baleNode="0>6|0|0" >
            <key time="0"      pos="0 0 0"      rot="0 0 0"/>
            <key time="0.4592" pos="0 0 -2.388" rot="0 0 0" />
            <key time="1"      pos="0 0 -5.2"  rot="-1 0 0"/>
        </baleAnimation>-->
		<baleAnimation node="0>6|1" firstBaleMarker="0.482" scaleNode="0>6|0" baleNode="0>6|0|0" >
            <key time="0"      pos="0 0 0"      rot="0 0 0"/>            
            <key time="1"      pos="0 -0.03 -5"  rot="-1 0 0"/>
        </baleAnimation>
        <baleTypes>
            <baleType isRoundBale="false" width="1.2" height="0.9" length="2.39" />
        </baleTypes>
        <balerSound file="$data/sounds/baler1290Sound.wav"                pitchOffset="1.00" volume="1.00" indoorVolumeFactor="0.46" indoorLowpassGain="0.85" />
        <balerKnotCleaning file="$data/sounds/baler1290KnotCleaning.wav"  pitchOffset="1.00" volume="1.50" indoorVolumeFactor="0.30" indoorLowpassGain="0.75" />
        <baleUnloading time="4" allowed="true" foldThreshold="0.1" />
        <knotingAnimation name="knoting" speed="3" />
        <fillEffect>
			<effectNode effectClass="MorphPositionEffect" effectNode="0>3|2" materialType="pickup" materialTypeId="1" delay="0" fadeTime="1" speed="0.9" scrollLength="1.5" scrollSpeed="2"/>
		</fillEffect>
        <fillParticleSystems>
            <emitterShape node="0>3|1|5" particleType="PICKUP"         emitCountScale="2" worldSpace="false" />
            <emitterShape node="0>3|1|6" particleType="PICKUP"         emitCountScale="2" worldSpace="false" />
            <emitterShape node="0>3|1|7" particleType="PICKUP"         emitCountScale="2" worldSpace="false" />
			<emitterShape node="0>11|4" particleType="SMOKE"          emitCountScale="1"/>
			<emitterShape node="0>11|5" particleType="SMOKE"          emitCountScale="1"/>
		</fillParticleSystems>
    </baler>

    <cylinderedHydraulicSound file="$data/sounds/hydraulicUp.wav"     pitchOffset="1.00" volume="1.00" />
	<attachSound file="$data/sounds/attach.wav"                   pitchOffset="0.65" volume="0.50" indoorVolumeFactor="0.40" indoorLowpassGain="0.70" />

    <foldingParts startMoveDirection="1" turnOnFoldMinLimit="0.0" turnOnFoldMaxLimit="0.02" >
        <foldingPart animationName="foldBackDoor" speedScale="1" />
    </foldingParts>

    <animations>
        <!-- move support wheel down/up -->
		<animation name="moveSupport">
            <part node="0>2" startTime="0" duration="0.6" startTrans="-0.141 1.335 3.872" endTrans="-0.141 0.540 3.872" />
        </animation>

        <!-- rotate pickup down/up -->
		<animation name="rotatePickup">
            <part node="0>3|0" startTime="0" endTime="1" startRot="-40.000 0 0" endRot="0 0 0" />
            <part              startTime="0" endTime="1" componentJointIndex="0" startRotLimit="0 0 0" endRotLimit="10 0 2"/>
        </animation>

		<animation name="knoting">
			<part node="0>7|0" startTime="0" endTime="1" startRot="0 0 0" endRot="-71 0 0" />
			<part node="0>7|0" startTime="1" endTime="2" startRot="-71 0 0" endRot="0 0 0" />
			
            <part node="0>7|2" startTime="0" endTime="0.5" startRot="0 0 0" endRot="70 0 0" />
            <part node="0>7|2" startTime="0.5" endTime="1" startRot="70 0 0" endRot="0 0 0" />
			       
			<part node="0>7|2" startTime="1" endTime="1.5" startRot="0 0 0" endRot="70 0 0" />
            <part node="0>7|2" startTime="1.5" endTime="2" startRot="70 0 0" endRot="0 0 0" />
			
            <part node="0>7|1" startTime="0.6" endTime="0.8" startTrans="0 3.333 0.756" endTrans="0 3.4 0.756" />
            <part node="0>7|1" startTime="0.8" endTime="1.0" startTrans="0 3.4 0.756" endTrans="0 3.333 0.756" /> 

			<part node="0>7|1" startTime="1.6" endTime="1.8" startTrans="0 3.333 0.756" endTrans="0 3.4 0.756" />
            <part node="0>7|1" startTime="1.8" endTime="2.0" startTrans="0 3.4 0.756" endTrans="0 3.333 0.756" />
        </animation>

		<animation name="foldBackDoor">
            <part node="0>4|0" startTime="0" endTime="3" startRot="0 0 0" endRot="92.3 0 0" />
            <part node="0>4|1" startTime="3" endTime="3.1" startRot="0 0 0" endRot="-14.043 0 0" />

            <!-- chain animation -->
            <part node="0>4|0|3" startTime="0" endTime="0.3" startRot="0 0 0" endRot="10 0 0" />
            <part node="0>4|0|3" startTime="0.3" endTime="3" startRot="10 0 0" endRot="30 0 0" />
            <part node="0>4|3" startTime="0" endTime="0.3" startRot="0 0 0" endRot="-8 0 0" />
            <part node="0>4|3|0" startTime="0" endTime="1" startRot="0 0 0" endRot="-22 0 0" />
            <part node="0>4|3|1|1" startTime="0.3" endTime="3" startRot="0 0 0" endRot="-42 0 0" />
        </animation>

		<animation name="emptyTwineBoxes">
			<!-- left -->
            <part node="0>9|0|0|3|0" startTime="0" endTime="0.9999" visibility="true"/>
            <part node="0>9|0|0|3|0" startTime="0.9999" endTime="1.00" visibility="false"/>
			<part node="0>9|3|2" startTime="0" endTime="0.9999" visibility="true"/>
            <part node="0>9|3|2" startTime="0.9999" endTime="1.00" visibility="false"/>
						
            <part node="0>9|0|0|3|1" startTime="0" endTime="1.9999" visibility="true"/>
            <part node="0>9|0|0|3|1" startTime="1.9999" endTime="2.00" visibility="false"/>
						
            <part node="0>9|0|0|3|2" startTime="0" endTime="2.9999" visibility="true"/>
            <part node="0>9|0|0|3|2" startTime="2.9999" endTime="3.00" visibility="false"/>
			        
			<part node="0>9|0|0|3|3" startTime="0" endTime="3.9999" visibility="true"/>
            <part node="0>9|0|0|3|3" startTime="3.9999" endTime="4.00" visibility="false"/>
						
			<part node="0>9|0|0|3|4" startTime="0" endTime="4.9999" visibility="true"/>
            <part node="0>9|0|0|3|4" startTime="4.9999" endTime="5.00" visibility="false"/>
						
			<part node="0>9|0|0|3|5" startTime="0" endTime="5.9999" visibility="true"/>
            <part node="0>9|0|0|3|5" startTime="5.9999" endTime="6.00" visibility="false"/>
						
			<part node="0>9|0|0|3|6" startTime="0" endTime="6.9999" visibility="true"/>
            <part node="0>9|0|0|3|6" startTime="6.9999" endTime="7.00" visibility="false"/>
			            
			<!-- right -->			
			<part node="0>10|0|0|3|0" startTime="0" endTime="0.9999" visibility="true"/>
            <part node="0>10|0|0|3|0" startTime="0.9999" endTime="1.00" visibility="false"/>
			<part node="0>10|3|2" startTime="0" endTime="0.9999" visibility="true"/>
            <part node="0>10|3|2" startTime="0.9999" endTime="1.00" visibility="false"/>
						
            <part node="0>10|0|0|3|1" startTime="0" endTime="1.9999" visibility="true"/>
            <part node="0>10|0|0|3|1" startTime="1.9999" endTime="2.00" visibility="false"/>
						
            <part node="0>10|0|0|3|2" startTime="0" endTime="2.9999" visibility="true"/>
            <part node="0>10|0|0|3|2" startTime="2.9999" endTime="3.00" visibility="false"/>
			        
			<part node="0>10|0|0|3|3" startTime="0" endTime="3.9999" visibility="true"/>
            <part node="0>10|0|0|3|3" startTime="3.9999" endTime="4.00" visibility="false"/>
						
			<part node="0>10|0|0|3|4" startTime="0" endTime="4.9999" visibility="true"/>
            <part node="0>10|0|0|3|4" startTime="4.9999" endTime="5.00" visibility="false"/>
						
			<part node="0>10|0|0|3|5" startTime="0" endTime="5.9999" visibility="true"/>
            <part node="0>10|0|0|3|5" startTime="5.9999" endTime="6.00" visibility="false"/>
						
			<part node="0>10|0|0|3|6" startTime="0" endTime="6.9999" visibility="true"/>
            <part node="0>10|0|0|3|6" startTime="6.9999" endTime="7.00" visibility="false"/>
		</animation>
		
		<animation name="lowerTwineBox">
			<!-- left twine boxes -->
			<part node="0>9|0" startTime="0" endTime="4" startRot="0 0 0" endRot="0 0 -80" />
            <part node="0>9|0|0" startTime="0" endTime="4" startRot="0 0 0" endRot="0 0 80" />	
            <part node="0>9|0|0|0" startTime="4" endTime="6" startRot="0 0 0" endRot="0 0 70" />	
			
            <part node="0>9|3|0|0" startTime="4" endTime="6" startRot="8 0 0" endRot="8 0 75" />	
			
			<!-- right twine boxes -->
			<part node="0>10|0" startTime="0" endTime="4" startRot="0 0 0" endRot="0 0 80" />
            <part node="0>10|0|0" startTime="0" endTime="4" startRot="0 0 0" endRot="0 0 -80" />	
            <part node="0>10|0|0|0" startTime="4" endTime="6" startRot="0 0 0" endRot="0 0 -70" />	
			
            <part node="0>10|3|0|0" startTime="4" endTime="6" startRot="8 0 0" endRot="8 0 -75" /> 
		</animation>

		<animation name="ramMoveAnimation">
            <part node="0>11|1|0|0" startTime="0" endTime="1" startTrans="0 2.112 1.725" endTrans="0 2.112 0.96" />
        </animation>
		
		<animation name="ramGearAnimName">
            <part node="0>11|1|1" startTime="0" endTime="0.25" startRot="0 0 0" endRot="90 0 0" />
            <part node="0>11|1|1" startTime="0.25" endTime="0.5" startRot="90 0 0" endRot="180 0 0" />
            <part node="0>11|1|1" startTime="0.5" endTime="0.75" startRot="180 0 0" endRot="270 0 0" />
            <part node="0>11|1|1" startTime="0.75" endTime="1.0" startRot="270 0 0" endRot="360 0 0" />
        </animation>
		
    </animations>

	<movingTools>
        <movingTool index="0>3|0" >
            <componentJoint index="0" />
        </movingTool>

		<movingTool index="0>4|0" playSound="true" wheelIndices="7 8">
            <dependentPart index="0>4|2" />
        </movingTool>
		
		<!-- ram animation -->
		<movingTool index="0>11|1|1" playSound="false">
            <dependentPart index="0>11|1|1|0" />
        </movingTool>
		
		<movingTool index="0>9|0" playSound="true">
            <dependentPart index="0>9|1" />
            <dependentPart index="0>9|2" />
        </movingTool>
		
		<!-- back twine boxes cylinders -->
		<movingTool index="0>9|3|0|0" >
			<dependentPart index="0>9|3|0|0|2" />
			<dependentPart index="0>10|3|0|0|1" />
        </movingTool>
		
		<movingTool index="0>10|0" >
            <dependentPart index="0>10|1" />
            <dependentPart index="0>10|2" />
        </movingTool>
    </movingTools>

    <movingParts>
        <!-- pickup -->
		<movingPart index="0>3|1" referencePoint="1>2" referenceFrame="1>2" isActiveDirty="true" >
			<dependentPart index="0>3|1|0" />
			<dependentPart index="0>3|1|1" />
			<dependentPart index="0>3|3" />
		</movingPart>
		
		<!-- pickup chain -->
		<movingPart index="0>3|3" referencePoint="0>3|1|8" referenceFrame="0>" scaleZ="true" limitedAxis="1" />
		
		<movingPart index="0>3|1|0" referenceFrame="1>0" limitedAxis="2" />
        <movingPart index="0>3|1|1" referenceFrame="1>1" limitedAxis="2" />
		
		<movingPart index="0>4|2" referencePoint="0>4|0|4" referenceFrame="0>" >
            <translatingPart index="0>4|2|0" />
        </movingPart>	
		
		<!-- left twine box -->
		<movingPart index="0>9|1" referencePoint="0>9|0|1" referenceFrame="0>" >
            <translatingPart index="0>9|1|0" />
        </movingPart>
		<movingPart index="0>9|2" referencePoint="0>9|0|0|1" referenceFrame="0>9|0|0|1" />
		
		<!-- small twine box cylinders -->
		<movingPart index="0>9|3|0|0|2" referencePoint="0>9|3|1" referenceFrame="0>9|3|1" >
            <translatingPart index="0>9|3|0|0|2|0" />
        </movingPart>	
		<movingPart index="0>10|3|0|0|1" referencePoint="0>10|3|1" referenceFrame="0>10|3|1" >
            <translatingPart index="0>10|3|0|0|1|0" />
        </movingPart>		
		
		<!-- right twine box -->
		<movingPart index="0>10|1" referencePoint="0>10|0|1" referenceFrame="0>" >
            <translatingPart index="0>10|1|0" />
        </movingPart>			
		<movingPart index="0>10|2" referencePoint="0>10|0|0|1" referenceFrame="0>10|0|0|1" />
		
		
		<!-- ram animation -->
		<movingPart index="0>11|1|1|0" referencePoint="0>11|1|0|0|0" referenceFrame="0>11|1|0|0|0" isActiveDirty="true"/>
		
		<!-- back axle gear left -->
		<movingPart index="0>11|12" referenceFrame="0>0|1" isActiveDirty="true">
			<dependentPart index="0>11|7|0" />
			<dependentPart index="0>11|13|0|3" />
		</movingPart>
		<movingPart index="0>11|7|0" referencePoint="0>11|12|0|1" referenceFrame="0>" >
            <translatingPart index="0>11|7|0|1" />
        </movingPart>
		
		<!-- back axle gear right -->
		<movingPart index="0>11|13" referenceFrame="0>0|3" isActiveDirty="true">
			<dependentPart index="0>11|7|2" />
			<dependentPart index="0>11|13|0|3" />
		</movingPart>
		<movingPart index="0>11|7|2" referencePoint="0>11|13|0|1" referenceFrame="0>" >
            <translatingPart index="0>11|7|2|1" />
        </movingPart>			
		
		<!-- steering rod -->
		<movingPart index="0>11|13|0|3" referencePoint="0>11|12|0|3" referenceFrame="0>"/>
    </movingParts>

    <turnedOnRotationNodes>
		<!-- pickup -->
        <turnedOnRotationNode index="0>3|1|4|0" type="baler" rotSpeed="-600" rotAxis="1" turnOnFadeTime="2" turnOffFadeTime="5" />
        <turnedOnRotationNode index="0>3|1|4|1" type="baler" rotSpeed="600" rotAxis="1" turnOnFadeTime="2" turnOffFadeTime="5" />
        <turnedOnRotationNode index="0>3|1|4|2"  type="baler" rotSpeed="-1000" rotAxis="1" turnOnFadeTime="2" turnOffFadeTime="5" />    

		<!-- machine -->
        <turnedOnRotationNode index="0>11|2|1|0"  type="baler" rotSpeed="-1000" rotAxis="3" turnOnFadeTime="2" turnOffFadeTime="5" />               
        <turnedOnRotationNode index="0>11|2|2"  type="baler" rotSpeed="600" rotAxis="1" turnOnFadeTime="2" turnOffFadeTime="5" />               
        <turnedOnRotationNode index="0>11|2|3"  type="baler" rotSpeed="600" rotAxis="1" turnOnFadeTime="2" turnOffFadeTime="5" />               
        <turnedOnRotationNode index="0>11|2|4|1"  type="baler" rotSpeed="-600" rotAxis="3" turnOnFadeTime="2" turnOffFadeTime="5" />               
		<turnedOnRotationNode index="0>11|2|6"  type="baler" rotSpeed="-600" rotAxis="1s" turnOnFadeTime="2" turnOffFadeTime="5" />               
    </turnedOnRotationNodes>
    
    <speedRotatingParts>
        <speedRotatingPart index="0>3|1|0|0" wheelIndex="4" />
        <speedRotatingPart index="0>3|1|1|0" wheelIndex="5" />
		<speedRotatingPart index="0>3|1|2|0" radius="0.15" refNodeIndex="0" turnOnFadeTime="1" turnOffFadeTime="2" onlyActiveWhenLowered="true" rotateOnlyIfFillLevelIncreased="true" />
	</speedRotatingParts>

    <support animationName="moveSupport" />

    <pickupAnimation name="rotatePickup" lowerSpeed="2" liftSpeed="-1" />
	
	<allowFillFromAir value="true" />
    <allowTipDischarge value="false" />
	<fillRootNode index="0>" /> 
	<fillLitersPerSecond>5000</fillLitersPerSecond>

    <washable dirtDuration="90" washDuration="1" workMultiplier="4" />

	<tipOcclusionAreas>
        <tipOcclusionArea start="0>13|0" width="0>13|1" height="0>13|2" />
    </tipOcclusionAreas>

    <components count="2">
        <component1 centerOfMass="0 1.3 0.85" solverIterationCount="10" mrSetMass="15.3" />
		<component2 centerOfMass="0 0 0" solverIterationCount="10" mrSetMass="0.2" />
        <joint component1="0" component2="1" index="0>3|0" rotLimit="0 0 0" transLimit="0 0 0" rotLimitSpring="50 0 0" />
    </components>

    <schemaOverlay file="$dataS2/menu/schemas/implementSchema.png" fileSelected="$dataS2/menu/schemas/implementSchemaSelected.png" fileTurnedOn="$dataS2/menu/schemas/implementSchemaTurnedOn.png" fileSelectedTurnedOn="$dataS2/menu/schemas/implementSchemaSelectedTurnedOn.png" width="0.5" height="0.5" attacherJointPosition="0 0"/>
</vehicle>