﻿<?xml version="1.0" encoding="utf-8" standalone="no" ?>
<vehicle type="kroneComprimaV180XC">
    <annotation>Copyright (C) Creative Mesh UG</annotation>
	
	<!-- MR
	
		price
		dailyUpkeep
		
		powerConsumer
		
		wheels (maxDeformation="0" because there is n deformation possible in the i3d)
		
		mass and center of mass (+ rotLimitSpring)
		
		inputAttacherJoint
		
		baleNet capacity = 3 units. One pallet = 5 units and fillLevel = 3800 => baler net capacity =  2280
		capacity set to 6300 (1.8m diameter bales => straw = 380kgs, hay = 535kgs, silage = 1386kgs)  /// can be different with gameplay mod
		
		animation lowerPickup = raise more
		
		pickupAnimation speed
		
			
	-->
	
	<moreRealistic>			
		<baler baleMassDependantPtoPower="25" pickingDependantPtoPower="70" maxLitersPerSecond="140" /> <!-- 120L/s = about 81T/H in grass and 45T/H in straw (max "eating" output of the baler, not taking into account good bale formation, headlands turns, netting time and waiting time while baling) -->
		<dragArea value="5.5" />
	</moreRealistic>

    <storeData>
        <name>Comprima V 180 XC</name>
        <specs>
            <neededPower>80</neededPower> <!-- HP (shop) -->
        </specs>
        <functions>
            <function>$l10n_function_baler</function>
        </functions>
        <image>icons/store_comprimaV180.dds</image>
        <price>58000</price>
        <dailyUpkeep>130</dailyUpkeep>
        <lifetime>600</lifetime>
        <rotation>0</rotation>
        <brand>KRONE</brand>
        <category>baling</category>
    </storeData>

    <typeDesc>$l10n_typeDesc_baler</typeDesc>
    <filename>comprimaV180XC/comprimaV180XC.i3d</filename>

    <size width="3" length="5" />
    <speedLimit value="20" />
    <powerConsumer ptoRpm="540" neededPtoPower="20" mrNoLoadPtoPower="7" />

    <wheelConfigurations>
        <wheelConfiguration name="$l10n_configuration_valueDefault" price="0">
            <wheels>
                <wheel restLoad="1.8" repr="0>0|0" filename="shared/wheels/T480_45_17.xml" isLeft="true"  initialCompression="0" suspTravel="0.4" spring="15" damper="3" maxDeformation="0"  />
                <wheel restLoad="1.8" repr="0>0|1" filename="shared/wheels/T480_45_17.xml" isLeft="true" initialCompression="10" suspTravel="0.4" spring="15" damper="3" hasTireTracks="true" hasParticles="true" maxDeformation="0" />
                <wheel restLoad="1.8" repr="0>0|2" filename="shared/wheels/T480_45_17.xml" isLeft="false" initialCompression="0" suspTravel="0.4" spring="15" damper="3" maxDeformation="0" />
                <wheel restLoad="1.8" repr="0>0|3" filename="shared/wheels/T480_45_17.xml" isLeft="false" initialCompression="10" suspTravel="0.4" spring="15" damper="3" hasTireTracks="true" hasParticles="true" maxDeformation="0" />
               
				<!-- physical pickup wheel -->
				<wheel tipOcclusionAreaGroupId="2" restLoad="0.1" repr="1>1" brakeFactor="0" forcePointRatio="0.3" radius="0.2" mass="0.01" initialCompression="60" suspTravel="0.03" spring="20" damper="5" />
                <wheel tipOcclusionAreaGroupId="2" restLoad="0.1" repr="1>2" brakeFactor="0" forcePointRatio="0.3" radius="0.2" mass="0.01" initialCompression="60" suspTravel="0.03" spring="20" damper="5" />
			</wheels>
        </wheelConfiguration>
    </wheelConfigurations>

    <brakeForce>0.5</brakeForce>

	<dynamicallyLoadedWheels>
        <dynamicallyLoadedWheel linkNode="0>4|1|5" filename="shared/wheels/pickupWheels.xml" isLeft="true"/>
        <dynamicallyLoadedWheel linkNode="0>4|1|6" filename="shared/wheels/pickupWheels.xml" isLeft="false"/>
    </dynamicallyLoadedWheels>

	<lights>
        <low>
			<!-- bunker filling lights -->
            <light realLight="0>7|8|0|1" decoration="0>7|8|0|0" lightTypes="0" />
			<light decoration="0>2|0" lightTypes="0" />
			<light decoration="0>7|8|3" lightTypes="0" />
        </low>
        <high>
			<!-- bunker filling lights -->
            <light realLight="0>7|8|0|1" decoration="0>7|8|0|0" lightTypes="0" />
            <light decoration="0>2|0" lightTypes="0" />
            <light decoration="0>7|8|3" lightTypes="0" />
        </high>
    </lights>

    <brakeLights>
		<brakeLight realLight="0>7|8|1|1" decoration="0>7|8|1|0" />
    </brakeLights>

    <turnLights>
		<turnLightLeft  realLight="0>7|8|2|0|1" decoration="0>7|8|2|0|0" />
        <turnLightRight realLight="0>7|8|2|1|1" decoration="0>7|8|2|1|0" />
    </turnLights>

    <inputAttacherJoints>
        <inputAttacherJoint index="0>1" jointType="trailer" attacherHeight="0.825" ptoInputNode="0>1|0" lowerRotLimitScale="1 0.88 1" /> 
    </inputAttacherJoints>

    <fillUnits>
        <fillUnit unit="$l10n_unit_literShort" fillTypeCategories="windrow" capacity="6300" /> 
        <fillUnit unit="$l10n_unit_literShort" fillTypes="baleNet" capacity="2280" showOnHud="false" showInShop="false" />
    </fillUnits>

    <workAreas>
        <workArea startIndex="0>5|0" widthIndex="0>5|1" heightIndex="0>5|2" type="baler" />
    </workAreas>

    <groundReferenceNodes>
        <groundReferenceNode index="0>4|1|7" threshold="0.25" />
    </groundReferenceNodes>
	
	<refillBaleNetConfigurations>
        <refillBaleNetConfiguration suppliesActive="true" name="$l10n_config_manually" price="0"/>
        <refillBaleNetConfiguration suppliesActive="false" name="$l10n_config_auto" price="10000"/>
    </refillBaleNetConfigurations>
	
	<supplies configurationName="refillBaleNet" fillUnitIndex="2" usagePerBaleExtent="4" supplyCoverOpenTime="1" closeSupplyCoverTextName="closeBaleNetDoor" openSupplyCoverTextName="openBaleNetDoor" supplyCoverAnimName="baleNetDoor" supplieFillType="baleNet" emptyAnimName="netRoleEmptyAnim" supplyCoverTurnOnWarning="closeBaleNetDoor" />

	<baleCounter balesTodayFilename="hud/baleCounterTodayRoundbales.dds" balesLifetimeIcon="hud/baleCounterLifetimeRoundbales.dds" />

    <baler>
        <balerSound file="sounds/comprimaRun.wav"      pitchOffset="1.00" volume="1.30" indoorVolumeFactor="0.50" indoorLowpassGain="0.75" />
        <balerBaleSizeOptimizedAlarm sampleFillLevelDiff="900" file="$data/sounds/rollBelt150Alarm.wav"      pitchOffset="1.00" volume="0.45" indoorVolumeFactor="1.35" indoorLowpassGain="0.95" />
        <balerBaleEject file="$data/sounds/rollBelt150Eject.wav"  pitchOffset="1.00" volume="1.00" indoorVolumeFactor="0.60" indoorLowpassGain="0.75" />
        <balerDoor file="$data/sounds/rollBelt150Door.wav"        pitchOffset="0.98" volume="1.00" indoorVolumeFactor="0.60" indoorLowpassGain="0.75" />
        <baleTypes>
            <baleType isRoundBale="true" width="1.2" diameter="1.1"/>
            <baleType isRoundBale="true" width="1.2" diameter="1.3"/>
            <baleType isRoundBale="true" width="1.2" diameter="1.55"/>
            <baleType isRoundBale="true" width="1.2" diameter="1.8"/>
        </baleTypes>
		<baleSizes baleGrowAnimName="baleGrowAnimation" pressureNeedleAnimName="pressureNeedleAnim" > <!-- needs to be in same order as baleTypes attributes -->
			<baleSize capacity="2400" baleGuideAnimName="baleGuide110" />
			<baleSize capacity="3300" baleGuideAnimName="baleGuide130" />
			<baleSize capacity="4700" baleGuideAnimName="baleGuide155" />
			<baleSize capacity="6300" baleGuideAnimName="baleGuide180" />
		</baleSizes>
        <baleAnimation node="0>6|0|0" scaleNode="0>6|0" baleNode="0>6|0|0" unloadAnimationName="unloadBale" closeAnimationName="closeDoor" baleDropAnimTime="1.9" />
        <uvScrollParts>
			<uvScrollPart index="0>7|1|1" shaderParameterName="offsetUV" scrollSpeed="-0.75 0" shaderParameterComponent="1" turnOnFadeTime="2" turnOffFadeTime="5" />
			<uvScrollPart index="0>7|1|2" shaderParameterName="offsetUV" scrollSpeed="-0.75 0" shaderParameterComponent="1" turnOnFadeTime="2" turnOffFadeTime="5" />
			<uvScrollPart index="0>7|1|3" shaderParameterName="offsetUV" scrollSpeed="-0.75 0" shaderParameterComponent="1" turnOnFadeTime="2" turnOffFadeTime="5" />
			<uvScrollPart index="0>7|1|4" shaderParameterName="offsetUV" scrollSpeed="-0.75 0" shaderParameterComponent="1" turnOnFadeTime="2" turnOffFadeTime="5" />
			<uvScrollPart index="0>7|1|5" shaderParameterName="offsetUV" scrollSpeed="-0.75 0" shaderParameterComponent="1" turnOnFadeTime="2" turnOffFadeTime="5" />
			<uvScrollPart index="0>7|1|0|3" shaderParameterName="offsetUV" scrollSpeed="-0.75 0" shaderParameterComponent="1" turnOnFadeTime="2" turnOffFadeTime="5" />
			
			<uvScrollPart index="0>8|1|1" shaderParameterName="offsetUV" scrollSpeed="-0.75 0" shaderParameterComponent="1" turnOnFadeTime="2" turnOffFadeTime="5" />
			<uvScrollPart index="0>8|1|2" shaderParameterName="offsetUV" scrollSpeed="-0.75 0" shaderParameterComponent="1" turnOnFadeTime="2" turnOffFadeTime="5" />
			<uvScrollPart index="0>8|1|3" shaderParameterName="offsetUV" scrollSpeed="-0.75 0" shaderParameterComponent="1" turnOnFadeTime="2" turnOffFadeTime="5" />
			<uvScrollPart index="0>8|1|0|2" shaderParameterName="offsetUV" scrollSpeed="-0.75 0" shaderParameterComponent="1" turnOnFadeTime="2" turnOffFadeTime="5" />
        </uvScrollParts>
        <fillEffect>
			<effectNode effectClass="MorphPositionEffect" effectNode="0>8|17" materialType="pickup" materialTypeId="1" delay="0" fadeTime="0.5" scrollLength="1.0" scrollSpeed="-2"/>
		</fillEffect>
        <fillParticleSystems>
			<emitterShape node="0>4|1|9" particleType="PICKUP"         emitCountScale="6" worldSpace="false" />
			<emitterShape node="0>4|1|10" particleType="PICKUP"         emitCountScale="6" worldSpace="false" />
			<emitterShape node="0>4|1|11" particleType="PICKUP"         emitCountScale="6" worldSpace="false" />
			<emitterShape node="0>4|1|12" particleType="PICKUP"         emitCountScale="6" worldSpace="false" />
         
			<emitterShape node="0>8|13" particleType="SMOKE"          emitCountScale="0.25"/>
			<emitterShape node="0>8|14" particleType="SMOKE"          emitCountScale="0.25"/>
		</fillParticleSystems>
    </baler>

	<cylinderedHydraulicSound file="$data/sounds/hydraulicUp.wav"     pitchOffset="1.00" volume="1.00" />

    <animations>
        <!-- move support wheel down/up -->
		<animation name="moveSupport">
            <part node="0>3|0" startTime="0" endTime="0.7" startTrans="0.334 0.837 1.915" endTrans="0.334 0.3 1.915" />
            <part node="0>3|1" startTime="0" endTime="0.7" startRot="0 0 0" endRot="0 300 0" />
			
			<!-- stop blocks -->
            <part node="0>8|7" startTime="0" endTime="0.001" startTrans="0.668 1.053 1.646" endTrans="1.239 0.025 0.39" startRot="0 0 0" endRot="27.527 0 0" />
            <part node="0>8|8" startTime="0" endTime="0.001" startTrans="0.495 1.053 1.646" endTrans="1.239 0.00 -1.35" startRot="0 0 0" endRot="27.527 180 0" />
        </animation>

        <!-- rotate pickup down/up -->
		<animation name="lowerPickup">
			<part node="0>4|0" startTime="0" endTime="1" startRot="-33 0 0" endRot="0 0 0" />
            <part               startTime="0" endTime="0.6" componentJointIndex="0" startRotLimit="0 0 0" endRotLimit="15 0 1"/>
			
			<!-- pickup chains -->
			<part node="0>4|1|13|0" startTime="0" endTime="0.6" startRot="-43 0 0" endRot="0 0 0" />
			<part node="0>4|1|13|1" startTime="0" endTime="0.6" startRot="-43 0 0" endRot="0 0 0" />
        </animation>

        <!-- unload bale -->
		<animation name="unloadBale">
			<!-- bale door -->
            <part node="0>7" startTime="0" endTime="1.5" startRot="0 0 0" endRot="83 0 0" />
			
			<!-- wippe | starts at bale door rot 55.85 -->
            <part node="0>8|3" startTime="1.009" endTime="1.5" startRot="0 0 0" endRot="-30.7 0 0" />
            <part node="0>8|3" startTime="1.5" endTime="1.9" startRot="-30.7 0 0" endRot="-30.7 0 0" />
        </animation>

        <!-- close door -->
		<animation name="closeDoor">
            <!-- bale node -->
            <part node="0>6|0" startTime="0" endTime="0.1" startTrans="0.01 0.707 -2.611" endTrans="0.01 1.521 -0.272" />
			
			
			<!-- bale door -->
            <part node="0>7" startTime="0" endTime="1.5" startRot="83 0 0" endRot="0 0 0" />
			
			<!-- wippe | starts at bale door rot 55.85 -->
            <part node="0>8|3" startTime="0" endTime="0.491" startRot="-30.7 0 0" endRot="0 0 0" />
        </animation>	
		
		<animation name="baleNetDoor">
            <!-- bale node -->
            <part node="0>9|0" startTime="0" endTime="1" startRot="0 0 0" endRot="-60 0 0" />
        </animation>	

		<animation name="baleGuide110">
            <!-- bale node -->
            <part node="0>6|0" startTime="0" endTime="0.3" startTrans="0.01 1.421 -0.272" startRot="0 0 0" endTrans="0.01 1.022 -0.988" endRot="10 0 0"/>
            <part node="0>6|0" startTime="1.009" endTime="1.9" startTrans="0.01 1.022 -0.888" startRot="10 0 0" endTrans="0.01 0.607 -2.611" endRot="-210 0 0"/>
        </animation>
		<animation name="baleGuide130">
            <!-- bale node -->
            <part node="0>6|0" startTime="0" endTime="0.3" startTrans="0.01 1.521 -0.272" startRot="0 0 0" endTrans="0.01 1.122 -0.888" endRot="10 0 0"/>
            <part node="0>6|0" startTime="1.009" endTime="1.9" startTrans="0.01 1.122 -0.888" startRot="10 0 0" endTrans="0.01 0.707 -2.611" endRot="-180 0 0"/>
        </animation>
		<animation name="baleGuide155">
            <!-- bale node -->
            <part node="0>6|0" startTime="0" endTime="0.3" startTrans="0.01 1.671 -0.272" startRot="0 0 0" endTrans="0.01 1.272 -0.888" endRot="10 0 0"/>
            <part node="0>6|0" startTime="1.009" endTime="1.9" startTrans="0.01 1.272 -0.888" startRot="10 0 0" endTrans="0.01 0.857 -2.611" endRot="-130 0 0"/>
        </animation>
		<animation name="baleGuide180">
            <!-- bale node -->
            <part node="0>6|0" startTime="0" endTime="0.3" startTrans="0.01 1.625 -0.564" startRot="0 0 0" endTrans="0.01 1.363 -0.875" endRot="10 0 0"/>
            <part node="0>6|0" startTime="1.009" endTime="1.9" startTrans="0.01 1.363 -0.875" startRot="10 0 0" endTrans="0.01 1.037 -2.595" endRot="-90 0 0"/>
        </animation>
		
		<animation name="baleGrowAnimation">
            <!-- bale node -->
			<part node="0>6|0" startTime="0" endTime="1.0" startTrans="0.01 0.985 0.145" endTrans="0.01 1.625 -0.564" />
			
			<!-- front arm -->
			<part node="0>8|1|0" startTime="0" endTime="1.0" startRot="-19.614 0 0" endRot="43.465 0 0" />
			
			<!-- back arm -->
			<part node="0>7|1|0" startTime="0" endTime="1.0" startRot="90 -73.878 -90" endRot="90 -44.865 -90" />
       </animation>		

	   <animation name="pressureNeedleAnim">
			<!-- pressure needle -->
			<part node="0>8|11" startTime="0.0" endTime="0.35" startRot="0 0 0" endRot="0 0 -191" />
       </animation>	   
	   
	   <animation name="netRoleEmptyAnim">
			<!-- current role -->
			<part node="0>8|12|0" startTime="0" endTime="0.333" startScale="1 1 1" endScale="1 0.35 0.35" />
			<part node="0>8|12|0" startTime="0.333" endTime="0.666" startScale="1 1 1" endScale="1 0.35 0.35" />
			<part node="0>8|12|0" startTime="0.666" endTime="0.999" startScale="1 1 1" endScale="1 0.35 0.35" />
			<part node="0>8|12|0" startTime="0.99999" endTime="1.0" startScale="1 0.35 0.35" endScale="1 0 0" />
			
			<part node="0>9|2" startTime="0.333" endTime="0.334" startScale="1 1 1" endScale="1 0 0" />
			<part node="0>9|1" startTime="0.666" endTime="0.667" startScale="1 1 1" endScale="1 0 0" />
       </animation>
    </animations>

    <movingTools>
		<movingTool index="0>4|0" playSound="false">
			<componentJoint index="0" />
        </movingTool>

		<!-- back door -->
		<movingTool index="0>7">
			 <dependentPart index="0>8|2"/>
			 <dependentPart index="0>8|3|0"/>
        </movingTool>		
		
		<!-- bale seesaw -->
		<movingTool index="0>8|3">
			<dependentPart index="0>8|3|0"/>
			<dependentPart index="0>8|3|1"/>
			<dependentPart index="0>8|3|2"/>
        </movingTool>
		
		<!-- bale chamber arm -->
		<movingTool index="0>8|1|0">
			<dependentPart index="0>7|1|2"/>
			<dependentPart index="0>7|1|3"/>
			<dependentPart index="0>7|1|4"/>
			<dependentPart index="0>7|1|5"/>
			<dependentPart index="0>8|1|2"/>
			<dependentPart index="0>8|1|3"/>
        </movingTool>
    </movingTools>

    <movingParts>
		<!-- pickup main vis -->
        <movingPart index="0>4|1" referencePoint="1>0" referenceFrame="1>" isActiveDirty="true" >
			<dependentPart index="0>4|1|13|0|1"/>
			<dependentPart index="0>4|1|13|1|1"/>
		</movingPart>

		<!-- back door cylinder -->
        <movingPart index="0>8|2" referencePoint="0>7|3" referenceFrame="0>7" >
            <translatingPart index="0>8|2|0" />
        </movingPart>
		
		<!-- seesaw springs -->
		<movingPart index="0>8|3|1" referencePoint="0>8|4" referenceFrame="0>" scaleZ="true" />
		<movingPart index="0>8|3|2" referencePoint="0>8|5" referenceFrame="0>" scaleZ="true" />
		
		<!-- pull rod -->
		<movingPart index="0>8|3|0" limitedAxis="1" referencePoint="0>7|4" referenceFrame="0>" />
		
		<!-- novoGrip door -->
		<movingPart index="0>7|1|2" referencePoint="0>8|1|0|5" referenceFrame="0>8|1|0|5" scaleZ="true"/>
		<movingPart index="0>7|1|3" referencePoint="0>8|1|0|6" referenceFrame="0>8|1|0|6" scaleZ="true"/>
		<movingPart index="0>7|1|4" referencePoint="0>7|1|0|1" referenceFrame="0>7|1|0|1" scaleZ="true"/>
		<movingPart index="0>7|1|5" referencePoint="0>7|1|0|2" referenceFrame="0>7|1|0|2" scaleZ="true"/>
		
		<!-- novoGrip front -->
		<movingPart index="0>8|1|2" referencePoint="0>8|1|0|3" referenceFrame="0>8|1|0|3" scaleZ="true"/>
		<movingPart index="0>8|1|3" referencePoint="0>8|1|0|4" referenceFrame="0>" scaleZ="true"/>
		
		<!-- pickup chains -->
		<movingPart index="0>4|1|13|0|1" referencePoint="0>8|15" referenceFrame="0>8|15" scaleZ="true" />
		<movingPart index="0>4|1|13|1|1" referencePoint="0>8|16" referenceFrame="0>8|16" scaleZ="true" />
    </movingParts>

    <turnedOnRotationNodes>
        <turnedOnRotationNode index="0>8|0|0" type="baler" rotSpeed="600" rotAxis="1" turnOnFadeTime="2" turnOffFadeTime="5" />
        <turnedOnRotationNode index="0>8|0|1" type="baler" rotSpeed="-600" rotAxis="1" turnOnFadeTime="2" turnOffFadeTime="5" />
        <turnedOnRotationNode index="0>8|0|2" type="baler" rotSpeed="-600" rotAxis="1" turnOnFadeTime="2" turnOffFadeTime="5" />
        <turnedOnRotationNode index="0>8|0|3" type="baler" rotSpeed="-600" rotAxis="1" turnOnFadeTime="2" turnOffFadeTime="5" />
        <turnedOnRotationNode index="0>8|0|4" type="baler" rotSpeed="-600" rotAxis="1" turnOnFadeTime="2" turnOffFadeTime="5" />
		<turnedOnRotationNode index="0>8|0|5" type="baler" rotSpeed="-600" rotAxis="1" turnOnFadeTime="2" turnOffFadeTime="5" />
        <turnedOnRotationNode index="0>8|0|6" type="baler" rotSpeed="-600" rotAxis="1" turnOnFadeTime="2" turnOffFadeTime="5" />
        <turnedOnRotationNode index="0>8|0|7" type="netRole" rotSpeed="-600" rotAxis="1" turnOnFadeTime="2" turnOffFadeTime="5" />
        <turnedOnRotationNode index="0>8|0|8" type="baler" rotSpeed="-600" rotAxis="1" turnOnFadeTime="2" turnOffFadeTime="5" />
        <turnedOnRotationNode index="0>8|0|9" type="baler" rotSpeed="-600" rotAxis="1" turnOnFadeTime="2" turnOffFadeTime="5" />
        <turnedOnRotationNode index="0>8|1|0|0" type="baler" rotSpeed="600" rotAxis="1" turnOnFadeTime="2" turnOffFadeTime="5" />
        <turnedOnRotationNode index="0>8|1|0|1" type="baler" rotSpeed="-600" rotAxis="1" turnOnFadeTime="2" turnOffFadeTime="5" />
		
        <turnedOnRotationNode index="0>6|0|0" type="baler_dummyBale" rotSpeed="-600" rotAxis="2" turnOnFadeTime="2" turnOffFadeTime="5" />

		<!-- back door -->
        <turnedOnRotationNode index="0>7|2|0" type="baler" rotSpeed="600" rotAxis="1" turnOnFadeTime="2" turnOffFadeTime="5" />
        <turnedOnRotationNode index="0>7|2|1" type="baler" rotSpeed="600" rotAxis="1" turnOnFadeTime="2" turnOffFadeTime="5" />
        <turnedOnRotationNode index="0>7|2|2" type="baler" rotSpeed="600" rotAxis="1" turnOnFadeTime="2" turnOffFadeTime="5" />
        <turnedOnRotationNode index="0>7|2|3" type="baler" rotSpeed="-600" rotAxis="1" turnOnFadeTime="2" turnOffFadeTime="5" />
        <turnedOnRotationNode index="0>7|1|0|0" type="baler" rotSpeed="600" rotAxis="1" turnOnFadeTime="2" turnOffFadeTime="5" />
        
		<!-- pickup -->
		<turnedOnRotationNode index="0>4|1|3" type="baler" rotSpeed="-600" rotAxis="1" turnOnFadeTime="2" turnOffFadeTime="5" />
		<turnedOnRotationNode index="0>4|1|0" type="baler" rotSpeed="-600" rotAxis="1" turnOnFadeTime="2" turnOffFadeTime="5" />
		<turnedOnRotationNode index="0>4|1|1" type="baler" rotSpeed="-600" rotAxis="1" turnOnFadeTime="2" turnOffFadeTime="5" />
    </turnedOnRotationNodes>

    <speedRotatingParts>
        <speedRotatingPart index="0>4|1|5" wheelIndex="4"/>
        <speedRotatingPart index="0>4|1|6" wheelIndex="5"/>
		<speedRotatingPart index="0>4|1|2" radius="0.19"  turnOnFadeTime="1" turnOffFadeTime="2" onlyActiveWhenLowered="true" rotateOnlyIfFillLevelIncreased="true" />
	</speedRotatingParts>

    <support animationName="moveSupport" />

	<pickupAnimation name="lowerPickup" lowerSpeed="1.8" liftSpeed="-1.2" />

    <allowFillFromAir value="false" />
    <allowTipDischarge value="false" />
	<fillRootNode index="0>" /> 
	<fillLitersPerSecond>100000</fillLitersPerSecond>

    <washable dirtDuration="90" washDuration="1" workMultiplier="4" />

    <tipOcclusionAreas>
        <tipOcclusionArea start="0>10|0" width="0>10|1" height="0>10|2" />
    </tipOcclusionAreas>
	
    <components count="2">
        <component1 centerOfMass="0 1.1 0" solverIterationCount="10" mrSetMass="3.2" />
		<component2 centerOfMass="0 0 0" solverIterationCount="10" mrSetMass="0.2" />
        <joint component1="0" component2="1" index="0>4|0" rotLimit="0 0 0" transLimit="0 0 0" rotLimitSpring="50 0 0" />
    </components>

    <schemaOverlay file="$dataS2/menu/schemas/implementSchema.png" fileSelected="$dataS2/menu/schemas/implementSchemaSelected.png" fileTurnedOn="$dataS2/menu/schemas/implementSchemaTurnedOn.png" fileSelectedTurnedOn="$dataS2/menu/schemas/implementSchemaSelectedTurnedOn.png" width="0.5" height="0.5" attacherJointPosition="0 0"/>
</vehicle>