﻿<?xml version="1.0" encoding="utf-8" standalone="no" ?>
<vehicle type="premosBaleShredder">
    <annotation>Copyright (C) Creative Mesh UG (haftungsbeschraenkt)</annotation>
	
	<!--MR
	
		baleMoveSpeed
		scrollSpeed
		forceAcceleration
		
	-->

    <storeData>
        <name>$l10n_name_conceptBaleShredder</name>
        <functions>
            <function>$l10n_function_baleShredder</function>
        </functions>
		<specs>
            <combination>Premos 5000</combination>
        </specs>
        <rotation>0</rotation>
        <image>icons/store_baleshredder.png</image>
        <price>19950</price>
        <dailyUpkeep>0</dailyUpkeep>
        <lifetime>600</lifetime>
        <brand>KRONE</brand>
        <category>baling</category>
    </storeData>

    <typeDesc>$l10n_typeDesc_baleShredder</typeDesc>
    <filename>premosBaleShredder/premosBaleShredder.i3d</filename>

    <size width="1.5" length="1.5" />

    <inputAttacherJoints>
        <inputAttacherJoint index="0>0" hardAttach="true" jointType="attachableBaleShredder" />
    </inputAttacherJoints>
	
	<foldingParts startMoveDirection="1" >
        <foldingPart animationName="unfold" speedScale="1.0" />
    </foldingParts>
	
	<support animationName="moveSupport" />
	
	<animations>
        <!-- move support wheel down/up -->
        <animation name="unfold">
            <part node="0>1|0" startTime="1" endTime="4" startRot="0 0 90" endRot="0 0 0" />
            <part node="0>1|0|0" startTime="1" endTime="4" startRot="0 0 -180" endRot="0 0 0" />
            <part node="0>1|0|0|1" startTime="0" endTime="1" startRot="0 0 -90" endRot="0 0 0" />
			
            <part node="0>1|0|0|4" startTime="1" endTime="2" startRot="0 0 -140" endRot="0 0 0" />
		</animation>
		
		<!-- moves the attacherJoint -->
		<animation name="moveSupport">
            <part node="0>1" startTime="0" endTime="0.001" startTrans="1.311 1.021 0" endTrans="0 0 0" />
		</animation>
	</animations>
	
	<baleShredder deactivateCollisionNodeIndex="0>">
		<baleMoving baleTriggerIndex="0>1|4" forceAcceleration="100" animRootNode="0>1|5" scaleNode="0>1|5|0" baleMoveSpeed="0.016" accuracyToTarget="0.1" />
		<particles>
			 <emitterShape node="0>1|7" delay="0" emitCountScale="30" lifespan="0.8" particleType="PICKUP_FALLING" worldSpace="false" />
		</particles>
		<acceptedBales fillTypes="straw dryGrass_windrow">
			<squareBales minLength="2.2" maxLength="2.4" minHeight="0.8" maxHeight="0.9" minWidth="1.2" maxWidth="1.2"/>
			<roundBales minWidth="1.12" maxWidth="1.2" minDiameter="1.1" maxDiameter="1.3"/>		
		</acceptedBales>
		<meshNodes>
			<meshNode index="0>1|1"/>		
			<meshNode index="0>1|0"/>		
			<meshNode index="0>1|0|0"/>		
			<meshNode index="0>1|0|0|1"/>		
		</meshNodes>
		<attachObjectChanges>
			<objectChange node="0>1|3" visibilityActive="false" visibilityInactive="true"/>
			<objectChange node="0>1|1|3" visibilityActive="true" visibilityInactive="false"/>
			<objectChange node="0>1|1|4" visibilityActive="false" visibilityInactive="true"/>
		</attachObjectChanges>
	</baleShredder>
	
	<baleShredderRotationNodes>
        <baleShredderRotationNode index="0>1|1|0" type="baleShredder" rotSpeed="600" rotAxis="3" turnOnFadeTime="2" turnOffFadeTime="5" />
        <baleShredderRotationNode index="0>1|1|1" type="baleShredder" rotSpeed="600" rotAxis="3" turnOnFadeTime="2" turnOffFadeTime="5" />
        <baleShredderRotationNode index="0>1|1|2" type="baleShredder" rotSpeed="600" rotAxis="3" turnOnFadeTime="2" turnOffFadeTime="5" />
    </baleShredderRotationNodes>
	
	<baleShredderScrollers>
        <baleShredderScroller index="0>1|0|2" scrollSpeed="0.016" scrollLength="4.5" shaderParameterName="offsetUV" shaderParameterComponent="1" toggleVisibility="false" turnOnFadeTime="0.25" turnOffFadeTime="1"/>
        <baleShredderScroller index="0>1|0|0|3" scrollSpeed="0.016" scrollLength="4.5" shaderParameterName="offsetUV" shaderParameterComponent="1" toggleVisibility="false" turnOnFadeTime="0.25" turnOffFadeTime="1"/>
	</baleShredderScrollers>
	
	<movingTools>
		<movingTool index="0>1|0" >
            <dependentPart index="0>1|0|1" />
        </movingTool>
    </movingTools>
	
	 <movingParts>
        <!-- folding hinge limitedAxis="1"-->
		<movingPart index="0>1|0|1" localReferencePoint="0>1|0|1|0" referencePoint="0>1|0|0|2" referenceFrame="0>">
			<dependentPart index="0>1|0|1|0" />
			<dependentPart index="0>1|2" />
        </movingPart>
        <movingPart index="0>1|0|1|0" referencePoint="0>1|0|0|2" referenceFrame="0>" limitedAxis="1" />
        <movingPart index="0>1|2" referencePoint="0>1|0|1|1" referenceFrame="0>1|0|1|1" limitedAxis="3" />
	</movingParts>

	<!-- MR : fix = put the sound into the Premos xml instead of here -->
    <!-- <attachSound file="$data/sounds/header_attach.wav" pitchOffset="1.50" volume="1.00" indoorVolumeFactor="0.35" indoorLowpassGain="0.75" /> -->
	

    <washable dirtDuration="50" washDuration="1" workMultiplier="4" />

    <components count="1">
        <component1 centerOfMass="0 0.6 0" solverIterationCount="10" />
    </components>

    <schemaOverlay file="$dataS2/menu/schemas/implementSchema.png" fileSelected="$dataS2/menu/schemas/implementSchemaSelected.png" width="0.5" height="0.5" attacherJointPosition="0 0" />
</vehicle>