﻿<?xml version="1.0" encoding="utf-8" standalone="no" ?>
<vehicle type="kronePremos5000">
    <annotation>Copyright (C) Creative Mesh UG (haftungsbeschränkt), All Rights Reserved.</annotation>
	
	<!-- MR
	
		tank = 9M3
		13T empty for the single axle model, 16T for the lastest model (dual axle)
		this is still a "prototype"
		
		IRL : max 5T per hour (one hour to fully fill one tank with a 400Hp tractor in front of the Premos)
		In game : no limit (limited by the tractor power => about 6-7T per hour with a 350Hp tractor)
		
		dual axle version => 16000kgs empty weight, 500L water tank, 300L auxiliary tank1, 100L auxiliary tank2
		single-axle version => 13000kgs empty weight, 900L water tank, 300L auxiliary tank1, 100L auxiliary tank2
		
		fillUnit
		fillLitersPerSecond
		speedLimit
		
		overloading capacity
		
		MR density = 0.095 for straw and 0.125 for dryGrass and 0.62 for strawpellets and 0.65 for hayPellets
		=> pellets fillTypeConversion factor = 0.15 for straw and 0.19 for dryGrass
		
		wheels
		mass and center of masses
		rotSpring to componentjoint and pickup animation
		
		brakeForce
		
		mrCOMtransWithMass
		
		inputAttacherJoint
		
		fix missing attaching sound
		
		
		<mrDebug>
		<drawPoint centerOfMass="0>" />
		<drawPoint centerOfMass="1>" />
		<drawPoint centerOfMass="2>" />
	</mrDebug>
	
	
		problem = particle effect not good when working at less than 6kph (Pelletizer.lua, hardcoded "activeWaitTime")
		
	-->
	
	
	
	<moreRealistic needEngineRunningForTorque="true">				
		<fillingDependantTool ptoKwConsumedPerTonPerHour="25" fillUnitIndex="1" />  <!-- 5T per Hour = 125KW + mrNoLoadPtoPower = 195KW = 265 PTO HP !!! -->
		<dragArea value="7.8" />	
	</moreRealistic>
	
	<!-- MR : fix the missing attaching sound -->
	<attachSound file="$data/sounds/header_attach.wav" pitchOffset="1.50" volume="1.00" indoorVolumeFactor="0.35" indoorLowpassGain="0.75" />
	

    <storeData>
        <name>Premos 5000</name>
        <specs>
            <neededPower>350</neededPower> <!-- advertized required HP -->
        </specs>
        <functions>
            <function>$l10n_function_pelletizer</function>
        </functions>
        <image>icons/store_premos5000.dds</image>
        <price>280000</price>
        <dailyUpkeep>145</dailyUpkeep>
        <lifetime>600</lifetime>
        <rotation>0</rotation>
        <brand>KRONE</brand>
        <category>baling</category>
    </storeData>

    <typeDesc>$l10n_typeDesc_pelletizer</typeDesc>
    <filename>premos5000/premos5000.i3d</filename>

    <size width="3.2" length="8" lengthOffset="0.6" />
    <speedLimit value="6" /> <!-- even if "eating" a windrow from a smaller combine = 4m wide, 6kph = about 12T per hour (when there are 5T of straw per hectare) -->
    <powerConsumer ptoRpm="540" neededPtoPower="70" />

    <wheelConfigurations>
        <wheelConfiguration name="$l10n_configuration_valueDefault" price="0">
            <wheels>
                <wheel tipOcclusionAreaGroupId="2" restLoad="2.1" repr="0>0|0" filename="shared/wheels/V800_45_R_26_5.xml" isLeft="true" initialCompression="0" suspTravel="0.2" spring="120" damper="20" hasTireTracks="true" hasParticles="true" mrPressureFx="1.5" />
                <wheel tipOcclusionAreaGroupId="2" restLoad="2.1" repr="0>0|1" filename="shared/wheels/V800_45_R_26_5.xml" isLeft="false" initialCompression="0" suspTravel="0.2" spring="120" damper="20" hasTireTracks="true" hasParticles="true" mrPressureFx="1.5" />

				<!-- pickup physical -->
				<wheel rotMin="-30" rotMax="8" tipOcclusionAreaGroupId="3" repr="1>0"       driveNode="1>0|0" radius="0.2" mass="0.01" suspTravel="0.03" spring="50" damper="5" brakeFactor="0" versatileYRot="true" />
				<wheel rotMin="-8" rotMax="30" tipOcclusionAreaGroupId="3" repr="1>1"       driveNode="1>1|0" radius="0.2" mass="0.01" suspTravel="0.03" spring="50" damper="5" brakeFactor="0" versatileYRot="true" />
				
				
				<!--  roller physical -->
				<wheel repr="2>0" useReprDirection="true" restLoad="1.9" brakeFactor="0" forcePointRatio="0.3" radius="0.33" initialCompression="60" mass="0.1" suspTravel="0.1" spring="40" damper="5" />
				<wheel repr="2>1" useReprDirection="true" restLoad="1.9" brakeFactor="0" forcePointRatio="0.3" radius="0.33" initialCompression="60" mass="0.1" suspTravel="0.1" spring="40" damper="5" />
			</wheels>
        </wheelConfiguration>
    </wheelConfigurations>
	
	<dynamicallyLoadedWheels>
        <dynamicallyLoadedWheel linkNode="0>3|0|3|0|0" filename="shared/wheels/pickupWheels.xml" isLeft="true"/>
        <dynamicallyLoadedWheel linkNode="0>3|0|3|1|0" filename="shared/wheels/pickupWheels.xml" isLeft="false"/>
    </dynamicallyLoadedWheels>

    <brakeForce>2.5</brakeForce>

	<lights>
        <low>
			<!-- bunker filling lights -->
            <light decoration="0>10|0|5|1|0"   lightTypes="1" />
            <light realLight="0>10|0|5|1|1" decoration="0>10|0|5|1|3" lightTypes="1" />
            <light realLight="0>10|0|5|1|2" decoration="0>10|0|5|1|4" lightTypes="1" />
        </low>
        <high>
			<!-- bunker filling lights -->
            <light decoration="0>10|0|5|1|0"   lightTypes="1" />
            <light realLight="0>10|0|5|1|1" decoration="0>10|0|5|1|3" lightTypes="1" />
            <light realLight="0>10|0|5|1|2" decoration="0>10|0|5|1|4" lightTypes="1" />
			
			<!-- back lights -->
            <light realLight="0>11|0|1|1" decoration="0>11|0|1|0" lightTypes="0" />
			
			<!-- small white lights -->
            <light decoration="0>11|0|0|0" lightTypes="0" />
        </high>
    </lights>

    <brakeLights>
		<brakeLight realLight="0>11|0|2|1" decoration="0>11|0|2|0" />
    </brakeLights>

    <turnLights>
		<turnLightLeft  realLight="0>11|0|3|0|1" decoration="0>11|0|3|0|0" />
        <turnLightRight realLight="0>11|0|3|1|1" decoration="0>11|0|3|1|0" />
    </turnLights>

    <inputAttacherJoints>
        <inputAttacherJoint index="0>1" jointType="trailerLow" attacherHeight="0.5" ptoInputNode="0>4|1|5" lowerRotLimitScale="1 0.88 1" />
    </inputAttacherJoints>
	
	<attacherJoints>
		<attacherJoint index="0>1|0" jointType="attachableBaleShredder" upperRotation="0 0 0" lowerRotation="0 0 0" lowerTransLimit="0 0 0" lowerRotLimit="0 0 0" moveTime="2" >
			<schema position="0.5 -0.2" rotation="0" invertX="false" />
		</attacherJoint>
    </attacherJoints>

	<fillUnits>
        <fillUnit unit="$l10n_unit_literShort" fillTypes="strawPellets hayPellets" capacity="9000" showOnHud="true" />
        <fillUnit unit="$l10n_unit_literShort" fillTypes="water" capacity="900" showOnHud="false" showInShop="false" />
        <fillUnit unit="$l10n_unit_literShort" fillTypes="molasses" capacity="400" showOnHud="false" showInShop="false" />
    </fillUnits>
	
	<allowFillFromAir value="true" />
	<fillRootNode index="0>" /> 
	<fillLitersPerSecond>50</fillLitersPerSecond>
	
	<fillMassNode index="0>" mrCOMtransWithMass="0 0.04 -0.07" />
    <allowTipDischarge value="false" />

	<fillVolumes>
        <volumes>
            <volume index="0>8|0" /> <!-- allSidePlanes="true" maxAllowedHeapAngle="60" maxSubDivEdgeLength="0.3" -->
        </volumes>
		
		 <loadInfos> 
            <loadInfo>
                <node index="0>8|2" width="0.01" length="0.01"/>
            </loadInfo>
        </loadInfos>
		
		<unloadInfos>
            <unloadInfo>
                <node index="0>8|1" width="0.4" length="0.1" />
            </unloadInfo>
        </unloadInfos>
		
		<dischargeInfos>
            <dischargeInfo>
                <node index="0>7|0|0" width="0.1" length="0.1" />
            </dischargeInfo>
        </dischargeInfos>
    </fillVolumes>

    <workAreas>
        <workArea startIndex="0>9|0" widthIndex="0>9|1" heightIndex="0>9|2" type="pelletizer" />
    </workAreas>
	
    <groundReferenceNodes>
        <groundReferenceNode index="0>3|0|1|2" threshold="0.4" />
    </groundReferenceNodes>
	
	<refillWaterConfigurations>
        <refillWaterConfiguration manualRefill="true" name="$l10n_config_manually" price="0"/>
        <refillWaterConfiguration manualRefill="false" name="$l10n_config_auto" price="5000"/>
    </refillWaterConfigurations>

	<refillMolassesConfigurations>
        <refillMolassesConfiguration manualRefill="true" name="$l10n_config_manually" price="0"/>
        <refillMolassesConfiguration manualRefill="false" name="$l10n_config_auto" price="5000"/>
    </refillMolassesConfigurations>
	
	<turnOnVehicle>
		<turnedOnSound file="$data/sounds/grimmeBM300.wav"      pitchOffset="1.00" volume="5" indoorVolumeFactor="0.50" indoorLowpassGain="0.75" />
	</turnOnVehicle>
	
	<pelletizer bunkerFillUnitIndex="1" waterFillUnitIndex="2" molassesFillUnitIndex="3" fillAnimationName="bunkerFillAnimation">
		<fillTypeConversion>	<!-- 3 liter straw/hay per 1 liter of pellets -->
			<conversion pickupFillType="straw" bunkerFillType="strawPellets" scale="0.15" waterUsagePerLiter="0.01" molassesUsagePerLiter="0.0033" />
			<conversion pickupFillType="dryGrass_windrow" bunkerFillType="hayPellets" scale="0.19" waterUsagePerLiter="0.01" molassesUsagePerLiter="0.0033"  />
		</fillTypeConversion>
		<stationaryWork>
			<objectChange node="0>13|1|0" visibilityActive="true" visibilityInactive="false"/>
		</stationaryWork>
		<baleShredderObjectChanges>
			<objectChange node="0>13|0" visibilityActive="false" visibilityInactive="true"/>
			<objectChange node="0>13|1" visibilityActive="true" visibilityInactive="false"/>
			<objectChange node="0>11|0|0|0|5" visibilityActive="false" visibilityInactive="true"/>		
		</baleShredderObjectChanges>
	</pelletizer>
	
	<overloading capacity="250" fillUnitIndex="1" stopOverloadIfEmpty="false" delay="3">	
        <trailerTriggers>
            <trailerTrigger index="0>7|1" />
        </trailerTriggers>
    </overloading>

	<pipe effectExtraDistance="0" numStates="2" unloadingStates="2" raycastNodeIndex="0>7|0|0" animName="conveyorAnimation" raycastDistance="6" animSpeedScale="1" foldMinLimit="0" foldMaxLimit="1"/>

    <cylinderedHydraulicSound file="$data/sounds/hydraulicUp.wav" pitchOffset="1.00" volume="1.00" />
    <fillSound file="sounds/pelletsRipple.wav" pitchOffset="1.0" volume="5.0" indoorVolumeFactor="0.45" volume3D="5.0" innerRadius="15" radius="40" linkNode="0>10|0|10"/>
						
	<speedRotatingParts>
        <speedRotatingPart index="0>3|0|1|1" wheelIndex="4" radius="0.35" />
		<speedRotatingPart index="0>3|0|3|0|0" wheelIndex="2" />
        <speedRotatingPart index="0>3|0|3|1|0" wheelIndex="3" />
	</speedRotatingParts>

    <animations>
        <!-- move support wheel down/up -->
        <animation name="moveSupport">
            <part node="0>2" startTime="0" duration="0.15" startRot="17.895 0 0" endRot="-83 0 0" />
            <part node="0>2|0" startTime="0.15" duration="0.30" startTrans="0 0 -0.441" endTrans="0 -0.03 -0.634" />
			
			<!-- handbrake -->
			<part node="0>4|1|3" startTime="0" duration="0.3" startRot="0 0 0" endRot="0 0 900" />
			<part node="0>4|1|2" startTime="0" duration="0.3" startTrans="0.250 0.955 -2.793" endTrans="0.250 0.955 -2.726" />

			<!-- stop blocks -->
			<part node="0>4|1|6" startTime="0" duration="0.01" startTrans="-0.235 1.609 -2.864" endTrans="1.109 0.07 -1.483" startRot="0 0 0" endRot="-90 0 90"/>
			<part node="0>4|1|7" startTime="0" duration="0.01" startTrans="-0.235 1.608 -2.601" endTrans="1.109 0.07 -0.004" startRot="0 0 0" endRot="90 0 90"/>
		</animation>

        <animation name="rotatePickup">
			<!-- pickup -->
            <part node="0>3|1" startTime="0" endTime="1" startRot="-30 0 0" endRot="0 0 0" />
            <part startTime="0" endTime="1" componentJointIndex="0" startRotLimit="0 0 0" endRotLimit="30 0 0"/>
            
			<!-- roller -->
			<part2 node="0>3|0|2" startTime="0" endTime="1" startRot="20 0 0" endRot="0 0 0" />
			<part2 startTime="0" endTime="1" componentJointIndex="1" startRotLimit="0 0 0" endRotLimit="15 0 2"/> <!-- 2 Grad seitlich um aushebeln zu verhindern. -->
			<!-- roller fix, since movingTools does not update while initializing -->
			<part node="0>3|0" startTime="0" endTime="0.00001" startRot="-30 0 0" endRot="-30 0 0" />
		</animation>
		
		<!-- unloading conveyor -->
        <animation name="conveyorAnimation">
            <part node="0>7|0" startTime="0" endTime="2" startRot="0 0 0" endRot="0 0 -115" />
			<part node="0>7|7" startTime="0" endTime="2" startRot="0 0 0" endRot="0 0 -70" />
		</animation>  

		<!-- brake -->
		<animation name="brakeGearAnimation">
            <part node="0>4|1|0" startTime="0" endTime="0.1" startRot="-20 0 0" endRot="0 0 0" />
            <part node="0>4|1|0|1" startTime="0" endTime="0.1" startRot="20 0 0" endRot="-15 0 0" />
            <part node="0>4|1|8" startTime="0" endTime="0.1" startRot="0 0 0" endRot="15 0 0" />
		</animation>
		
		<animation name="bunkerFillAnimation">
			<part node="0>10|0" startTime="0.4" endTime="0.9" startRot="-15 0 0" endRot="20 0 0" />
		</animation>
    </animations>
	
	<animatedBrake gearAnimName="brakeGearAnimation" gearAnimNameSpeed="1"/>
	
	<movingTools>
		<movingTool index="0>3|1">
			<componentJoint index="0" />
			<componentJoint index="1" />
			<dependentPart index="0>3|0" />
        </movingTool>
		
		<movingTool index="0>3|0|2">
			<componentJoint index="1" />
			<dependentPart index="0>3|0|1" />
        </movingTool>
		
		<movingTool index="0>4|1|0">
			<dependentPart index="0>4|1|0|0" />
        </movingTool>
		
		<movingTool index="0>7|0">
			<dependentPart index="0>10|3" />
			<dependentPart index="0>7|2" />
        </movingTool>
    </movingTools>

    <movingParts>
        <!-- pickup -->
        <movingPart index="0>3|0" referencePoint="1>2" referenceFrame="1>2" isActiveDirty="true" >
            <dependentPart index="0>3|0|3|0" />
            <dependentPart index="0>3|0|3|1" />
        </movingPart> 
		
		<movingPart index="0>3|0|3|0" referenceFrame="1>0" limitedAxis="2" />
        <movingPart index="0>3|0|3|1" referenceFrame="1>1" limitedAxis="2" />
		
		<!-- roller -->
		<movingPart index="0>3|0|1" referencePoint="2>2" referenceFrame="2>2" isActiveDirty="true" />
		
		<movingPart index="0>7|2" referencePoint="0>7|0|3" referenceFrame="0>">
            <translatingPart index="0>7|2|0" />
        </movingPart>	
	
		<!-- brake zylinders -->
		<movingPart index="0>4|1|0|0" referencePoint="0>4|1|4" referenceFrame="0>"/>
		
		<!-- bunker filling cylinder -->
		<movingPart index="0>10|3" referencePoint="0>10|0|0" referenceFrame="0>">
            <translatingPart index="0>10|3|0" />
        </movingPart>
    </movingParts>

	<pelletizerRotationNodes>
        <pelletizerRotationNode index="0>4|0|0" type="pelletizer" rotSpeed="-2000" rotAxis="1" turnOnFadeTime="2" turnOffFadeTime="5" />
        <pelletizerRotationNode index="0>4|0|1" type="pelletizer" rotSpeed="700" rotAxis="1" turnOnFadeTime="2" turnOffFadeTime="5" />
        <pelletizerRotationNode index="0>4|0|2" type="pelletizer" rotSpeed="700" rotAxis="1" turnOnFadeTime="2" turnOffFadeTime="5" />
        <pelletizerRotationNode index="0>4|0|3" type="pelletizerPickup" rotSpeed="-1200" rotAxis="1" turnOnFadeTime="2" turnOffFadeTime="5" />
        <pelletizerRotationNode index="0>4|0|4" type="pelletizer" rotSpeed="-150" rotAxis="1" turnOnFadeTime="2" turnOffFadeTime="5" />
        <pelletizerRotationNode index="0>4|0|5" type="pelletizer" rotSpeed="150" rotAxis="1" turnOnFadeTime="2" turnOffFadeTime="5" />
        <pelletizerRotationNode index="0>4|0|6" type="pelletizer" rotSpeed="-280" rotAxis="1" turnOnFadeTime="2" turnOffFadeTime="5" />
        <pelletizerRotationNode index="0>4|0|7" type="pelletizer" rotSpeed="1000" rotAxis="1" turnOnFadeTime="2" turnOffFadeTime="5" />
        <pelletizerRotationNode index="0>4|0|8" type="pelletizer" rotSpeed="1200" rotAxis="1" turnOnFadeTime="2" turnOffFadeTime="5" />
        <pelletizerRotationNode index="0>4|0|9" type="pelletizer" rotSpeed="-1000" rotAxis="1" turnOnFadeTime="2" turnOffFadeTime="5" />
        <pelletizerRotationNode index="0>4|0|10" type="pelletizer" rotSpeed="1500" rotAxis="1" turnOnFadeTime="2" turnOffFadeTime="5" />
        <pelletizerRotationNode index="0>4|0|11" type="pelletizer" rotSpeed="-1000" rotAxis="1" turnOnFadeTime="2" turnOffFadeTime="5" />
        <pelletizerRotationNode index="0>4|0|12" type="pelletizer" rotSpeed="-1000" rotAxis="1" turnOnFadeTime="2" turnOffFadeTime="5" />
        <pelletizerRotationNode index="0>4|0|13" type="pelletizer" rotSpeed="-1000" rotAxis="1" turnOnFadeTime="2" turnOffFadeTime="5" />
        <pelletizerRotationNode index="0>4|0|14" type="pelletizer" rotSpeed="-750" rotAxis="1" turnOnFadeTime="2" turnOffFadeTime="5" />
        <pelletizerRotationNode index="0>4|0|15" type="pelletizer" rotSpeed="-1000" rotAxis="1" turnOnFadeTime="2" turnOffFadeTime="5" />
        <pelletizerRotationNode index="0>4|0|16" type="pelletizer" rotSpeed="1000" rotAxis="1" turnOnFadeTime="2" turnOffFadeTime="5" />
        <pelletizerRotationNode index="0>4|0|17" type="pelletizer" rotSpeed="1000" rotAxis="1" turnOnFadeTime="2" turnOffFadeTime="5" />
        <pelletizerRotationNode index="0>4|0|18" type="pelletizer" rotSpeed="-1000" rotAxis="1" turnOnFadeTime="2" turnOffFadeTime="5" />
       
		<pelletizerRotationNode index="0>3|0|0|0" type="pelletizerPickup" rotSpeed="-1000" rotAxis="1" turnOnFadeTime="2" turnOffFadeTime="5" />
		
		<!-- bunker fill band rollers -->
		<pelletizerRotationNode index="0>10|0|4" type="pelletizer" rotSpeed="1000" rotAxis="1" turnOnFadeTime="2" turnOffFadeTime="5" />
		<pelletizerRotationNode index="0>10|4" type="pelletizer" rotSpeed="1000" rotAxis="1" turnOnFadeTime="2" turnOffFadeTime="5" />
		<pelletizerRotationNode index="0>10|5" type="pelletizer" rotSpeed="1000" rotAxis="1" turnOnFadeTime="2" turnOffFadeTime="5" />
	
		<pelletizerRotationNode index="0>4|0|19" type="pelletizerUnload" rotSpeed="500" rotAxis="3" turnOnFadeTime="2" turnOffFadeTime="5" />
		<pelletizerRotationNode index="0>4|0|20" type="pelletizerUnload" rotSpeed="-500" rotAxis="3" turnOnFadeTime="2" turnOffFadeTime="5" />
		<pelletizerRotationNode index="0>7|0|5" type="pelletizerUnload" rotSpeed="500" rotAxis="3" turnOnFadeTime="2" turnOffFadeTime="5" />
		
		<!-- straw band rollers -->
		<pelletizerRotationNode index="0>4|0|21" type="pelletizer" rotSpeed="-500" rotAxis="1" turnOnFadeTime="2" turnOffFadeTime="5" />
		<pelletizerRotationNode index="0>4|0|22" type="pelletizer" rotSpeed="-500" rotAxis="1" turnOnFadeTime="2" turnOffFadeTime="5" />
		<pelletizerRotationNode index="0>4|0|23" type="pelletizer" rotSpeed="-500" rotAxis="1" turnOnFadeTime="2" turnOffFadeTime="5" />
		<pelletizerRotationNode index="0>4|0|24" type="pelletizer" rotSpeed="-500" rotAxis="1" turnOnFadeTime="2" turnOffFadeTime="5" />
	</pelletizerRotationNodes>
    
    <support animationName="moveSupport" />
	<pickupAnimation name="rotatePickup" lowerSpeed="1.0" liftSpeed="-0.65" isDefaultLowered="false" />

	<pelletizerScrollers>
        <pelletizerScroller index="0>6|0" scrollSpeed="0.15" scrollLength="1" shaderParameterName="offsetUV" shaderParameterComponent="2" toggleVisibility="false" turnOnFadeTime="2" turnOffFadeTime="5"/>
        <pelletizerScroller index="0>6|1" scrollSpeed="0.5" scrollLength="1" shaderParameterName="offsetUV" shaderParameterComponent="2" toggleVisibility="false" turnOnFadeTime="2" turnOffFadeTime="5"/>
        <pelletizerScroller index="0>6|2" scrollSpeed="0.1" scrollLength="1" shaderParameterName="offsetUV" shaderParameterComponent="2" toggleVisibility="false" turnOnFadeTime="2" turnOffFadeTime="5"/>
        <pelletizerScroller index="0>6|3" scrollSpeed="0.1" scrollLength="1" shaderParameterName="offsetUV" shaderParameterComponent="2" toggleVisibility="false" turnOnFadeTime="1" turnOffFadeTime="1"/>
        <pelletizerScroller index="0>6|4" scrollSpeed="0.1" scrollLength="1" shaderParameterName="offsetUV" shaderParameterComponent="2" toggleVisibility="false" turnOnFadeTime="2" turnOffFadeTime="5"/>
        <unloadPelletizerScroller index="0>6|5" scrollSpeed="0.25" scrollLength="1" shaderParameterName="offsetUV" shaderParameterComponent="2" toggleVisibility="false" turnOnFadeTime="0.5" turnOffFadeTime="5"/>
        <pelletizerScroller index="0>6|6" scrollSpeed="-0.20" scrollLength="1" shaderParameterName="offsetUV" shaderParameterComponent="2" toggleVisibility="false" turnOnFadeTime="2" turnOffFadeTime="5"/>
    </pelletizerScrollers>
	
	<pelletizerEffects> <!-- bunker conveyor -->
		<effectNode effectClass="MorphPositionEffect" effectNode="0>10|1"     materialType="rarelycoveredbelt"  delay="3.4" fadeTime="2" scrollLength="7" scrollSpeed="1.7" />
	</pelletizerEffects>
	
	<pelletizerPickupEffects>
		<effectNode effectClass="MorphPositionEffect" effectNode="0>3|0|0|3" materialType="pickup" materialTypeId="1" delay="0" fadeTime="0.375" scrollLength="1" scrollSpeed="1.5"/>		
	</pelletizerPickupEffects>	
	
	<pelletizerPickupConveyorEffects>
		<effectNode effectClass="MorphPositionEffect" effectNode="0>4|8" materialType="pickup" materialTypeId="1" delay="0.375" fadeTime="1.125" scrollLength="1.125" scrollSpeed="1.5"/>		
	</pelletizerPickupConveyorEffects>
	
	<pipeEffect>
        <effectNode effectClass="MorphPositionEffect" effectNode="0>7|4" materialType="belt"  delay="0"    fadeTime="3" scrollLength="2"  scrollSpeed="2.5" />
		<effectNode effectNode="0>7|0|2" materialType="unloading" materialTypeId="3" fadeTime="0.5" delay="3" />
	</pipeEffect>
	
	<pelletizerPickupParticles>
		<emitterShape node="0>3|0|4" particleType="PICKUP"  	emitCountScale="5" 	worldSpace="true" />
		<emitterShape node="0>3|0|5" particleType="SMOKE"    	lifespan="1.5"    	worldSpace="true"  emitCountScale="1"/>
	</pelletizerPickupParticles>	
	
	<pickupConveyorParticleSystems>	
		<emitterShape node="0>10|6" particleType="SMOKE"    	lifespan="2"    	worldSpace="true"  emitCountScale="0.65"/>
	</pickupConveyorParticleSystems>
	
	<pelletizerParticleSystems>
        <emitterShape node="0>4|4" delay="1.5" particleType="sievedrum" worldSpace="false" />
        <emitterShape node="0>4|6" delay="1.5" emitCountScale="2" particleType="sievedrum" worldSpace="false" />
        <emitterShape node="0>4|7" delay="1.5" emitCountScale="3" lifespan="1.8" particleType="UNLOADING_NOGRAVITY" worldSpace="false" />
		<!-- overloading -->
        <emitterShape node="0>10|0|2" delay="8.6" lifespan="0.5" emitCountScale="12" particleType="UNLOADING_premos" worldSpace="false"/>
        <emitterShape node="0>4|5" delay="3.0" lifespan="0.25" helpName="sievedrum_output" emitCountScale="6" particleType="UNLOADING_premos" worldSpace="false"/>
    </pelletizerParticleSystems>

    <washable dirtDuration="90" washDuration="1" workMultiplier="4" />

	<tipOcclusionAreas>
        <tipOcclusionArea start="0>14|0" width="0>14|1" height="0>14|2" />
    </tipOcclusionAreas>

    <components count="3">
        <component1 centerOfMass="0 1.25 0" solverIterationCount="10" mrSetMass="12.2" /> <!-- main body -->
		<component2 centerOfMass="0 0 0" solverIterationCount="10" mrSetMass="0.5" /> <!-- pickup -->
		<component3 centerOfMass="0 -0.4 0" solverIterationCount="10" mrSetMass="0.2" /> <!-- roller in front of the pickup -->
        <joint component1="0" component2="1" index="0>3|1" rotLimit="0 0 0" transLimit="0 0 0" rotLimitSpring="500 0 0" />
        <joint component1="0" component2="2" index="0>3|0|2" rotLimit="28 0 0" rotMinLimit="-60 0 0" transLimit="0 0 0" rotLimitSpring="350 0 200" />
		<collisionPair enabled="false" component1="1" component2="2" />
    </components>
	
    <schemaOverlay file="$dataS2/menu/schemas/implementSchema.png" fileSelected="$dataS2/menu/schemas/implementSchemaSelected.png" fileTurnedOn="$dataS2/menu/schemas/implementSchemaTurnedOn.png" fileSelectedTurnedOn="$dataS2/menu/schemas/implementSchemaSelectedTurnedOn.png" width="0.5" height="0.5" attacherJointPosition="0 0"/>
</vehicle>