﻿<?xml version="1.0" encoding="utf-8" standalone="no" ?>
<vehicle type="verticalBaleGrab">
    <annotation>Copyright (C) Creative Mesh UG (haftungsbeschränkt), All Rights Reserved.</annotation>
	
	<!-- MR
	
		mass
		centerOfMass
	
	-->
	
	<moreRealistic />

    <storeData>
        <name>$l10n_shopItem_vGrab</name>
        <specs>
            <combination>FZ 30 / FZ 60</combination>
        </specs>
		<functions>
            <function>$l10n_function_baleGrab</function>
        </functions>
        <image>icons/store_vGrab.png</image>
        <price>4500</price>
        <dailyUpkeep>5</dailyUpkeep>
        <lifetime>600</lifetime>
        <rotation>0</rotation>
        <brand>LIZARD</brand>
        <category>baling</category>
    </storeData>

    <typeDesc>$l10n_typeDesc_baleGrab</typeDesc>
    <filename>vGrab/vGrab.i3d</filename>

    <size width="2.5" length="2"/>

    <inputAttacherJointConfigurations>
        <inputAttacherJointConfiguration name="$l10n_configuration_inputAttacherFrontLoader" price="0">
            <inputAttacherJoint index="0>0|0" jointType="frontloader" />
        </inputAttacherJointConfiguration>
        <inputAttacherJointConfiguration name="$l10n_configuration_inputAttacherWheelLoader" price="100">
            <inputAttacherJoint index="0>1|0" jointType="wheelLoader" />
            <objectChange node="0>1" collisionInactive="false" visibilityActive="true"  visibilityInactive="false"/>
        </inputAttacherJointConfiguration>
		<inputAttacherJointConfiguration name="$l10n_configuration_inputAttacherTeleloader" price="100">
            <inputAttacherJoint index="0>2|0" jointType="telehandler" />
            <objectChange node="0>2" collisionInactive="false" visibilityActive="true"  visibilityInactive="false"/>
        </inputAttacherJointConfiguration>
    </inputAttacherJointConfigurations>
	
	<baseColorConfigurations>
		<baseColorConfiguration color="0.0781 0.0859 0.0781 1" /> <!-- Grau RAL 7043 -->
        <baseColorConfiguration color="0.0070 0.0070 0.0082 1" /> <!-- Schwarz RAL9005 -->
        <baseColorConfiguration color="0.1484 0.1992 0.0976 1" /> <!-- Grün RAL 6011 -->
        <baseColorConfiguration color="0.7578 0.1562 0.0039 1" /> <!-- Orange RAL 2011 -->
        <baseColorConfiguration color="0.0475 0.3204 0.0103 1" price="75" icon="$dataS2/menu/hud/configurations/config_color.png" /> <!-- Fend Grün Alt -->
        <baseColorConfiguration color="0.0781 0.2233 0.0478 1" price="75" icon="$dataS2/menu/hud/configurations/config_color.png" /> <!-- Fendt Grün Neu -->
        <colorNode node="0>0" />
        <colorNode node="0>1|1" />
        <colorNode node="0>2|1" />
    </baseColorConfigurations>

    <dynamicMountAttacher index="0>"> 
        <mountCollisionMask index="0>6|0" collisionMask="134225920" />
        <mountCollisionMask index="0>6|3" collisionMask="134225920" />
    </dynamicMountAttacher>
	
	<animations>
        <animation name="closeHooks">
            <part node="0>0|3" startTime="0.0" endTime="4.0" startRot="0 0 0" endRot="0 -90 0" />
            <part node="0>0|4" startTime="0.0" endTime="4.0" startRot="0 0 0" endRot="0 90 0" />
        </animation>
		<animation name="setForkAndColActive"> 
            <part node="0>4" startTime="0.0" endTime="0.1" visibility="true" />
            <part node="0>4" startTime="0.1" endTime="0.2" visibility="false" />
            <part node="0>5" startTime="0.0" endTime="0.1" visibility="false" />
            <part node="0>5" startTime="0.1" endTime="0.2" visibility="true" />
			
			<!-- rotate the collisions away -->
			<part node="0>6" startTime="0.0" endTime="0.2" startRot="-90 0 0" endRot="0 0 0"  />
        </animation>
    </animations>
	
	<movingParts>
		<movingPart index="0>0|4|0" referencePoint="0>0|3|0" referenceFrame="0>0|3|0" playSound="false" isActiveDirty="true" >
			<translatingPart index="0>0|4|0|0" />
		</movingPart>
	</movingParts>
	
	<cylinderedHydraulicSound file="$data/sounds/hydraulicUp.wav" pitchOffset="0.8" volume="0.6" />
	
	<disableDynamicMountAttacher animName="setForkAndColActive" animSpeed="5"/>
	
	<baleHook actorIndex="0>" jointNodeIndex="0>3">
		<unit animationName="closeHooks" onlyCloseIfTriggered="false" animSpeed="6" baleTriggerIndex="0>3"/>
	</baleHook>
	
    <washable dirtDuration="90" washDuration="1" workMultiplier="4" />
    
    <components count="1">
        <component1 centerOfMass="0 0.1 -0.05" solverIterationCount="10" mrSetMass="0.26" />
    </components>

    <schemaOverlay file="$dataS2/menu/schemas/implementSchema.png" fileSelected="$dataS2/menu/schemas/implementSchemaSelected.png" width="0.5" height="0.5" attacherJointPosition="0 0"/>
</vehicle>